"Participant","Tag_App","Trigger_counter","Abfrage","MW_dummy","BMW3_UN","BMW3_IN","BMW3_ME","BMW3_UN_z","BMW3_IN_z","BMW3_ME_z","Alter","Geschlecht","Ausbildung","Beruf"
1,1,1,0,0,3,4.25,4,-0.456413924811284,1.05695745613386,0.317362824532764,24,3,4,1
1,1,2,1,0,3,4.25,4,-0.456413924811284,1.05695745613386,0.317362824532764,24,3,4,1
1,1,3,2,0,3,4.25,4,-0.456413924811284,1.05695745613386,0.317362824532764,24,3,4,1
1,1,4,3,0,3,4.25,4,-0.456413924811284,1.05695745613386,0.317362824532764,24,3,4,1
1,1,5,4,0,3,4.25,4,-0.456413924811284,1.05695745613386,0.317362824532764,24,3,4,1
1,1,6,5,0,3,4.25,4,-0.456413924811284,1.05695745613386,0.317362824532764,24,3,4,1
1,2,7,0,1,3,4.25,4,-0.456413924811284,1.05695745613386,0.317362824532764,24,3,4,1
1,2,8,1,0,3,4.25,4,-0.456413924811284,1.05695745613386,0.317362824532764,24,3,4,1
1,2,9,2,0,3,4.25,4,-0.456413924811284,1.05695745613386,0.317362824532764,24,3,4,1
1,2,10,3,1,3,4.25,4,-0.456413924811284,1.05695745613386,0.317362824532764,24,3,4,1
1,2,11,4,0,3,4.25,4,-0.456413924811284,1.05695745613386,0.317362824532764,24,3,4,1
1,2,12,5,0,3,4.25,4,-0.456413924811284,1.05695745613386,0.317362824532764,24,3,4,1
1,3,13,0,0,3,4.25,4,-0.456413924811284,1.05695745613386,0.317362824532764,24,3,4,1
1,3,14,1,0,3,4.25,4,-0.456413924811284,1.05695745613386,0.317362824532764,24,3,4,1
1,3,15,2,0,3,4.25,4,-0.456413924811284,1.05695745613386,0.317362824532764,24,3,4,1
1,3,16,3,0,3,4.25,4,-0.456413924811284,1.05695745613386,0.317362824532764,24,3,4,1
1,3,17,4,0,3,4.25,4,-0.456413924811284,1.05695745613386,0.317362824532764,24,3,4,1
1,3,18,5,0,3,4.25,4,-0.456413924811284,1.05695745613386,0.317362824532764,24,3,4,1
1,4,19,0,0,3,4.25,4,-0.456413924811284,1.05695745613386,0.317362824532764,24,3,4,1
1,4,20,1,1,3,4.25,4,-0.456413924811284,1.05695745613386,0.317362824532764,24,3,4,1
1,4,21,2,1,3,4.25,4,-0.456413924811284,1.05695745613386,0.317362824532764,24,3,4,1
1,4,22,3,NA,3,4.25,4,-0.456413924811284,1.05695745613386,0.317362824532764,24,3,4,1
1,4,23,4,0,3,4.25,4,-0.456413924811284,1.05695745613386,0.317362824532764,24,3,4,1
1,4,24,5,0,3,4.25,4,-0.456413924811284,1.05695745613386,0.317362824532764,24,3,4,1
1,5,25,0,1,3,4.25,4,-0.456413924811284,1.05695745613386,0.317362824532764,24,3,4,1
1,5,26,1,0,3,4.25,4,-0.456413924811284,1.05695745613386,0.317362824532764,24,3,4,1
1,5,27,2,1,3,4.25,4,-0.456413924811284,1.05695745613386,0.317362824532764,24,3,4,1
1,5,28,3,0,3,4.25,4,-0.456413924811284,1.05695745613386,0.317362824532764,24,3,4,1
1,5,29,4,0,3,4.25,4,-0.456413924811284,1.05695745613386,0.317362824532764,24,3,4,1
1,5,30,5,0,3,4.25,4,-0.456413924811284,1.05695745613386,0.317362824532764,24,3,4,1
1,6,31,0,0,3,4.25,4,-0.456413924811284,1.05695745613386,0.317362824532764,24,3,4,1
1,6,32,1,1,3,4.25,4,-0.456413924811284,1.05695745613386,0.317362824532764,24,3,4,1
1,6,33,2,1,3,4.25,4,-0.456413924811284,1.05695745613386,0.317362824532764,24,3,4,1
1,6,34,3,0,3,4.25,4,-0.456413924811284,1.05695745613386,0.317362824532764,24,3,4,1
1,6,35,4,0,3,4.25,4,-0.456413924811284,1.05695745613386,0.317362824532764,24,3,4,1
1,6,36,5,0,3,4.25,4,-0.456413924811284,1.05695745613386,0.317362824532764,24,3,4,1
1,7,37,0,0,3,4.25,4,-0.456413924811284,1.05695745613386,0.317362824532764,24,3,4,1
1,7,38,1,0,3,4.25,4,-0.456413924811284,1.05695745613386,0.317362824532764,24,3,4,1
1,7,39,2,0,3,4.25,4,-0.456413924811284,1.05695745613386,0.317362824532764,24,3,4,1
1,7,40,3,1,3,4.25,4,-0.456413924811284,1.05695745613386,0.317362824532764,24,3,4,1
1,7,41,4,0,3,4.25,4,-0.456413924811284,1.05695745613386,0.317362824532764,24,3,4,1
1,7,42,5,0,3,4.25,4,-0.456413924811284,1.05695745613386,0.317362824532764,24,3,4,1
2,1,1,0,0,3.5,2.25,4.25,0.108439065850935,-1.10463012480768,0.620459126843109,24,1,4,1
2,1,2,1,1,3.5,2.25,4.25,0.108439065850935,-1.10463012480768,0.620459126843109,24,1,4,1
2,1,3,2,0,3.5,2.25,4.25,0.108439065850935,-1.10463012480768,0.620459126843109,24,1,4,1
2,1,4,3,0,3.5,2.25,4.25,0.108439065850935,-1.10463012480768,0.620459126843109,24,1,4,1
2,1,5,4,0,3.5,2.25,4.25,0.108439065850935,-1.10463012480768,0.620459126843109,24,1,4,1
2,1,6,5,1,3.5,2.25,4.25,0.108439065850935,-1.10463012480768,0.620459126843109,24,1,4,1
2,2,7,0,0,3.5,2.25,4.25,0.108439065850935,-1.10463012480768,0.620459126843109,24,1,4,1
2,2,8,1,1,3.5,2.25,4.25,0.108439065850935,-1.10463012480768,0.620459126843109,24,1,4,1
2,2,9,2,0,3.5,2.25,4.25,0.108439065850935,-1.10463012480768,0.620459126843109,24,1,4,1
2,2,10,3,1,3.5,2.25,4.25,0.108439065850935,-1.10463012480768,0.620459126843109,24,1,4,1
2,2,11,4,0,3.5,2.25,4.25,0.108439065850935,-1.10463012480768,0.620459126843109,24,1,4,1
2,2,12,5,0,3.5,2.25,4.25,0.108439065850935,-1.10463012480768,0.620459126843109,24,1,4,1
2,3,13,0,0,3.5,2.25,4.25,0.108439065850935,-1.10463012480768,0.620459126843109,24,1,4,1
2,3,14,1,1,3.5,2.25,4.25,0.108439065850935,-1.10463012480768,0.620459126843109,24,1,4,1
2,3,15,2,0,3.5,2.25,4.25,0.108439065850935,-1.10463012480768,0.620459126843109,24,1,4,1
2,3,16,3,NA,3.5,2.25,4.25,0.108439065850935,-1.10463012480768,0.620459126843109,24,1,4,1
2,3,17,4,1,3.5,2.25,4.25,0.108439065850935,-1.10463012480768,0.620459126843109,24,1,4,1
2,3,18,5,1,3.5,2.25,4.25,0.108439065850935,-1.10463012480768,0.620459126843109,24,1,4,1
2,4,19,0,0,3.5,2.25,4.25,0.108439065850935,-1.10463012480768,0.620459126843109,24,1,4,1
2,4,20,1,NA,3.5,2.25,4.25,0.108439065850935,-1.10463012480768,0.620459126843109,24,1,4,1
2,4,21,2,NA,3.5,2.25,4.25,0.108439065850935,-1.10463012480768,0.620459126843109,24,1,4,1
2,4,22,3,1,3.5,2.25,4.25,0.108439065850935,-1.10463012480768,0.620459126843109,24,1,4,1
2,4,23,4,0,3.5,2.25,4.25,0.108439065850935,-1.10463012480768,0.620459126843109,24,1,4,1
2,4,24,5,NA,3.5,2.25,4.25,0.108439065850935,-1.10463012480768,0.620459126843109,24,1,4,1
2,5,25,0,0,3.5,2.25,4.25,0.108439065850935,-1.10463012480768,0.620459126843109,24,1,4,1
2,5,26,1,0,3.5,2.25,4.25,0.108439065850935,-1.10463012480768,0.620459126843109,24,1,4,1
2,5,27,2,NA,3.5,2.25,4.25,0.108439065850935,-1.10463012480768,0.620459126843109,24,1,4,1
2,5,28,3,0,3.5,2.25,4.25,0.108439065850935,-1.10463012480768,0.620459126843109,24,1,4,1
2,5,29,4,0,3.5,2.25,4.25,0.108439065850935,-1.10463012480768,0.620459126843109,24,1,4,1
2,5,30,5,NA,3.5,2.25,4.25,0.108439065850935,-1.10463012480768,0.620459126843109,24,1,4,1
2,6,31,0,0,3.5,2.25,4.25,0.108439065850935,-1.10463012480768,0.620459126843109,24,1,4,1
2,6,32,1,0,3.5,2.25,4.25,0.108439065850935,-1.10463012480768,0.620459126843109,24,1,4,1
2,6,33,2,NA,3.5,2.25,4.25,0.108439065850935,-1.10463012480768,0.620459126843109,24,1,4,1
2,6,34,3,NA,3.5,2.25,4.25,0.108439065850935,-1.10463012480768,0.620459126843109,24,1,4,1
2,6,35,4,0,3.5,2.25,4.25,0.108439065850935,-1.10463012480768,0.620459126843109,24,1,4,1
2,6,36,5,NA,3.5,2.25,4.25,0.108439065850935,-1.10463012480768,0.620459126843109,24,1,4,1
2,7,37,0,0,3.5,2.25,4.25,0.108439065850935,-1.10463012480768,0.620459126843109,24,1,4,1
2,7,38,1,NA,3.5,2.25,4.25,0.108439065850935,-1.10463012480768,0.620459126843109,24,1,4,1
2,7,39,2,1,3.5,2.25,4.25,0.108439065850935,-1.10463012480768,0.620459126843109,24,1,4,1
2,7,40,3,NA,3.5,2.25,4.25,0.108439065850935,-1.10463012480768,0.620459126843109,24,1,4,1
2,7,41,4,0,3.5,2.25,4.25,0.108439065850935,-1.10463012480768,0.620459126843109,24,1,4,1
2,7,42,5,NA,3.5,2.25,4.25,0.108439065850935,-1.10463012480768,0.620459126843109,24,1,4,1
4,1,1,0,0,2.25,2.25,4.25,-1.30369341080461,-1.10463012480768,0.620459126843109,35,1,4,1
4,1,2,1,0,2.25,2.25,4.25,-1.30369341080461,-1.10463012480768,0.620459126843109,35,1,4,1
4,1,3,2,0,2.25,2.25,4.25,-1.30369341080461,-1.10463012480768,0.620459126843109,35,1,4,1
4,1,4,3,0,2.25,2.25,4.25,-1.30369341080461,-1.10463012480768,0.620459126843109,35,1,4,1
4,1,5,4,1,2.25,2.25,4.25,-1.30369341080461,-1.10463012480768,0.620459126843109,35,1,4,1
4,1,6,5,1,2.25,2.25,4.25,-1.30369341080461,-1.10463012480768,0.620459126843109,35,1,4,1
4,2,7,0,0,2.25,2.25,4.25,-1.30369341080461,-1.10463012480768,0.620459126843109,35,1,4,1
4,2,8,1,0,2.25,2.25,4.25,-1.30369341080461,-1.10463012480768,0.620459126843109,35,1,4,1
4,2,9,2,0,2.25,2.25,4.25,-1.30369341080461,-1.10463012480768,0.620459126843109,35,1,4,1
4,2,10,3,1,2.25,2.25,4.25,-1.30369341080461,-1.10463012480768,0.620459126843109,35,1,4,1
4,2,11,4,1,2.25,2.25,4.25,-1.30369341080461,-1.10463012480768,0.620459126843109,35,1,4,1
4,2,12,5,NA,2.25,2.25,4.25,-1.30369341080461,-1.10463012480768,0.620459126843109,35,1,4,1
4,3,13,0,1,2.25,2.25,4.25,-1.30369341080461,-1.10463012480768,0.620459126843109,35,1,4,1
4,3,14,1,0,2.25,2.25,4.25,-1.30369341080461,-1.10463012480768,0.620459126843109,35,1,4,1
4,3,15,2,0,2.25,2.25,4.25,-1.30369341080461,-1.10463012480768,0.620459126843109,35,1,4,1
4,3,16,3,0,2.25,2.25,4.25,-1.30369341080461,-1.10463012480768,0.620459126843109,35,1,4,1
4,3,17,4,1,2.25,2.25,4.25,-1.30369341080461,-1.10463012480768,0.620459126843109,35,1,4,1
4,3,18,5,0,2.25,2.25,4.25,-1.30369341080461,-1.10463012480768,0.620459126843109,35,1,4,1
4,4,19,0,1,2.25,2.25,4.25,-1.30369341080461,-1.10463012480768,0.620459126843109,35,1,4,1
4,4,20,1,0,2.25,2.25,4.25,-1.30369341080461,-1.10463012480768,0.620459126843109,35,1,4,1
4,4,21,2,0,2.25,2.25,4.25,-1.30369341080461,-1.10463012480768,0.620459126843109,35,1,4,1
4,4,22,3,0,2.25,2.25,4.25,-1.30369341080461,-1.10463012480768,0.620459126843109,35,1,4,1
4,4,23,4,1,2.25,2.25,4.25,-1.30369341080461,-1.10463012480768,0.620459126843109,35,1,4,1
4,4,24,5,0,2.25,2.25,4.25,-1.30369341080461,-1.10463012480768,0.620459126843109,35,1,4,1
4,5,25,0,0,2.25,2.25,4.25,-1.30369341080461,-1.10463012480768,0.620459126843109,35,1,4,1
4,5,26,1,1,2.25,2.25,4.25,-1.30369341080461,-1.10463012480768,0.620459126843109,35,1,4,1
4,5,27,2,0,2.25,2.25,4.25,-1.30369341080461,-1.10463012480768,0.620459126843109,35,1,4,1
4,5,28,3,0,2.25,2.25,4.25,-1.30369341080461,-1.10463012480768,0.620459126843109,35,1,4,1
4,5,29,4,1,2.25,2.25,4.25,-1.30369341080461,-1.10463012480768,0.620459126843109,35,1,4,1
4,5,30,5,1,2.25,2.25,4.25,-1.30369341080461,-1.10463012480768,0.620459126843109,35,1,4,1
4,6,31,0,1,2.25,2.25,4.25,-1.30369341080461,-1.10463012480768,0.620459126843109,35,1,4,1
4,6,32,1,1,2.25,2.25,4.25,-1.30369341080461,-1.10463012480768,0.620459126843109,35,1,4,1
4,6,33,2,0,2.25,2.25,4.25,-1.30369341080461,-1.10463012480768,0.620459126843109,35,1,4,1
4,6,34,3,0,2.25,2.25,4.25,-1.30369341080461,-1.10463012480768,0.620459126843109,35,1,4,1
4,6,35,4,0,2.25,2.25,4.25,-1.30369341080461,-1.10463012480768,0.620459126843109,35,1,4,1
4,6,36,5,0,2.25,2.25,4.25,-1.30369341080461,-1.10463012480768,0.620459126843109,35,1,4,1
4,7,37,0,0,2.25,2.25,4.25,-1.30369341080461,-1.10463012480768,0.620459126843109,35,1,4,1
4,7,38,1,1,2.25,2.25,4.25,-1.30369341080461,-1.10463012480768,0.620459126843109,35,1,4,1
4,7,39,2,1,2.25,2.25,4.25,-1.30369341080461,-1.10463012480768,0.620459126843109,35,1,4,1
4,7,40,3,1,2.25,2.25,4.25,-1.30369341080461,-1.10463012480768,0.620459126843109,35,1,4,1
4,7,41,4,1,2.25,2.25,4.25,-1.30369341080461,-1.10463012480768,0.620459126843109,35,1,4,1
4,7,42,5,0,2.25,2.25,4.25,-1.30369341080461,-1.10463012480768,0.620459126843109,35,1,4,1
5,1,1,0,0,5,4,2.75,1.80299803783759,0.78675900851617,-1.19811868701896,23,1,5,1
5,1,2,1,1,5,4,2.75,1.80299803783759,0.78675900851617,-1.19811868701896,23,1,5,1
5,1,3,2,NA,5,4,2.75,1.80299803783759,0.78675900851617,-1.19811868701896,23,1,5,1
5,1,4,3,1,5,4,2.75,1.80299803783759,0.78675900851617,-1.19811868701896,23,1,5,1
5,1,5,4,0,5,4,2.75,1.80299803783759,0.78675900851617,-1.19811868701896,23,1,5,1
5,1,6,5,0,5,4,2.75,1.80299803783759,0.78675900851617,-1.19811868701896,23,1,5,1
5,2,7,0,0,5,4,2.75,1.80299803783759,0.78675900851617,-1.19811868701896,23,1,5,1
5,2,8,1,1,5,4,2.75,1.80299803783759,0.78675900851617,-1.19811868701896,23,1,5,1
5,2,9,2,1,5,4,2.75,1.80299803783759,0.78675900851617,-1.19811868701896,23,1,5,1
5,2,10,3,0,5,4,2.75,1.80299803783759,0.78675900851617,-1.19811868701896,23,1,5,1
5,2,11,4,0,5,4,2.75,1.80299803783759,0.78675900851617,-1.19811868701896,23,1,5,1
5,2,12,5,0,5,4,2.75,1.80299803783759,0.78675900851617,-1.19811868701896,23,1,5,1
5,3,13,0,NA,5,4,2.75,1.80299803783759,0.78675900851617,-1.19811868701896,23,1,5,1
5,3,14,1,0,5,4,2.75,1.80299803783759,0.78675900851617,-1.19811868701896,23,1,5,1
5,3,15,2,1,5,4,2.75,1.80299803783759,0.78675900851617,-1.19811868701896,23,1,5,1
5,3,16,3,0,5,4,2.75,1.80299803783759,0.78675900851617,-1.19811868701896,23,1,5,1
5,3,17,4,0,5,4,2.75,1.80299803783759,0.78675900851617,-1.19811868701896,23,1,5,1
5,3,18,5,1,5,4,2.75,1.80299803783759,0.78675900851617,-1.19811868701896,23,1,5,1
5,4,19,0,0,5,4,2.75,1.80299803783759,0.78675900851617,-1.19811868701896,23,1,5,1
5,4,20,1,1,5,4,2.75,1.80299803783759,0.78675900851617,-1.19811868701896,23,1,5,1
5,4,21,2,0,5,4,2.75,1.80299803783759,0.78675900851617,-1.19811868701896,23,1,5,1
5,4,22,3,1,5,4,2.75,1.80299803783759,0.78675900851617,-1.19811868701896,23,1,5,1
5,4,23,4,0,5,4,2.75,1.80299803783759,0.78675900851617,-1.19811868701896,23,1,5,1
5,4,24,5,0,5,4,2.75,1.80299803783759,0.78675900851617,-1.19811868701896,23,1,5,1
5,5,25,0,0,5,4,2.75,1.80299803783759,0.78675900851617,-1.19811868701896,23,1,5,1
5,5,26,1,NA,5,4,2.75,1.80299803783759,0.78675900851617,-1.19811868701896,23,1,5,1
5,5,27,2,NA,5,4,2.75,1.80299803783759,0.78675900851617,-1.19811868701896,23,1,5,1
5,5,28,3,0,5,4,2.75,1.80299803783759,0.78675900851617,-1.19811868701896,23,1,5,1
5,5,29,4,0,5,4,2.75,1.80299803783759,0.78675900851617,-1.19811868701896,23,1,5,1
5,5,30,5,0,5,4,2.75,1.80299803783759,0.78675900851617,-1.19811868701896,23,1,5,1
5,6,31,0,1,5,4,2.75,1.80299803783759,0.78675900851617,-1.19811868701896,23,1,5,1
5,6,32,1,1,5,4,2.75,1.80299803783759,0.78675900851617,-1.19811868701896,23,1,5,1
5,6,33,2,0,5,4,2.75,1.80299803783759,0.78675900851617,-1.19811868701896,23,1,5,1
5,6,34,3,1,5,4,2.75,1.80299803783759,0.78675900851617,-1.19811868701896,23,1,5,1
5,6,35,4,0,5,4,2.75,1.80299803783759,0.78675900851617,-1.19811868701896,23,1,5,1
5,6,36,5,0,5,4,2.75,1.80299803783759,0.78675900851617,-1.19811868701896,23,1,5,1
5,7,37,0,0,5,4,2.75,1.80299803783759,0.78675900851617,-1.19811868701896,23,1,5,1
5,7,38,1,1,5,4,2.75,1.80299803783759,0.78675900851617,-1.19811868701896,23,1,5,1
5,7,39,2,0,5,4,2.75,1.80299803783759,0.78675900851617,-1.19811868701896,23,1,5,1
5,7,40,3,0,5,4,2.75,1.80299803783759,0.78675900851617,-1.19811868701896,23,1,5,1
5,7,41,4,1,5,4,2.75,1.80299803783759,0.78675900851617,-1.19811868701896,23,1,5,1
5,7,42,5,0,5,4,2.75,1.80299803783759,0.78675900851617,-1.19811868701896,23,1,5,1
6,1,6,0,0,3,4,3.25,-0.456413924811284,0.78675900851617,-0.591926082398273,23,1,5,1
6,1,7,1,0,3,4,3.25,-0.456413924811284,0.78675900851617,-0.591926082398273,23,1,5,1
6,1,8,2,NA,3,4,3.25,-0.456413924811284,0.78675900851617,-0.591926082398273,23,1,5,1
6,1,9,3,0,3,4,3.25,-0.456413924811284,0.78675900851617,-0.591926082398273,23,1,5,1
6,1,10,4,1,3,4,3.25,-0.456413924811284,0.78675900851617,-0.591926082398273,23,1,5,1
6,1,11,5,NA,3,4,3.25,-0.456413924811284,0.78675900851617,-0.591926082398273,23,1,5,1
6,2,12,0,1,3,4,3.25,-0.456413924811284,0.78675900851617,-0.591926082398273,23,1,5,1
6,2,13,1,1,3,4,3.25,-0.456413924811284,0.78675900851617,-0.591926082398273,23,1,5,1
6,2,14,2,0,3,4,3.25,-0.456413924811284,0.78675900851617,-0.591926082398273,23,1,5,1
6,2,15,3,0,3,4,3.25,-0.456413924811284,0.78675900851617,-0.591926082398273,23,1,5,1
6,2,16,4,1,3,4,3.25,-0.456413924811284,0.78675900851617,-0.591926082398273,23,1,5,1
6,2,17,5,0,3,4,3.25,-0.456413924811284,0.78675900851617,-0.591926082398273,23,1,5,1
6,3,18,0,0,3,4,3.25,-0.456413924811284,0.78675900851617,-0.591926082398273,23,1,5,1
6,3,19,1,0,3,4,3.25,-0.456413924811284,0.78675900851617,-0.591926082398273,23,1,5,1
6,3,20,2,1,3,4,3.25,-0.456413924811284,0.78675900851617,-0.591926082398273,23,1,5,1
6,3,21,3,1,3,4,3.25,-0.456413924811284,0.78675900851617,-0.591926082398273,23,1,5,1
6,3,22,4,0,3,4,3.25,-0.456413924811284,0.78675900851617,-0.591926082398273,23,1,5,1
6,4,24,0,0,3,4,3.25,-0.456413924811284,0.78675900851617,-0.591926082398273,23,1,5,1
6,4,25,1,NA,3,4,3.25,-0.456413924811284,0.78675900851617,-0.591926082398273,23,1,5,1
6,4,26,2,1,3,4,3.25,-0.456413924811284,0.78675900851617,-0.591926082398273,23,1,5,1
6,4,27,3,1,3,4,3.25,-0.456413924811284,0.78675900851617,-0.591926082398273,23,1,5,1
6,4,28,4,0,3,4,3.25,-0.456413924811284,0.78675900851617,-0.591926082398273,23,1,5,1
6,4,29,5,1,3,4,3.25,-0.456413924811284,0.78675900851617,-0.591926082398273,23,1,5,1
6,5,30,0,0,3,4,3.25,-0.456413924811284,0.78675900851617,-0.591926082398273,23,1,5,1
6,5,31,1,0,3,4,3.25,-0.456413924811284,0.78675900851617,-0.591926082398273,23,1,5,1
6,5,32,2,0,3,4,3.25,-0.456413924811284,0.78675900851617,-0.591926082398273,23,1,5,1
6,5,33,3,1,3,4,3.25,-0.456413924811284,0.78675900851617,-0.591926082398273,23,1,5,1
6,5,34,4,0,3,4,3.25,-0.456413924811284,0.78675900851617,-0.591926082398273,23,1,5,1
6,5,35,5,1,3,4,3.25,-0.456413924811284,0.78675900851617,-0.591926082398273,23,1,5,1
6,6,36,0,1,3,4,3.25,-0.456413924811284,0.78675900851617,-0.591926082398273,23,1,5,1
6,6,37,1,0,3,4,3.25,-0.456413924811284,0.78675900851617,-0.591926082398273,23,1,5,1
6,6,38,2,0,3,4,3.25,-0.456413924811284,0.78675900851617,-0.591926082398273,23,1,5,1
6,6,39,3,0,3,4,3.25,-0.456413924811284,0.78675900851617,-0.591926082398273,23,1,5,1
6,6,40,4,1,3,4,3.25,-0.456413924811284,0.78675900851617,-0.591926082398273,23,1,5,1
6,6,41,5,0,3,4,3.25,-0.456413924811284,0.78675900851617,-0.591926082398273,23,1,5,1
6,7,42,0,0,3,4,3.25,-0.456413924811284,0.78675900851617,-0.591926082398273,23,1,5,1
6,7,43,1,0,3,4,3.25,-0.456413924811284,0.78675900851617,-0.591926082398273,23,1,5,1
6,7,44,2,0,3,4,3.25,-0.456413924811284,0.78675900851617,-0.591926082398273,23,1,5,1
6,7,45,3,0,3,4,3.25,-0.456413924811284,0.78675900851617,-0.591926082398273,23,1,5,1
6,7,46,4,0,3,4,3.25,-0.456413924811284,0.78675900851617,-0.591926082398273,23,1,5,1
6,7,47,5,0,3,4,3.25,-0.456413924811284,0.78675900851617,-0.591926082398273,23,1,5,1
9,1,1,0,0,1.5,1.25,5,-2.15097289679794,-2.18542391527845,1.52974803377415,26,2,10,1
9,1,2,1,0,1.5,1.25,5,-2.15097289679794,-2.18542391527845,1.52974803377415,26,2,10,1
9,1,3,2,1,1.5,1.25,5,-2.15097289679794,-2.18542391527845,1.52974803377415,26,2,10,1
9,1,4,3,0,1.5,1.25,5,-2.15097289679794,-2.18542391527845,1.52974803377415,26,2,10,1
9,1,5,4,NA,1.5,1.25,5,-2.15097289679794,-2.18542391527845,1.52974803377415,26,2,10,1
9,1,6,5,0,1.5,1.25,5,-2.15097289679794,-2.18542391527845,1.52974803377415,26,2,10,1
9,2,7,0,0,1.5,1.25,5,-2.15097289679794,-2.18542391527845,1.52974803377415,26,2,10,1
9,2,8,1,0,1.5,1.25,5,-2.15097289679794,-2.18542391527845,1.52974803377415,26,2,10,1
9,2,9,2,NA,1.5,1.25,5,-2.15097289679794,-2.18542391527845,1.52974803377415,26,2,10,1
9,2,10,3,NA,1.5,1.25,5,-2.15097289679794,-2.18542391527845,1.52974803377415,26,2,10,1
9,2,11,4,0,1.5,1.25,5,-2.15097289679794,-2.18542391527845,1.52974803377415,26,2,10,1
9,2,12,5,0,1.5,1.25,5,-2.15097289679794,-2.18542391527845,1.52974803377415,26,2,10,1
9,3,13,0,1,1.5,1.25,5,-2.15097289679794,-2.18542391527845,1.52974803377415,26,2,10,1
9,3,14,1,0,1.5,1.25,5,-2.15097289679794,-2.18542391527845,1.52974803377415,26,2,10,1
9,3,15,2,1,1.5,1.25,5,-2.15097289679794,-2.18542391527845,1.52974803377415,26,2,10,1
9,3,16,3,0,1.5,1.25,5,-2.15097289679794,-2.18542391527845,1.52974803377415,26,2,10,1
9,3,17,4,0,1.5,1.25,5,-2.15097289679794,-2.18542391527845,1.52974803377415,26,2,10,1
9,3,18,5,0,1.5,1.25,5,-2.15097289679794,-2.18542391527845,1.52974803377415,26,2,10,1
9,4,19,0,0,1.5,1.25,5,-2.15097289679794,-2.18542391527845,1.52974803377415,26,2,10,1
9,4,20,1,1,1.5,1.25,5,-2.15097289679794,-2.18542391527845,1.52974803377415,26,2,10,1
9,4,21,2,NA,1.5,1.25,5,-2.15097289679794,-2.18542391527845,1.52974803377415,26,2,10,1
9,4,22,3,1,1.5,1.25,5,-2.15097289679794,-2.18542391527845,1.52974803377415,26,2,10,1
9,4,23,4,0,1.5,1.25,5,-2.15097289679794,-2.18542391527845,1.52974803377415,26,2,10,1
9,4,24,5,0,1.5,1.25,5,-2.15097289679794,-2.18542391527845,1.52974803377415,26,2,10,1
9,5,25,0,0,1.5,1.25,5,-2.15097289679794,-2.18542391527845,1.52974803377415,26,2,10,1
9,5,26,1,1,1.5,1.25,5,-2.15097289679794,-2.18542391527845,1.52974803377415,26,2,10,1
9,5,27,2,0,1.5,1.25,5,-2.15097289679794,-2.18542391527845,1.52974803377415,26,2,10,1
9,5,28,3,1,1.5,1.25,5,-2.15097289679794,-2.18542391527845,1.52974803377415,26,2,10,1
9,5,29,4,NA,1.5,1.25,5,-2.15097289679794,-2.18542391527845,1.52974803377415,26,2,10,1
9,5,30,5,NA,1.5,1.25,5,-2.15097289679794,-2.18542391527845,1.52974803377415,26,2,10,1
9,6,31,0,1,1.5,1.25,5,-2.15097289679794,-2.18542391527845,1.52974803377415,26,2,10,1
9,6,32,1,NA,1.5,1.25,5,-2.15097289679794,-2.18542391527845,1.52974803377415,26,2,10,1
9,6,33,2,1,1.5,1.25,5,-2.15097289679794,-2.18542391527845,1.52974803377415,26,2,10,1
9,6,34,3,0,1.5,1.25,5,-2.15097289679794,-2.18542391527845,1.52974803377415,26,2,10,1
9,6,35,4,0,1.5,1.25,5,-2.15097289679794,-2.18542391527845,1.52974803377415,26,2,10,1
9,6,36,5,1,1.5,1.25,5,-2.15097289679794,-2.18542391527845,1.52974803377415,26,2,10,1
9,7,37,0,1,1.5,1.25,5,-2.15097289679794,-2.18542391527845,1.52974803377415,26,2,10,1
9,7,38,1,0,1.5,1.25,5,-2.15097289679794,-2.18542391527845,1.52974803377415,26,2,10,1
9,7,39,2,0,1.5,1.25,5,-2.15097289679794,-2.18542391527845,1.52974803377415,26,2,10,1
10,1,1,0,0,4.5,3.75,2.75,1.23814504717537,0.516560560898478,-1.19811868701896,21,1,4,1
10,1,2,1,0,4.5,3.75,2.75,1.23814504717537,0.516560560898478,-1.19811868701896,21,1,4,1
10,1,3,2,NA,4.5,3.75,2.75,1.23814504717537,0.516560560898478,-1.19811868701896,21,1,4,1
10,2,4,0,NA,4.5,3.75,2.75,1.23814504717537,0.516560560898478,-1.19811868701896,21,1,4,1
10,2,5,1,0,4.5,3.75,2.75,1.23814504717537,0.516560560898478,-1.19811868701896,21,1,4,1
10,2,6,2,1,4.5,3.75,2.75,1.23814504717537,0.516560560898478,-1.19811868701896,21,1,4,1
10,2,7,3,1,4.5,3.75,2.75,1.23814504717537,0.516560560898478,-1.19811868701896,21,1,4,1
10,2,8,4,1,4.5,3.75,2.75,1.23814504717537,0.516560560898478,-1.19811868701896,21,1,4,1
10,2,9,5,0,4.5,3.75,2.75,1.23814504717537,0.516560560898478,-1.19811868701896,21,1,4,1
10,3,10,0,NA,4.5,3.75,2.75,1.23814504717537,0.516560560898478,-1.19811868701896,21,1,4,1
10,3,11,1,0,4.5,3.75,2.75,1.23814504717537,0.516560560898478,-1.19811868701896,21,1,4,1
10,3,12,2,1,4.5,3.75,2.75,1.23814504717537,0.516560560898478,-1.19811868701896,21,1,4,1
10,3,13,3,1,4.5,3.75,2.75,1.23814504717537,0.516560560898478,-1.19811868701896,21,1,4,1
10,3,14,4,0,4.5,3.75,2.75,1.23814504717537,0.516560560898478,-1.19811868701896,21,1,4,1
10,3,15,5,0,4.5,3.75,2.75,1.23814504717537,0.516560560898478,-1.19811868701896,21,1,4,1
10,4,16,0,NA,4.5,3.75,2.75,1.23814504717537,0.516560560898478,-1.19811868701896,21,1,4,1
10,4,17,1,0,4.5,3.75,2.75,1.23814504717537,0.516560560898478,-1.19811868701896,21,1,4,1
10,4,18,2,1,4.5,3.75,2.75,1.23814504717537,0.516560560898478,-1.19811868701896,21,1,4,1
10,4,19,3,1,4.5,3.75,2.75,1.23814504717537,0.516560560898478,-1.19811868701896,21,1,4,1
10,4,20,4,1,4.5,3.75,2.75,1.23814504717537,0.516560560898478,-1.19811868701896,21,1,4,1
10,4,21,5,1,4.5,3.75,2.75,1.23814504717537,0.516560560898478,-1.19811868701896,21,1,4,1
10,5,22,0,NA,4.5,3.75,2.75,1.23814504717537,0.516560560898478,-1.19811868701896,21,1,4,1
10,5,23,1,1,4.5,3.75,2.75,1.23814504717537,0.516560560898478,-1.19811868701896,21,1,4,1
10,5,24,2,NA,4.5,3.75,2.75,1.23814504717537,0.516560560898478,-1.19811868701896,21,1,4,1
10,5,25,3,1,4.5,3.75,2.75,1.23814504717537,0.516560560898478,-1.19811868701896,21,1,4,1
10,5,26,4,NA,4.5,3.75,2.75,1.23814504717537,0.516560560898478,-1.19811868701896,21,1,4,1
10,5,27,5,1,4.5,3.75,2.75,1.23814504717537,0.516560560898478,-1.19811868701896,21,1,4,1
10,6,28,0,NA,4.5,3.75,2.75,1.23814504717537,0.516560560898478,-1.19811868701896,21,1,4,1
10,6,29,1,1,4.5,3.75,2.75,1.23814504717537,0.516560560898478,-1.19811868701896,21,1,4,1
10,6,30,2,1,4.5,3.75,2.75,1.23814504717537,0.516560560898478,-1.19811868701896,21,1,4,1
10,6,31,3,1,4.5,3.75,2.75,1.23814504717537,0.516560560898478,-1.19811868701896,21,1,4,1
10,6,32,4,1,4.5,3.75,2.75,1.23814504717537,0.516560560898478,-1.19811868701896,21,1,4,1
10,6,33,5,0,4.5,3.75,2.75,1.23814504717537,0.516560560898478,-1.19811868701896,21,1,4,1
12,1,1,0,NA,5,4.75,1,1.80299803783759,1.59735435136925,-3.31979280319138,25,1,4,1
12,1,2,1,0,5,4.75,1,1.80299803783759,1.59735435136925,-3.31979280319138,25,1,4,1
12,1,3,2,1,5,4.75,1,1.80299803783759,1.59735435136925,-3.31979280319138,25,1,4,1
12,1,4,3,0,5,4.75,1,1.80299803783759,1.59735435136925,-3.31979280319138,25,1,4,1
12,1,5,4,NA,5,4.75,1,1.80299803783759,1.59735435136925,-3.31979280319138,25,1,4,1
12,1,6,5,NA,5,4.75,1,1.80299803783759,1.59735435136925,-3.31979280319138,25,1,4,1
12,2,7,0,NA,5,4.75,1,1.80299803783759,1.59735435136925,-3.31979280319138,25,1,4,1
12,2,8,1,0,5,4.75,1,1.80299803783759,1.59735435136925,-3.31979280319138,25,1,4,1
12,2,9,2,0,5,4.75,1,1.80299803783759,1.59735435136925,-3.31979280319138,25,1,4,1
12,2,10,3,0,5,4.75,1,1.80299803783759,1.59735435136925,-3.31979280319138,25,1,4,1
12,2,11,4,0,5,4.75,1,1.80299803783759,1.59735435136925,-3.31979280319138,25,1,4,1
12,2,12,5,0,5,4.75,1,1.80299803783759,1.59735435136925,-3.31979280319138,25,1,4,1
12,3,13,0,NA,5,4.75,1,1.80299803783759,1.59735435136925,-3.31979280319138,25,1,4,1
12,3,14,1,NA,5,4.75,1,1.80299803783759,1.59735435136925,-3.31979280319138,25,1,4,1
12,3,15,2,0,5,4.75,1,1.80299803783759,1.59735435136925,-3.31979280319138,25,1,4,1
12,3,16,3,0,5,4.75,1,1.80299803783759,1.59735435136925,-3.31979280319138,25,1,4,1
12,3,17,4,NA,5,4.75,1,1.80299803783759,1.59735435136925,-3.31979280319138,25,1,4,1
12,3,18,5,1,5,4.75,1,1.80299803783759,1.59735435136925,-3.31979280319138,25,1,4,1
12,4,19,0,NA,5,4.75,1,1.80299803783759,1.59735435136925,-3.31979280319138,25,1,4,1
12,4,20,1,0,5,4.75,1,1.80299803783759,1.59735435136925,-3.31979280319138,25,1,4,1
12,4,21,2,0,5,4.75,1,1.80299803783759,1.59735435136925,-3.31979280319138,25,1,4,1
12,4,22,3,1,5,4.75,1,1.80299803783759,1.59735435136925,-3.31979280319138,25,1,4,1
12,4,23,4,0,5,4.75,1,1.80299803783759,1.59735435136925,-3.31979280319138,25,1,4,1
12,4,24,5,NA,5,4.75,1,1.80299803783759,1.59735435136925,-3.31979280319138,25,1,4,1
12,5,25,0,1,5,4.75,1,1.80299803783759,1.59735435136925,-3.31979280319138,25,1,4,1
12,5,26,1,NA,5,4.75,1,1.80299803783759,1.59735435136925,-3.31979280319138,25,1,4,1
12,5,27,2,NA,5,4.75,1,1.80299803783759,1.59735435136925,-3.31979280319138,25,1,4,1
12,5,28,3,NA,5,4.75,1,1.80299803783759,1.59735435136925,-3.31979280319138,25,1,4,1
12,5,29,4,0,5,4.75,1,1.80299803783759,1.59735435136925,-3.31979280319138,25,1,4,1
12,5,30,5,NA,5,4.75,1,1.80299803783759,1.59735435136925,-3.31979280319138,25,1,4,1
12,6,31,0,NA,5,4.75,1,1.80299803783759,1.59735435136925,-3.31979280319138,25,1,4,1
12,6,32,1,NA,5,4.75,1,1.80299803783759,1.59735435136925,-3.31979280319138,25,1,4,1
12,6,33,2,NA,5,4.75,1,1.80299803783759,1.59735435136925,-3.31979280319138,25,1,4,1
12,6,34,3,0,5,4.75,1,1.80299803783759,1.59735435136925,-3.31979280319138,25,1,4,1
12,6,35,4,0,5,4.75,1,1.80299803783759,1.59735435136925,-3.31979280319138,25,1,4,1
12,6,36,5,0,5,4.75,1,1.80299803783759,1.59735435136925,-3.31979280319138,25,1,4,1
12,7,37,0,NA,5,4.75,1,1.80299803783759,1.59735435136925,-3.31979280319138,25,1,4,1
12,7,38,1,NA,5,4.75,1,1.80299803783759,1.59735435136925,-3.31979280319138,25,1,4,1
12,7,39,2,0,5,4.75,1,1.80299803783759,1.59735435136925,-3.31979280319138,25,1,4,1
12,7,40,3,0,5,4.75,1,1.80299803783759,1.59735435136925,-3.31979280319138,25,1,4,1
12,7,41,4,1,5,4.75,1,1.80299803783759,1.59735435136925,-3.31979280319138,25,1,4,1
12,7,42,5,0,5,4.75,1,1.80299803783759,1.59735435136925,-3.31979280319138,25,1,4,1
14,1,1,0,1,5,4.25,1.5,1.80299803783759,1.05695745613386,-2.71360019857069,21,1,4,4
14,1,2,1,1,5,4.25,1.5,1.80299803783759,1.05695745613386,-2.71360019857069,21,1,4,4
14,1,3,2,1,5,4.25,1.5,1.80299803783759,1.05695745613386,-2.71360019857069,21,1,4,4
14,1,4,3,NA,5,4.25,1.5,1.80299803783759,1.05695745613386,-2.71360019857069,21,1,4,4
14,1,5,4,NA,5,4.25,1.5,1.80299803783759,1.05695745613386,-2.71360019857069,21,1,4,4
14,1,6,5,NA,5,4.25,1.5,1.80299803783759,1.05695745613386,-2.71360019857069,21,1,4,4
14,2,7,0,1,5,4.25,1.5,1.80299803783759,1.05695745613386,-2.71360019857069,21,1,4,4
14,2,8,1,1,5,4.25,1.5,1.80299803783759,1.05695745613386,-2.71360019857069,21,1,4,4
14,2,9,2,0,5,4.25,1.5,1.80299803783759,1.05695745613386,-2.71360019857069,21,1,4,4
14,2,10,3,0,5,4.25,1.5,1.80299803783759,1.05695745613386,-2.71360019857069,21,1,4,4
14,2,11,4,NA,5,4.25,1.5,1.80299803783759,1.05695745613386,-2.71360019857069,21,1,4,4
14,2,12,5,NA,5,4.25,1.5,1.80299803783759,1.05695745613386,-2.71360019857069,21,1,4,4
14,3,13,0,0,5,4.25,1.5,1.80299803783759,1.05695745613386,-2.71360019857069,21,1,4,4
14,3,14,1,0,5,4.25,1.5,1.80299803783759,1.05695745613386,-2.71360019857069,21,1,4,4
14,3,15,2,0,5,4.25,1.5,1.80299803783759,1.05695745613386,-2.71360019857069,21,1,4,4
14,3,16,3,NA,5,4.25,1.5,1.80299803783759,1.05695745613386,-2.71360019857069,21,1,4,4
14,3,17,4,NA,5,4.25,1.5,1.80299803783759,1.05695745613386,-2.71360019857069,21,1,4,4
14,3,18,5,0,5,4.25,1.5,1.80299803783759,1.05695745613386,-2.71360019857069,21,1,4,4
14,4,19,0,1,5,4.25,1.5,1.80299803783759,1.05695745613386,-2.71360019857069,21,1,4,4
14,4,20,1,1,5,4.25,1.5,1.80299803783759,1.05695745613386,-2.71360019857069,21,1,4,4
14,4,21,2,NA,5,4.25,1.5,1.80299803783759,1.05695745613386,-2.71360019857069,21,1,4,4
14,4,22,3,1,5,4.25,1.5,1.80299803783759,1.05695745613386,-2.71360019857069,21,1,4,4
14,4,23,4,NA,5,4.25,1.5,1.80299803783759,1.05695745613386,-2.71360019857069,21,1,4,4
14,4,24,5,NA,5,4.25,1.5,1.80299803783759,1.05695745613386,-2.71360019857069,21,1,4,4
14,5,25,0,0,5,4.25,1.5,1.80299803783759,1.05695745613386,-2.71360019857069,21,1,4,4
14,5,26,1,1,5,4.25,1.5,1.80299803783759,1.05695745613386,-2.71360019857069,21,1,4,4
14,5,27,2,1,5,4.25,1.5,1.80299803783759,1.05695745613386,-2.71360019857069,21,1,4,4
14,5,28,3,0,5,4.25,1.5,1.80299803783759,1.05695745613386,-2.71360019857069,21,1,4,4
14,5,29,4,0,5,4.25,1.5,1.80299803783759,1.05695745613386,-2.71360019857069,21,1,4,4
14,5,30,5,0,5,4.25,1.5,1.80299803783759,1.05695745613386,-2.71360019857069,21,1,4,4
14,6,31,0,1,5,4.25,1.5,1.80299803783759,1.05695745613386,-2.71360019857069,21,1,4,4
14,6,32,1,1,5,4.25,1.5,1.80299803783759,1.05695745613386,-2.71360019857069,21,1,4,4
14,6,33,2,0,5,4.25,1.5,1.80299803783759,1.05695745613386,-2.71360019857069,21,1,4,4
14,6,34,3,NA,5,4.25,1.5,1.80299803783759,1.05695745613386,-2.71360019857069,21,1,4,4
14,6,35,4,NA,5,4.25,1.5,1.80299803783759,1.05695745613386,-2.71360019857069,21,1,4,4
14,6,36,5,NA,5,4.25,1.5,1.80299803783759,1.05695745613386,-2.71360019857069,21,1,4,4
14,7,37,0,1,5,4.25,1.5,1.80299803783759,1.05695745613386,-2.71360019857069,21,1,4,4
14,7,38,1,1,5,4.25,1.5,1.80299803783759,1.05695745613386,-2.71360019857069,21,1,4,4
14,7,39,2,1,5,4.25,1.5,1.80299803783759,1.05695745613386,-2.71360019857069,21,1,4,4
14,7,40,3,1,5,4.25,1.5,1.80299803783759,1.05695745613386,-2.71360019857069,21,1,4,4
14,7,41,4,NA,5,4.25,1.5,1.80299803783759,1.05695745613386,-2.71360019857069,21,1,4,4
14,7,42,5,NA,5,4.25,1.5,1.80299803783759,1.05695745613386,-2.71360019857069,21,1,4,4
20,1,1,0,1,3.75,2,3.75,0.390865561182045,-1.37482857242537,0.0142665222224181,23,1,5,1
20,1,2,1,0,3.75,2,3.75,0.390865561182045,-1.37482857242537,0.0142665222224181,23,1,5,1
20,1,3,2,1,3.75,2,3.75,0.390865561182045,-1.37482857242537,0.0142665222224181,23,1,5,1
20,1,4,3,1,3.75,2,3.75,0.390865561182045,-1.37482857242537,0.0142665222224181,23,1,5,1
20,1,5,4,1,3.75,2,3.75,0.390865561182045,-1.37482857242537,0.0142665222224181,23,1,5,1
20,1,6,5,1,3.75,2,3.75,0.390865561182045,-1.37482857242537,0.0142665222224181,23,1,5,1
20,2,7,0,0,3.75,2,3.75,0.390865561182045,-1.37482857242537,0.0142665222224181,23,1,5,1
20,2,8,1,0,3.75,2,3.75,0.390865561182045,-1.37482857242537,0.0142665222224181,23,1,5,1
20,2,9,2,0,3.75,2,3.75,0.390865561182045,-1.37482857242537,0.0142665222224181,23,1,5,1
20,2,10,3,0,3.75,2,3.75,0.390865561182045,-1.37482857242537,0.0142665222224181,23,1,5,1
20,2,11,4,0,3.75,2,3.75,0.390865561182045,-1.37482857242537,0.0142665222224181,23,1,5,1
20,2,12,5,0,3.75,2,3.75,0.390865561182045,-1.37482857242537,0.0142665222224181,23,1,5,1
20,3,13,0,1,3.75,2,3.75,0.390865561182045,-1.37482857242537,0.0142665222224181,23,1,5,1
20,3,14,1,0,3.75,2,3.75,0.390865561182045,-1.37482857242537,0.0142665222224181,23,1,5,1
20,3,15,2,0,3.75,2,3.75,0.390865561182045,-1.37482857242537,0.0142665222224181,23,1,5,1
20,3,16,3,0,3.75,2,3.75,0.390865561182045,-1.37482857242537,0.0142665222224181,23,1,5,1
20,3,17,4,0,3.75,2,3.75,0.390865561182045,-1.37482857242537,0.0142665222224181,23,1,5,1
20,3,18,5,1,3.75,2,3.75,0.390865561182045,-1.37482857242537,0.0142665222224181,23,1,5,1
20,4,19,0,0,3.75,2,3.75,0.390865561182045,-1.37482857242537,0.0142665222224181,23,1,5,1
20,4,20,1,0,3.75,2,3.75,0.390865561182045,-1.37482857242537,0.0142665222224181,23,1,5,1
20,4,21,2,0,3.75,2,3.75,0.390865561182045,-1.37482857242537,0.0142665222224181,23,1,5,1
20,4,22,3,0,3.75,2,3.75,0.390865561182045,-1.37482857242537,0.0142665222224181,23,1,5,1
20,4,23,4,0,3.75,2,3.75,0.390865561182045,-1.37482857242537,0.0142665222224181,23,1,5,1
20,4,24,5,0,3.75,2,3.75,0.390865561182045,-1.37482857242537,0.0142665222224181,23,1,5,1
20,5,25,0,0,3.75,2,3.75,0.390865561182045,-1.37482857242537,0.0142665222224181,23,1,5,1
20,5,26,1,0,3.75,2,3.75,0.390865561182045,-1.37482857242537,0.0142665222224181,23,1,5,1
20,5,27,2,0,3.75,2,3.75,0.390865561182045,-1.37482857242537,0.0142665222224181,23,1,5,1
20,5,28,3,0,3.75,2,3.75,0.390865561182045,-1.37482857242537,0.0142665222224181,23,1,5,1
20,5,29,4,0,3.75,2,3.75,0.390865561182045,-1.37482857242537,0.0142665222224181,23,1,5,1
20,5,30,5,0,3.75,2,3.75,0.390865561182045,-1.37482857242537,0.0142665222224181,23,1,5,1
20,6,31,0,0,3.75,2,3.75,0.390865561182045,-1.37482857242537,0.0142665222224181,23,1,5,1
20,6,32,1,1,3.75,2,3.75,0.390865561182045,-1.37482857242537,0.0142665222224181,23,1,5,1
20,6,33,2,0,3.75,2,3.75,0.390865561182045,-1.37482857242537,0.0142665222224181,23,1,5,1
20,6,34,3,NA,3.75,2,3.75,0.390865561182045,-1.37482857242537,0.0142665222224181,23,1,5,1
20,6,35,4,0,3.75,2,3.75,0.390865561182045,-1.37482857242537,0.0142665222224181,23,1,5,1
20,6,36,5,0,3.75,2,3.75,0.390865561182045,-1.37482857242537,0.0142665222224181,23,1,5,1
20,7,37,0,0,3.75,2,3.75,0.390865561182045,-1.37482857242537,0.0142665222224181,23,1,5,1
20,7,38,1,0,3.75,2,3.75,0.390865561182045,-1.37482857242537,0.0142665222224181,23,1,5,1
20,7,39,2,0,3.75,2,3.75,0.390865561182045,-1.37482857242537,0.0142665222224181,23,1,5,1
20,7,40,3,0,3.75,2,3.75,0.390865561182045,-1.37482857242537,0.0142665222224181,23,1,5,1
20,7,41,4,0,3.75,2,3.75,0.390865561182045,-1.37482857242537,0.0142665222224181,23,1,5,1
20,7,42,5,0,3.75,2,3.75,0.390865561182045,-1.37482857242537,0.0142665222224181,23,1,5,1
21,1,1,0,0,3.75,3.75,4.5,0.390865561182045,0.516560560898478,0.923555429153455,20,1,4,1
21,1,2,1,0,3.75,3.75,4.5,0.390865561182045,0.516560560898478,0.923555429153455,20,1,4,1
21,1,3,2,1,3.75,3.75,4.5,0.390865561182045,0.516560560898478,0.923555429153455,20,1,4,1
21,1,4,3,1,3.75,3.75,4.5,0.390865561182045,0.516560560898478,0.923555429153455,20,1,4,1
21,1,5,4,1,3.75,3.75,4.5,0.390865561182045,0.516560560898478,0.923555429153455,20,1,4,1
21,1,6,5,0,3.75,3.75,4.5,0.390865561182045,0.516560560898478,0.923555429153455,20,1,4,1
21,2,7,0,1,3.75,3.75,4.5,0.390865561182045,0.516560560898478,0.923555429153455,20,1,4,1
21,2,8,1,1,3.75,3.75,4.5,0.390865561182045,0.516560560898478,0.923555429153455,20,1,4,1
21,2,9,2,1,3.75,3.75,4.5,0.390865561182045,0.516560560898478,0.923555429153455,20,1,4,1
21,2,10,3,0,3.75,3.75,4.5,0.390865561182045,0.516560560898478,0.923555429153455,20,1,4,1
21,2,11,4,0,3.75,3.75,4.5,0.390865561182045,0.516560560898478,0.923555429153455,20,1,4,1
21,2,12,5,NA,3.75,3.75,4.5,0.390865561182045,0.516560560898478,0.923555429153455,20,1,4,1
21,3,13,0,1,3.75,3.75,4.5,0.390865561182045,0.516560560898478,0.923555429153455,20,1,4,1
21,3,14,1,0,3.75,3.75,4.5,0.390865561182045,0.516560560898478,0.923555429153455,20,1,4,1
21,3,15,2,0,3.75,3.75,4.5,0.390865561182045,0.516560560898478,0.923555429153455,20,1,4,1
21,3,16,3,0,3.75,3.75,4.5,0.390865561182045,0.516560560898478,0.923555429153455,20,1,4,1
21,3,17,4,1,3.75,3.75,4.5,0.390865561182045,0.516560560898478,0.923555429153455,20,1,4,1
21,3,18,5,NA,3.75,3.75,4.5,0.390865561182045,0.516560560898478,0.923555429153455,20,1,4,1
21,4,19,0,1,3.75,3.75,4.5,0.390865561182045,0.516560560898478,0.923555429153455,20,1,4,1
21,4,20,1,1,3.75,3.75,4.5,0.390865561182045,0.516560560898478,0.923555429153455,20,1,4,1
21,4,21,2,0,3.75,3.75,4.5,0.390865561182045,0.516560560898478,0.923555429153455,20,1,4,1
21,4,22,3,1,3.75,3.75,4.5,0.390865561182045,0.516560560898478,0.923555429153455,20,1,4,1
21,4,23,4,1,3.75,3.75,4.5,0.390865561182045,0.516560560898478,0.923555429153455,20,1,4,1
21,4,24,5,1,3.75,3.75,4.5,0.390865561182045,0.516560560898478,0.923555429153455,20,1,4,1
21,5,25,0,0,3.75,3.75,4.5,0.390865561182045,0.516560560898478,0.923555429153455,20,1,4,1
21,5,26,1,1,3.75,3.75,4.5,0.390865561182045,0.516560560898478,0.923555429153455,20,1,4,1
21,5,27,2,0,3.75,3.75,4.5,0.390865561182045,0.516560560898478,0.923555429153455,20,1,4,1
21,5,28,3,0,3.75,3.75,4.5,0.390865561182045,0.516560560898478,0.923555429153455,20,1,4,1
21,5,29,4,0,3.75,3.75,4.5,0.390865561182045,0.516560560898478,0.923555429153455,20,1,4,1
21,5,30,5,NA,3.75,3.75,4.5,0.390865561182045,0.516560560898478,0.923555429153455,20,1,4,1
21,6,31,0,1,3.75,3.75,4.5,0.390865561182045,0.516560560898478,0.923555429153455,20,1,4,1
21,6,32,1,NA,3.75,3.75,4.5,0.390865561182045,0.516560560898478,0.923555429153455,20,1,4,1
21,6,33,2,1,3.75,3.75,4.5,0.390865561182045,0.516560560898478,0.923555429153455,20,1,4,1
21,6,34,3,NA,3.75,3.75,4.5,0.390865561182045,0.516560560898478,0.923555429153455,20,1,4,1
21,6,35,4,1,3.75,3.75,4.5,0.390865561182045,0.516560560898478,0.923555429153455,20,1,4,1
21,6,36,5,0,3.75,3.75,4.5,0.390865561182045,0.516560560898478,0.923555429153455,20,1,4,1
21,7,37,0,1,3.75,3.75,4.5,0.390865561182045,0.516560560898478,0.923555429153455,20,1,4,1
21,7,38,1,1,3.75,3.75,4.5,0.390865561182045,0.516560560898478,0.923555429153455,20,1,4,1
21,7,39,2,0,3.75,3.75,4.5,0.390865561182045,0.516560560898478,0.923555429153455,20,1,4,1
21,7,40,3,1,3.75,3.75,4.5,0.390865561182045,0.516560560898478,0.923555429153455,20,1,4,1
21,7,41,4,1,3.75,3.75,4.5,0.390865561182045,0.516560560898478,0.923555429153455,20,1,4,1
21,7,42,5,0,3.75,3.75,4.5,0.390865561182045,0.516560560898478,0.923555429153455,20,1,4,1
23,1,1,0,1,3.75,2.75,3.5,0.390865561182045,-0.564233229572292,-0.288829780087927,20,2,4,1
23,1,2,1,0,3.75,2.75,3.5,0.390865561182045,-0.564233229572292,-0.288829780087927,20,2,4,1
23,1,3,2,1,3.75,2.75,3.5,0.390865561182045,-0.564233229572292,-0.288829780087927,20,2,4,1
23,1,4,3,0,3.75,2.75,3.5,0.390865561182045,-0.564233229572292,-0.288829780087927,20,2,4,1
23,1,5,4,0,3.75,2.75,3.5,0.390865561182045,-0.564233229572292,-0.288829780087927,20,2,4,1
23,1,6,5,0,3.75,2.75,3.5,0.390865561182045,-0.564233229572292,-0.288829780087927,20,2,4,1
23,2,7,0,1,3.75,2.75,3.5,0.390865561182045,-0.564233229572292,-0.288829780087927,20,2,4,1
23,2,8,1,0,3.75,2.75,3.5,0.390865561182045,-0.564233229572292,-0.288829780087927,20,2,4,1
23,2,9,2,1,3.75,2.75,3.5,0.390865561182045,-0.564233229572292,-0.288829780087927,20,2,4,1
23,2,10,3,0,3.75,2.75,3.5,0.390865561182045,-0.564233229572292,-0.288829780087927,20,2,4,1
23,2,11,4,0,3.75,2.75,3.5,0.390865561182045,-0.564233229572292,-0.288829780087927,20,2,4,1
23,2,12,5,1,3.75,2.75,3.5,0.390865561182045,-0.564233229572292,-0.288829780087927,20,2,4,1
23,3,13,0,0,3.75,2.75,3.5,0.390865561182045,-0.564233229572292,-0.288829780087927,20,2,4,1
23,3,14,1,0,3.75,2.75,3.5,0.390865561182045,-0.564233229572292,-0.288829780087927,20,2,4,1
23,3,15,2,1,3.75,2.75,3.5,0.390865561182045,-0.564233229572292,-0.288829780087927,20,2,4,1
23,3,16,3,1,3.75,2.75,3.5,0.390865561182045,-0.564233229572292,-0.288829780087927,20,2,4,1
23,3,17,4,0,3.75,2.75,3.5,0.390865561182045,-0.564233229572292,-0.288829780087927,20,2,4,1
23,3,18,5,1,3.75,2.75,3.5,0.390865561182045,-0.564233229572292,-0.288829780087927,20,2,4,1
23,4,19,0,0,3.75,2.75,3.5,0.390865561182045,-0.564233229572292,-0.288829780087927,20,2,4,1
23,4,20,1,0,3.75,2.75,3.5,0.390865561182045,-0.564233229572292,-0.288829780087927,20,2,4,1
23,4,21,2,1,3.75,2.75,3.5,0.390865561182045,-0.564233229572292,-0.288829780087927,20,2,4,1
23,4,22,3,1,3.75,2.75,3.5,0.390865561182045,-0.564233229572292,-0.288829780087927,20,2,4,1
23,4,23,4,0,3.75,2.75,3.5,0.390865561182045,-0.564233229572292,-0.288829780087927,20,2,4,1
23,4,24,5,0,3.75,2.75,3.5,0.390865561182045,-0.564233229572292,-0.288829780087927,20,2,4,1
23,5,25,0,0,3.75,2.75,3.5,0.390865561182045,-0.564233229572292,-0.288829780087927,20,2,4,1
23,5,26,1,1,3.75,2.75,3.5,0.390865561182045,-0.564233229572292,-0.288829780087927,20,2,4,1
23,5,27,2,0,3.75,2.75,3.5,0.390865561182045,-0.564233229572292,-0.288829780087927,20,2,4,1
23,5,28,3,0,3.75,2.75,3.5,0.390865561182045,-0.564233229572292,-0.288829780087927,20,2,4,1
23,5,29,4,1,3.75,2.75,3.5,0.390865561182045,-0.564233229572292,-0.288829780087927,20,2,4,1
23,5,30,5,0,3.75,2.75,3.5,0.390865561182045,-0.564233229572292,-0.288829780087927,20,2,4,1
23,6,31,0,0,3.75,2.75,3.5,0.390865561182045,-0.564233229572292,-0.288829780087927,20,2,4,1
23,6,32,1,0,3.75,2.75,3.5,0.390865561182045,-0.564233229572292,-0.288829780087927,20,2,4,1
23,6,33,2,0,3.75,2.75,3.5,0.390865561182045,-0.564233229572292,-0.288829780087927,20,2,4,1
23,6,34,3,1,3.75,2.75,3.5,0.390865561182045,-0.564233229572292,-0.288829780087927,20,2,4,1
23,6,35,4,1,3.75,2.75,3.5,0.390865561182045,-0.564233229572292,-0.288829780087927,20,2,4,1
23,6,36,5,1,3.75,2.75,3.5,0.390865561182045,-0.564233229572292,-0.288829780087927,20,2,4,1
23,7,37,0,0,3.75,2.75,3.5,0.390865561182045,-0.564233229572292,-0.288829780087927,20,2,4,1
23,7,38,1,0,3.75,2.75,3.5,0.390865561182045,-0.564233229572292,-0.288829780087927,20,2,4,1
23,7,39,2,0,3.75,2.75,3.5,0.390865561182045,-0.564233229572292,-0.288829780087927,20,2,4,1
23,7,40,3,0,3.75,2.75,3.5,0.390865561182045,-0.564233229572292,-0.288829780087927,20,2,4,1
23,7,41,4,0,3.75,2.75,3.5,0.390865561182045,-0.564233229572292,-0.288829780087927,20,2,4,1
23,7,42,5,0,3.75,2.75,3.5,0.390865561182045,-0.564233229572292,-0.288829780087927,20,2,4,1
25,1,1,0,0,2.75,4,3.5,-0.738840420142394,0.78675900851617,-0.288829780087927,25,1,5,1
25,1,2,1,1,2.75,4,3.5,-0.738840420142394,0.78675900851617,-0.288829780087927,25,1,5,1
25,1,3,2,1,2.75,4,3.5,-0.738840420142394,0.78675900851617,-0.288829780087927,25,1,5,1
25,2,4,0,1,2.75,4,3.5,-0.738840420142394,0.78675900851617,-0.288829780087927,25,1,5,1
25,2,5,1,0,2.75,4,3.5,-0.738840420142394,0.78675900851617,-0.288829780087927,25,1,5,1
25,2,6,2,NA,2.75,4,3.5,-0.738840420142394,0.78675900851617,-0.288829780087927,25,1,5,1
25,2,7,3,1,2.75,4,3.5,-0.738840420142394,0.78675900851617,-0.288829780087927,25,1,5,1
25,3,8,0,NA,2.75,4,3.5,-0.738840420142394,0.78675900851617,-0.288829780087927,25,1,5,1
25,3,9,1,1,2.75,4,3.5,-0.738840420142394,0.78675900851617,-0.288829780087927,25,1,5,1
25,3,10,2,NA,2.75,4,3.5,-0.738840420142394,0.78675900851617,-0.288829780087927,25,1,5,1
25,3,11,3,NA,2.75,4,3.5,-0.738840420142394,0.78675900851617,-0.288829780087927,25,1,5,1
25,3,12,4,0,2.75,4,3.5,-0.738840420142394,0.78675900851617,-0.288829780087927,25,1,5,1
25,4,13,0,0,2.75,4,3.5,-0.738840420142394,0.78675900851617,-0.288829780087927,25,1,5,1
25,4,14,1,0,2.75,4,3.5,-0.738840420142394,0.78675900851617,-0.288829780087927,25,1,5,1
25,4,15,2,1,2.75,4,3.5,-0.738840420142394,0.78675900851617,-0.288829780087927,25,1,5,1
25,4,16,3,1,2.75,4,3.5,-0.738840420142394,0.78675900851617,-0.288829780087927,25,1,5,1
25,4,17,4,1,2.75,4,3.5,-0.738840420142394,0.78675900851617,-0.288829780087927,25,1,5,1
25,4,18,5,0,2.75,4,3.5,-0.738840420142394,0.78675900851617,-0.288829780087927,25,1,5,1
25,5,19,0,0,2.75,4,3.5,-0.738840420142394,0.78675900851617,-0.288829780087927,25,1,5,1
25,5,20,1,0,2.75,4,3.5,-0.738840420142394,0.78675900851617,-0.288829780087927,25,1,5,1
25,5,21,2,0,2.75,4,3.5,-0.738840420142394,0.78675900851617,-0.288829780087927,25,1,5,1
25,5,22,3,1,2.75,4,3.5,-0.738840420142394,0.78675900851617,-0.288829780087927,25,1,5,1
25,5,23,4,1,2.75,4,3.5,-0.738840420142394,0.78675900851617,-0.288829780087927,25,1,5,1
25,5,24,5,0,2.75,4,3.5,-0.738840420142394,0.78675900851617,-0.288829780087927,25,1,5,1
25,6,25,0,1,2.75,4,3.5,-0.738840420142394,0.78675900851617,-0.288829780087927,25,1,5,1
25,6,26,1,0,2.75,4,3.5,-0.738840420142394,0.78675900851617,-0.288829780087927,25,1,5,1
25,6,27,2,0,2.75,4,3.5,-0.738840420142394,0.78675900851617,-0.288829780087927,25,1,5,1
25,6,28,3,0,2.75,4,3.5,-0.738840420142394,0.78675900851617,-0.288829780087927,25,1,5,1
25,6,29,4,1,2.75,4,3.5,-0.738840420142394,0.78675900851617,-0.288829780087927,25,1,5,1
25,6,30,5,0,2.75,4,3.5,-0.738840420142394,0.78675900851617,-0.288829780087927,25,1,5,1
30,1,2,0,0,2.75,2.75,4,-0.738840420142394,-0.564233229572292,0.317362824532764,25,1,5,1
30,1,3,1,0,2.75,2.75,4,-0.738840420142394,-0.564233229572292,0.317362824532764,25,1,5,1
30,1,4,2,1,2.75,2.75,4,-0.738840420142394,-0.564233229572292,0.317362824532764,25,1,5,1
30,1,5,3,0,2.75,2.75,4,-0.738840420142394,-0.564233229572292,0.317362824532764,25,1,5,1
30,1,6,4,0,2.75,2.75,4,-0.738840420142394,-0.564233229572292,0.317362824532764,25,1,5,1
30,2,7,0,1,2.75,2.75,4,-0.738840420142394,-0.564233229572292,0.317362824532764,25,1,5,1
30,2,8,1,0,2.75,2.75,4,-0.738840420142394,-0.564233229572292,0.317362824532764,25,1,5,1
30,2,9,2,0,2.75,2.75,4,-0.738840420142394,-0.564233229572292,0.317362824532764,25,1,5,1
30,3,10,0,1,2.75,2.75,4,-0.738840420142394,-0.564233229572292,0.317362824532764,25,1,5,1
30,3,11,1,1,2.75,2.75,4,-0.738840420142394,-0.564233229572292,0.317362824532764,25,1,5,1
30,3,12,2,0,2.75,2.75,4,-0.738840420142394,-0.564233229572292,0.317362824532764,25,1,5,1
30,4,13,0,1,2.75,2.75,4,-0.738840420142394,-0.564233229572292,0.317362824532764,25,1,5,1
30,4,14,1,0,2.75,2.75,4,-0.738840420142394,-0.564233229572292,0.317362824532764,25,1,5,1
30,4,15,2,1,2.75,2.75,4,-0.738840420142394,-0.564233229572292,0.317362824532764,25,1,5,1
31,1,1,0,0,3.25,3.25,4.75,-0.173987429480175,-0.0238363343369074,1.2266517314638,22,1,5,1
31,1,2,1,0,3.25,3.25,4.75,-0.173987429480175,-0.0238363343369074,1.2266517314638,22,1,5,1
31,1,3,2,0,3.25,3.25,4.75,-0.173987429480175,-0.0238363343369074,1.2266517314638,22,1,5,1
31,1,4,3,0,3.25,3.25,4.75,-0.173987429480175,-0.0238363343369074,1.2266517314638,22,1,5,1
31,2,5,0,0,3.25,3.25,4.75,-0.173987429480175,-0.0238363343369074,1.2266517314638,22,1,5,1
31,2,6,1,0,3.25,3.25,4.75,-0.173987429480175,-0.0238363343369074,1.2266517314638,22,1,5,1
31,2,7,2,0,3.25,3.25,4.75,-0.173987429480175,-0.0238363343369074,1.2266517314638,22,1,5,1
31,2,8,3,0,3.25,3.25,4.75,-0.173987429480175,-0.0238363343369074,1.2266517314638,22,1,5,1
31,3,9,0,1,3.25,3.25,4.75,-0.173987429480175,-0.0238363343369074,1.2266517314638,22,1,5,1
31,3,10,1,0,3.25,3.25,4.75,-0.173987429480175,-0.0238363343369074,1.2266517314638,22,1,5,1
31,3,11,2,0,3.25,3.25,4.75,-0.173987429480175,-0.0238363343369074,1.2266517314638,22,1,5,1
31,3,12,3,0,3.25,3.25,4.75,-0.173987429480175,-0.0238363343369074,1.2266517314638,22,1,5,1
31,3,13,4,1,3.25,3.25,4.75,-0.173987429480175,-0.0238363343369074,1.2266517314638,22,1,5,1
31,3,14,5,1,3.25,3.25,4.75,-0.173987429480175,-0.0238363343369074,1.2266517314638,22,1,5,1
31,4,15,0,1,3.25,3.25,4.75,-0.173987429480175,-0.0238363343369074,1.2266517314638,22,1,5,1
31,4,16,1,0,3.25,3.25,4.75,-0.173987429480175,-0.0238363343369074,1.2266517314638,22,1,5,1
31,4,17,2,0,3.25,3.25,4.75,-0.173987429480175,-0.0238363343369074,1.2266517314638,22,1,5,1
31,4,18,3,1,3.25,3.25,4.75,-0.173987429480175,-0.0238363343369074,1.2266517314638,22,1,5,1
31,4,19,4,1,3.25,3.25,4.75,-0.173987429480175,-0.0238363343369074,1.2266517314638,22,1,5,1
31,4,20,5,1,3.25,3.25,4.75,-0.173987429480175,-0.0238363343369074,1.2266517314638,22,1,5,1
31,5,21,0,1,3.25,3.25,4.75,-0.173987429480175,-0.0238363343369074,1.2266517314638,22,1,5,1
31,5,22,1,1,3.25,3.25,4.75,-0.173987429480175,-0.0238363343369074,1.2266517314638,22,1,5,1
31,5,23,2,1,3.25,3.25,4.75,-0.173987429480175,-0.0238363343369074,1.2266517314638,22,1,5,1
31,5,24,3,1,3.25,3.25,4.75,-0.173987429480175,-0.0238363343369074,1.2266517314638,22,1,5,1
31,5,25,4,0,3.25,3.25,4.75,-0.173987429480175,-0.0238363343369074,1.2266517314638,22,1,5,1
31,6,26,0,0,3.25,3.25,4.75,-0.173987429480175,-0.0238363343369074,1.2266517314638,22,1,5,1
31,6,27,1,1,3.25,3.25,4.75,-0.173987429480175,-0.0238363343369074,1.2266517314638,22,1,5,1
31,6,28,2,1,3.25,3.25,4.75,-0.173987429480175,-0.0238363343369074,1.2266517314638,22,1,5,1
31,6,29,3,1,3.25,3.25,4.75,-0.173987429480175,-0.0238363343369074,1.2266517314638,22,1,5,1
31,6,30,4,1,3.25,3.25,4.75,-0.173987429480175,-0.0238363343369074,1.2266517314638,22,1,5,1
31,7,31,0,1,3.25,3.25,4.75,-0.173987429480175,-0.0238363343369074,1.2266517314638,22,1,5,1
31,7,32,1,0,3.25,3.25,4.75,-0.173987429480175,-0.0238363343369074,1.2266517314638,22,1,5,1
31,7,33,2,NA,3.25,3.25,4.75,-0.173987429480175,-0.0238363343369074,1.2266517314638,22,1,5,1
31,7,34,3,0,3.25,3.25,4.75,-0.173987429480175,-0.0238363343369074,1.2266517314638,22,1,5,1
38,1,1,0,0,4,2.25,3.75,0.673292056513154,-1.10463012480768,0.0142665222224181,25,2,4,1
38,1,2,1,0,4,2.25,3.75,0.673292056513154,-1.10463012480768,0.0142665222224181,25,2,4,1
38,1,3,2,0,4,2.25,3.75,0.673292056513154,-1.10463012480768,0.0142665222224181,25,2,4,1
38,1,4,3,1,4,2.25,3.75,0.673292056513154,-1.10463012480768,0.0142665222224181,25,2,4,1
38,1,5,4,0,4,2.25,3.75,0.673292056513154,-1.10463012480768,0.0142665222224181,25,2,4,1
38,1,6,5,1,4,2.25,3.75,0.673292056513154,-1.10463012480768,0.0142665222224181,25,2,4,1
38,2,7,0,1,4,2.25,3.75,0.673292056513154,-1.10463012480768,0.0142665222224181,25,2,4,1
38,2,8,1,1,4,2.25,3.75,0.673292056513154,-1.10463012480768,0.0142665222224181,25,2,4,1
38,2,9,2,0,4,2.25,3.75,0.673292056513154,-1.10463012480768,0.0142665222224181,25,2,4,1
38,2,10,3,1,4,2.25,3.75,0.673292056513154,-1.10463012480768,0.0142665222224181,25,2,4,1
38,2,11,4,0,4,2.25,3.75,0.673292056513154,-1.10463012480768,0.0142665222224181,25,2,4,1
38,2,12,5,0,4,2.25,3.75,0.673292056513154,-1.10463012480768,0.0142665222224181,25,2,4,1
38,3,13,0,0,4,2.25,3.75,0.673292056513154,-1.10463012480768,0.0142665222224181,25,2,4,1
38,3,14,1,0,4,2.25,3.75,0.673292056513154,-1.10463012480768,0.0142665222224181,25,2,4,1
38,3,15,2,0,4,2.25,3.75,0.673292056513154,-1.10463012480768,0.0142665222224181,25,2,4,1
38,3,16,3,0,4,2.25,3.75,0.673292056513154,-1.10463012480768,0.0142665222224181,25,2,4,1
38,3,17,4,0,4,2.25,3.75,0.673292056513154,-1.10463012480768,0.0142665222224181,25,2,4,1
38,3,18,5,1,4,2.25,3.75,0.673292056513154,-1.10463012480768,0.0142665222224181,25,2,4,1
38,4,19,0,1,4,2.25,3.75,0.673292056513154,-1.10463012480768,0.0142665222224181,25,2,4,1
38,4,20,1,1,4,2.25,3.75,0.673292056513154,-1.10463012480768,0.0142665222224181,25,2,4,1
38,4,21,2,0,4,2.25,3.75,0.673292056513154,-1.10463012480768,0.0142665222224181,25,2,4,1
38,4,22,3,1,4,2.25,3.75,0.673292056513154,-1.10463012480768,0.0142665222224181,25,2,4,1
38,4,23,4,1,4,2.25,3.75,0.673292056513154,-1.10463012480768,0.0142665222224181,25,2,4,1
38,4,24,5,1,4,2.25,3.75,0.673292056513154,-1.10463012480768,0.0142665222224181,25,2,4,1
38,5,25,0,1,4,2.25,3.75,0.673292056513154,-1.10463012480768,0.0142665222224181,25,2,4,1
38,5,26,1,0,4,2.25,3.75,0.673292056513154,-1.10463012480768,0.0142665222224181,25,2,4,1
38,5,27,2,1,4,2.25,3.75,0.673292056513154,-1.10463012480768,0.0142665222224181,25,2,4,1
38,5,28,3,1,4,2.25,3.75,0.673292056513154,-1.10463012480768,0.0142665222224181,25,2,4,1
38,5,29,4,0,4,2.25,3.75,0.673292056513154,-1.10463012480768,0.0142665222224181,25,2,4,1
38,5,30,5,1,4,2.25,3.75,0.673292056513154,-1.10463012480768,0.0142665222224181,25,2,4,1
38,6,31,0,0,4,2.25,3.75,0.673292056513154,-1.10463012480768,0.0142665222224181,25,2,4,1
38,6,32,1,1,4,2.25,3.75,0.673292056513154,-1.10463012480768,0.0142665222224181,25,2,4,1
38,6,33,2,1,4,2.25,3.75,0.673292056513154,-1.10463012480768,0.0142665222224181,25,2,4,1
38,6,34,3,0,4,2.25,3.75,0.673292056513154,-1.10463012480768,0.0142665222224181,25,2,4,1
38,6,35,4,0,4,2.25,3.75,0.673292056513154,-1.10463012480768,0.0142665222224181,25,2,4,1
38,6,36,5,0,4,2.25,3.75,0.673292056513154,-1.10463012480768,0.0142665222224181,25,2,4,1
38,7,37,0,1,4,2.25,3.75,0.673292056513154,-1.10463012480768,0.0142665222224181,25,2,4,1
38,7,38,1,1,4,2.25,3.75,0.673292056513154,-1.10463012480768,0.0142665222224181,25,2,4,1
38,7,39,2,0,4,2.25,3.75,0.673292056513154,-1.10463012480768,0.0142665222224181,25,2,4,1
38,7,40,3,1,4,2.25,3.75,0.673292056513154,-1.10463012480768,0.0142665222224181,25,2,4,1
38,7,41,4,0,4,2.25,3.75,0.673292056513154,-1.10463012480768,0.0142665222224181,25,2,4,1
38,7,42,5,0,4,2.25,3.75,0.673292056513154,-1.10463012480768,0.0142665222224181,25,2,4,1
45,1,1,0,0,3.5,4.25,4.25,0.108439065850935,1.05695745613386,0.620459126843109,20,1,4,1
45,1,2,1,1,3.5,4.25,4.25,0.108439065850935,1.05695745613386,0.620459126843109,20,1,4,1
45,1,3,2,0,3.5,4.25,4.25,0.108439065850935,1.05695745613386,0.620459126843109,20,1,4,1
45,1,4,3,0,3.5,4.25,4.25,0.108439065850935,1.05695745613386,0.620459126843109,20,1,4,1
45,1,5,4,1,3.5,4.25,4.25,0.108439065850935,1.05695745613386,0.620459126843109,20,1,4,1
45,2,6,0,0,3.5,4.25,4.25,0.108439065850935,1.05695745613386,0.620459126843109,20,1,4,1
45,2,8,1,0,3.5,4.25,4.25,0.108439065850935,1.05695745613386,0.620459126843109,20,1,4,1
45,2,9,2,0,3.5,4.25,4.25,0.108439065850935,1.05695745613386,0.620459126843109,20,1,4,1
45,2,10,3,0,3.5,4.25,4.25,0.108439065850935,1.05695745613386,0.620459126843109,20,1,4,1
45,3,12,0,0,3.5,4.25,4.25,0.108439065850935,1.05695745613386,0.620459126843109,20,1,4,1
45,3,13,1,1,3.5,4.25,4.25,0.108439065850935,1.05695745613386,0.620459126843109,20,1,4,1
45,3,14,2,0,3.5,4.25,4.25,0.108439065850935,1.05695745613386,0.620459126843109,20,1,4,1
45,3,15,3,0,3.5,4.25,4.25,0.108439065850935,1.05695745613386,0.620459126843109,20,1,4,1
45,3,16,4,1,3.5,4.25,4.25,0.108439065850935,1.05695745613386,0.620459126843109,20,1,4,1
45,3,17,5,0,3.5,4.25,4.25,0.108439065850935,1.05695745613386,0.620459126843109,20,1,4,1
45,4,18,0,0,3.5,4.25,4.25,0.108439065850935,1.05695745613386,0.620459126843109,20,1,4,1
45,4,19,1,0,3.5,4.25,4.25,0.108439065850935,1.05695745613386,0.620459126843109,20,1,4,1
45,4,20,2,1,3.5,4.25,4.25,0.108439065850935,1.05695745613386,0.620459126843109,20,1,4,1
45,4,23,3,0,3.5,4.25,4.25,0.108439065850935,1.05695745613386,0.620459126843109,20,1,4,1
45,5,26,0,1,3.5,4.25,4.25,0.108439065850935,1.05695745613386,0.620459126843109,20,1,4,1
45,5,27,1,0,3.5,4.25,4.25,0.108439065850935,1.05695745613386,0.620459126843109,20,1,4,1
45,5,28,2,1,3.5,4.25,4.25,0.108439065850935,1.05695745613386,0.620459126843109,20,1,4,1
45,5,29,3,0,3.5,4.25,4.25,0.108439065850935,1.05695745613386,0.620459126843109,20,1,4,1
45,6,30,0,0,3.5,4.25,4.25,0.108439065850935,1.05695745613386,0.620459126843109,20,1,4,1
45,6,32,1,0,3.5,4.25,4.25,0.108439065850935,1.05695745613386,0.620459126843109,20,1,4,1
45,6,33,2,1,3.5,4.25,4.25,0.108439065850935,1.05695745613386,0.620459126843109,20,1,4,1
45,6,34,3,0,3.5,4.25,4.25,0.108439065850935,1.05695745613386,0.620459126843109,20,1,4,1
45,6,35,4,0,3.5,4.25,4.25,0.108439065850935,1.05695745613386,0.620459126843109,20,1,4,1
45,7,36,0,0,3.5,4.25,4.25,0.108439065850935,1.05695745613386,0.620459126843109,20,1,4,1
45,7,37,1,0,3.5,4.25,4.25,0.108439065850935,1.05695745613386,0.620459126843109,20,1,4,1
45,7,38,2,1,3.5,4.25,4.25,0.108439065850935,1.05695745613386,0.620459126843109,20,1,4,1
45,7,39,3,0,3.5,4.25,4.25,0.108439065850935,1.05695745613386,0.620459126843109,20,1,4,1
45,7,40,4,1,3.5,4.25,4.25,0.108439065850935,1.05695745613386,0.620459126843109,20,1,4,1
45,7,41,5,0,3.5,4.25,4.25,0.108439065850935,1.05695745613386,0.620459126843109,20,1,4,1
46,1,1,0,0,2.5,4,4.5,-1.0212669154735,0.78675900851617,0.923555429153455,30,1,5,1
46,1,2,1,0,2.5,4,4.5,-1.0212669154735,0.78675900851617,0.923555429153455,30,1,5,1
46,1,3,2,0,2.5,4,4.5,-1.0212669154735,0.78675900851617,0.923555429153455,30,1,5,1
46,1,4,3,0,2.5,4,4.5,-1.0212669154735,0.78675900851617,0.923555429153455,30,1,5,1
46,1,5,4,0,2.5,4,4.5,-1.0212669154735,0.78675900851617,0.923555429153455,30,1,5,1
46,1,6,5,0,2.5,4,4.5,-1.0212669154735,0.78675900851617,0.923555429153455,30,1,5,1
46,2,7,0,0,2.5,4,4.5,-1.0212669154735,0.78675900851617,0.923555429153455,30,1,5,1
46,2,8,1,0,2.5,4,4.5,-1.0212669154735,0.78675900851617,0.923555429153455,30,1,5,1
46,2,9,2,0,2.5,4,4.5,-1.0212669154735,0.78675900851617,0.923555429153455,30,1,5,1
46,2,10,3,0,2.5,4,4.5,-1.0212669154735,0.78675900851617,0.923555429153455,30,1,5,1
46,2,11,4,0,2.5,4,4.5,-1.0212669154735,0.78675900851617,0.923555429153455,30,1,5,1
46,2,12,5,0,2.5,4,4.5,-1.0212669154735,0.78675900851617,0.923555429153455,30,1,5,1
46,3,13,0,0,2.5,4,4.5,-1.0212669154735,0.78675900851617,0.923555429153455,30,1,5,1
46,3,14,1,0,2.5,4,4.5,-1.0212669154735,0.78675900851617,0.923555429153455,30,1,5,1
46,3,15,2,0,2.5,4,4.5,-1.0212669154735,0.78675900851617,0.923555429153455,30,1,5,1
46,3,16,3,0,2.5,4,4.5,-1.0212669154735,0.78675900851617,0.923555429153455,30,1,5,1
46,3,17,4,0,2.5,4,4.5,-1.0212669154735,0.78675900851617,0.923555429153455,30,1,5,1
46,3,18,5,0,2.5,4,4.5,-1.0212669154735,0.78675900851617,0.923555429153455,30,1,5,1
46,4,19,0,0,2.5,4,4.5,-1.0212669154735,0.78675900851617,0.923555429153455,30,1,5,1
46,4,20,1,0,2.5,4,4.5,-1.0212669154735,0.78675900851617,0.923555429153455,30,1,5,1
46,4,21,2,0,2.5,4,4.5,-1.0212669154735,0.78675900851617,0.923555429153455,30,1,5,1
46,4,22,3,0,2.5,4,4.5,-1.0212669154735,0.78675900851617,0.923555429153455,30,1,5,1
46,4,23,4,0,2.5,4,4.5,-1.0212669154735,0.78675900851617,0.923555429153455,30,1,5,1
46,4,24,5,0,2.5,4,4.5,-1.0212669154735,0.78675900851617,0.923555429153455,30,1,5,1
46,5,25,0,0,2.5,4,4.5,-1.0212669154735,0.78675900851617,0.923555429153455,30,1,5,1
46,5,26,1,1,2.5,4,4.5,-1.0212669154735,0.78675900851617,0.923555429153455,30,1,5,1
46,5,27,2,0,2.5,4,4.5,-1.0212669154735,0.78675900851617,0.923555429153455,30,1,5,1
46,5,28,3,0,2.5,4,4.5,-1.0212669154735,0.78675900851617,0.923555429153455,30,1,5,1
46,5,29,4,0,2.5,4,4.5,-1.0212669154735,0.78675900851617,0.923555429153455,30,1,5,1
46,5,30,5,0,2.5,4,4.5,-1.0212669154735,0.78675900851617,0.923555429153455,30,1,5,1
46,6,31,0,0,2.5,4,4.5,-1.0212669154735,0.78675900851617,0.923555429153455,30,1,5,1
46,6,32,1,0,2.5,4,4.5,-1.0212669154735,0.78675900851617,0.923555429153455,30,1,5,1
46,6,33,2,1,2.5,4,4.5,-1.0212669154735,0.78675900851617,0.923555429153455,30,1,5,1
46,6,34,3,0,2.5,4,4.5,-1.0212669154735,0.78675900851617,0.923555429153455,30,1,5,1
46,6,35,4,0,2.5,4,4.5,-1.0212669154735,0.78675900851617,0.923555429153455,30,1,5,1
46,6,36,5,0,2.5,4,4.5,-1.0212669154735,0.78675900851617,0.923555429153455,30,1,5,1
46,7,37,0,0,2.5,4,4.5,-1.0212669154735,0.78675900851617,0.923555429153455,30,1,5,1
46,7,38,1,0,2.5,4,4.5,-1.0212669154735,0.78675900851617,0.923555429153455,30,1,5,1
46,7,39,2,0,2.5,4,4.5,-1.0212669154735,0.78675900851617,0.923555429153455,30,1,5,1
46,7,40,3,0,2.5,4,4.5,-1.0212669154735,0.78675900851617,0.923555429153455,30,1,5,1
46,7,41,4,1,2.5,4,4.5,-1.0212669154735,0.78675900851617,0.923555429153455,30,1,5,1
46,7,42,5,0,2.5,4,4.5,-1.0212669154735,0.78675900851617,0.923555429153455,30,1,5,1
47,1,1,0,0,4,4,3.75,0.673292056513154,0.78675900851617,0.0142665222224181,24,1,5,1
47,1,2,1,1,4,4,3.75,0.673292056513154,0.78675900851617,0.0142665222224181,24,1,5,1
47,1,3,2,0,4,4,3.75,0.673292056513154,0.78675900851617,0.0142665222224181,24,1,5,1
47,1,4,3,0,4,4,3.75,0.673292056513154,0.78675900851617,0.0142665222224181,24,1,5,1
47,1,5,4,0,4,4,3.75,0.673292056513154,0.78675900851617,0.0142665222224181,24,1,5,1
47,1,6,5,NA,4,4,3.75,0.673292056513154,0.78675900851617,0.0142665222224181,24,1,5,1
47,2,7,0,0,4,4,3.75,0.673292056513154,0.78675900851617,0.0142665222224181,24,1,5,1
47,2,8,1,0,4,4,3.75,0.673292056513154,0.78675900851617,0.0142665222224181,24,1,5,1
47,2,9,2,1,4,4,3.75,0.673292056513154,0.78675900851617,0.0142665222224181,24,1,5,1
47,2,10,3,NA,4,4,3.75,0.673292056513154,0.78675900851617,0.0142665222224181,24,1,5,1
47,2,11,4,NA,4,4,3.75,0.673292056513154,0.78675900851617,0.0142665222224181,24,1,5,1
47,2,12,5,NA,4,4,3.75,0.673292056513154,0.78675900851617,0.0142665222224181,24,1,5,1
47,3,13,0,1,4,4,3.75,0.673292056513154,0.78675900851617,0.0142665222224181,24,1,5,1
47,3,14,1,NA,4,4,3.75,0.673292056513154,0.78675900851617,0.0142665222224181,24,1,5,1
47,3,15,2,0,4,4,3.75,0.673292056513154,0.78675900851617,0.0142665222224181,24,1,5,1
47,3,16,3,0,4,4,3.75,0.673292056513154,0.78675900851617,0.0142665222224181,24,1,5,1
47,3,17,4,NA,4,4,3.75,0.673292056513154,0.78675900851617,0.0142665222224181,24,1,5,1
47,3,18,5,1,4,4,3.75,0.673292056513154,0.78675900851617,0.0142665222224181,24,1,5,1
47,4,19,0,0,4,4,3.75,0.673292056513154,0.78675900851617,0.0142665222224181,24,1,5,1
47,4,20,1,NA,4,4,3.75,0.673292056513154,0.78675900851617,0.0142665222224181,24,1,5,1
47,4,21,2,NA,4,4,3.75,0.673292056513154,0.78675900851617,0.0142665222224181,24,1,5,1
47,4,22,3,1,4,4,3.75,0.673292056513154,0.78675900851617,0.0142665222224181,24,1,5,1
47,4,23,4,NA,4,4,3.75,0.673292056513154,0.78675900851617,0.0142665222224181,24,1,5,1
47,4,24,5,NA,4,4,3.75,0.673292056513154,0.78675900851617,0.0142665222224181,24,1,5,1
47,5,25,0,NA,4,4,3.75,0.673292056513154,0.78675900851617,0.0142665222224181,24,1,5,1
47,5,26,1,0,4,4,3.75,0.673292056513154,0.78675900851617,0.0142665222224181,24,1,5,1
47,5,27,2,1,4,4,3.75,0.673292056513154,0.78675900851617,0.0142665222224181,24,1,5,1
47,5,28,3,0,4,4,3.75,0.673292056513154,0.78675900851617,0.0142665222224181,24,1,5,1
47,5,29,4,NA,4,4,3.75,0.673292056513154,0.78675900851617,0.0142665222224181,24,1,5,1
47,5,30,5,NA,4,4,3.75,0.673292056513154,0.78675900851617,0.0142665222224181,24,1,5,1
47,6,31,0,1,4,4,3.75,0.673292056513154,0.78675900851617,0.0142665222224181,24,1,5,1
47,6,32,1,0,4,4,3.75,0.673292056513154,0.78675900851617,0.0142665222224181,24,1,5,1
47,6,33,2,0,4,4,3.75,0.673292056513154,0.78675900851617,0.0142665222224181,24,1,5,1
47,6,34,3,0,4,4,3.75,0.673292056513154,0.78675900851617,0.0142665222224181,24,1,5,1
47,6,35,4,1,4,4,3.75,0.673292056513154,0.78675900851617,0.0142665222224181,24,1,5,1
47,6,36,5,NA,4,4,3.75,0.673292056513154,0.78675900851617,0.0142665222224181,24,1,5,1
47,7,37,0,1,4,4,3.75,0.673292056513154,0.78675900851617,0.0142665222224181,24,1,5,1
47,7,38,1,1,4,4,3.75,0.673292056513154,0.78675900851617,0.0142665222224181,24,1,5,1
47,7,39,2,0,4,4,3.75,0.673292056513154,0.78675900851617,0.0142665222224181,24,1,5,1
47,7,40,3,0,4,4,3.75,0.673292056513154,0.78675900851617,0.0142665222224181,24,1,5,1
47,7,41,4,0,4,4,3.75,0.673292056513154,0.78675900851617,0.0142665222224181,24,1,5,1
47,7,42,5,NA,4,4,3.75,0.673292056513154,0.78675900851617,0.0142665222224181,24,1,5,1
48,1,1,0,NA,4.25,4,4,0.955718551844264,0.78675900851617,0.317362824532764,23,3,5,1
48,1,2,1,1,4.25,4,4,0.955718551844264,0.78675900851617,0.317362824532764,23,3,5,1
48,1,3,2,1,4.25,4,4,0.955718551844264,0.78675900851617,0.317362824532764,23,3,5,1
48,1,4,3,1,4.25,4,4,0.955718551844264,0.78675900851617,0.317362824532764,23,3,5,1
48,1,5,4,1,4.25,4,4,0.955718551844264,0.78675900851617,0.317362824532764,23,3,5,1
48,1,6,5,1,4.25,4,4,0.955718551844264,0.78675900851617,0.317362824532764,23,3,5,1
48,2,7,0,NA,4.25,4,4,0.955718551844264,0.78675900851617,0.317362824532764,23,3,5,1
48,2,8,1,0,4.25,4,4,0.955718551844264,0.78675900851617,0.317362824532764,23,3,5,1
48,2,9,2,0,4.25,4,4,0.955718551844264,0.78675900851617,0.317362824532764,23,3,5,1
48,2,10,3,1,4.25,4,4,0.955718551844264,0.78675900851617,0.317362824532764,23,3,5,1
48,2,11,4,1,4.25,4,4,0.955718551844264,0.78675900851617,0.317362824532764,23,3,5,1
48,2,12,5,0,4.25,4,4,0.955718551844264,0.78675900851617,0.317362824532764,23,3,5,1
48,3,13,0,1,4.25,4,4,0.955718551844264,0.78675900851617,0.317362824532764,23,3,5,1
48,3,14,1,1,4.25,4,4,0.955718551844264,0.78675900851617,0.317362824532764,23,3,5,1
48,3,15,2,0,4.25,4,4,0.955718551844264,0.78675900851617,0.317362824532764,23,3,5,1
48,3,16,3,0,4.25,4,4,0.955718551844264,0.78675900851617,0.317362824532764,23,3,5,1
48,3,17,4,1,4.25,4,4,0.955718551844264,0.78675900851617,0.317362824532764,23,3,5,1
48,3,18,5,1,4.25,4,4,0.955718551844264,0.78675900851617,0.317362824532764,23,3,5,1
48,4,19,0,0,4.25,4,4,0.955718551844264,0.78675900851617,0.317362824532764,23,3,5,1
48,4,20,1,0,4.25,4,4,0.955718551844264,0.78675900851617,0.317362824532764,23,3,5,1
48,4,21,2,1,4.25,4,4,0.955718551844264,0.78675900851617,0.317362824532764,23,3,5,1
48,4,22,3,1,4.25,4,4,0.955718551844264,0.78675900851617,0.317362824532764,23,3,5,1
48,4,23,4,1,4.25,4,4,0.955718551844264,0.78675900851617,0.317362824532764,23,3,5,1
48,4,24,5,0,4.25,4,4,0.955718551844264,0.78675900851617,0.317362824532764,23,3,5,1
48,5,25,0,0,4.25,4,4,0.955718551844264,0.78675900851617,0.317362824532764,23,3,5,1
48,5,26,1,0,4.25,4,4,0.955718551844264,0.78675900851617,0.317362824532764,23,3,5,1
48,5,27,2,1,4.25,4,4,0.955718551844264,0.78675900851617,0.317362824532764,23,3,5,1
48,5,28,3,0,4.25,4,4,0.955718551844264,0.78675900851617,0.317362824532764,23,3,5,1
48,5,29,4,0,4.25,4,4,0.955718551844264,0.78675900851617,0.317362824532764,23,3,5,1
48,5,30,5,1,4.25,4,4,0.955718551844264,0.78675900851617,0.317362824532764,23,3,5,1
48,6,31,0,1,4.25,4,4,0.955718551844264,0.78675900851617,0.317362824532764,23,3,5,1
48,6,32,1,1,4.25,4,4,0.955718551844264,0.78675900851617,0.317362824532764,23,3,5,1
48,6,33,2,1,4.25,4,4,0.955718551844264,0.78675900851617,0.317362824532764,23,3,5,1
48,6,34,3,0,4.25,4,4,0.955718551844264,0.78675900851617,0.317362824532764,23,3,5,1
48,6,35,4,0,4.25,4,4,0.955718551844264,0.78675900851617,0.317362824532764,23,3,5,1
48,6,36,5,0,4.25,4,4,0.955718551844264,0.78675900851617,0.317362824532764,23,3,5,1
48,7,37,0,1,4.25,4,4,0.955718551844264,0.78675900851617,0.317362824532764,23,3,5,1
48,7,38,1,0,4.25,4,4,0.955718551844264,0.78675900851617,0.317362824532764,23,3,5,1
48,7,39,2,0,4.25,4,4,0.955718551844264,0.78675900851617,0.317362824532764,23,3,5,1
48,7,40,3,0,4.25,4,4,0.955718551844264,0.78675900851617,0.317362824532764,23,3,5,1
48,7,41,4,0,4.25,4,4,0.955718551844264,0.78675900851617,0.317362824532764,23,3,5,1
48,7,42,5,0,4.25,4,4,0.955718551844264,0.78675900851617,0.317362824532764,23,3,5,1
50,1,1,0,0,2.75,1.25,2.5,-0.738840420142394,-2.18542391527845,-1.50121498932931,22,1,4,4
50,1,2,1,1,2.75,1.25,2.5,-0.738840420142394,-2.18542391527845,-1.50121498932931,22,1,4,4
50,1,3,2,1,2.75,1.25,2.5,-0.738840420142394,-2.18542391527845,-1.50121498932931,22,1,4,4
50,1,4,3,0,2.75,1.25,2.5,-0.738840420142394,-2.18542391527845,-1.50121498932931,22,1,4,4
50,1,5,4,0,2.75,1.25,2.5,-0.738840420142394,-2.18542391527845,-1.50121498932931,22,1,4,4
50,1,6,5,NA,2.75,1.25,2.5,-0.738840420142394,-2.18542391527845,-1.50121498932931,22,1,4,4
50,2,7,0,NA,2.75,1.25,2.5,-0.738840420142394,-2.18542391527845,-1.50121498932931,22,1,4,4
50,2,8,1,NA,2.75,1.25,2.5,-0.738840420142394,-2.18542391527845,-1.50121498932931,22,1,4,4
50,2,9,2,0,2.75,1.25,2.5,-0.738840420142394,-2.18542391527845,-1.50121498932931,22,1,4,4
50,2,10,3,0,2.75,1.25,2.5,-0.738840420142394,-2.18542391527845,-1.50121498932931,22,1,4,4
50,2,11,4,NA,2.75,1.25,2.5,-0.738840420142394,-2.18542391527845,-1.50121498932931,22,1,4,4
50,2,12,5,NA,2.75,1.25,2.5,-0.738840420142394,-2.18542391527845,-1.50121498932931,22,1,4,4
50,3,13,0,NA,2.75,1.25,2.5,-0.738840420142394,-2.18542391527845,-1.50121498932931,22,1,4,4
50,3,14,1,NA,2.75,1.25,2.5,-0.738840420142394,-2.18542391527845,-1.50121498932931,22,1,4,4
50,3,15,2,0,2.75,1.25,2.5,-0.738840420142394,-2.18542391527845,-1.50121498932931,22,1,4,4
50,3,16,3,1,2.75,1.25,2.5,-0.738840420142394,-2.18542391527845,-1.50121498932931,22,1,4,4
50,3,17,4,NA,2.75,1.25,2.5,-0.738840420142394,-2.18542391527845,-1.50121498932931,22,1,4,4
50,3,18,5,NA,2.75,1.25,2.5,-0.738840420142394,-2.18542391527845,-1.50121498932931,22,1,4,4
50,4,19,0,1,2.75,1.25,2.5,-0.738840420142394,-2.18542391527845,-1.50121498932931,22,1,4,4
50,4,20,1,NA,2.75,1.25,2.5,-0.738840420142394,-2.18542391527845,-1.50121498932931,22,1,4,4
50,4,21,2,0,2.75,1.25,2.5,-0.738840420142394,-2.18542391527845,-1.50121498932931,22,1,4,4
50,4,22,3,NA,2.75,1.25,2.5,-0.738840420142394,-2.18542391527845,-1.50121498932931,22,1,4,4
50,4,23,4,NA,2.75,1.25,2.5,-0.738840420142394,-2.18542391527845,-1.50121498932931,22,1,4,4
50,4,24,5,NA,2.75,1.25,2.5,-0.738840420142394,-2.18542391527845,-1.50121498932931,22,1,4,4
50,5,25,0,NA,2.75,1.25,2.5,-0.738840420142394,-2.18542391527845,-1.50121498932931,22,1,4,4
50,5,26,1,NA,2.75,1.25,2.5,-0.738840420142394,-2.18542391527845,-1.50121498932931,22,1,4,4
50,5,27,2,NA,2.75,1.25,2.5,-0.738840420142394,-2.18542391527845,-1.50121498932931,22,1,4,4
50,5,28,3,NA,2.75,1.25,2.5,-0.738840420142394,-2.18542391527845,-1.50121498932931,22,1,4,4
50,5,29,4,1,2.75,1.25,2.5,-0.738840420142394,-2.18542391527845,-1.50121498932931,22,1,4,4
50,5,30,5,0,2.75,1.25,2.5,-0.738840420142394,-2.18542391527845,-1.50121498932931,22,1,4,4
50,6,31,0,1,2.75,1.25,2.5,-0.738840420142394,-2.18542391527845,-1.50121498932931,22,1,4,4
50,6,32,1,NA,2.75,1.25,2.5,-0.738840420142394,-2.18542391527845,-1.50121498932931,22,1,4,4
50,6,33,2,1,2.75,1.25,2.5,-0.738840420142394,-2.18542391527845,-1.50121498932931,22,1,4,4
50,6,34,3,NA,2.75,1.25,2.5,-0.738840420142394,-2.18542391527845,-1.50121498932931,22,1,4,4
50,6,35,4,NA,2.75,1.25,2.5,-0.738840420142394,-2.18542391527845,-1.50121498932931,22,1,4,4
50,6,36,5,NA,2.75,1.25,2.5,-0.738840420142394,-2.18542391527845,-1.50121498932931,22,1,4,4
50,7,37,0,NA,2.75,1.25,2.5,-0.738840420142394,-2.18542391527845,-1.50121498932931,22,1,4,4
50,7,38,1,1,2.75,1.25,2.5,-0.738840420142394,-2.18542391527845,-1.50121498932931,22,1,4,4
50,7,39,2,0,2.75,1.25,2.5,-0.738840420142394,-2.18542391527845,-1.50121498932931,22,1,4,4
50,7,40,3,1,2.75,1.25,2.5,-0.738840420142394,-2.18542391527845,-1.50121498932931,22,1,4,4
50,7,41,4,0,2.75,1.25,2.5,-0.738840420142394,-2.18542391527845,-1.50121498932931,22,1,4,4
50,7,42,5,1,2.75,1.25,2.5,-0.738840420142394,-2.18542391527845,-1.50121498932931,22,1,4,4
55,1,1,0,0,1.75,2.25,4.25,-1.86854640146683,-1.10463012480768,0.620459126843109,24,2,5,1
55,1,2,1,1,1.75,2.25,4.25,-1.86854640146683,-1.10463012480768,0.620459126843109,24,2,5,1
55,1,3,2,0,1.75,2.25,4.25,-1.86854640146683,-1.10463012480768,0.620459126843109,24,2,5,1
55,1,4,3,NA,1.75,2.25,4.25,-1.86854640146683,-1.10463012480768,0.620459126843109,24,2,5,1
55,1,5,4,NA,1.75,2.25,4.25,-1.86854640146683,-1.10463012480768,0.620459126843109,24,2,5,1
55,1,6,5,0,1.75,2.25,4.25,-1.86854640146683,-1.10463012480768,0.620459126843109,24,2,5,1
55,2,7,0,0,1.75,2.25,4.25,-1.86854640146683,-1.10463012480768,0.620459126843109,24,2,5,1
55,2,8,1,0,1.75,2.25,4.25,-1.86854640146683,-1.10463012480768,0.620459126843109,24,2,5,1
55,2,9,2,0,1.75,2.25,4.25,-1.86854640146683,-1.10463012480768,0.620459126843109,24,2,5,1
55,2,10,3,0,1.75,2.25,4.25,-1.86854640146683,-1.10463012480768,0.620459126843109,24,2,5,1
55,2,11,4,0,1.75,2.25,4.25,-1.86854640146683,-1.10463012480768,0.620459126843109,24,2,5,1
55,2,12,5,0,1.75,2.25,4.25,-1.86854640146683,-1.10463012480768,0.620459126843109,24,2,5,1
55,3,13,0,0,1.75,2.25,4.25,-1.86854640146683,-1.10463012480768,0.620459126843109,24,2,5,1
55,3,14,1,0,1.75,2.25,4.25,-1.86854640146683,-1.10463012480768,0.620459126843109,24,2,5,1
55,3,15,2,0,1.75,2.25,4.25,-1.86854640146683,-1.10463012480768,0.620459126843109,24,2,5,1
55,3,16,3,0,1.75,2.25,4.25,-1.86854640146683,-1.10463012480768,0.620459126843109,24,2,5,1
55,3,17,4,0,1.75,2.25,4.25,-1.86854640146683,-1.10463012480768,0.620459126843109,24,2,5,1
55,3,18,5,0,1.75,2.25,4.25,-1.86854640146683,-1.10463012480768,0.620459126843109,24,2,5,1
55,4,19,0,0,1.75,2.25,4.25,-1.86854640146683,-1.10463012480768,0.620459126843109,24,2,5,1
55,4,20,1,0,1.75,2.25,4.25,-1.86854640146683,-1.10463012480768,0.620459126843109,24,2,5,1
55,4,21,2,0,1.75,2.25,4.25,-1.86854640146683,-1.10463012480768,0.620459126843109,24,2,5,1
55,4,22,3,0,1.75,2.25,4.25,-1.86854640146683,-1.10463012480768,0.620459126843109,24,2,5,1
55,4,23,4,0,1.75,2.25,4.25,-1.86854640146683,-1.10463012480768,0.620459126843109,24,2,5,1
55,4,24,5,0,1.75,2.25,4.25,-1.86854640146683,-1.10463012480768,0.620459126843109,24,2,5,1
55,5,25,0,1,1.75,2.25,4.25,-1.86854640146683,-1.10463012480768,0.620459126843109,24,2,5,1
55,5,26,1,0,1.75,2.25,4.25,-1.86854640146683,-1.10463012480768,0.620459126843109,24,2,5,1
55,5,27,2,0,1.75,2.25,4.25,-1.86854640146683,-1.10463012480768,0.620459126843109,24,2,5,1
55,5,28,3,0,1.75,2.25,4.25,-1.86854640146683,-1.10463012480768,0.620459126843109,24,2,5,1
55,5,29,4,0,1.75,2.25,4.25,-1.86854640146683,-1.10463012480768,0.620459126843109,24,2,5,1
55,5,30,5,0,1.75,2.25,4.25,-1.86854640146683,-1.10463012480768,0.620459126843109,24,2,5,1
55,6,31,0,0,1.75,2.25,4.25,-1.86854640146683,-1.10463012480768,0.620459126843109,24,2,5,1
55,6,32,1,0,1.75,2.25,4.25,-1.86854640146683,-1.10463012480768,0.620459126843109,24,2,5,1
55,6,33,2,0,1.75,2.25,4.25,-1.86854640146683,-1.10463012480768,0.620459126843109,24,2,5,1
55,6,34,3,1,1.75,2.25,4.25,-1.86854640146683,-1.10463012480768,0.620459126843109,24,2,5,1
55,6,35,4,0,1.75,2.25,4.25,-1.86854640146683,-1.10463012480768,0.620459126843109,24,2,5,1
55,6,36,5,0,1.75,2.25,4.25,-1.86854640146683,-1.10463012480768,0.620459126843109,24,2,5,1
55,7,37,0,1,1.75,2.25,4.25,-1.86854640146683,-1.10463012480768,0.620459126843109,24,2,5,1
55,7,38,1,0,1.75,2.25,4.25,-1.86854640146683,-1.10463012480768,0.620459126843109,24,2,5,1
55,7,39,2,0,1.75,2.25,4.25,-1.86854640146683,-1.10463012480768,0.620459126843109,24,2,5,1
55,7,40,3,0,1.75,2.25,4.25,-1.86854640146683,-1.10463012480768,0.620459126843109,24,2,5,1
55,7,41,4,0,1.75,2.25,4.25,-1.86854640146683,-1.10463012480768,0.620459126843109,24,2,5,1
55,7,42,5,0,1.75,2.25,4.25,-1.86854640146683,-1.10463012480768,0.620459126843109,24,2,5,1
62,1,2,0,0,4.5,1,3.25,1.23814504717537,-2.45562236289614,-0.591926082398273,24,1,5,1
62,1,3,1,0,4.5,1,3.25,1.23814504717537,-2.45562236289614,-0.591926082398273,24,1,5,1
62,1,4,2,1,4.5,1,3.25,1.23814504717537,-2.45562236289614,-0.591926082398273,24,1,5,1
62,1,5,3,1,4.5,1,3.25,1.23814504717537,-2.45562236289614,-0.591926082398273,24,1,5,1
62,1,6,4,0,4.5,1,3.25,1.23814504717537,-2.45562236289614,-0.591926082398273,24,1,5,1
62,1,7,5,0,4.5,1,3.25,1.23814504717537,-2.45562236289614,-0.591926082398273,24,1,5,1
62,2,8,0,NA,4.5,1,3.25,1.23814504717537,-2.45562236289614,-0.591926082398273,24,1,5,1
62,2,9,1,NA,4.5,1,3.25,1.23814504717537,-2.45562236289614,-0.591926082398273,24,1,5,1
62,2,10,2,1,4.5,1,3.25,1.23814504717537,-2.45562236289614,-0.591926082398273,24,1,5,1
62,2,11,3,0,4.5,1,3.25,1.23814504717537,-2.45562236289614,-0.591926082398273,24,1,5,1
62,2,12,4,0,4.5,1,3.25,1.23814504717537,-2.45562236289614,-0.591926082398273,24,1,5,1
62,2,13,5,0,4.5,1,3.25,1.23814504717537,-2.45562236289614,-0.591926082398273,24,1,5,1
62,3,14,0,NA,4.5,1,3.25,1.23814504717537,-2.45562236289614,-0.591926082398273,24,1,5,1
62,3,15,1,0,4.5,1,3.25,1.23814504717537,-2.45562236289614,-0.591926082398273,24,1,5,1
62,3,16,2,0,4.5,1,3.25,1.23814504717537,-2.45562236289614,-0.591926082398273,24,1,5,1
62,3,17,3,0,4.5,1,3.25,1.23814504717537,-2.45562236289614,-0.591926082398273,24,1,5,1
62,3,18,4,0,4.5,1,3.25,1.23814504717537,-2.45562236289614,-0.591926082398273,24,1,5,1
62,3,19,5,0,4.5,1,3.25,1.23814504717537,-2.45562236289614,-0.591926082398273,24,1,5,1
62,4,20,0,0,4.5,1,3.25,1.23814504717537,-2.45562236289614,-0.591926082398273,24,1,5,1
62,4,21,1,0,4.5,1,3.25,1.23814504717537,-2.45562236289614,-0.591926082398273,24,1,5,1
62,4,23,2,0,4.5,1,3.25,1.23814504717537,-2.45562236289614,-0.591926082398273,24,1,5,1
62,4,24,3,0,4.5,1,3.25,1.23814504717537,-2.45562236289614,-0.591926082398273,24,1,5,1
62,4,25,4,0,4.5,1,3.25,1.23814504717537,-2.45562236289614,-0.591926082398273,24,1,5,1
62,5,26,0,NA,4.5,1,3.25,1.23814504717537,-2.45562236289614,-0.591926082398273,24,1,5,1
62,5,27,1,0,4.5,1,3.25,1.23814504717537,-2.45562236289614,-0.591926082398273,24,1,5,1
62,5,28,2,0,4.5,1,3.25,1.23814504717537,-2.45562236289614,-0.591926082398273,24,1,5,1
62,5,29,3,0,4.5,1,3.25,1.23814504717537,-2.45562236289614,-0.591926082398273,24,1,5,1
62,5,30,4,0,4.5,1,3.25,1.23814504717537,-2.45562236289614,-0.591926082398273,24,1,5,1
62,5,31,5,NA,4.5,1,3.25,1.23814504717537,-2.45562236289614,-0.591926082398273,24,1,5,1
62,6,32,0,0,4.5,1,3.25,1.23814504717537,-2.45562236289614,-0.591926082398273,24,1,5,1
62,6,33,1,1,4.5,1,3.25,1.23814504717537,-2.45562236289614,-0.591926082398273,24,1,5,1
62,6,34,2,0,4.5,1,3.25,1.23814504717537,-2.45562236289614,-0.591926082398273,24,1,5,1
62,6,35,3,0,4.5,1,3.25,1.23814504717537,-2.45562236289614,-0.591926082398273,24,1,5,1
62,6,36,4,0,4.5,1,3.25,1.23814504717537,-2.45562236289614,-0.591926082398273,24,1,5,1
62,6,37,5,1,4.5,1,3.25,1.23814504717537,-2.45562236289614,-0.591926082398273,24,1,5,1
62,7,38,0,NA,4.5,1,3.25,1.23814504717537,-2.45562236289614,-0.591926082398273,24,1,5,1
62,7,39,1,1,4.5,1,3.25,1.23814504717537,-2.45562236289614,-0.591926082398273,24,1,5,1
62,7,40,2,NA,4.5,1,3.25,1.23814504717537,-2.45562236289614,-0.591926082398273,24,1,5,1
62,7,41,3,0,4.5,1,3.25,1.23814504717537,-2.45562236289614,-0.591926082398273,24,1,5,1
62,7,42,4,0,4.5,1,3.25,1.23814504717537,-2.45562236289614,-0.591926082398273,24,1,5,1
62,7,43,5,1,4.5,1,3.25,1.23814504717537,-2.45562236289614,-0.591926082398273,24,1,5,1
64,1,1,0,1,3,3.5,2.75,-0.456413924811284,0.246362113280785,-1.19811868701896,23,1,10,1
64,1,2,1,0,3,3.5,2.75,-0.456413924811284,0.246362113280785,-1.19811868701896,23,1,10,1
64,1,3,2,1,3,3.5,2.75,-0.456413924811284,0.246362113280785,-1.19811868701896,23,1,10,1
64,1,4,3,0,3,3.5,2.75,-0.456413924811284,0.246362113280785,-1.19811868701896,23,1,10,1
64,1,5,4,0,3,3.5,2.75,-0.456413924811284,0.246362113280785,-1.19811868701896,23,1,10,1
64,1,6,5,0,3,3.5,2.75,-0.456413924811284,0.246362113280785,-1.19811868701896,23,1,10,1
64,2,7,0,0,3,3.5,2.75,-0.456413924811284,0.246362113280785,-1.19811868701896,23,1,10,1
64,2,8,1,0,3,3.5,2.75,-0.456413924811284,0.246362113280785,-1.19811868701896,23,1,10,1
64,2,9,2,0,3,3.5,2.75,-0.456413924811284,0.246362113280785,-1.19811868701896,23,1,10,1
64,2,10,3,0,3,3.5,2.75,-0.456413924811284,0.246362113280785,-1.19811868701896,23,1,10,1
64,2,11,4,0,3,3.5,2.75,-0.456413924811284,0.246362113280785,-1.19811868701896,23,1,10,1
64,2,12,5,0,3,3.5,2.75,-0.456413924811284,0.246362113280785,-1.19811868701896,23,1,10,1
64,3,13,0,NA,3,3.5,2.75,-0.456413924811284,0.246362113280785,-1.19811868701896,23,1,10,1
64,3,14,1,0,3,3.5,2.75,-0.456413924811284,0.246362113280785,-1.19811868701896,23,1,10,1
64,3,15,2,0,3,3.5,2.75,-0.456413924811284,0.246362113280785,-1.19811868701896,23,1,10,1
64,3,16,3,0,3,3.5,2.75,-0.456413924811284,0.246362113280785,-1.19811868701896,23,1,10,1
64,3,17,4,1,3,3.5,2.75,-0.456413924811284,0.246362113280785,-1.19811868701896,23,1,10,1
64,3,18,5,0,3,3.5,2.75,-0.456413924811284,0.246362113280785,-1.19811868701896,23,1,10,1
64,4,19,0,NA,3,3.5,2.75,-0.456413924811284,0.246362113280785,-1.19811868701896,23,1,10,1
64,4,20,1,NA,3,3.5,2.75,-0.456413924811284,0.246362113280785,-1.19811868701896,23,1,10,1
64,4,21,2,0,3,3.5,2.75,-0.456413924811284,0.246362113280785,-1.19811868701896,23,1,10,1
64,4,22,3,NA,3,3.5,2.75,-0.456413924811284,0.246362113280785,-1.19811868701896,23,1,10,1
64,4,23,4,NA,3,3.5,2.75,-0.456413924811284,0.246362113280785,-1.19811868701896,23,1,10,1
64,4,24,5,1,3,3.5,2.75,-0.456413924811284,0.246362113280785,-1.19811868701896,23,1,10,1
64,5,25,0,1,3,3.5,2.75,-0.456413924811284,0.246362113280785,-1.19811868701896,23,1,10,1
64,5,26,1,NA,3,3.5,2.75,-0.456413924811284,0.246362113280785,-1.19811868701896,23,1,10,1
64,5,27,2,0,3,3.5,2.75,-0.456413924811284,0.246362113280785,-1.19811868701896,23,1,10,1
64,5,28,3,1,3,3.5,2.75,-0.456413924811284,0.246362113280785,-1.19811868701896,23,1,10,1
64,5,29,4,0,3,3.5,2.75,-0.456413924811284,0.246362113280785,-1.19811868701896,23,1,10,1
64,5,30,5,0,3,3.5,2.75,-0.456413924811284,0.246362113280785,-1.19811868701896,23,1,10,1
64,6,31,0,0,3,3.5,2.75,-0.456413924811284,0.246362113280785,-1.19811868701896,23,1,10,1
64,6,32,1,NA,3,3.5,2.75,-0.456413924811284,0.246362113280785,-1.19811868701896,23,1,10,1
64,6,33,2,0,3,3.5,2.75,-0.456413924811284,0.246362113280785,-1.19811868701896,23,1,10,1
64,6,34,3,0,3,3.5,2.75,-0.456413924811284,0.246362113280785,-1.19811868701896,23,1,10,1
64,6,35,4,0,3,3.5,2.75,-0.456413924811284,0.246362113280785,-1.19811868701896,23,1,10,1
64,6,36,5,0,3,3.5,2.75,-0.456413924811284,0.246362113280785,-1.19811868701896,23,1,10,1
64,7,37,0,1,3,3.5,2.75,-0.456413924811284,0.246362113280785,-1.19811868701896,23,1,10,1
64,7,38,1,0,3,3.5,2.75,-0.456413924811284,0.246362113280785,-1.19811868701896,23,1,10,1
64,7,39,2,0,3,3.5,2.75,-0.456413924811284,0.246362113280785,-1.19811868701896,23,1,10,1
64,7,40,3,0,3,3.5,2.75,-0.456413924811284,0.246362113280785,-1.19811868701896,23,1,10,1
64,7,41,4,0,3,3.5,2.75,-0.456413924811284,0.246362113280785,-1.19811868701896,23,1,10,1
64,7,42,5,1,3,3.5,2.75,-0.456413924811284,0.246362113280785,-1.19811868701896,23,1,10,1
65,1,1,0,1,3.25,4.5,4.25,-0.173987429480175,1.32715590375156,0.620459126843109,21,2,4,4
65,1,2,1,1,3.25,4.5,4.25,-0.173987429480175,1.32715590375156,0.620459126843109,21,2,4,4
65,1,3,2,1,3.25,4.5,4.25,-0.173987429480175,1.32715590375156,0.620459126843109,21,2,4,4
65,1,4,3,0,3.25,4.5,4.25,-0.173987429480175,1.32715590375156,0.620459126843109,21,2,4,4
65,1,5,4,1,3.25,4.5,4.25,-0.173987429480175,1.32715590375156,0.620459126843109,21,2,4,4
65,1,6,5,0,3.25,4.5,4.25,-0.173987429480175,1.32715590375156,0.620459126843109,21,2,4,4
65,2,7,0,0,3.25,4.5,4.25,-0.173987429480175,1.32715590375156,0.620459126843109,21,2,4,4
65,2,8,1,NA,3.25,4.5,4.25,-0.173987429480175,1.32715590375156,0.620459126843109,21,2,4,4
65,2,9,2,1,3.25,4.5,4.25,-0.173987429480175,1.32715590375156,0.620459126843109,21,2,4,4
65,2,10,3,0,3.25,4.5,4.25,-0.173987429480175,1.32715590375156,0.620459126843109,21,2,4,4
65,2,11,4,0,3.25,4.5,4.25,-0.173987429480175,1.32715590375156,0.620459126843109,21,2,4,4
65,2,12,5,0,3.25,4.5,4.25,-0.173987429480175,1.32715590375156,0.620459126843109,21,2,4,4
65,3,13,0,0,3.25,4.5,4.25,-0.173987429480175,1.32715590375156,0.620459126843109,21,2,4,4
65,3,14,1,1,3.25,4.5,4.25,-0.173987429480175,1.32715590375156,0.620459126843109,21,2,4,4
65,3,15,2,1,3.25,4.5,4.25,-0.173987429480175,1.32715590375156,0.620459126843109,21,2,4,4
65,3,16,3,1,3.25,4.5,4.25,-0.173987429480175,1.32715590375156,0.620459126843109,21,2,4,4
65,3,17,4,0,3.25,4.5,4.25,-0.173987429480175,1.32715590375156,0.620459126843109,21,2,4,4
65,3,18,5,0,3.25,4.5,4.25,-0.173987429480175,1.32715590375156,0.620459126843109,21,2,4,4
65,4,19,0,1,3.25,4.5,4.25,-0.173987429480175,1.32715590375156,0.620459126843109,21,2,4,4
65,4,20,1,0,3.25,4.5,4.25,-0.173987429480175,1.32715590375156,0.620459126843109,21,2,4,4
65,4,21,2,0,3.25,4.5,4.25,-0.173987429480175,1.32715590375156,0.620459126843109,21,2,4,4
65,4,22,3,0,3.25,4.5,4.25,-0.173987429480175,1.32715590375156,0.620459126843109,21,2,4,4
65,4,23,4,NA,3.25,4.5,4.25,-0.173987429480175,1.32715590375156,0.620459126843109,21,2,4,4
65,4,24,5,0,3.25,4.5,4.25,-0.173987429480175,1.32715590375156,0.620459126843109,21,2,4,4
65,5,25,0,NA,3.25,4.5,4.25,-0.173987429480175,1.32715590375156,0.620459126843109,21,2,4,4
65,5,26,1,1,3.25,4.5,4.25,-0.173987429480175,1.32715590375156,0.620459126843109,21,2,4,4
65,5,27,2,0,3.25,4.5,4.25,-0.173987429480175,1.32715590375156,0.620459126843109,21,2,4,4
65,5,28,3,0,3.25,4.5,4.25,-0.173987429480175,1.32715590375156,0.620459126843109,21,2,4,4
65,5,29,4,0,3.25,4.5,4.25,-0.173987429480175,1.32715590375156,0.620459126843109,21,2,4,4
65,5,30,5,NA,3.25,4.5,4.25,-0.173987429480175,1.32715590375156,0.620459126843109,21,2,4,4
65,6,31,0,NA,3.25,4.5,4.25,-0.173987429480175,1.32715590375156,0.620459126843109,21,2,4,4
65,6,32,1,1,3.25,4.5,4.25,-0.173987429480175,1.32715590375156,0.620459126843109,21,2,4,4
65,6,33,2,0,3.25,4.5,4.25,-0.173987429480175,1.32715590375156,0.620459126843109,21,2,4,4
65,6,34,3,0,3.25,4.5,4.25,-0.173987429480175,1.32715590375156,0.620459126843109,21,2,4,4
65,6,35,4,0,3.25,4.5,4.25,-0.173987429480175,1.32715590375156,0.620459126843109,21,2,4,4
65,6,36,5,0,3.25,4.5,4.25,-0.173987429480175,1.32715590375156,0.620459126843109,21,2,4,4
65,7,37,0,NA,3.25,4.5,4.25,-0.173987429480175,1.32715590375156,0.620459126843109,21,2,4,4
65,7,38,1,NA,3.25,4.5,4.25,-0.173987429480175,1.32715590375156,0.620459126843109,21,2,4,4
65,7,39,2,NA,3.25,4.5,4.25,-0.173987429480175,1.32715590375156,0.620459126843109,21,2,4,4
65,7,40,3,NA,3.25,4.5,4.25,-0.173987429480175,1.32715590375156,0.620459126843109,21,2,4,4
65,7,41,4,NA,3.25,4.5,4.25,-0.173987429480175,1.32715590375156,0.620459126843109,21,2,4,4
65,7,42,5,0,3.25,4.5,4.25,-0.173987429480175,1.32715590375156,0.620459126843109,21,2,4,4
70,1,1,0,NA,4,2.25,3,0.673292056513154,-1.10463012480768,-0.895022384708619,22,1,4,1
70,1,2,1,NA,4,2.25,3,0.673292056513154,-1.10463012480768,-0.895022384708619,22,1,4,1
70,1,3,2,0,4,2.25,3,0.673292056513154,-1.10463012480768,-0.895022384708619,22,1,4,1
70,1,4,3,0,4,2.25,3,0.673292056513154,-1.10463012480768,-0.895022384708619,22,1,4,1
70,1,5,4,1,4,2.25,3,0.673292056513154,-1.10463012480768,-0.895022384708619,22,1,4,1
70,1,6,5,0,4,2.25,3,0.673292056513154,-1.10463012480768,-0.895022384708619,22,1,4,1
70,2,7,0,NA,4,2.25,3,0.673292056513154,-1.10463012480768,-0.895022384708619,22,1,4,1
70,2,8,1,0,4,2.25,3,0.673292056513154,-1.10463012480768,-0.895022384708619,22,1,4,1
70,2,9,2,0,4,2.25,3,0.673292056513154,-1.10463012480768,-0.895022384708619,22,1,4,1
70,2,10,3,NA,4,2.25,3,0.673292056513154,-1.10463012480768,-0.895022384708619,22,1,4,1
70,2,11,4,1,4,2.25,3,0.673292056513154,-1.10463012480768,-0.895022384708619,22,1,4,1
71,1,1,0,NA,3,2.75,3.5,-0.456413924811284,-0.564233229572292,-0.288829780087927,19,1,4,1
71,1,2,1,NA,3,2.75,3.5,-0.456413924811284,-0.564233229572292,-0.288829780087927,19,1,4,1
71,1,3,2,0,3,2.75,3.5,-0.456413924811284,-0.564233229572292,-0.288829780087927,19,1,4,1
71,1,4,3,0,3,2.75,3.5,-0.456413924811284,-0.564233229572292,-0.288829780087927,19,1,4,1
71,1,5,4,0,3,2.75,3.5,-0.456413924811284,-0.564233229572292,-0.288829780087927,19,1,4,1
71,1,6,5,0,3,2.75,3.5,-0.456413924811284,-0.564233229572292,-0.288829780087927,19,1,4,1
71,2,7,0,0,3,2.75,3.5,-0.456413924811284,-0.564233229572292,-0.288829780087927,19,1,4,1
71,2,8,1,0,3,2.75,3.5,-0.456413924811284,-0.564233229572292,-0.288829780087927,19,1,4,1
71,2,9,2,NA,3,2.75,3.5,-0.456413924811284,-0.564233229572292,-0.288829780087927,19,1,4,1
71,2,10,3,0,3,2.75,3.5,-0.456413924811284,-0.564233229572292,-0.288829780087927,19,1,4,1
71,2,11,4,0,3,2.75,3.5,-0.456413924811284,-0.564233229572292,-0.288829780087927,19,1,4,1
71,2,12,5,0,3,2.75,3.5,-0.456413924811284,-0.564233229572292,-0.288829780087927,19,1,4,1
71,3,13,0,0,3,2.75,3.5,-0.456413924811284,-0.564233229572292,-0.288829780087927,19,1,4,1
71,3,14,1,0,3,2.75,3.5,-0.456413924811284,-0.564233229572292,-0.288829780087927,19,1,4,1
71,3,15,2,0,3,2.75,3.5,-0.456413924811284,-0.564233229572292,-0.288829780087927,19,1,4,1
71,3,16,3,0,3,2.75,3.5,-0.456413924811284,-0.564233229572292,-0.288829780087927,19,1,4,1
71,3,17,4,0,3,2.75,3.5,-0.456413924811284,-0.564233229572292,-0.288829780087927,19,1,4,1
71,3,18,5,NA,3,2.75,3.5,-0.456413924811284,-0.564233229572292,-0.288829780087927,19,1,4,1
71,4,19,0,0,3,2.75,3.5,-0.456413924811284,-0.564233229572292,-0.288829780087927,19,1,4,1
71,4,20,1,0,3,2.75,3.5,-0.456413924811284,-0.564233229572292,-0.288829780087927,19,1,4,1
71,4,21,2,0,3,2.75,3.5,-0.456413924811284,-0.564233229572292,-0.288829780087927,19,1,4,1
71,4,22,3,0,3,2.75,3.5,-0.456413924811284,-0.564233229572292,-0.288829780087927,19,1,4,1
71,4,23,4,0,3,2.75,3.5,-0.456413924811284,-0.564233229572292,-0.288829780087927,19,1,4,1
71,4,24,5,0,3,2.75,3.5,-0.456413924811284,-0.564233229572292,-0.288829780087927,19,1,4,1
71,5,25,0,0,3,2.75,3.5,-0.456413924811284,-0.564233229572292,-0.288829780087927,19,1,4,1
71,5,26,1,0,3,2.75,3.5,-0.456413924811284,-0.564233229572292,-0.288829780087927,19,1,4,1
71,5,27,2,0,3,2.75,3.5,-0.456413924811284,-0.564233229572292,-0.288829780087927,19,1,4,1
71,5,28,3,0,3,2.75,3.5,-0.456413924811284,-0.564233229572292,-0.288829780087927,19,1,4,1
71,5,29,4,0,3,2.75,3.5,-0.456413924811284,-0.564233229572292,-0.288829780087927,19,1,4,1
71,5,30,5,0,3,2.75,3.5,-0.456413924811284,-0.564233229572292,-0.288829780087927,19,1,4,1
71,6,31,0,NA,3,2.75,3.5,-0.456413924811284,-0.564233229572292,-0.288829780087927,19,1,4,1
71,6,32,1,0,3,2.75,3.5,-0.456413924811284,-0.564233229572292,-0.288829780087927,19,1,4,1
71,6,33,2,0,3,2.75,3.5,-0.456413924811284,-0.564233229572292,-0.288829780087927,19,1,4,1
71,6,34,3,0,3,2.75,3.5,-0.456413924811284,-0.564233229572292,-0.288829780087927,19,1,4,1
71,6,35,4,0,3,2.75,3.5,-0.456413924811284,-0.564233229572292,-0.288829780087927,19,1,4,1
71,6,36,5,0,3,2.75,3.5,-0.456413924811284,-0.564233229572292,-0.288829780087927,19,1,4,1
71,7,37,0,0,3,2.75,3.5,-0.456413924811284,-0.564233229572292,-0.288829780087927,19,1,4,1
71,7,38,1,0,3,2.75,3.5,-0.456413924811284,-0.564233229572292,-0.288829780087927,19,1,4,1
71,7,39,2,0,3,2.75,3.5,-0.456413924811284,-0.564233229572292,-0.288829780087927,19,1,4,1
71,7,40,3,0,3,2.75,3.5,-0.456413924811284,-0.564233229572292,-0.288829780087927,19,1,4,1
71,7,41,4,0,3,2.75,3.5,-0.456413924811284,-0.564233229572292,-0.288829780087927,19,1,4,1
71,7,42,5,0,3,2.75,3.5,-0.456413924811284,-0.564233229572292,-0.288829780087927,19,1,4,1
72,1,1,0,0,3.5,4.25,3.75,0.108439065850935,1.05695745613386,0.0142665222224181,22,1,4,1
72,1,2,1,0,3.5,4.25,3.75,0.108439065850935,1.05695745613386,0.0142665222224181,22,1,4,1
72,1,3,2,1,3.5,4.25,3.75,0.108439065850935,1.05695745613386,0.0142665222224181,22,1,4,1
72,1,4,3,0,3.5,4.25,3.75,0.108439065850935,1.05695745613386,0.0142665222224181,22,1,4,1
72,1,5,4,0,3.5,4.25,3.75,0.108439065850935,1.05695745613386,0.0142665222224181,22,1,4,1
72,1,6,5,0,3.5,4.25,3.75,0.108439065850935,1.05695745613386,0.0142665222224181,22,1,4,1
72,2,7,0,0,3.5,4.25,3.75,0.108439065850935,1.05695745613386,0.0142665222224181,22,1,4,1
72,2,8,1,0,3.5,4.25,3.75,0.108439065850935,1.05695745613386,0.0142665222224181,22,1,4,1
72,2,9,2,0,3.5,4.25,3.75,0.108439065850935,1.05695745613386,0.0142665222224181,22,1,4,1
72,2,10,3,1,3.5,4.25,3.75,0.108439065850935,1.05695745613386,0.0142665222224181,22,1,4,1
72,2,11,4,0,3.5,4.25,3.75,0.108439065850935,1.05695745613386,0.0142665222224181,22,1,4,1
72,2,12,5,0,3.5,4.25,3.75,0.108439065850935,1.05695745613386,0.0142665222224181,22,1,4,1
72,3,13,0,1,3.5,4.25,3.75,0.108439065850935,1.05695745613386,0.0142665222224181,22,1,4,1
72,3,14,1,0,3.5,4.25,3.75,0.108439065850935,1.05695745613386,0.0142665222224181,22,1,4,1
72,3,15,2,1,3.5,4.25,3.75,0.108439065850935,1.05695745613386,0.0142665222224181,22,1,4,1
72,3,16,3,1,3.5,4.25,3.75,0.108439065850935,1.05695745613386,0.0142665222224181,22,1,4,1
72,3,17,4,0,3.5,4.25,3.75,0.108439065850935,1.05695745613386,0.0142665222224181,22,1,4,1
72,3,18,5,1,3.5,4.25,3.75,0.108439065850935,1.05695745613386,0.0142665222224181,22,1,4,1
72,4,19,0,0,3.5,4.25,3.75,0.108439065850935,1.05695745613386,0.0142665222224181,22,1,4,1
72,4,20,1,0,3.5,4.25,3.75,0.108439065850935,1.05695745613386,0.0142665222224181,22,1,4,1
72,4,21,2,0,3.5,4.25,3.75,0.108439065850935,1.05695745613386,0.0142665222224181,22,1,4,1
72,4,22,3,1,3.5,4.25,3.75,0.108439065850935,1.05695745613386,0.0142665222224181,22,1,4,1
72,4,23,4,1,3.5,4.25,3.75,0.108439065850935,1.05695745613386,0.0142665222224181,22,1,4,1
72,4,24,5,0,3.5,4.25,3.75,0.108439065850935,1.05695745613386,0.0142665222224181,22,1,4,1
72,5,25,0,0,3.5,4.25,3.75,0.108439065850935,1.05695745613386,0.0142665222224181,22,1,4,1
72,5,26,1,0,3.5,4.25,3.75,0.108439065850935,1.05695745613386,0.0142665222224181,22,1,4,1
72,5,27,2,0,3.5,4.25,3.75,0.108439065850935,1.05695745613386,0.0142665222224181,22,1,4,1
72,5,28,3,1,3.5,4.25,3.75,0.108439065850935,1.05695745613386,0.0142665222224181,22,1,4,1
72,5,29,4,0,3.5,4.25,3.75,0.108439065850935,1.05695745613386,0.0142665222224181,22,1,4,1
72,5,30,5,1,3.5,4.25,3.75,0.108439065850935,1.05695745613386,0.0142665222224181,22,1,4,1
72,6,31,0,0,3.5,4.25,3.75,0.108439065850935,1.05695745613386,0.0142665222224181,22,1,4,1
72,6,32,1,1,3.5,4.25,3.75,0.108439065850935,1.05695745613386,0.0142665222224181,22,1,4,1
72,6,33,2,0,3.5,4.25,3.75,0.108439065850935,1.05695745613386,0.0142665222224181,22,1,4,1
72,6,34,3,NA,3.5,4.25,3.75,0.108439065850935,1.05695745613386,0.0142665222224181,22,1,4,1
72,6,35,4,0,3.5,4.25,3.75,0.108439065850935,1.05695745613386,0.0142665222224181,22,1,4,1
72,6,36,5,1,3.5,4.25,3.75,0.108439065850935,1.05695745613386,0.0142665222224181,22,1,4,1
72,7,37,0,1,3.5,4.25,3.75,0.108439065850935,1.05695745613386,0.0142665222224181,22,1,4,1
72,7,38,1,1,3.5,4.25,3.75,0.108439065850935,1.05695745613386,0.0142665222224181,22,1,4,1
72,7,39,2,1,3.5,4.25,3.75,0.108439065850935,1.05695745613386,0.0142665222224181,22,1,4,1
72,7,40,3,1,3.5,4.25,3.75,0.108439065850935,1.05695745613386,0.0142665222224181,22,1,4,1
72,7,41,4,1,3.5,4.25,3.75,0.108439065850935,1.05695745613386,0.0142665222224181,22,1,4,1
72,7,42,5,1,3.5,4.25,3.75,0.108439065850935,1.05695745613386,0.0142665222224181,22,1,4,1
74,1,1,0,NA,2.5,3,3.75,-1.0212669154735,-0.2940347819546,0.0142665222224181,24,2,10,1
74,1,2,1,NA,2.5,3,3.75,-1.0212669154735,-0.2940347819546,0.0142665222224181,24,2,10,1
74,1,3,2,NA,2.5,3,3.75,-1.0212669154735,-0.2940347819546,0.0142665222224181,24,2,10,1
74,1,4,3,1,2.5,3,3.75,-1.0212669154735,-0.2940347819546,0.0142665222224181,24,2,10,1
74,1,5,4,0,2.5,3,3.75,-1.0212669154735,-0.2940347819546,0.0142665222224181,24,2,10,1
74,1,6,5,0,2.5,3,3.75,-1.0212669154735,-0.2940347819546,0.0142665222224181,24,2,10,1
74,2,7,0,0,2.5,3,3.75,-1.0212669154735,-0.2940347819546,0.0142665222224181,24,2,10,1
74,2,8,1,0,2.5,3,3.75,-1.0212669154735,-0.2940347819546,0.0142665222224181,24,2,10,1
74,2,9,2,0,2.5,3,3.75,-1.0212669154735,-0.2940347819546,0.0142665222224181,24,2,10,1
74,2,10,3,0,2.5,3,3.75,-1.0212669154735,-0.2940347819546,0.0142665222224181,24,2,10,1
74,2,11,4,1,2.5,3,3.75,-1.0212669154735,-0.2940347819546,0.0142665222224181,24,2,10,1
74,2,12,5,1,2.5,3,3.75,-1.0212669154735,-0.2940347819546,0.0142665222224181,24,2,10,1
74,3,13,0,1,2.5,3,3.75,-1.0212669154735,-0.2940347819546,0.0142665222224181,24,2,10,1
74,3,14,1,1,2.5,3,3.75,-1.0212669154735,-0.2940347819546,0.0142665222224181,24,2,10,1
74,3,15,2,0,2.5,3,3.75,-1.0212669154735,-0.2940347819546,0.0142665222224181,24,2,10,1
74,3,16,3,0,2.5,3,3.75,-1.0212669154735,-0.2940347819546,0.0142665222224181,24,2,10,1
74,3,17,4,0,2.5,3,3.75,-1.0212669154735,-0.2940347819546,0.0142665222224181,24,2,10,1
74,3,18,5,1,2.5,3,3.75,-1.0212669154735,-0.2940347819546,0.0142665222224181,24,2,10,1
74,4,19,0,0,2.5,3,3.75,-1.0212669154735,-0.2940347819546,0.0142665222224181,24,2,10,1
74,4,20,1,0,2.5,3,3.75,-1.0212669154735,-0.2940347819546,0.0142665222224181,24,2,10,1
74,4,22,2,0,2.5,3,3.75,-1.0212669154735,-0.2940347819546,0.0142665222224181,24,2,10,1
74,4,23,3,0,2.5,3,3.75,-1.0212669154735,-0.2940347819546,0.0142665222224181,24,2,10,1
74,4,24,4,0,2.5,3,3.75,-1.0212669154735,-0.2940347819546,0.0142665222224181,24,2,10,1
74,5,25,0,0,2.5,3,3.75,-1.0212669154735,-0.2940347819546,0.0142665222224181,24,2,10,1
74,5,26,1,0,2.5,3,3.75,-1.0212669154735,-0.2940347819546,0.0142665222224181,24,2,10,1
74,5,27,2,0,2.5,3,3.75,-1.0212669154735,-0.2940347819546,0.0142665222224181,24,2,10,1
74,5,28,3,0,2.5,3,3.75,-1.0212669154735,-0.2940347819546,0.0142665222224181,24,2,10,1
74,5,29,4,1,2.5,3,3.75,-1.0212669154735,-0.2940347819546,0.0142665222224181,24,2,10,1
74,5,30,5,0,2.5,3,3.75,-1.0212669154735,-0.2940347819546,0.0142665222224181,24,2,10,1
74,6,31,0,0,2.5,3,3.75,-1.0212669154735,-0.2940347819546,0.0142665222224181,24,2,10,1
74,6,32,1,0,2.5,3,3.75,-1.0212669154735,-0.2940347819546,0.0142665222224181,24,2,10,1
74,6,33,2,0,2.5,3,3.75,-1.0212669154735,-0.2940347819546,0.0142665222224181,24,2,10,1
74,6,34,3,1,2.5,3,3.75,-1.0212669154735,-0.2940347819546,0.0142665222224181,24,2,10,1
74,6,35,4,0,2.5,3,3.75,-1.0212669154735,-0.2940347819546,0.0142665222224181,24,2,10,1
74,6,36,5,1,2.5,3,3.75,-1.0212669154735,-0.2940347819546,0.0142665222224181,24,2,10,1
74,7,37,0,0,2.5,3,3.75,-1.0212669154735,-0.2940347819546,0.0142665222224181,24,2,10,1
74,7,38,1,0,2.5,3,3.75,-1.0212669154735,-0.2940347819546,0.0142665222224181,24,2,10,1
74,7,39,2,1,2.5,3,3.75,-1.0212669154735,-0.2940347819546,0.0142665222224181,24,2,10,1
74,7,40,3,0,2.5,3,3.75,-1.0212669154735,-0.2940347819546,0.0142665222224181,24,2,10,1
74,7,41,4,1,2.5,3,3.75,-1.0212669154735,-0.2940347819546,0.0142665222224181,24,2,10,1
74,7,42,5,0,2.5,3,3.75,-1.0212669154735,-0.2940347819546,0.0142665222224181,24,2,10,1
76,1,1,0,0,3.25,3.5,4,-0.173987429480175,0.246362113280785,0.317362824532764,21,1,4,1
76,1,2,1,0,3.25,3.5,4,-0.173987429480175,0.246362113280785,0.317362824532764,21,1,4,1
76,1,3,2,0,3.25,3.5,4,-0.173987429480175,0.246362113280785,0.317362824532764,21,1,4,1
76,1,4,3,1,3.25,3.5,4,-0.173987429480175,0.246362113280785,0.317362824532764,21,1,4,1
76,1,5,4,0,3.25,3.5,4,-0.173987429480175,0.246362113280785,0.317362824532764,21,1,4,1
76,1,6,5,1,3.25,3.5,4,-0.173987429480175,0.246362113280785,0.317362824532764,21,1,4,1
76,2,7,0,0,3.25,3.5,4,-0.173987429480175,0.246362113280785,0.317362824532764,21,1,4,1
76,2,8,1,0,3.25,3.5,4,-0.173987429480175,0.246362113280785,0.317362824532764,21,1,4,1
76,2,9,2,1,3.25,3.5,4,-0.173987429480175,0.246362113280785,0.317362824532764,21,1,4,1
76,2,10,3,1,3.25,3.5,4,-0.173987429480175,0.246362113280785,0.317362824532764,21,1,4,1
76,2,11,4,1,3.25,3.5,4,-0.173987429480175,0.246362113280785,0.317362824532764,21,1,4,1
76,2,12,5,NA,3.25,3.5,4,-0.173987429480175,0.246362113280785,0.317362824532764,21,1,4,1
76,3,13,0,0,3.25,3.5,4,-0.173987429480175,0.246362113280785,0.317362824532764,21,1,4,1
76,3,14,1,0,3.25,3.5,4,-0.173987429480175,0.246362113280785,0.317362824532764,21,1,4,1
76,3,15,2,1,3.25,3.5,4,-0.173987429480175,0.246362113280785,0.317362824532764,21,1,4,1
76,3,16,3,1,3.25,3.5,4,-0.173987429480175,0.246362113280785,0.317362824532764,21,1,4,1
76,3,17,4,NA,3.25,3.5,4,-0.173987429480175,0.246362113280785,0.317362824532764,21,1,4,1
76,3,18,5,1,3.25,3.5,4,-0.173987429480175,0.246362113280785,0.317362824532764,21,1,4,1
76,4,19,0,1,3.25,3.5,4,-0.173987429480175,0.246362113280785,0.317362824532764,21,1,4,1
76,4,20,1,1,3.25,3.5,4,-0.173987429480175,0.246362113280785,0.317362824532764,21,1,4,1
76,4,21,2,NA,3.25,3.5,4,-0.173987429480175,0.246362113280785,0.317362824532764,21,1,4,1
76,4,22,3,NA,3.25,3.5,4,-0.173987429480175,0.246362113280785,0.317362824532764,21,1,4,1
76,4,23,4,1,3.25,3.5,4,-0.173987429480175,0.246362113280785,0.317362824532764,21,1,4,1
76,4,24,5,NA,3.25,3.5,4,-0.173987429480175,0.246362113280785,0.317362824532764,21,1,4,1
76,5,25,0,NA,3.25,3.5,4,-0.173987429480175,0.246362113280785,0.317362824532764,21,1,4,1
76,5,26,1,1,3.25,3.5,4,-0.173987429480175,0.246362113280785,0.317362824532764,21,1,4,1
76,5,27,2,0,3.25,3.5,4,-0.173987429480175,0.246362113280785,0.317362824532764,21,1,4,1
76,5,28,3,0,3.25,3.5,4,-0.173987429480175,0.246362113280785,0.317362824532764,21,1,4,1
76,5,29,4,1,3.25,3.5,4,-0.173987429480175,0.246362113280785,0.317362824532764,21,1,4,1
76,5,30,5,NA,3.25,3.5,4,-0.173987429480175,0.246362113280785,0.317362824532764,21,1,4,1
76,6,31,0,0,3.25,3.5,4,-0.173987429480175,0.246362113280785,0.317362824532764,21,1,4,1
76,6,32,1,0,3.25,3.5,4,-0.173987429480175,0.246362113280785,0.317362824532764,21,1,4,1
76,6,33,2,1,3.25,3.5,4,-0.173987429480175,0.246362113280785,0.317362824532764,21,1,4,1
76,6,34,3,1,3.25,3.5,4,-0.173987429480175,0.246362113280785,0.317362824532764,21,1,4,1
76,6,35,4,1,3.25,3.5,4,-0.173987429480175,0.246362113280785,0.317362824532764,21,1,4,1
76,6,36,5,1,3.25,3.5,4,-0.173987429480175,0.246362113280785,0.317362824532764,21,1,4,1
76,7,37,0,0,3.25,3.5,4,-0.173987429480175,0.246362113280785,0.317362824532764,21,1,4,1
76,7,38,1,NA,3.25,3.5,4,-0.173987429480175,0.246362113280785,0.317362824532764,21,1,4,1
76,7,39,2,1,3.25,3.5,4,-0.173987429480175,0.246362113280785,0.317362824532764,21,1,4,1
76,7,40,3,0,3.25,3.5,4,-0.173987429480175,0.246362113280785,0.317362824532764,21,1,4,1
76,7,41,4,0,3.25,3.5,4,-0.173987429480175,0.246362113280785,0.317362824532764,21,1,4,1
76,7,42,5,1,3.25,3.5,4,-0.173987429480175,0.246362113280785,0.317362824532764,21,1,4,1
78,1,1,0,0,3,1.75,4,-0.456413924811284,-1.64502702004306,0.317362824532764,21,1,4,1
78,1,2,1,0,3,1.75,4,-0.456413924811284,-1.64502702004306,0.317362824532764,21,1,4,1
78,1,3,2,1,3,1.75,4,-0.456413924811284,-1.64502702004306,0.317362824532764,21,1,4,1
78,1,4,3,0,3,1.75,4,-0.456413924811284,-1.64502702004306,0.317362824532764,21,1,4,1
78,1,5,4,0,3,1.75,4,-0.456413924811284,-1.64502702004306,0.317362824532764,21,1,4,1
78,1,6,5,1,3,1.75,4,-0.456413924811284,-1.64502702004306,0.317362824532764,21,1,4,1
78,2,7,0,1,3,1.75,4,-0.456413924811284,-1.64502702004306,0.317362824532764,21,1,4,1
78,2,8,1,1,3,1.75,4,-0.456413924811284,-1.64502702004306,0.317362824532764,21,1,4,1
78,2,9,2,0,3,1.75,4,-0.456413924811284,-1.64502702004306,0.317362824532764,21,1,4,1
78,2,10,3,0,3,1.75,4,-0.456413924811284,-1.64502702004306,0.317362824532764,21,1,4,1
78,2,11,4,0,3,1.75,4,-0.456413924811284,-1.64502702004306,0.317362824532764,21,1,4,1
78,2,12,5,1,3,1.75,4,-0.456413924811284,-1.64502702004306,0.317362824532764,21,1,4,1
78,3,13,0,1,3,1.75,4,-0.456413924811284,-1.64502702004306,0.317362824532764,21,1,4,1
78,3,14,1,1,3,1.75,4,-0.456413924811284,-1.64502702004306,0.317362824532764,21,1,4,1
78,3,15,2,0,3,1.75,4,-0.456413924811284,-1.64502702004306,0.317362824532764,21,1,4,1
78,3,16,3,0,3,1.75,4,-0.456413924811284,-1.64502702004306,0.317362824532764,21,1,4,1
78,3,17,4,0,3,1.75,4,-0.456413924811284,-1.64502702004306,0.317362824532764,21,1,4,1
78,3,18,5,0,3,1.75,4,-0.456413924811284,-1.64502702004306,0.317362824532764,21,1,4,1
78,4,19,0,0,3,1.75,4,-0.456413924811284,-1.64502702004306,0.317362824532764,21,1,4,1
78,4,20,1,0,3,1.75,4,-0.456413924811284,-1.64502702004306,0.317362824532764,21,1,4,1
78,4,21,2,0,3,1.75,4,-0.456413924811284,-1.64502702004306,0.317362824532764,21,1,4,1
78,4,22,3,1,3,1.75,4,-0.456413924811284,-1.64502702004306,0.317362824532764,21,1,4,1
78,4,23,4,0,3,1.75,4,-0.456413924811284,-1.64502702004306,0.317362824532764,21,1,4,1
78,4,24,5,1,3,1.75,4,-0.456413924811284,-1.64502702004306,0.317362824532764,21,1,4,1
78,5,25,0,1,3,1.75,4,-0.456413924811284,-1.64502702004306,0.317362824532764,21,1,4,1
78,5,26,1,0,3,1.75,4,-0.456413924811284,-1.64502702004306,0.317362824532764,21,1,4,1
78,5,27,2,0,3,1.75,4,-0.456413924811284,-1.64502702004306,0.317362824532764,21,1,4,1
78,5,28,3,0,3,1.75,4,-0.456413924811284,-1.64502702004306,0.317362824532764,21,1,4,1
78,5,29,4,1,3,1.75,4,-0.456413924811284,-1.64502702004306,0.317362824532764,21,1,4,1
78,5,30,5,0,3,1.75,4,-0.456413924811284,-1.64502702004306,0.317362824532764,21,1,4,1
78,6,31,0,0,3,1.75,4,-0.456413924811284,-1.64502702004306,0.317362824532764,21,1,4,1
78,6,32,1,0,3,1.75,4,-0.456413924811284,-1.64502702004306,0.317362824532764,21,1,4,1
78,6,33,2,1,3,1.75,4,-0.456413924811284,-1.64502702004306,0.317362824532764,21,1,4,1
78,6,34,3,0,3,1.75,4,-0.456413924811284,-1.64502702004306,0.317362824532764,21,1,4,1
78,6,35,4,1,3,1.75,4,-0.456413924811284,-1.64502702004306,0.317362824532764,21,1,4,1
78,6,36,5,0,3,1.75,4,-0.456413924811284,-1.64502702004306,0.317362824532764,21,1,4,1
78,7,37,0,0,3,1.75,4,-0.456413924811284,-1.64502702004306,0.317362824532764,21,1,4,1
78,7,38,1,1,3,1.75,4,-0.456413924811284,-1.64502702004306,0.317362824532764,21,1,4,1
78,7,39,2,0,3,1.75,4,-0.456413924811284,-1.64502702004306,0.317362824532764,21,1,4,1
78,7,40,3,1,3,1.75,4,-0.456413924811284,-1.64502702004306,0.317362824532764,21,1,4,1
78,7,41,4,1,3,1.75,4,-0.456413924811284,-1.64502702004306,0.317362824532764,21,1,4,1
78,7,42,5,0,3,1.75,4,-0.456413924811284,-1.64502702004306,0.317362824532764,21,1,4,1
79,1,1,0,NA,3.5,2,3.75,0.108439065850935,-1.37482857242537,0.0142665222224181,24,1,4,1
79,1,2,1,1,3.5,2,3.75,0.108439065850935,-1.37482857242537,0.0142665222224181,24,1,4,1
79,1,3,2,NA,3.5,2,3.75,0.108439065850935,-1.37482857242537,0.0142665222224181,24,1,4,1
79,1,4,3,NA,3.5,2,3.75,0.108439065850935,-1.37482857242537,0.0142665222224181,24,1,4,1
79,1,5,4,NA,3.5,2,3.75,0.108439065850935,-1.37482857242537,0.0142665222224181,24,1,4,1
79,1,6,5,0,3.5,2,3.75,0.108439065850935,-1.37482857242537,0.0142665222224181,24,1,4,1
79,2,7,0,NA,3.5,2,3.75,0.108439065850935,-1.37482857242537,0.0142665222224181,24,1,4,1
79,2,8,1,0,3.5,2,3.75,0.108439065850935,-1.37482857242537,0.0142665222224181,24,1,4,1
79,2,9,2,0,3.5,2,3.75,0.108439065850935,-1.37482857242537,0.0142665222224181,24,1,4,1
79,2,10,3,0,3.5,2,3.75,0.108439065850935,-1.37482857242537,0.0142665222224181,24,1,4,1
79,2,11,4,0,3.5,2,3.75,0.108439065850935,-1.37482857242537,0.0142665222224181,24,1,4,1
79,2,12,5,0,3.5,2,3.75,0.108439065850935,-1.37482857242537,0.0142665222224181,24,1,4,1
79,3,13,0,0,3.5,2,3.75,0.108439065850935,-1.37482857242537,0.0142665222224181,24,1,4,1
79,3,14,1,NA,3.5,2,3.75,0.108439065850935,-1.37482857242537,0.0142665222224181,24,1,4,1
79,3,15,2,NA,3.5,2,3.75,0.108439065850935,-1.37482857242537,0.0142665222224181,24,1,4,1
79,3,16,3,NA,3.5,2,3.75,0.108439065850935,-1.37482857242537,0.0142665222224181,24,1,4,1
79,3,17,4,0,3.5,2,3.75,0.108439065850935,-1.37482857242537,0.0142665222224181,24,1,4,1
79,3,18,5,0,3.5,2,3.75,0.108439065850935,-1.37482857242537,0.0142665222224181,24,1,4,1
79,4,19,0,NA,3.5,2,3.75,0.108439065850935,-1.37482857242537,0.0142665222224181,24,1,4,1
79,4,20,1,0,3.5,2,3.75,0.108439065850935,-1.37482857242537,0.0142665222224181,24,1,4,1
79,4,21,2,0,3.5,2,3.75,0.108439065850935,-1.37482857242537,0.0142665222224181,24,1,4,1
79,4,22,3,NA,3.5,2,3.75,0.108439065850935,-1.37482857242537,0.0142665222224181,24,1,4,1
79,4,23,4,NA,3.5,2,3.75,0.108439065850935,-1.37482857242537,0.0142665222224181,24,1,4,1
79,4,24,5,0,3.5,2,3.75,0.108439065850935,-1.37482857242537,0.0142665222224181,24,1,4,1
79,5,25,0,1,3.5,2,3.75,0.108439065850935,-1.37482857242537,0.0142665222224181,24,1,4,1
79,5,26,1,NA,3.5,2,3.75,0.108439065850935,-1.37482857242537,0.0142665222224181,24,1,4,1
79,5,27,2,0,3.5,2,3.75,0.108439065850935,-1.37482857242537,0.0142665222224181,24,1,4,1
79,5,28,3,0,3.5,2,3.75,0.108439065850935,-1.37482857242537,0.0142665222224181,24,1,4,1
79,5,29,4,NA,3.5,2,3.75,0.108439065850935,-1.37482857242537,0.0142665222224181,24,1,4,1
79,5,30,5,NA,3.5,2,3.75,0.108439065850935,-1.37482857242537,0.0142665222224181,24,1,4,1
79,6,31,0,0,3.5,2,3.75,0.108439065850935,-1.37482857242537,0.0142665222224181,24,1,4,1
79,6,32,1,NA,3.5,2,3.75,0.108439065850935,-1.37482857242537,0.0142665222224181,24,1,4,1
79,6,33,2,0,3.5,2,3.75,0.108439065850935,-1.37482857242537,0.0142665222224181,24,1,4,1
79,6,34,3,0,3.5,2,3.75,0.108439065850935,-1.37482857242537,0.0142665222224181,24,1,4,1
79,6,35,4,NA,3.5,2,3.75,0.108439065850935,-1.37482857242537,0.0142665222224181,24,1,4,1
79,6,36,5,NA,3.5,2,3.75,0.108439065850935,-1.37482857242537,0.0142665222224181,24,1,4,1
79,7,37,0,0,3.5,2,3.75,0.108439065850935,-1.37482857242537,0.0142665222224181,24,1,4,1
79,7,38,1,0,3.5,2,3.75,0.108439065850935,-1.37482857242537,0.0142665222224181,24,1,4,1
79,7,39,2,0,3.5,2,3.75,0.108439065850935,-1.37482857242537,0.0142665222224181,24,1,4,1
79,7,40,3,1,3.5,2,3.75,0.108439065850935,-1.37482857242537,0.0142665222224181,24,1,4,1
79,7,41,4,0,3.5,2,3.75,0.108439065850935,-1.37482857242537,0.0142665222224181,24,1,4,1
79,7,42,5,0,3.5,2,3.75,0.108439065850935,-1.37482857242537,0.0142665222224181,24,1,4,1
82,1,1,0,0,3.5,3.5,4.75,0.108439065850935,0.246362113280785,1.2266517314638,23,1,4,1
82,1,2,1,0,3.5,3.5,4.75,0.108439065850935,0.246362113280785,1.2266517314638,23,1,4,1
82,1,3,2,0,3.5,3.5,4.75,0.108439065850935,0.246362113280785,1.2266517314638,23,1,4,1
82,1,4,3,0,3.5,3.5,4.75,0.108439065850935,0.246362113280785,1.2266517314638,23,1,4,1
82,1,5,4,0,3.5,3.5,4.75,0.108439065850935,0.246362113280785,1.2266517314638,23,1,4,1
82,1,6,5,0,3.5,3.5,4.75,0.108439065850935,0.246362113280785,1.2266517314638,23,1,4,1
82,2,7,0,0,3.5,3.5,4.75,0.108439065850935,0.246362113280785,1.2266517314638,23,1,4,1
82,2,8,1,0,3.5,3.5,4.75,0.108439065850935,0.246362113280785,1.2266517314638,23,1,4,1
82,2,9,2,1,3.5,3.5,4.75,0.108439065850935,0.246362113280785,1.2266517314638,23,1,4,1
82,2,10,3,0,3.5,3.5,4.75,0.108439065850935,0.246362113280785,1.2266517314638,23,1,4,1
82,2,11,4,0,3.5,3.5,4.75,0.108439065850935,0.246362113280785,1.2266517314638,23,1,4,1
82,3,12,0,1,3.5,3.5,4.75,0.108439065850935,0.246362113280785,1.2266517314638,23,1,4,1
82,3,13,1,1,3.5,3.5,4.75,0.108439065850935,0.246362113280785,1.2266517314638,23,1,4,1
82,3,14,2,0,3.5,3.5,4.75,0.108439065850935,0.246362113280785,1.2266517314638,23,1,4,1
82,3,15,3,1,3.5,3.5,4.75,0.108439065850935,0.246362113280785,1.2266517314638,23,1,4,1
82,3,16,4,1,3.5,3.5,4.75,0.108439065850935,0.246362113280785,1.2266517314638,23,1,4,1
82,3,17,5,1,3.5,3.5,4.75,0.108439065850935,0.246362113280785,1.2266517314638,23,1,4,1
82,4,18,0,1,3.5,3.5,4.75,0.108439065850935,0.246362113280785,1.2266517314638,23,1,4,1
82,4,19,1,0,3.5,3.5,4.75,0.108439065850935,0.246362113280785,1.2266517314638,23,1,4,1
82,4,20,2,0,3.5,3.5,4.75,0.108439065850935,0.246362113280785,1.2266517314638,23,1,4,1
82,4,21,3,0,3.5,3.5,4.75,0.108439065850935,0.246362113280785,1.2266517314638,23,1,4,1
82,4,22,4,0,3.5,3.5,4.75,0.108439065850935,0.246362113280785,1.2266517314638,23,1,4,1
82,4,23,5,0,3.5,3.5,4.75,0.108439065850935,0.246362113280785,1.2266517314638,23,1,4,1
82,5,24,0,0,3.5,3.5,4.75,0.108439065850935,0.246362113280785,1.2266517314638,23,1,4,1
82,5,25,1,0,3.5,3.5,4.75,0.108439065850935,0.246362113280785,1.2266517314638,23,1,4,1
82,5,26,2,0,3.5,3.5,4.75,0.108439065850935,0.246362113280785,1.2266517314638,23,1,4,1
82,5,27,3,1,3.5,3.5,4.75,0.108439065850935,0.246362113280785,1.2266517314638,23,1,4,1
82,5,28,4,0,3.5,3.5,4.75,0.108439065850935,0.246362113280785,1.2266517314638,23,1,4,1
82,5,29,5,0,3.5,3.5,4.75,0.108439065850935,0.246362113280785,1.2266517314638,23,1,4,1
82,6,30,0,NA,3.5,3.5,4.75,0.108439065850935,0.246362113280785,1.2266517314638,23,1,4,1
82,6,31,1,0,3.5,3.5,4.75,0.108439065850935,0.246362113280785,1.2266517314638,23,1,4,1
82,6,32,2,1,3.5,3.5,4.75,0.108439065850935,0.246362113280785,1.2266517314638,23,1,4,1
82,6,33,3,0,3.5,3.5,4.75,0.108439065850935,0.246362113280785,1.2266517314638,23,1,4,1
82,6,34,4,1,3.5,3.5,4.75,0.108439065850935,0.246362113280785,1.2266517314638,23,1,4,1
82,6,35,5,0,3.5,3.5,4.75,0.108439065850935,0.246362113280785,1.2266517314638,23,1,4,1
82,7,36,0,1,3.5,3.5,4.75,0.108439065850935,0.246362113280785,1.2266517314638,23,1,4,1
82,7,37,1,1,3.5,3.5,4.75,0.108439065850935,0.246362113280785,1.2266517314638,23,1,4,1
82,7,38,2,1,3.5,3.5,4.75,0.108439065850935,0.246362113280785,1.2266517314638,23,1,4,1
82,7,39,3,1,3.5,3.5,4.75,0.108439065850935,0.246362113280785,1.2266517314638,23,1,4,1
82,7,40,4,0,3.5,3.5,4.75,0.108439065850935,0.246362113280785,1.2266517314638,23,1,4,1
82,7,41,5,0,3.5,3.5,4.75,0.108439065850935,0.246362113280785,1.2266517314638,23,1,4,1
83,1,2,0,0,2.75,4,5,-0.738840420142394,0.78675900851617,1.52974803377415,24,2,4,1
83,1,3,1,0,2.75,4,5,-0.738840420142394,0.78675900851617,1.52974803377415,24,2,4,1
83,1,4,2,0,2.75,4,5,-0.738840420142394,0.78675900851617,1.52974803377415,24,2,4,1
83,1,5,3,0,2.75,4,5,-0.738840420142394,0.78675900851617,1.52974803377415,24,2,4,1
83,1,6,4,1,2.75,4,5,-0.738840420142394,0.78675900851617,1.52974803377415,24,2,4,1
83,1,7,5,NA,2.75,4,5,-0.738840420142394,0.78675900851617,1.52974803377415,24,2,4,1
83,2,8,0,1,2.75,4,5,-0.738840420142394,0.78675900851617,1.52974803377415,24,2,4,1
83,2,9,1,NA,2.75,4,5,-0.738840420142394,0.78675900851617,1.52974803377415,24,2,4,1
83,2,10,2,NA,2.75,4,5,-0.738840420142394,0.78675900851617,1.52974803377415,24,2,4,1
83,2,11,3,NA,2.75,4,5,-0.738840420142394,0.78675900851617,1.52974803377415,24,2,4,1
83,2,12,4,0,2.75,4,5,-0.738840420142394,0.78675900851617,1.52974803377415,24,2,4,1
83,2,13,5,NA,2.75,4,5,-0.738840420142394,0.78675900851617,1.52974803377415,24,2,4,1
83,3,14,0,NA,2.75,4,5,-0.738840420142394,0.78675900851617,1.52974803377415,24,2,4,1
83,3,15,1,NA,2.75,4,5,-0.738840420142394,0.78675900851617,1.52974803377415,24,2,4,1
83,3,16,2,0,2.75,4,5,-0.738840420142394,0.78675900851617,1.52974803377415,24,2,4,1
83,3,17,3,NA,2.75,4,5,-0.738840420142394,0.78675900851617,1.52974803377415,24,2,4,1
83,3,18,4,NA,2.75,4,5,-0.738840420142394,0.78675900851617,1.52974803377415,24,2,4,1
83,3,19,5,0,2.75,4,5,-0.738840420142394,0.78675900851617,1.52974803377415,24,2,4,1
83,4,20,0,NA,2.75,4,5,-0.738840420142394,0.78675900851617,1.52974803377415,24,2,4,1
83,4,21,1,NA,2.75,4,5,-0.738840420142394,0.78675900851617,1.52974803377415,24,2,4,1
83,4,22,2,0,2.75,4,5,-0.738840420142394,0.78675900851617,1.52974803377415,24,2,4,1
83,4,23,3,1,2.75,4,5,-0.738840420142394,0.78675900851617,1.52974803377415,24,2,4,1
83,4,24,4,0,2.75,4,5,-0.738840420142394,0.78675900851617,1.52974803377415,24,2,4,1
83,4,25,5,NA,2.75,4,5,-0.738840420142394,0.78675900851617,1.52974803377415,24,2,4,1
83,5,26,0,1,2.75,4,5,-0.738840420142394,0.78675900851617,1.52974803377415,24,2,4,1
83,5,27,1,1,2.75,4,5,-0.738840420142394,0.78675900851617,1.52974803377415,24,2,4,1
83,5,28,2,0,2.75,4,5,-0.738840420142394,0.78675900851617,1.52974803377415,24,2,4,1
83,5,29,3,0,2.75,4,5,-0.738840420142394,0.78675900851617,1.52974803377415,24,2,4,1
83,5,30,4,NA,2.75,4,5,-0.738840420142394,0.78675900851617,1.52974803377415,24,2,4,1
83,5,31,5,NA,2.75,4,5,-0.738840420142394,0.78675900851617,1.52974803377415,24,2,4,1
83,6,32,0,NA,2.75,4,5,-0.738840420142394,0.78675900851617,1.52974803377415,24,2,4,1
83,6,33,1,1,2.75,4,5,-0.738840420142394,0.78675900851617,1.52974803377415,24,2,4,1
83,6,34,2,0,2.75,4,5,-0.738840420142394,0.78675900851617,1.52974803377415,24,2,4,1
83,6,35,3,NA,2.75,4,5,-0.738840420142394,0.78675900851617,1.52974803377415,24,2,4,1
83,6,36,4,0,2.75,4,5,-0.738840420142394,0.78675900851617,1.52974803377415,24,2,4,1
83,6,37,5,NA,2.75,4,5,-0.738840420142394,0.78675900851617,1.52974803377415,24,2,4,1
83,7,38,0,0,2.75,4,5,-0.738840420142394,0.78675900851617,1.52974803377415,24,2,4,1
83,7,39,1,NA,2.75,4,5,-0.738840420142394,0.78675900851617,1.52974803377415,24,2,4,1
83,7,40,2,NA,2.75,4,5,-0.738840420142394,0.78675900851617,1.52974803377415,24,2,4,1
83,7,41,3,NA,2.75,4,5,-0.738840420142394,0.78675900851617,1.52974803377415,24,2,4,1
83,7,42,4,0,2.75,4,5,-0.738840420142394,0.78675900851617,1.52974803377415,24,2,4,1
83,7,43,5,1,2.75,4,5,-0.738840420142394,0.78675900851617,1.52974803377415,24,2,4,1
86,1,1,0,NA,2.5,2.5,4.5,-1.0212669154735,-0.834431677189985,0.923555429153455,24,1,5,1
86,1,2,1,0,2.5,2.5,4.5,-1.0212669154735,-0.834431677189985,0.923555429153455,24,1,5,1
86,1,3,2,NA,2.5,2.5,4.5,-1.0212669154735,-0.834431677189985,0.923555429153455,24,1,5,1
86,1,4,3,0,2.5,2.5,4.5,-1.0212669154735,-0.834431677189985,0.923555429153455,24,1,5,1
86,1,5,4,NA,2.5,2.5,4.5,-1.0212669154735,-0.834431677189985,0.923555429153455,24,1,5,1
86,1,6,5,0,2.5,2.5,4.5,-1.0212669154735,-0.834431677189985,0.923555429153455,24,1,5,1
86,2,7,0,NA,2.5,2.5,4.5,-1.0212669154735,-0.834431677189985,0.923555429153455,24,1,5,1
86,2,8,1,1,2.5,2.5,4.5,-1.0212669154735,-0.834431677189985,0.923555429153455,24,1,5,1
86,2,9,2,NA,2.5,2.5,4.5,-1.0212669154735,-0.834431677189985,0.923555429153455,24,1,5,1
86,2,10,3,NA,2.5,2.5,4.5,-1.0212669154735,-0.834431677189985,0.923555429153455,24,1,5,1
86,2,11,4,NA,2.5,2.5,4.5,-1.0212669154735,-0.834431677189985,0.923555429153455,24,1,5,1
86,2,12,5,NA,2.5,2.5,4.5,-1.0212669154735,-0.834431677189985,0.923555429153455,24,1,5,1
86,3,13,0,NA,2.5,2.5,4.5,-1.0212669154735,-0.834431677189985,0.923555429153455,24,1,5,1
86,3,14,1,NA,2.5,2.5,4.5,-1.0212669154735,-0.834431677189985,0.923555429153455,24,1,5,1
86,3,15,2,0,2.5,2.5,4.5,-1.0212669154735,-0.834431677189985,0.923555429153455,24,1,5,1
86,3,16,3,0,2.5,2.5,4.5,-1.0212669154735,-0.834431677189985,0.923555429153455,24,1,5,1
86,3,17,4,NA,2.5,2.5,4.5,-1.0212669154735,-0.834431677189985,0.923555429153455,24,1,5,1
86,3,18,5,NA,2.5,2.5,4.5,-1.0212669154735,-0.834431677189985,0.923555429153455,24,1,5,1
86,4,19,0,0,2.5,2.5,4.5,-1.0212669154735,-0.834431677189985,0.923555429153455,24,1,5,1
86,4,20,1,NA,2.5,2.5,4.5,-1.0212669154735,-0.834431677189985,0.923555429153455,24,1,5,1
86,4,21,2,NA,2.5,2.5,4.5,-1.0212669154735,-0.834431677189985,0.923555429153455,24,1,5,1
86,4,22,3,NA,2.5,2.5,4.5,-1.0212669154735,-0.834431677189985,0.923555429153455,24,1,5,1
86,4,23,4,1,2.5,2.5,4.5,-1.0212669154735,-0.834431677189985,0.923555429153455,24,1,5,1
86,4,24,5,NA,2.5,2.5,4.5,-1.0212669154735,-0.834431677189985,0.923555429153455,24,1,5,1
86,5,25,0,NA,2.5,2.5,4.5,-1.0212669154735,-0.834431677189985,0.923555429153455,24,1,5,1
86,5,26,1,1,2.5,2.5,4.5,-1.0212669154735,-0.834431677189985,0.923555429153455,24,1,5,1
86,5,27,2,1,2.5,2.5,4.5,-1.0212669154735,-0.834431677189985,0.923555429153455,24,1,5,1
86,5,28,3,NA,2.5,2.5,4.5,-1.0212669154735,-0.834431677189985,0.923555429153455,24,1,5,1
86,5,29,4,NA,2.5,2.5,4.5,-1.0212669154735,-0.834431677189985,0.923555429153455,24,1,5,1
86,5,30,5,NA,2.5,2.5,4.5,-1.0212669154735,-0.834431677189985,0.923555429153455,24,1,5,1
86,6,31,0,1,2.5,2.5,4.5,-1.0212669154735,-0.834431677189985,0.923555429153455,24,1,5,1
86,6,32,1,NA,2.5,2.5,4.5,-1.0212669154735,-0.834431677189985,0.923555429153455,24,1,5,1
86,6,33,2,NA,2.5,2.5,4.5,-1.0212669154735,-0.834431677189985,0.923555429153455,24,1,5,1
86,6,34,3,NA,2.5,2.5,4.5,-1.0212669154735,-0.834431677189985,0.923555429153455,24,1,5,1
86,6,35,4,NA,2.5,2.5,4.5,-1.0212669154735,-0.834431677189985,0.923555429153455,24,1,5,1
86,6,36,5,NA,2.5,2.5,4.5,-1.0212669154735,-0.834431677189985,0.923555429153455,24,1,5,1
86,7,37,0,NA,2.5,2.5,4.5,-1.0212669154735,-0.834431677189985,0.923555429153455,24,1,5,1
86,7,38,1,NA,2.5,2.5,4.5,-1.0212669154735,-0.834431677189985,0.923555429153455,24,1,5,1
86,7,39,2,NA,2.5,2.5,4.5,-1.0212669154735,-0.834431677189985,0.923555429153455,24,1,5,1
86,7,40,3,NA,2.5,2.5,4.5,-1.0212669154735,-0.834431677189985,0.923555429153455,24,1,5,1
86,7,41,4,1,2.5,2.5,4.5,-1.0212669154735,-0.834431677189985,0.923555429153455,24,1,5,1
86,7,42,5,NA,2.5,2.5,4.5,-1.0212669154735,-0.834431677189985,0.923555429153455,24,1,5,1
96,1,1,0,1,4.75,4.75,2,1.52057154250648,1.59735435136925,-2.10740759395,18,1,4,4
96,1,2,1,0,4.75,4.75,2,1.52057154250648,1.59735435136925,-2.10740759395,18,1,4,4
96,1,3,2,1,4.75,4.75,2,1.52057154250648,1.59735435136925,-2.10740759395,18,1,4,4
96,1,4,3,1,4.75,4.75,2,1.52057154250648,1.59735435136925,-2.10740759395,18,1,4,4
96,1,5,4,0,4.75,4.75,2,1.52057154250648,1.59735435136925,-2.10740759395,18,1,4,4
96,1,6,5,1,4.75,4.75,2,1.52057154250648,1.59735435136925,-2.10740759395,18,1,4,4
96,2,7,0,1,4.75,4.75,2,1.52057154250648,1.59735435136925,-2.10740759395,18,1,4,4
96,2,8,1,1,4.75,4.75,2,1.52057154250648,1.59735435136925,-2.10740759395,18,1,4,4
96,2,9,2,1,4.75,4.75,2,1.52057154250648,1.59735435136925,-2.10740759395,18,1,4,4
96,2,10,3,0,4.75,4.75,2,1.52057154250648,1.59735435136925,-2.10740759395,18,1,4,4
96,2,11,4,0,4.75,4.75,2,1.52057154250648,1.59735435136925,-2.10740759395,18,1,4,4
96,2,12,5,0,4.75,4.75,2,1.52057154250648,1.59735435136925,-2.10740759395,18,1,4,4
96,3,13,0,1,4.75,4.75,2,1.52057154250648,1.59735435136925,-2.10740759395,18,1,4,4
96,3,14,1,0,4.75,4.75,2,1.52057154250648,1.59735435136925,-2.10740759395,18,1,4,4
96,3,15,2,0,4.75,4.75,2,1.52057154250648,1.59735435136925,-2.10740759395,18,1,4,4
96,3,16,3,0,4.75,4.75,2,1.52057154250648,1.59735435136925,-2.10740759395,18,1,4,4
96,3,17,4,1,4.75,4.75,2,1.52057154250648,1.59735435136925,-2.10740759395,18,1,4,4
96,3,18,5,0,4.75,4.75,2,1.52057154250648,1.59735435136925,-2.10740759395,18,1,4,4
96,4,19,0,0,4.75,4.75,2,1.52057154250648,1.59735435136925,-2.10740759395,18,1,4,4
96,4,20,1,NA,4.75,4.75,2,1.52057154250648,1.59735435136925,-2.10740759395,18,1,4,4
96,4,21,2,0,4.75,4.75,2,1.52057154250648,1.59735435136925,-2.10740759395,18,1,4,4
96,4,22,3,1,4.75,4.75,2,1.52057154250648,1.59735435136925,-2.10740759395,18,1,4,4
96,4,23,4,1,4.75,4.75,2,1.52057154250648,1.59735435136925,-2.10740759395,18,1,4,4
96,4,24,5,1,4.75,4.75,2,1.52057154250648,1.59735435136925,-2.10740759395,18,1,4,4
96,5,25,0,1,4.75,4.75,2,1.52057154250648,1.59735435136925,-2.10740759395,18,1,4,4
96,5,26,1,0,4.75,4.75,2,1.52057154250648,1.59735435136925,-2.10740759395,18,1,4,4
96,5,27,2,0,4.75,4.75,2,1.52057154250648,1.59735435136925,-2.10740759395,18,1,4,4
96,5,28,3,1,4.75,4.75,2,1.52057154250648,1.59735435136925,-2.10740759395,18,1,4,4
96,5,29,4,0,4.75,4.75,2,1.52057154250648,1.59735435136925,-2.10740759395,18,1,4,4
96,5,30,5,0,4.75,4.75,2,1.52057154250648,1.59735435136925,-2.10740759395,18,1,4,4
96,6,31,0,1,4.75,4.75,2,1.52057154250648,1.59735435136925,-2.10740759395,18,1,4,4
96,6,32,1,0,4.75,4.75,2,1.52057154250648,1.59735435136925,-2.10740759395,18,1,4,4
96,6,33,2,1,4.75,4.75,2,1.52057154250648,1.59735435136925,-2.10740759395,18,1,4,4
96,6,34,3,0,4.75,4.75,2,1.52057154250648,1.59735435136925,-2.10740759395,18,1,4,4
96,6,35,4,1,4.75,4.75,2,1.52057154250648,1.59735435136925,-2.10740759395,18,1,4,4
96,6,36,5,1,4.75,4.75,2,1.52057154250648,1.59735435136925,-2.10740759395,18,1,4,4
96,7,37,0,1,4.75,4.75,2,1.52057154250648,1.59735435136925,-2.10740759395,18,1,4,4
96,7,38,1,NA,4.75,4.75,2,1.52057154250648,1.59735435136925,-2.10740759395,18,1,4,4
96,7,39,2,NA,4.75,4.75,2,1.52057154250648,1.59735435136925,-2.10740759395,18,1,4,4
96,7,40,3,0,4.75,4.75,2,1.52057154250648,1.59735435136925,-2.10740759395,18,1,4,4
96,7,41,4,1,4.75,4.75,2,1.52057154250648,1.59735435136925,-2.10740759395,18,1,4,4
96,7,42,5,NA,4.75,4.75,2,1.52057154250648,1.59735435136925,-2.10740759395,18,1,4,4
97,1,1,0,0,3,3,4,-0.456413924811284,-0.2940347819546,0.317362824532764,31,2,6,3
97,1,2,1,0,3,3,4,-0.456413924811284,-0.2940347819546,0.317362824532764,31,2,6,3
97,1,3,2,1,3,3,4,-0.456413924811284,-0.2940347819546,0.317362824532764,31,2,6,3
97,1,4,3,0,3,3,4,-0.456413924811284,-0.2940347819546,0.317362824532764,31,2,6,3
97,1,5,4,0,3,3,4,-0.456413924811284,-0.2940347819546,0.317362824532764,31,2,6,3
97,1,6,5,0,3,3,4,-0.456413924811284,-0.2940347819546,0.317362824532764,31,2,6,3
97,2,7,0,1,3,3,4,-0.456413924811284,-0.2940347819546,0.317362824532764,31,2,6,3
97,2,8,1,0,3,3,4,-0.456413924811284,-0.2940347819546,0.317362824532764,31,2,6,3
97,2,9,2,0,3,3,4,-0.456413924811284,-0.2940347819546,0.317362824532764,31,2,6,3
97,2,10,3,0,3,3,4,-0.456413924811284,-0.2940347819546,0.317362824532764,31,2,6,3
97,2,11,4,0,3,3,4,-0.456413924811284,-0.2940347819546,0.317362824532764,31,2,6,3
97,2,12,5,0,3,3,4,-0.456413924811284,-0.2940347819546,0.317362824532764,31,2,6,3
97,3,13,0,0,3,3,4,-0.456413924811284,-0.2940347819546,0.317362824532764,31,2,6,3
97,3,14,1,0,3,3,4,-0.456413924811284,-0.2940347819546,0.317362824532764,31,2,6,3
97,3,15,2,NA,3,3,4,-0.456413924811284,-0.2940347819546,0.317362824532764,31,2,6,3
97,3,16,3,0,3,3,4,-0.456413924811284,-0.2940347819546,0.317362824532764,31,2,6,3
97,3,17,4,0,3,3,4,-0.456413924811284,-0.2940347819546,0.317362824532764,31,2,6,3
97,3,18,5,0,3,3,4,-0.456413924811284,-0.2940347819546,0.317362824532764,31,2,6,3
97,4,19,0,1,3,3,4,-0.456413924811284,-0.2940347819546,0.317362824532764,31,2,6,3
97,4,20,1,0,3,3,4,-0.456413924811284,-0.2940347819546,0.317362824532764,31,2,6,3
97,4,21,2,0,3,3,4,-0.456413924811284,-0.2940347819546,0.317362824532764,31,2,6,3
97,4,22,3,0,3,3,4,-0.456413924811284,-0.2940347819546,0.317362824532764,31,2,6,3
97,4,23,4,0,3,3,4,-0.456413924811284,-0.2940347819546,0.317362824532764,31,2,6,3
97,4,24,5,0,3,3,4,-0.456413924811284,-0.2940347819546,0.317362824532764,31,2,6,3
97,5,25,0,1,3,3,4,-0.456413924811284,-0.2940347819546,0.317362824532764,31,2,6,3
97,5,26,1,0,3,3,4,-0.456413924811284,-0.2940347819546,0.317362824532764,31,2,6,3
97,5,27,2,0,3,3,4,-0.456413924811284,-0.2940347819546,0.317362824532764,31,2,6,3
97,5,28,3,0,3,3,4,-0.456413924811284,-0.2940347819546,0.317362824532764,31,2,6,3
97,5,30,4,0,3,3,4,-0.456413924811284,-0.2940347819546,0.317362824532764,31,2,6,3
97,6,31,0,0,3,3,4,-0.456413924811284,-0.2940347819546,0.317362824532764,31,2,6,3
97,6,32,1,0,3,3,4,-0.456413924811284,-0.2940347819546,0.317362824532764,31,2,6,3
97,6,33,2,0,3,3,4,-0.456413924811284,-0.2940347819546,0.317362824532764,31,2,6,3
97,6,34,3,0,3,3,4,-0.456413924811284,-0.2940347819546,0.317362824532764,31,2,6,3
97,6,35,4,0,3,3,4,-0.456413924811284,-0.2940347819546,0.317362824532764,31,2,6,3
97,6,36,5,1,3,3,4,-0.456413924811284,-0.2940347819546,0.317362824532764,31,2,6,3
97,7,37,0,1,3,3,4,-0.456413924811284,-0.2940347819546,0.317362824532764,31,2,6,3
97,7,38,1,0,3,3,4,-0.456413924811284,-0.2940347819546,0.317362824532764,31,2,6,3
97,7,39,2,0,3,3,4,-0.456413924811284,-0.2940347819546,0.317362824532764,31,2,6,3
97,7,40,3,0,3,3,4,-0.456413924811284,-0.2940347819546,0.317362824532764,31,2,6,3
97,7,41,4,0,3,3,4,-0.456413924811284,-0.2940347819546,0.317362824532764,31,2,6,3
97,7,42,5,0,3,3,4,-0.456413924811284,-0.2940347819546,0.317362824532764,31,2,6,3
98,1,1,0,1,5,2,2,1.80299803783759,-1.37482857242537,-2.10740759395,23,1,4,1
98,1,2,1,0,5,2,2,1.80299803783759,-1.37482857242537,-2.10740759395,23,1,4,1
98,1,3,2,NA,5,2,2,1.80299803783759,-1.37482857242537,-2.10740759395,23,1,4,1
98,1,4,3,0,5,2,2,1.80299803783759,-1.37482857242537,-2.10740759395,23,1,4,1
98,1,5,4,NA,5,2,2,1.80299803783759,-1.37482857242537,-2.10740759395,23,1,4,1
98,1,6,5,0,5,2,2,1.80299803783759,-1.37482857242537,-2.10740759395,23,1,4,1
98,2,7,0,1,5,2,2,1.80299803783759,-1.37482857242537,-2.10740759395,23,1,4,1
98,2,8,1,0,5,2,2,1.80299803783759,-1.37482857242537,-2.10740759395,23,1,4,1
98,2,9,2,0,5,2,2,1.80299803783759,-1.37482857242537,-2.10740759395,23,1,4,1
98,2,10,3,0,5,2,2,1.80299803783759,-1.37482857242537,-2.10740759395,23,1,4,1
98,2,11,4,1,5,2,2,1.80299803783759,-1.37482857242537,-2.10740759395,23,1,4,1
98,2,12,5,0,5,2,2,1.80299803783759,-1.37482857242537,-2.10740759395,23,1,4,1
98,3,13,0,0,5,2,2,1.80299803783759,-1.37482857242537,-2.10740759395,23,1,4,1
98,3,14,1,0,5,2,2,1.80299803783759,-1.37482857242537,-2.10740759395,23,1,4,1
98,3,15,2,0,5,2,2,1.80299803783759,-1.37482857242537,-2.10740759395,23,1,4,1
98,3,16,3,NA,5,2,2,1.80299803783759,-1.37482857242537,-2.10740759395,23,1,4,1
98,3,17,4,0,5,2,2,1.80299803783759,-1.37482857242537,-2.10740759395,23,1,4,1
98,3,18,5,1,5,2,2,1.80299803783759,-1.37482857242537,-2.10740759395,23,1,4,1
98,4,19,0,NA,5,2,2,1.80299803783759,-1.37482857242537,-2.10740759395,23,1,4,1
98,4,20,1,0,5,2,2,1.80299803783759,-1.37482857242537,-2.10740759395,23,1,4,1
98,4,21,2,0,5,2,2,1.80299803783759,-1.37482857242537,-2.10740759395,23,1,4,1
98,4,22,3,0,5,2,2,1.80299803783759,-1.37482857242537,-2.10740759395,23,1,4,1
98,4,23,4,NA,5,2,2,1.80299803783759,-1.37482857242537,-2.10740759395,23,1,4,1
98,4,24,5,NA,5,2,2,1.80299803783759,-1.37482857242537,-2.10740759395,23,1,4,1
98,5,25,0,NA,5,2,2,1.80299803783759,-1.37482857242537,-2.10740759395,23,1,4,1
98,5,26,1,NA,5,2,2,1.80299803783759,-1.37482857242537,-2.10740759395,23,1,4,1
98,5,27,2,NA,5,2,2,1.80299803783759,-1.37482857242537,-2.10740759395,23,1,4,1
98,5,28,3,NA,5,2,2,1.80299803783759,-1.37482857242537,-2.10740759395,23,1,4,1
98,5,29,4,NA,5,2,2,1.80299803783759,-1.37482857242537,-2.10740759395,23,1,4,1
98,5,30,5,NA,5,2,2,1.80299803783759,-1.37482857242537,-2.10740759395,23,1,4,1
98,6,31,0,0,5,2,2,1.80299803783759,-1.37482857242537,-2.10740759395,23,1,4,1
98,6,32,1,0,5,2,2,1.80299803783759,-1.37482857242537,-2.10740759395,23,1,4,1
98,6,33,2,0,5,2,2,1.80299803783759,-1.37482857242537,-2.10740759395,23,1,4,1
98,6,34,3,0,5,2,2,1.80299803783759,-1.37482857242537,-2.10740759395,23,1,4,1
98,6,35,4,0,5,2,2,1.80299803783759,-1.37482857242537,-2.10740759395,23,1,4,1
98,6,36,5,0,5,2,2,1.80299803783759,-1.37482857242537,-2.10740759395,23,1,4,1
98,7,37,0,0,5,2,2,1.80299803783759,-1.37482857242537,-2.10740759395,23,1,4,1
98,7,38,1,0,5,2,2,1.80299803783759,-1.37482857242537,-2.10740759395,23,1,4,1
98,7,39,2,NA,5,2,2,1.80299803783759,-1.37482857242537,-2.10740759395,23,1,4,1
98,7,40,3,NA,5,2,2,1.80299803783759,-1.37482857242537,-2.10740759395,23,1,4,1
98,7,41,4,NA,5,2,2,1.80299803783759,-1.37482857242537,-2.10740759395,23,1,4,1
98,7,42,5,NA,5,2,2,1.80299803783759,-1.37482857242537,-2.10740759395,23,1,4,1
98,8,43,0,0,5,2,2,1.80299803783759,-1.37482857242537,-2.10740759395,23,1,4,1
99,1,1,0,NA,2.75,4.25,5,-0.738840420142394,1.05695745613386,1.52974803377415,20,1,4,1
99,1,2,1,1,2.75,4.25,5,-0.738840420142394,1.05695745613386,1.52974803377415,20,1,4,1
99,1,3,2,NA,2.75,4.25,5,-0.738840420142394,1.05695745613386,1.52974803377415,20,1,4,1
99,1,4,3,0,2.75,4.25,5,-0.738840420142394,1.05695745613386,1.52974803377415,20,1,4,1
99,1,5,4,0,2.75,4.25,5,-0.738840420142394,1.05695745613386,1.52974803377415,20,1,4,1
99,1,6,5,NA,2.75,4.25,5,-0.738840420142394,1.05695745613386,1.52974803377415,20,1,4,1
99,2,7,0,0,2.75,4.25,5,-0.738840420142394,1.05695745613386,1.52974803377415,20,1,4,1
99,2,8,1,1,2.75,4.25,5,-0.738840420142394,1.05695745613386,1.52974803377415,20,1,4,1
99,2,9,2,0,2.75,4.25,5,-0.738840420142394,1.05695745613386,1.52974803377415,20,1,4,1
99,2,10,3,NA,2.75,4.25,5,-0.738840420142394,1.05695745613386,1.52974803377415,20,1,4,1
99,2,11,4,NA,2.75,4.25,5,-0.738840420142394,1.05695745613386,1.52974803377415,20,1,4,1
99,2,12,5,0,2.75,4.25,5,-0.738840420142394,1.05695745613386,1.52974803377415,20,1,4,1
99,3,13,0,0,2.75,4.25,5,-0.738840420142394,1.05695745613386,1.52974803377415,20,1,4,1
99,3,14,1,0,2.75,4.25,5,-0.738840420142394,1.05695745613386,1.52974803377415,20,1,4,1
99,3,15,2,1,2.75,4.25,5,-0.738840420142394,1.05695745613386,1.52974803377415,20,1,4,1
99,3,16,3,0,2.75,4.25,5,-0.738840420142394,1.05695745613386,1.52974803377415,20,1,4,1
99,3,17,4,0,2.75,4.25,5,-0.738840420142394,1.05695745613386,1.52974803377415,20,1,4,1
99,3,18,5,0,2.75,4.25,5,-0.738840420142394,1.05695745613386,1.52974803377415,20,1,4,1
99,4,19,0,0,2.75,4.25,5,-0.738840420142394,1.05695745613386,1.52974803377415,20,1,4,1
99,4,20,1,0,2.75,4.25,5,-0.738840420142394,1.05695745613386,1.52974803377415,20,1,4,1
99,4,21,2,NA,2.75,4.25,5,-0.738840420142394,1.05695745613386,1.52974803377415,20,1,4,1
99,4,22,3,0,2.75,4.25,5,-0.738840420142394,1.05695745613386,1.52974803377415,20,1,4,1
99,4,23,4,0,2.75,4.25,5,-0.738840420142394,1.05695745613386,1.52974803377415,20,1,4,1
99,4,24,5,1,2.75,4.25,5,-0.738840420142394,1.05695745613386,1.52974803377415,20,1,4,1
99,5,25,0,0,2.75,4.25,5,-0.738840420142394,1.05695745613386,1.52974803377415,20,1,4,1
99,5,26,1,0,2.75,4.25,5,-0.738840420142394,1.05695745613386,1.52974803377415,20,1,4,1
99,5,27,2,1,2.75,4.25,5,-0.738840420142394,1.05695745613386,1.52974803377415,20,1,4,1
99,5,28,3,0,2.75,4.25,5,-0.738840420142394,1.05695745613386,1.52974803377415,20,1,4,1
99,5,29,4,0,2.75,4.25,5,-0.738840420142394,1.05695745613386,1.52974803377415,20,1,4,1
99,5,30,5,0,2.75,4.25,5,-0.738840420142394,1.05695745613386,1.52974803377415,20,1,4,1
99,6,31,0,0,2.75,4.25,5,-0.738840420142394,1.05695745613386,1.52974803377415,20,1,4,1
99,6,32,1,NA,2.75,4.25,5,-0.738840420142394,1.05695745613386,1.52974803377415,20,1,4,1
99,6,33,2,0,2.75,4.25,5,-0.738840420142394,1.05695745613386,1.52974803377415,20,1,4,1
99,6,34,3,1,2.75,4.25,5,-0.738840420142394,1.05695745613386,1.52974803377415,20,1,4,1
99,6,35,4,0,2.75,4.25,5,-0.738840420142394,1.05695745613386,1.52974803377415,20,1,4,1
99,6,36,5,NA,2.75,4.25,5,-0.738840420142394,1.05695745613386,1.52974803377415,20,1,4,1
99,7,37,0,0,2.75,4.25,5,-0.738840420142394,1.05695745613386,1.52974803377415,20,1,4,1
99,7,38,1,1,2.75,4.25,5,-0.738840420142394,1.05695745613386,1.52974803377415,20,1,4,1
99,7,39,2,0,2.75,4.25,5,-0.738840420142394,1.05695745613386,1.52974803377415,20,1,4,1
99,7,40,3,0,2.75,4.25,5,-0.738840420142394,1.05695745613386,1.52974803377415,20,1,4,1
99,7,41,4,0,2.75,4.25,5,-0.738840420142394,1.05695745613386,1.52974803377415,20,1,4,1
99,7,42,5,NA,2.75,4.25,5,-0.738840420142394,1.05695745613386,1.52974803377415,20,1,4,1
103,1,1,0,0,3.5,2.75,4,0.108439065850935,-0.564233229572292,0.317362824532764,22,1,4,1
103,1,2,1,0,3.5,2.75,4,0.108439065850935,-0.564233229572292,0.317362824532764,22,1,4,1
103,1,3,2,NA,3.5,2.75,4,0.108439065850935,-0.564233229572292,0.317362824532764,22,1,4,1
103,1,4,3,NA,3.5,2.75,4,0.108439065850935,-0.564233229572292,0.317362824532764,22,1,4,1
103,1,5,4,NA,3.5,2.75,4,0.108439065850935,-0.564233229572292,0.317362824532764,22,1,4,1
103,1,6,5,NA,3.5,2.75,4,0.108439065850935,-0.564233229572292,0.317362824532764,22,1,4,1
103,2,7,0,0,3.5,2.75,4,0.108439065850935,-0.564233229572292,0.317362824532764,22,1,4,1
103,2,8,1,1,3.5,2.75,4,0.108439065850935,-0.564233229572292,0.317362824532764,22,1,4,1
103,2,9,2,1,3.5,2.75,4,0.108439065850935,-0.564233229572292,0.317362824532764,22,1,4,1
103,2,10,3,0,3.5,2.75,4,0.108439065850935,-0.564233229572292,0.317362824532764,22,1,4,1
103,2,11,4,0,3.5,2.75,4,0.108439065850935,-0.564233229572292,0.317362824532764,22,1,4,1
103,2,12,5,0,3.5,2.75,4,0.108439065850935,-0.564233229572292,0.317362824532764,22,1,4,1
109,1,1,0,0,2.75,4.75,4.25,-0.738840420142394,1.59735435136925,0.620459126843109,28,1,8,1
109,1,2,1,1,2.75,4.75,4.25,-0.738840420142394,1.59735435136925,0.620459126843109,28,1,8,1
109,1,3,2,0,2.75,4.75,4.25,-0.738840420142394,1.59735435136925,0.620459126843109,28,1,8,1
109,1,4,3,0,2.75,4.75,4.25,-0.738840420142394,1.59735435136925,0.620459126843109,28,1,8,1
109,1,5,4,0,2.75,4.75,4.25,-0.738840420142394,1.59735435136925,0.620459126843109,28,1,8,1
109,1,6,5,0,2.75,4.75,4.25,-0.738840420142394,1.59735435136925,0.620459126843109,28,1,8,1
109,2,7,0,1,2.75,4.75,4.25,-0.738840420142394,1.59735435136925,0.620459126843109,28,1,8,1
109,2,8,1,0,2.75,4.75,4.25,-0.738840420142394,1.59735435136925,0.620459126843109,28,1,8,1
109,2,9,2,0,2.75,4.75,4.25,-0.738840420142394,1.59735435136925,0.620459126843109,28,1,8,1
109,2,10,3,NA,2.75,4.75,4.25,-0.738840420142394,1.59735435136925,0.620459126843109,28,1,8,1
109,2,11,4,0,2.75,4.75,4.25,-0.738840420142394,1.59735435136925,0.620459126843109,28,1,8,1
109,2,12,5,NA,2.75,4.75,4.25,-0.738840420142394,1.59735435136925,0.620459126843109,28,1,8,1
109,3,13,0,1,2.75,4.75,4.25,-0.738840420142394,1.59735435136925,0.620459126843109,28,1,8,1
109,3,14,1,0,2.75,4.75,4.25,-0.738840420142394,1.59735435136925,0.620459126843109,28,1,8,1
109,3,15,2,NA,2.75,4.75,4.25,-0.738840420142394,1.59735435136925,0.620459126843109,28,1,8,1
109,3,16,3,NA,2.75,4.75,4.25,-0.738840420142394,1.59735435136925,0.620459126843109,28,1,8,1
109,3,17,4,0,2.75,4.75,4.25,-0.738840420142394,1.59735435136925,0.620459126843109,28,1,8,1
109,3,18,5,NA,2.75,4.75,4.25,-0.738840420142394,1.59735435136925,0.620459126843109,28,1,8,1
109,4,19,0,NA,2.75,4.75,4.25,-0.738840420142394,1.59735435136925,0.620459126843109,28,1,8,1
109,4,20,1,NA,2.75,4.75,4.25,-0.738840420142394,1.59735435136925,0.620459126843109,28,1,8,1
109,4,21,2,NA,2.75,4.75,4.25,-0.738840420142394,1.59735435136925,0.620459126843109,28,1,8,1
109,4,22,3,0,2.75,4.75,4.25,-0.738840420142394,1.59735435136925,0.620459126843109,28,1,8,1
109,5,23,0,NA,2.75,4.75,4.25,-0.738840420142394,1.59735435136925,0.620459126843109,28,1,8,1
109,5,24,1,NA,2.75,4.75,4.25,-0.738840420142394,1.59735435136925,0.620459126843109,28,1,8,1
109,5,25,2,0,2.75,4.75,4.25,-0.738840420142394,1.59735435136925,0.620459126843109,28,1,8,1
109,5,26,3,0,2.75,4.75,4.25,-0.738840420142394,1.59735435136925,0.620459126843109,28,1,8,1
109,5,27,4,0,2.75,4.75,4.25,-0.738840420142394,1.59735435136925,0.620459126843109,28,1,8,1
109,5,28,5,0,2.75,4.75,4.25,-0.738840420142394,1.59735435136925,0.620459126843109,28,1,8,1
109,6,29,0,0,2.75,4.75,4.25,-0.738840420142394,1.59735435136925,0.620459126843109,28,1,8,1
109,6,30,1,0,2.75,4.75,4.25,-0.738840420142394,1.59735435136925,0.620459126843109,28,1,8,1
109,6,31,2,1,2.75,4.75,4.25,-0.738840420142394,1.59735435136925,0.620459126843109,28,1,8,1
109,6,32,3,1,2.75,4.75,4.25,-0.738840420142394,1.59735435136925,0.620459126843109,28,1,8,1
109,6,33,4,0,2.75,4.75,4.25,-0.738840420142394,1.59735435136925,0.620459126843109,28,1,8,1
109,6,34,5,NA,2.75,4.75,4.25,-0.738840420142394,1.59735435136925,0.620459126843109,28,1,8,1
109,7,35,0,0,2.75,4.75,4.25,-0.738840420142394,1.59735435136925,0.620459126843109,28,1,8,1
109,7,36,1,NA,2.75,4.75,4.25,-0.738840420142394,1.59735435136925,0.620459126843109,28,1,8,1
109,7,37,2,1,2.75,4.75,4.25,-0.738840420142394,1.59735435136925,0.620459126843109,28,1,8,1
109,7,38,3,0,2.75,4.75,4.25,-0.738840420142394,1.59735435136925,0.620459126843109,28,1,8,1
109,7,39,4,NA,2.75,4.75,4.25,-0.738840420142394,1.59735435136925,0.620459126843109,28,1,8,1
109,7,40,5,0,2.75,4.75,4.25,-0.738840420142394,1.59735435136925,0.620459126843109,28,1,8,1
111,1,1,0,NA,3.25,2.5,3.25,-0.173987429480175,-0.834431677189985,-0.591926082398273,27,1,5,1
111,1,2,1,NA,3.25,2.5,3.25,-0.173987429480175,-0.834431677189985,-0.591926082398273,27,1,5,1
111,1,3,2,NA,3.25,2.5,3.25,-0.173987429480175,-0.834431677189985,-0.591926082398273,27,1,5,1
111,1,4,3,NA,3.25,2.5,3.25,-0.173987429480175,-0.834431677189985,-0.591926082398273,27,1,5,1
111,1,5,4,NA,3.25,2.5,3.25,-0.173987429480175,-0.834431677189985,-0.591926082398273,27,1,5,1
111,1,6,5,NA,3.25,2.5,3.25,-0.173987429480175,-0.834431677189985,-0.591926082398273,27,1,5,1
111,2,7,0,NA,3.25,2.5,3.25,-0.173987429480175,-0.834431677189985,-0.591926082398273,27,1,5,1
111,2,8,1,0,3.25,2.5,3.25,-0.173987429480175,-0.834431677189985,-0.591926082398273,27,1,5,1
111,2,9,2,0,3.25,2.5,3.25,-0.173987429480175,-0.834431677189985,-0.591926082398273,27,1,5,1
111,2,10,3,0,3.25,2.5,3.25,-0.173987429480175,-0.834431677189985,-0.591926082398273,27,1,5,1
111,2,11,4,0,3.25,2.5,3.25,-0.173987429480175,-0.834431677189985,-0.591926082398273,27,1,5,1
111,2,12,5,0,3.25,2.5,3.25,-0.173987429480175,-0.834431677189985,-0.591926082398273,27,1,5,1
111,3,13,0,NA,3.25,2.5,3.25,-0.173987429480175,-0.834431677189985,-0.591926082398273,27,1,5,1
111,3,14,1,NA,3.25,2.5,3.25,-0.173987429480175,-0.834431677189985,-0.591926082398273,27,1,5,1
111,3,15,2,1,3.25,2.5,3.25,-0.173987429480175,-0.834431677189985,-0.591926082398273,27,1,5,1
111,3,16,3,NA,3.25,2.5,3.25,-0.173987429480175,-0.834431677189985,-0.591926082398273,27,1,5,1
111,3,17,4,NA,3.25,2.5,3.25,-0.173987429480175,-0.834431677189985,-0.591926082398273,27,1,5,1
111,3,18,5,1,3.25,2.5,3.25,-0.173987429480175,-0.834431677189985,-0.591926082398273,27,1,5,1
111,4,19,0,0,3.25,2.5,3.25,-0.173987429480175,-0.834431677189985,-0.591926082398273,27,1,5,1
111,4,20,1,NA,3.25,2.5,3.25,-0.173987429480175,-0.834431677189985,-0.591926082398273,27,1,5,1
111,4,21,2,0,3.25,2.5,3.25,-0.173987429480175,-0.834431677189985,-0.591926082398273,27,1,5,1
111,4,22,3,0,3.25,2.5,3.25,-0.173987429480175,-0.834431677189985,-0.591926082398273,27,1,5,1
111,4,23,4,0,3.25,2.5,3.25,-0.173987429480175,-0.834431677189985,-0.591926082398273,27,1,5,1
111,4,24,5,0,3.25,2.5,3.25,-0.173987429480175,-0.834431677189985,-0.591926082398273,27,1,5,1
111,5,25,0,0,3.25,2.5,3.25,-0.173987429480175,-0.834431677189985,-0.591926082398273,27,1,5,1
111,5,26,1,0,3.25,2.5,3.25,-0.173987429480175,-0.834431677189985,-0.591926082398273,27,1,5,1
111,5,27,2,1,3.25,2.5,3.25,-0.173987429480175,-0.834431677189985,-0.591926082398273,27,1,5,1
111,5,28,3,0,3.25,2.5,3.25,-0.173987429480175,-0.834431677189985,-0.591926082398273,27,1,5,1
111,5,29,4,0,3.25,2.5,3.25,-0.173987429480175,-0.834431677189985,-0.591926082398273,27,1,5,1
111,5,30,5,1,3.25,2.5,3.25,-0.173987429480175,-0.834431677189985,-0.591926082398273,27,1,5,1
111,6,31,0,0,3.25,2.5,3.25,-0.173987429480175,-0.834431677189985,-0.591926082398273,27,1,5,1
111,6,32,1,0,3.25,2.5,3.25,-0.173987429480175,-0.834431677189985,-0.591926082398273,27,1,5,1
111,6,33,2,0,3.25,2.5,3.25,-0.173987429480175,-0.834431677189985,-0.591926082398273,27,1,5,1
111,6,34,3,1,3.25,2.5,3.25,-0.173987429480175,-0.834431677189985,-0.591926082398273,27,1,5,1
111,6,35,4,0,3.25,2.5,3.25,-0.173987429480175,-0.834431677189985,-0.591926082398273,27,1,5,1
111,6,36,5,0,3.25,2.5,3.25,-0.173987429480175,-0.834431677189985,-0.591926082398273,27,1,5,1
111,7,37,0,0,3.25,2.5,3.25,-0.173987429480175,-0.834431677189985,-0.591926082398273,27,1,5,1
111,7,38,1,0,3.25,2.5,3.25,-0.173987429480175,-0.834431677189985,-0.591926082398273,27,1,5,1
111,7,39,2,0,3.25,2.5,3.25,-0.173987429480175,-0.834431677189985,-0.591926082398273,27,1,5,1
111,7,40,3,0,3.25,2.5,3.25,-0.173987429480175,-0.834431677189985,-0.591926082398273,27,1,5,1
111,7,41,4,0,3.25,2.5,3.25,-0.173987429480175,-0.834431677189985,-0.591926082398273,27,1,5,1
111,7,42,5,0,3.25,2.5,3.25,-0.173987429480175,-0.834431677189985,-0.591926082398273,27,1,5,1
112,1,1,0,NA,3.5,2.75,2.25,0.108439065850935,-0.564233229572292,-1.80431129163966,20,2,4,1
112,1,2,1,NA,3.5,2.75,2.25,0.108439065850935,-0.564233229572292,-1.80431129163966,20,2,4,1
112,1,3,2,0,3.5,2.75,2.25,0.108439065850935,-0.564233229572292,-1.80431129163966,20,2,4,1
112,1,4,3,0,3.5,2.75,2.25,0.108439065850935,-0.564233229572292,-1.80431129163966,20,2,4,1
112,1,5,4,1,3.5,2.75,2.25,0.108439065850935,-0.564233229572292,-1.80431129163966,20,2,4,1
112,1,6,5,1,3.5,2.75,2.25,0.108439065850935,-0.564233229572292,-1.80431129163966,20,2,4,1
112,2,7,0,1,3.5,2.75,2.25,0.108439065850935,-0.564233229572292,-1.80431129163966,20,2,4,1
112,2,8,1,0,3.5,2.75,2.25,0.108439065850935,-0.564233229572292,-1.80431129163966,20,2,4,1
112,2,9,2,1,3.5,2.75,2.25,0.108439065850935,-0.564233229572292,-1.80431129163966,20,2,4,1
112,2,10,3,0,3.5,2.75,2.25,0.108439065850935,-0.564233229572292,-1.80431129163966,20,2,4,1
112,2,11,4,0,3.5,2.75,2.25,0.108439065850935,-0.564233229572292,-1.80431129163966,20,2,4,1
112,2,12,5,1,3.5,2.75,2.25,0.108439065850935,-0.564233229572292,-1.80431129163966,20,2,4,1
112,3,13,0,0,3.5,2.75,2.25,0.108439065850935,-0.564233229572292,-1.80431129163966,20,2,4,1
112,3,14,1,0,3.5,2.75,2.25,0.108439065850935,-0.564233229572292,-1.80431129163966,20,2,4,1
112,3,15,2,0,3.5,2.75,2.25,0.108439065850935,-0.564233229572292,-1.80431129163966,20,2,4,1
112,3,16,3,0,3.5,2.75,2.25,0.108439065850935,-0.564233229572292,-1.80431129163966,20,2,4,1
112,3,17,4,0,3.5,2.75,2.25,0.108439065850935,-0.564233229572292,-1.80431129163966,20,2,4,1
112,3,18,5,0,3.5,2.75,2.25,0.108439065850935,-0.564233229572292,-1.80431129163966,20,2,4,1
112,4,19,0,0,3.5,2.75,2.25,0.108439065850935,-0.564233229572292,-1.80431129163966,20,2,4,1
112,4,20,1,0,3.5,2.75,2.25,0.108439065850935,-0.564233229572292,-1.80431129163966,20,2,4,1
112,4,21,2,1,3.5,2.75,2.25,0.108439065850935,-0.564233229572292,-1.80431129163966,20,2,4,1
112,4,22,3,0,3.5,2.75,2.25,0.108439065850935,-0.564233229572292,-1.80431129163966,20,2,4,1
112,4,23,4,NA,3.5,2.75,2.25,0.108439065850935,-0.564233229572292,-1.80431129163966,20,2,4,1
112,5,24,0,1,3.5,2.75,2.25,0.108439065850935,-0.564233229572292,-1.80431129163966,20,2,4,1
112,5,25,1,0,3.5,2.75,2.25,0.108439065850935,-0.564233229572292,-1.80431129163966,20,2,4,1
112,5,26,2,0,3.5,2.75,2.25,0.108439065850935,-0.564233229572292,-1.80431129163966,20,2,4,1
112,5,27,3,0,3.5,2.75,2.25,0.108439065850935,-0.564233229572292,-1.80431129163966,20,2,4,1
112,5,28,4,1,3.5,2.75,2.25,0.108439065850935,-0.564233229572292,-1.80431129163966,20,2,4,1
112,5,29,5,0,3.5,2.75,2.25,0.108439065850935,-0.564233229572292,-1.80431129163966,20,2,4,1
112,6,30,0,0,3.5,2.75,2.25,0.108439065850935,-0.564233229572292,-1.80431129163966,20,2,4,1
112,6,31,1,0,3.5,2.75,2.25,0.108439065850935,-0.564233229572292,-1.80431129163966,20,2,4,1
112,6,32,2,0,3.5,2.75,2.25,0.108439065850935,-0.564233229572292,-1.80431129163966,20,2,4,1
112,6,33,3,0,3.5,2.75,2.25,0.108439065850935,-0.564233229572292,-1.80431129163966,20,2,4,1
112,6,34,4,0,3.5,2.75,2.25,0.108439065850935,-0.564233229572292,-1.80431129163966,20,2,4,1
112,6,35,5,0,3.5,2.75,2.25,0.108439065850935,-0.564233229572292,-1.80431129163966,20,2,4,1
112,7,36,0,0,3.5,2.75,2.25,0.108439065850935,-0.564233229572292,-1.80431129163966,20,2,4,1
112,7,37,1,0,3.5,2.75,2.25,0.108439065850935,-0.564233229572292,-1.80431129163966,20,2,4,1
112,7,38,2,0,3.5,2.75,2.25,0.108439065850935,-0.564233229572292,-1.80431129163966,20,2,4,1
112,7,39,3,1,3.5,2.75,2.25,0.108439065850935,-0.564233229572292,-1.80431129163966,20,2,4,1
112,7,40,4,1,3.5,2.75,2.25,0.108439065850935,-0.564233229572292,-1.80431129163966,20,2,4,1
112,7,41,5,0,3.5,2.75,2.25,0.108439065850935,-0.564233229572292,-1.80431129163966,20,2,4,1
113,1,1,0,0,4.25,3,4.25,0.955718551844264,-0.2940347819546,0.620459126843109,23,1,4,1
113,1,2,1,1,4.25,3,4.25,0.955718551844264,-0.2940347819546,0.620459126843109,23,1,4,1
113,1,3,2,0,4.25,3,4.25,0.955718551844264,-0.2940347819546,0.620459126843109,23,1,4,1
113,1,4,3,0,4.25,3,4.25,0.955718551844264,-0.2940347819546,0.620459126843109,23,1,4,1
113,1,5,4,0,4.25,3,4.25,0.955718551844264,-0.2940347819546,0.620459126843109,23,1,4,1
113,1,6,5,NA,4.25,3,4.25,0.955718551844264,-0.2940347819546,0.620459126843109,23,1,4,1
113,2,7,0,0,4.25,3,4.25,0.955718551844264,-0.2940347819546,0.620459126843109,23,1,4,1
113,2,8,1,0,4.25,3,4.25,0.955718551844264,-0.2940347819546,0.620459126843109,23,1,4,1
113,2,9,2,1,4.25,3,4.25,0.955718551844264,-0.2940347819546,0.620459126843109,23,1,4,1
113,2,10,3,NA,4.25,3,4.25,0.955718551844264,-0.2940347819546,0.620459126843109,23,1,4,1
113,2,11,4,0,4.25,3,4.25,0.955718551844264,-0.2940347819546,0.620459126843109,23,1,4,1
113,2,12,5,0,4.25,3,4.25,0.955718551844264,-0.2940347819546,0.620459126843109,23,1,4,1
113,3,13,0,1,4.25,3,4.25,0.955718551844264,-0.2940347819546,0.620459126843109,23,1,4,1
113,3,14,1,0,4.25,3,4.25,0.955718551844264,-0.2940347819546,0.620459126843109,23,1,4,1
113,3,15,2,1,4.25,3,4.25,0.955718551844264,-0.2940347819546,0.620459126843109,23,1,4,1
113,3,16,3,0,4.25,3,4.25,0.955718551844264,-0.2940347819546,0.620459126843109,23,1,4,1
113,3,17,4,1,4.25,3,4.25,0.955718551844264,-0.2940347819546,0.620459126843109,23,1,4,1
113,3,18,5,0,4.25,3,4.25,0.955718551844264,-0.2940347819546,0.620459126843109,23,1,4,1
113,4,19,0,NA,4.25,3,4.25,0.955718551844264,-0.2940347819546,0.620459126843109,23,1,4,1
113,4,20,1,NA,4.25,3,4.25,0.955718551844264,-0.2940347819546,0.620459126843109,23,1,4,1
113,4,21,2,1,4.25,3,4.25,0.955718551844264,-0.2940347819546,0.620459126843109,23,1,4,1
113,4,22,3,1,4.25,3,4.25,0.955718551844264,-0.2940347819546,0.620459126843109,23,1,4,1
113,5,23,0,0,4.25,3,4.25,0.955718551844264,-0.2940347819546,0.620459126843109,23,1,4,1
113,5,24,1,NA,4.25,3,4.25,0.955718551844264,-0.2940347819546,0.620459126843109,23,1,4,1
113,6,25,0,NA,4.25,3,4.25,0.955718551844264,-0.2940347819546,0.620459126843109,23,1,4,1
113,6,26,1,0,4.25,3,4.25,0.955718551844264,-0.2940347819546,0.620459126843109,23,1,4,1
114,1,1,0,0,3.75,3.5,4.5,0.390865561182045,0.246362113280785,0.923555429153455,26,1,5,1
114,1,2,1,0,3.75,3.5,4.5,0.390865561182045,0.246362113280785,0.923555429153455,26,1,5,1
114,1,3,2,0,3.75,3.5,4.5,0.390865561182045,0.246362113280785,0.923555429153455,26,1,5,1
114,1,4,3,0,3.75,3.5,4.5,0.390865561182045,0.246362113280785,0.923555429153455,26,1,5,1
114,1,5,4,0,3.75,3.5,4.5,0.390865561182045,0.246362113280785,0.923555429153455,26,1,5,1
114,1,6,5,0,3.75,3.5,4.5,0.390865561182045,0.246362113280785,0.923555429153455,26,1,5,1
114,2,7,0,0,3.75,3.5,4.5,0.390865561182045,0.246362113280785,0.923555429153455,26,1,5,1
114,2,8,1,NA,3.75,3.5,4.5,0.390865561182045,0.246362113280785,0.923555429153455,26,1,5,1
114,2,9,2,NA,3.75,3.5,4.5,0.390865561182045,0.246362113280785,0.923555429153455,26,1,5,1
114,2,10,3,0,3.75,3.5,4.5,0.390865561182045,0.246362113280785,0.923555429153455,26,1,5,1
114,2,11,4,0,3.75,3.5,4.5,0.390865561182045,0.246362113280785,0.923555429153455,26,1,5,1
114,2,12,5,NA,3.75,3.5,4.5,0.390865561182045,0.246362113280785,0.923555429153455,26,1,5,1
114,3,13,0,NA,3.75,3.5,4.5,0.390865561182045,0.246362113280785,0.923555429153455,26,1,5,1
114,3,14,1,0,3.75,3.5,4.5,0.390865561182045,0.246362113280785,0.923555429153455,26,1,5,1
114,3,15,2,0,3.75,3.5,4.5,0.390865561182045,0.246362113280785,0.923555429153455,26,1,5,1
114,3,16,3,0,3.75,3.5,4.5,0.390865561182045,0.246362113280785,0.923555429153455,26,1,5,1
114,3,17,4,0,3.75,3.5,4.5,0.390865561182045,0.246362113280785,0.923555429153455,26,1,5,1
114,3,18,5,0,3.75,3.5,4.5,0.390865561182045,0.246362113280785,0.923555429153455,26,1,5,1
114,4,19,0,0,3.75,3.5,4.5,0.390865561182045,0.246362113280785,0.923555429153455,26,1,5,1
114,4,20,1,0,3.75,3.5,4.5,0.390865561182045,0.246362113280785,0.923555429153455,26,1,5,1
114,4,21,2,0,3.75,3.5,4.5,0.390865561182045,0.246362113280785,0.923555429153455,26,1,5,1
114,4,22,3,0,3.75,3.5,4.5,0.390865561182045,0.246362113280785,0.923555429153455,26,1,5,1
114,4,23,4,0,3.75,3.5,4.5,0.390865561182045,0.246362113280785,0.923555429153455,26,1,5,1
114,4,24,5,0,3.75,3.5,4.5,0.390865561182045,0.246362113280785,0.923555429153455,26,1,5,1
114,5,25,0,0,3.75,3.5,4.5,0.390865561182045,0.246362113280785,0.923555429153455,26,1,5,1
114,5,26,1,0,3.75,3.5,4.5,0.390865561182045,0.246362113280785,0.923555429153455,26,1,5,1
114,5,27,2,0,3.75,3.5,4.5,0.390865561182045,0.246362113280785,0.923555429153455,26,1,5,1
114,5,28,3,0,3.75,3.5,4.5,0.390865561182045,0.246362113280785,0.923555429153455,26,1,5,1
114,5,29,4,1,3.75,3.5,4.5,0.390865561182045,0.246362113280785,0.923555429153455,26,1,5,1
114,5,30,5,0,3.75,3.5,4.5,0.390865561182045,0.246362113280785,0.923555429153455,26,1,5,1
114,6,31,0,0,3.75,3.5,4.5,0.390865561182045,0.246362113280785,0.923555429153455,26,1,5,1
114,6,32,1,0,3.75,3.5,4.5,0.390865561182045,0.246362113280785,0.923555429153455,26,1,5,1
114,6,33,2,1,3.75,3.5,4.5,0.390865561182045,0.246362113280785,0.923555429153455,26,1,5,1
114,6,34,3,0,3.75,3.5,4.5,0.390865561182045,0.246362113280785,0.923555429153455,26,1,5,1
114,6,35,4,1,3.75,3.5,4.5,0.390865561182045,0.246362113280785,0.923555429153455,26,1,5,1
114,6,36,5,0,3.75,3.5,4.5,0.390865561182045,0.246362113280785,0.923555429153455,26,1,5,1
114,7,37,0,1,3.75,3.5,4.5,0.390865561182045,0.246362113280785,0.923555429153455,26,1,5,1
114,7,38,1,1,3.75,3.5,4.5,0.390865561182045,0.246362113280785,0.923555429153455,26,1,5,1
114,7,39,2,0,3.75,3.5,4.5,0.390865561182045,0.246362113280785,0.923555429153455,26,1,5,1
114,7,40,3,0,3.75,3.5,4.5,0.390865561182045,0.246362113280785,0.923555429153455,26,1,5,1
114,7,41,4,0,3.75,3.5,4.5,0.390865561182045,0.246362113280785,0.923555429153455,26,1,5,1
114,7,42,5,0,3.75,3.5,4.5,0.390865561182045,0.246362113280785,0.923555429153455,26,1,5,1
116,1,1,0,0,4.5,2.75,2.75,1.23814504717537,-0.564233229572292,-1.19811868701896,28,1,4,1
116,1,2,1,1,4.5,2.75,2.75,1.23814504717537,-0.564233229572292,-1.19811868701896,28,1,4,1
116,1,3,2,1,4.5,2.75,2.75,1.23814504717537,-0.564233229572292,-1.19811868701896,28,1,4,1
116,1,4,3,1,4.5,2.75,2.75,1.23814504717537,-0.564233229572292,-1.19811868701896,28,1,4,1
116,1,5,4,1,4.5,2.75,2.75,1.23814504717537,-0.564233229572292,-1.19811868701896,28,1,4,1
116,1,6,5,0,4.5,2.75,2.75,1.23814504717537,-0.564233229572292,-1.19811868701896,28,1,4,1
116,2,7,0,1,4.5,2.75,2.75,1.23814504717537,-0.564233229572292,-1.19811868701896,28,1,4,1
116,2,8,1,NA,4.5,2.75,2.75,1.23814504717537,-0.564233229572292,-1.19811868701896,28,1,4,1
116,2,9,2,1,4.5,2.75,2.75,1.23814504717537,-0.564233229572292,-1.19811868701896,28,1,4,1
116,2,10,3,1,4.5,2.75,2.75,1.23814504717537,-0.564233229572292,-1.19811868701896,28,1,4,1
116,2,11,4,1,4.5,2.75,2.75,1.23814504717537,-0.564233229572292,-1.19811868701896,28,1,4,1
116,2,12,5,0,4.5,2.75,2.75,1.23814504717537,-0.564233229572292,-1.19811868701896,28,1,4,1
116,3,13,0,0,4.5,2.75,2.75,1.23814504717537,-0.564233229572292,-1.19811868701896,28,1,4,1
116,3,14,1,1,4.5,2.75,2.75,1.23814504717537,-0.564233229572292,-1.19811868701896,28,1,4,1
116,3,15,2,1,4.5,2.75,2.75,1.23814504717537,-0.564233229572292,-1.19811868701896,28,1,4,1
116,3,16,3,0,4.5,2.75,2.75,1.23814504717537,-0.564233229572292,-1.19811868701896,28,1,4,1
116,3,17,4,1,4.5,2.75,2.75,1.23814504717537,-0.564233229572292,-1.19811868701896,28,1,4,1
116,3,18,5,0,4.5,2.75,2.75,1.23814504717537,-0.564233229572292,-1.19811868701896,28,1,4,1
116,4,19,0,1,4.5,2.75,2.75,1.23814504717537,-0.564233229572292,-1.19811868701896,28,1,4,1
116,4,20,1,1,4.5,2.75,2.75,1.23814504717537,-0.564233229572292,-1.19811868701896,28,1,4,1
116,4,21,2,0,4.5,2.75,2.75,1.23814504717537,-0.564233229572292,-1.19811868701896,28,1,4,1
116,4,22,3,0,4.5,2.75,2.75,1.23814504717537,-0.564233229572292,-1.19811868701896,28,1,4,1
116,4,23,4,0,4.5,2.75,2.75,1.23814504717537,-0.564233229572292,-1.19811868701896,28,1,4,1
116,4,24,5,1,4.5,2.75,2.75,1.23814504717537,-0.564233229572292,-1.19811868701896,28,1,4,1
116,5,25,0,NA,4.5,2.75,2.75,1.23814504717537,-0.564233229572292,-1.19811868701896,28,1,4,1
116,5,26,1,0,4.5,2.75,2.75,1.23814504717537,-0.564233229572292,-1.19811868701896,28,1,4,1
116,5,27,2,0,4.5,2.75,2.75,1.23814504717537,-0.564233229572292,-1.19811868701896,28,1,4,1
116,5,28,3,0,4.5,2.75,2.75,1.23814504717537,-0.564233229572292,-1.19811868701896,28,1,4,1
116,5,29,4,0,4.5,2.75,2.75,1.23814504717537,-0.564233229572292,-1.19811868701896,28,1,4,1
116,5,30,5,NA,4.5,2.75,2.75,1.23814504717537,-0.564233229572292,-1.19811868701896,28,1,4,1
116,6,31,0,NA,4.5,2.75,2.75,1.23814504717537,-0.564233229572292,-1.19811868701896,28,1,4,1
116,6,32,1,0,4.5,2.75,2.75,1.23814504717537,-0.564233229572292,-1.19811868701896,28,1,4,1
116,6,33,2,1,4.5,2.75,2.75,1.23814504717537,-0.564233229572292,-1.19811868701896,28,1,4,1
116,6,34,3,1,4.5,2.75,2.75,1.23814504717537,-0.564233229572292,-1.19811868701896,28,1,4,1
116,6,35,4,1,4.5,2.75,2.75,1.23814504717537,-0.564233229572292,-1.19811868701896,28,1,4,1
116,6,36,5,0,4.5,2.75,2.75,1.23814504717537,-0.564233229572292,-1.19811868701896,28,1,4,1
116,7,37,0,1,4.5,2.75,2.75,1.23814504717537,-0.564233229572292,-1.19811868701896,28,1,4,1
116,7,38,1,0,4.5,2.75,2.75,1.23814504717537,-0.564233229572292,-1.19811868701896,28,1,4,1
116,7,39,2,0,4.5,2.75,2.75,1.23814504717537,-0.564233229572292,-1.19811868701896,28,1,4,1
116,7,40,3,1,4.5,2.75,2.75,1.23814504717537,-0.564233229572292,-1.19811868701896,28,1,4,1
116,7,41,4,0,4.5,2.75,2.75,1.23814504717537,-0.564233229572292,-1.19811868701896,28,1,4,1
116,7,42,5,0,4.5,2.75,2.75,1.23814504717537,-0.564233229572292,-1.19811868701896,28,1,4,1
117,1,1,0,0,3.5,4,4,0.108439065850935,0.78675900851617,0.317362824532764,24,1,5,1
117,1,2,1,1,3.5,4,4,0.108439065850935,0.78675900851617,0.317362824532764,24,1,5,1
117,1,3,2,0,3.5,4,4,0.108439065850935,0.78675900851617,0.317362824532764,24,1,5,1
117,2,4,0,0,3.5,4,4,0.108439065850935,0.78675900851617,0.317362824532764,24,1,5,1
117,2,5,1,0,3.5,4,4,0.108439065850935,0.78675900851617,0.317362824532764,24,1,5,1
117,2,6,2,1,3.5,4,4,0.108439065850935,0.78675900851617,0.317362824532764,24,1,5,1
117,2,7,3,1,3.5,4,4,0.108439065850935,0.78675900851617,0.317362824532764,24,1,5,1
117,2,8,4,NA,3.5,4,4,0.108439065850935,0.78675900851617,0.317362824532764,24,1,5,1
117,2,9,5,0,3.5,4,4,0.108439065850935,0.78675900851617,0.317362824532764,24,1,5,1
117,3,10,0,1,3.5,4,4,0.108439065850935,0.78675900851617,0.317362824532764,24,1,5,1
117,3,11,1,0,3.5,4,4,0.108439065850935,0.78675900851617,0.317362824532764,24,1,5,1
117,4,12,0,0,3.5,4,4,0.108439065850935,0.78675900851617,0.317362824532764,24,1,5,1
117,5,13,0,0,3.5,4,4,0.108439065850935,0.78675900851617,0.317362824532764,24,1,5,1
117,5,14,1,NA,3.5,4,4,0.108439065850935,0.78675900851617,0.317362824532764,24,1,5,1
117,5,15,2,0,3.5,4,4,0.108439065850935,0.78675900851617,0.317362824532764,24,1,5,1
117,5,16,3,0,3.5,4,4,0.108439065850935,0.78675900851617,0.317362824532764,24,1,5,1
117,5,17,4,0,3.5,4,4,0.108439065850935,0.78675900851617,0.317362824532764,24,1,5,1
117,5,18,5,0,3.5,4,4,0.108439065850935,0.78675900851617,0.317362824532764,24,1,5,1
117,6,19,0,1,3.5,4,4,0.108439065850935,0.78675900851617,0.317362824532764,24,1,5,1
117,6,20,1,1,3.5,4,4,0.108439065850935,0.78675900851617,0.317362824532764,24,1,5,1
117,6,21,2,0,3.5,4,4,0.108439065850935,0.78675900851617,0.317362824532764,24,1,5,1
117,6,22,3,0,3.5,4,4,0.108439065850935,0.78675900851617,0.317362824532764,24,1,5,1
117,6,23,4,0,3.5,4,4,0.108439065850935,0.78675900851617,0.317362824532764,24,1,5,1
117,6,24,5,1,3.5,4,4,0.108439065850935,0.78675900851617,0.317362824532764,24,1,5,1
117,7,25,0,0,3.5,4,4,0.108439065850935,0.78675900851617,0.317362824532764,24,1,5,1
117,7,26,1,0,3.5,4,4,0.108439065850935,0.78675900851617,0.317362824532764,24,1,5,1
117,7,27,2,1,3.5,4,4,0.108439065850935,0.78675900851617,0.317362824532764,24,1,5,1
117,7,28,3,0,3.5,4,4,0.108439065850935,0.78675900851617,0.317362824532764,24,1,5,1
117,7,29,4,1,3.5,4,4,0.108439065850935,0.78675900851617,0.317362824532764,24,1,5,1
117,7,30,5,0,3.5,4,4,0.108439065850935,0.78675900851617,0.317362824532764,24,1,5,1
118,1,1,0,1,3.75,4.25,4,0.390865561182045,1.05695745613386,0.317362824532764,26,1,6,3
118,1,2,1,0,3.75,4.25,4,0.390865561182045,1.05695745613386,0.317362824532764,26,1,6,3
118,1,3,2,1,3.75,4.25,4,0.390865561182045,1.05695745613386,0.317362824532764,26,1,6,3
118,1,4,3,1,3.75,4.25,4,0.390865561182045,1.05695745613386,0.317362824532764,26,1,6,3
118,1,5,4,1,3.75,4.25,4,0.390865561182045,1.05695745613386,0.317362824532764,26,1,6,3
118,1,6,5,0,3.75,4.25,4,0.390865561182045,1.05695745613386,0.317362824532764,26,1,6,3
118,2,7,0,0,3.75,4.25,4,0.390865561182045,1.05695745613386,0.317362824532764,26,1,6,3
118,2,8,1,1,3.75,4.25,4,0.390865561182045,1.05695745613386,0.317362824532764,26,1,6,3
118,2,9,2,0,3.75,4.25,4,0.390865561182045,1.05695745613386,0.317362824532764,26,1,6,3
118,2,10,3,NA,3.75,4.25,4,0.390865561182045,1.05695745613386,0.317362824532764,26,1,6,3
118,2,11,4,0,3.75,4.25,4,0.390865561182045,1.05695745613386,0.317362824532764,26,1,6,3
118,2,12,5,1,3.75,4.25,4,0.390865561182045,1.05695745613386,0.317362824532764,26,1,6,3
118,3,13,0,1,3.75,4.25,4,0.390865561182045,1.05695745613386,0.317362824532764,26,1,6,3
118,3,14,1,1,3.75,4.25,4,0.390865561182045,1.05695745613386,0.317362824532764,26,1,6,3
118,3,15,2,0,3.75,4.25,4,0.390865561182045,1.05695745613386,0.317362824532764,26,1,6,3
118,3,16,3,0,3.75,4.25,4,0.390865561182045,1.05695745613386,0.317362824532764,26,1,6,3
118,3,17,4,1,3.75,4.25,4,0.390865561182045,1.05695745613386,0.317362824532764,26,1,6,3
118,4,18,0,1,3.75,4.25,4,0.390865561182045,1.05695745613386,0.317362824532764,26,1,6,3
118,4,19,1,1,3.75,4.25,4,0.390865561182045,1.05695745613386,0.317362824532764,26,1,6,3
118,4,20,2,0,3.75,4.25,4,0.390865561182045,1.05695745613386,0.317362824532764,26,1,6,3
118,4,21,3,1,3.75,4.25,4,0.390865561182045,1.05695745613386,0.317362824532764,26,1,6,3
118,4,22,4,1,3.75,4.25,4,0.390865561182045,1.05695745613386,0.317362824532764,26,1,6,3
118,4,23,5,1,3.75,4.25,4,0.390865561182045,1.05695745613386,0.317362824532764,26,1,6,3
118,5,24,0,1,3.75,4.25,4,0.390865561182045,1.05695745613386,0.317362824532764,26,1,6,3
118,5,25,1,0,3.75,4.25,4,0.390865561182045,1.05695745613386,0.317362824532764,26,1,6,3
118,5,26,2,1,3.75,4.25,4,0.390865561182045,1.05695745613386,0.317362824532764,26,1,6,3
118,5,27,3,0,3.75,4.25,4,0.390865561182045,1.05695745613386,0.317362824532764,26,1,6,3
118,5,28,4,0,3.75,4.25,4,0.390865561182045,1.05695745613386,0.317362824532764,26,1,6,3
118,5,29,5,0,3.75,4.25,4,0.390865561182045,1.05695745613386,0.317362824532764,26,1,6,3
118,6,30,0,1,3.75,4.25,4,0.390865561182045,1.05695745613386,0.317362824532764,26,1,6,3
118,6,31,1,0,3.75,4.25,4,0.390865561182045,1.05695745613386,0.317362824532764,26,1,6,3
118,6,32,2,1,3.75,4.25,4,0.390865561182045,1.05695745613386,0.317362824532764,26,1,6,3
118,6,33,3,1,3.75,4.25,4,0.390865561182045,1.05695745613386,0.317362824532764,26,1,6,3
118,6,34,4,1,3.75,4.25,4,0.390865561182045,1.05695745613386,0.317362824532764,26,1,6,3
118,6,35,5,1,3.75,4.25,4,0.390865561182045,1.05695745613386,0.317362824532764,26,1,6,3
118,7,36,0,0,3.75,4.25,4,0.390865561182045,1.05695745613386,0.317362824532764,26,1,6,3
118,7,37,1,1,3.75,4.25,4,0.390865561182045,1.05695745613386,0.317362824532764,26,1,6,3
118,7,38,2,0,3.75,4.25,4,0.390865561182045,1.05695745613386,0.317362824532764,26,1,6,3
118,7,39,3,1,3.75,4.25,4,0.390865561182045,1.05695745613386,0.317362824532764,26,1,6,3
118,7,40,4,0,3.75,4.25,4,0.390865561182045,1.05695745613386,0.317362824532764,26,1,6,3
118,7,41,5,0,3.75,4.25,4,0.390865561182045,1.05695745613386,0.317362824532764,26,1,6,3
127,1,1,0,0,4,3.75,3.75,0.673292056513154,0.516560560898478,0.0142665222224181,20,1,4,1
127,1,2,1,0,4,3.75,3.75,0.673292056513154,0.516560560898478,0.0142665222224181,20,1,4,1
127,1,3,2,0,4,3.75,3.75,0.673292056513154,0.516560560898478,0.0142665222224181,20,1,4,1
127,1,4,3,0,4,3.75,3.75,0.673292056513154,0.516560560898478,0.0142665222224181,20,1,4,1
127,1,5,4,1,4,3.75,3.75,0.673292056513154,0.516560560898478,0.0142665222224181,20,1,4,1
127,1,6,5,1,4,3.75,3.75,0.673292056513154,0.516560560898478,0.0142665222224181,20,1,4,1
127,2,7,0,1,4,3.75,3.75,0.673292056513154,0.516560560898478,0.0142665222224181,20,1,4,1
127,2,8,1,0,4,3.75,3.75,0.673292056513154,0.516560560898478,0.0142665222224181,20,1,4,1
127,2,9,2,0,4,3.75,3.75,0.673292056513154,0.516560560898478,0.0142665222224181,20,1,4,1
127,2,10,3,1,4,3.75,3.75,0.673292056513154,0.516560560898478,0.0142665222224181,20,1,4,1
127,2,11,4,0,4,3.75,3.75,0.673292056513154,0.516560560898478,0.0142665222224181,20,1,4,1
127,2,12,5,1,4,3.75,3.75,0.673292056513154,0.516560560898478,0.0142665222224181,20,1,4,1
127,3,13,0,1,4,3.75,3.75,0.673292056513154,0.516560560898478,0.0142665222224181,20,1,4,1
127,3,14,1,0,4,3.75,3.75,0.673292056513154,0.516560560898478,0.0142665222224181,20,1,4,1
127,3,15,2,1,4,3.75,3.75,0.673292056513154,0.516560560898478,0.0142665222224181,20,1,4,1
127,3,16,3,1,4,3.75,3.75,0.673292056513154,0.516560560898478,0.0142665222224181,20,1,4,1
127,3,17,4,0,4,3.75,3.75,0.673292056513154,0.516560560898478,0.0142665222224181,20,1,4,1
127,3,18,5,1,4,3.75,3.75,0.673292056513154,0.516560560898478,0.0142665222224181,20,1,4,1
127,4,19,0,1,4,3.75,3.75,0.673292056513154,0.516560560898478,0.0142665222224181,20,1,4,1
127,4,20,1,NA,4,3.75,3.75,0.673292056513154,0.516560560898478,0.0142665222224181,20,1,4,1
127,4,21,2,1,4,3.75,3.75,0.673292056513154,0.516560560898478,0.0142665222224181,20,1,4,1
127,4,22,3,0,4,3.75,3.75,0.673292056513154,0.516560560898478,0.0142665222224181,20,1,4,1
127,4,23,4,0,4,3.75,3.75,0.673292056513154,0.516560560898478,0.0142665222224181,20,1,4,1
127,4,24,5,0,4,3.75,3.75,0.673292056513154,0.516560560898478,0.0142665222224181,20,1,4,1
127,5,25,0,0,4,3.75,3.75,0.673292056513154,0.516560560898478,0.0142665222224181,20,1,4,1
127,5,26,1,NA,4,3.75,3.75,0.673292056513154,0.516560560898478,0.0142665222224181,20,1,4,1
127,5,27,2,1,4,3.75,3.75,0.673292056513154,0.516560560898478,0.0142665222224181,20,1,4,1
127,5,28,3,NA,4,3.75,3.75,0.673292056513154,0.516560560898478,0.0142665222224181,20,1,4,1
127,5,29,4,0,4,3.75,3.75,0.673292056513154,0.516560560898478,0.0142665222224181,20,1,4,1
127,5,30,5,0,4,3.75,3.75,0.673292056513154,0.516560560898478,0.0142665222224181,20,1,4,1
127,6,31,0,1,4,3.75,3.75,0.673292056513154,0.516560560898478,0.0142665222224181,20,1,4,1
127,6,32,1,NA,4,3.75,3.75,0.673292056513154,0.516560560898478,0.0142665222224181,20,1,4,1
127,6,33,2,0,4,3.75,3.75,0.673292056513154,0.516560560898478,0.0142665222224181,20,1,4,1
127,6,34,3,1,4,3.75,3.75,0.673292056513154,0.516560560898478,0.0142665222224181,20,1,4,1
127,6,35,4,0,4,3.75,3.75,0.673292056513154,0.516560560898478,0.0142665222224181,20,1,4,1
127,6,36,5,1,4,3.75,3.75,0.673292056513154,0.516560560898478,0.0142665222224181,20,1,4,1
127,7,37,0,0,4,3.75,3.75,0.673292056513154,0.516560560898478,0.0142665222224181,20,1,4,1
127,7,38,1,NA,4,3.75,3.75,0.673292056513154,0.516560560898478,0.0142665222224181,20,1,4,1
127,7,39,2,0,4,3.75,3.75,0.673292056513154,0.516560560898478,0.0142665222224181,20,1,4,1
127,7,40,3,1,4,3.75,3.75,0.673292056513154,0.516560560898478,0.0142665222224181,20,1,4,1
127,7,41,4,1,4,3.75,3.75,0.673292056513154,0.516560560898478,0.0142665222224181,20,1,4,1
127,7,42,5,0,4,3.75,3.75,0.673292056513154,0.516560560898478,0.0142665222224181,20,1,4,1
129,1,1,0,0,4.75,3.25,2.75,1.52057154250648,-0.0238363343369074,-1.19811868701896,21,1,4,1
129,1,2,1,0,4.75,3.25,2.75,1.52057154250648,-0.0238363343369074,-1.19811868701896,21,1,4,1
129,1,3,2,1,4.75,3.25,2.75,1.52057154250648,-0.0238363343369074,-1.19811868701896,21,1,4,1
129,1,4,3,0,4.75,3.25,2.75,1.52057154250648,-0.0238363343369074,-1.19811868701896,21,1,4,1
129,1,5,4,0,4.75,3.25,2.75,1.52057154250648,-0.0238363343369074,-1.19811868701896,21,1,4,1
129,1,6,5,1,4.75,3.25,2.75,1.52057154250648,-0.0238363343369074,-1.19811868701896,21,1,4,1
129,2,7,0,0,4.75,3.25,2.75,1.52057154250648,-0.0238363343369074,-1.19811868701896,21,1,4,1
129,2,8,1,0,4.75,3.25,2.75,1.52057154250648,-0.0238363343369074,-1.19811868701896,21,1,4,1
129,2,9,2,0,4.75,3.25,2.75,1.52057154250648,-0.0238363343369074,-1.19811868701896,21,1,4,1
129,2,10,3,0,4.75,3.25,2.75,1.52057154250648,-0.0238363343369074,-1.19811868701896,21,1,4,1
129,2,11,4,1,4.75,3.25,2.75,1.52057154250648,-0.0238363343369074,-1.19811868701896,21,1,4,1
129,3,12,0,1,4.75,3.25,2.75,1.52057154250648,-0.0238363343369074,-1.19811868701896,21,1,4,1
129,3,13,1,0,4.75,3.25,2.75,1.52057154250648,-0.0238363343369074,-1.19811868701896,21,1,4,1
129,3,14,2,0,4.75,3.25,2.75,1.52057154250648,-0.0238363343369074,-1.19811868701896,21,1,4,1
129,3,15,3,0,4.75,3.25,2.75,1.52057154250648,-0.0238363343369074,-1.19811868701896,21,1,4,1
129,3,16,4,0,4.75,3.25,2.75,1.52057154250648,-0.0238363343369074,-1.19811868701896,21,1,4,1
129,3,17,5,0,4.75,3.25,2.75,1.52057154250648,-0.0238363343369074,-1.19811868701896,21,1,4,1
129,4,18,0,0,4.75,3.25,2.75,1.52057154250648,-0.0238363343369074,-1.19811868701896,21,1,4,1
129,4,19,1,0,4.75,3.25,2.75,1.52057154250648,-0.0238363343369074,-1.19811868701896,21,1,4,1
129,4,20,2,0,4.75,3.25,2.75,1.52057154250648,-0.0238363343369074,-1.19811868701896,21,1,4,1
129,4,21,3,0,4.75,3.25,2.75,1.52057154250648,-0.0238363343369074,-1.19811868701896,21,1,4,1
129,4,22,4,0,4.75,3.25,2.75,1.52057154250648,-0.0238363343369074,-1.19811868701896,21,1,4,1
129,4,23,5,1,4.75,3.25,2.75,1.52057154250648,-0.0238363343369074,-1.19811868701896,21,1,4,1
129,5,24,0,0,4.75,3.25,2.75,1.52057154250648,-0.0238363343369074,-1.19811868701896,21,1,4,1
129,5,25,1,0,4.75,3.25,2.75,1.52057154250648,-0.0238363343369074,-1.19811868701896,21,1,4,1
129,5,26,2,0,4.75,3.25,2.75,1.52057154250648,-0.0238363343369074,-1.19811868701896,21,1,4,1
129,5,27,3,0,4.75,3.25,2.75,1.52057154250648,-0.0238363343369074,-1.19811868701896,21,1,4,1
129,5,28,4,0,4.75,3.25,2.75,1.52057154250648,-0.0238363343369074,-1.19811868701896,21,1,4,1
129,6,29,0,1,4.75,3.25,2.75,1.52057154250648,-0.0238363343369074,-1.19811868701896,21,1,4,1
129,6,30,1,1,4.75,3.25,2.75,1.52057154250648,-0.0238363343369074,-1.19811868701896,21,1,4,1
129,6,31,2,0,4.75,3.25,2.75,1.52057154250648,-0.0238363343369074,-1.19811868701896,21,1,4,1
129,6,32,3,1,4.75,3.25,2.75,1.52057154250648,-0.0238363343369074,-1.19811868701896,21,1,4,1
129,6,33,4,0,4.75,3.25,2.75,1.52057154250648,-0.0238363343369074,-1.19811868701896,21,1,4,1
129,7,34,0,0,4.75,3.25,2.75,1.52057154250648,-0.0238363343369074,-1.19811868701896,21,1,4,1
129,7,35,1,0,4.75,3.25,2.75,1.52057154250648,-0.0238363343369074,-1.19811868701896,21,1,4,1
130,1,1,0,0,3,2.75,3.5,-0.456413924811284,-0.564233229572292,-0.288829780087927,24,1,5,1
130,1,2,1,0,3,2.75,3.5,-0.456413924811284,-0.564233229572292,-0.288829780087927,24,1,5,1
130,1,3,2,0,3,2.75,3.5,-0.456413924811284,-0.564233229572292,-0.288829780087927,24,1,5,1
130,1,4,3,0,3,2.75,3.5,-0.456413924811284,-0.564233229572292,-0.288829780087927,24,1,5,1
130,1,5,4,1,3,2.75,3.5,-0.456413924811284,-0.564233229572292,-0.288829780087927,24,1,5,1
130,1,6,5,0,3,2.75,3.5,-0.456413924811284,-0.564233229572292,-0.288829780087927,24,1,5,1
130,2,7,0,0,3,2.75,3.5,-0.456413924811284,-0.564233229572292,-0.288829780087927,24,1,5,1
130,2,8,1,0,3,2.75,3.5,-0.456413924811284,-0.564233229572292,-0.288829780087927,24,1,5,1
130,2,9,2,1,3,2.75,3.5,-0.456413924811284,-0.564233229572292,-0.288829780087927,24,1,5,1
130,2,10,3,1,3,2.75,3.5,-0.456413924811284,-0.564233229572292,-0.288829780087927,24,1,5,1
130,2,11,4,NA,3,2.75,3.5,-0.456413924811284,-0.564233229572292,-0.288829780087927,24,1,5,1
130,2,12,5,1,3,2.75,3.5,-0.456413924811284,-0.564233229572292,-0.288829780087927,24,1,5,1
130,3,13,0,0,3,2.75,3.5,-0.456413924811284,-0.564233229572292,-0.288829780087927,24,1,5,1
130,3,14,1,0,3,2.75,3.5,-0.456413924811284,-0.564233229572292,-0.288829780087927,24,1,5,1
130,3,15,2,1,3,2.75,3.5,-0.456413924811284,-0.564233229572292,-0.288829780087927,24,1,5,1
130,3,16,3,NA,3,2.75,3.5,-0.456413924811284,-0.564233229572292,-0.288829780087927,24,1,5,1
130,3,17,4,NA,3,2.75,3.5,-0.456413924811284,-0.564233229572292,-0.288829780087927,24,1,5,1
130,3,18,5,0,3,2.75,3.5,-0.456413924811284,-0.564233229572292,-0.288829780087927,24,1,5,1
130,4,19,0,NA,3,2.75,3.5,-0.456413924811284,-0.564233229572292,-0.288829780087927,24,1,5,1
130,4,20,1,NA,3,2.75,3.5,-0.456413924811284,-0.564233229572292,-0.288829780087927,24,1,5,1
130,4,21,2,0,3,2.75,3.5,-0.456413924811284,-0.564233229572292,-0.288829780087927,24,1,5,1
130,4,22,3,0,3,2.75,3.5,-0.456413924811284,-0.564233229572292,-0.288829780087927,24,1,5,1
130,4,23,4,0,3,2.75,3.5,-0.456413924811284,-0.564233229572292,-0.288829780087927,24,1,5,1
130,5,24,0,NA,3,2.75,3.5,-0.456413924811284,-0.564233229572292,-0.288829780087927,24,1,5,1
130,5,25,1,0,3,2.75,3.5,-0.456413924811284,-0.564233229572292,-0.288829780087927,24,1,5,1
130,5,26,2,0,3,2.75,3.5,-0.456413924811284,-0.564233229572292,-0.288829780087927,24,1,5,1
130,5,27,3,NA,3,2.75,3.5,-0.456413924811284,-0.564233229572292,-0.288829780087927,24,1,5,1
130,5,28,4,0,3,2.75,3.5,-0.456413924811284,-0.564233229572292,-0.288829780087927,24,1,5,1
130,5,29,5,0,3,2.75,3.5,-0.456413924811284,-0.564233229572292,-0.288829780087927,24,1,5,1
130,6,30,0,NA,3,2.75,3.5,-0.456413924811284,-0.564233229572292,-0.288829780087927,24,1,5,1
130,6,31,1,1,3,2.75,3.5,-0.456413924811284,-0.564233229572292,-0.288829780087927,24,1,5,1
130,6,32,2,1,3,2.75,3.5,-0.456413924811284,-0.564233229572292,-0.288829780087927,24,1,5,1
130,6,33,3,0,3,2.75,3.5,-0.456413924811284,-0.564233229572292,-0.288829780087927,24,1,5,1
130,6,34,4,1,3,2.75,3.5,-0.456413924811284,-0.564233229572292,-0.288829780087927,24,1,5,1
130,6,35,5,1,3,2.75,3.5,-0.456413924811284,-0.564233229572292,-0.288829780087927,24,1,5,1
130,7,36,0,NA,3,2.75,3.5,-0.456413924811284,-0.564233229572292,-0.288829780087927,24,1,5,1
130,7,37,1,1,3,2.75,3.5,-0.456413924811284,-0.564233229572292,-0.288829780087927,24,1,5,1
130,7,38,2,1,3,2.75,3.5,-0.456413924811284,-0.564233229572292,-0.288829780087927,24,1,5,1
130,7,39,3,0,3,2.75,3.5,-0.456413924811284,-0.564233229572292,-0.288829780087927,24,1,5,1
130,7,40,4,1,3,2.75,3.5,-0.456413924811284,-0.564233229572292,-0.288829780087927,24,1,5,1
130,7,41,5,1,3,2.75,3.5,-0.456413924811284,-0.564233229572292,-0.288829780087927,24,1,5,1
133,1,1,0,1,3,3.5,4,-0.456413924811284,0.246362113280785,0.317362824532764,30,1,10,1
133,1,2,1,0,3,3.5,4,-0.456413924811284,0.246362113280785,0.317362824532764,30,1,10,1
133,1,3,2,0,3,3.5,4,-0.456413924811284,0.246362113280785,0.317362824532764,30,1,10,1
133,1,4,3,1,3,3.5,4,-0.456413924811284,0.246362113280785,0.317362824532764,30,1,10,1
133,1,5,4,1,3,3.5,4,-0.456413924811284,0.246362113280785,0.317362824532764,30,1,10,1
133,1,6,5,1,3,3.5,4,-0.456413924811284,0.246362113280785,0.317362824532764,30,1,10,1
133,2,7,0,1,3,3.5,4,-0.456413924811284,0.246362113280785,0.317362824532764,30,1,10,1
133,2,8,1,0,3,3.5,4,-0.456413924811284,0.246362113280785,0.317362824532764,30,1,10,1
133,2,9,2,0,3,3.5,4,-0.456413924811284,0.246362113280785,0.317362824532764,30,1,10,1
133,2,10,3,NA,3,3.5,4,-0.456413924811284,0.246362113280785,0.317362824532764,30,1,10,1
133,2,11,4,1,3,3.5,4,-0.456413924811284,0.246362113280785,0.317362824532764,30,1,10,1
133,2,12,5,NA,3,3.5,4,-0.456413924811284,0.246362113280785,0.317362824532764,30,1,10,1
133,3,13,0,NA,3,3.5,4,-0.456413924811284,0.246362113280785,0.317362824532764,30,1,10,1
133,3,14,1,1,3,3.5,4,-0.456413924811284,0.246362113280785,0.317362824532764,30,1,10,1
133,3,15,2,0,3,3.5,4,-0.456413924811284,0.246362113280785,0.317362824532764,30,1,10,1
133,3,16,3,0,3,3.5,4,-0.456413924811284,0.246362113280785,0.317362824532764,30,1,10,1
133,3,17,4,1,3,3.5,4,-0.456413924811284,0.246362113280785,0.317362824532764,30,1,10,1
133,3,18,5,0,3,3.5,4,-0.456413924811284,0.246362113280785,0.317362824532764,30,1,10,1
133,4,19,0,1,3,3.5,4,-0.456413924811284,0.246362113280785,0.317362824532764,30,1,10,1
133,4,20,1,1,3,3.5,4,-0.456413924811284,0.246362113280785,0.317362824532764,30,1,10,1
133,4,21,2,0,3,3.5,4,-0.456413924811284,0.246362113280785,0.317362824532764,30,1,10,1
133,4,22,3,1,3,3.5,4,-0.456413924811284,0.246362113280785,0.317362824532764,30,1,10,1
133,4,23,4,0,3,3.5,4,-0.456413924811284,0.246362113280785,0.317362824532764,30,1,10,1
133,4,24,5,0,3,3.5,4,-0.456413924811284,0.246362113280785,0.317362824532764,30,1,10,1
133,5,25,0,1,3,3.5,4,-0.456413924811284,0.246362113280785,0.317362824532764,30,1,10,1
133,5,26,1,1,3,3.5,4,-0.456413924811284,0.246362113280785,0.317362824532764,30,1,10,1
133,5,27,2,0,3,3.5,4,-0.456413924811284,0.246362113280785,0.317362824532764,30,1,10,1
133,5,28,3,1,3,3.5,4,-0.456413924811284,0.246362113280785,0.317362824532764,30,1,10,1
133,5,29,4,NA,3,3.5,4,-0.456413924811284,0.246362113280785,0.317362824532764,30,1,10,1
133,5,30,5,0,3,3.5,4,-0.456413924811284,0.246362113280785,0.317362824532764,30,1,10,1
133,6,31,0,1,3,3.5,4,-0.456413924811284,0.246362113280785,0.317362824532764,30,1,10,1
133,6,32,1,NA,3,3.5,4,-0.456413924811284,0.246362113280785,0.317362824532764,30,1,10,1
133,6,33,2,1,3,3.5,4,-0.456413924811284,0.246362113280785,0.317362824532764,30,1,10,1
133,6,34,3,0,3,3.5,4,-0.456413924811284,0.246362113280785,0.317362824532764,30,1,10,1
133,6,35,4,NA,3,3.5,4,-0.456413924811284,0.246362113280785,0.317362824532764,30,1,10,1
133,6,36,5,0,3,3.5,4,-0.456413924811284,0.246362113280785,0.317362824532764,30,1,10,1
133,7,37,0,0,3,3.5,4,-0.456413924811284,0.246362113280785,0.317362824532764,30,1,10,1
133,7,38,1,1,3,3.5,4,-0.456413924811284,0.246362113280785,0.317362824532764,30,1,10,1
133,7,39,2,1,3,3.5,4,-0.456413924811284,0.246362113280785,0.317362824532764,30,1,10,1
133,7,40,3,0,3,3.5,4,-0.456413924811284,0.246362113280785,0.317362824532764,30,1,10,1
133,7,41,4,1,3,3.5,4,-0.456413924811284,0.246362113280785,0.317362824532764,30,1,10,1
133,7,42,5,0,3,3.5,4,-0.456413924811284,0.246362113280785,0.317362824532764,30,1,10,1
134,1,1,0,1,3.75,3.75,3,0.390865561182045,0.516560560898478,-0.895022384708619,65,2,1,1
134,1,2,1,1,3.75,3.75,3,0.390865561182045,0.516560560898478,-0.895022384708619,65,2,1,1
134,1,3,2,0,3.75,3.75,3,0.390865561182045,0.516560560898478,-0.895022384708619,65,2,1,1
134,1,4,3,0,3.75,3.75,3,0.390865561182045,0.516560560898478,-0.895022384708619,65,2,1,1
134,1,5,4,NA,3.75,3.75,3,0.390865561182045,0.516560560898478,-0.895022384708619,65,2,1,1
134,1,6,5,0,3.75,3.75,3,0.390865561182045,0.516560560898478,-0.895022384708619,65,2,1,1
134,2,7,0,0,3.75,3.75,3,0.390865561182045,0.516560560898478,-0.895022384708619,65,2,1,1
134,2,8,1,0,3.75,3.75,3,0.390865561182045,0.516560560898478,-0.895022384708619,65,2,1,1
134,2,9,2,0,3.75,3.75,3,0.390865561182045,0.516560560898478,-0.895022384708619,65,2,1,1
134,2,10,3,0,3.75,3.75,3,0.390865561182045,0.516560560898478,-0.895022384708619,65,2,1,1
134,2,11,4,0,3.75,3.75,3,0.390865561182045,0.516560560898478,-0.895022384708619,65,2,1,1
134,2,12,5,1,3.75,3.75,3,0.390865561182045,0.516560560898478,-0.895022384708619,65,2,1,1
134,3,13,0,0,3.75,3.75,3,0.390865561182045,0.516560560898478,-0.895022384708619,65,2,1,1
134,3,14,1,1,3.75,3.75,3,0.390865561182045,0.516560560898478,-0.895022384708619,65,2,1,1
134,3,15,2,0,3.75,3.75,3,0.390865561182045,0.516560560898478,-0.895022384708619,65,2,1,1
134,3,16,3,0,3.75,3.75,3,0.390865561182045,0.516560560898478,-0.895022384708619,65,2,1,1
134,3,17,4,0,3.75,3.75,3,0.390865561182045,0.516560560898478,-0.895022384708619,65,2,1,1
134,3,18,5,0,3.75,3.75,3,0.390865561182045,0.516560560898478,-0.895022384708619,65,2,1,1
134,4,19,0,0,3.75,3.75,3,0.390865561182045,0.516560560898478,-0.895022384708619,65,2,1,1
134,4,20,1,1,3.75,3.75,3,0.390865561182045,0.516560560898478,-0.895022384708619,65,2,1,1
134,4,21,2,0,3.75,3.75,3,0.390865561182045,0.516560560898478,-0.895022384708619,65,2,1,1
134,4,22,3,0,3.75,3.75,3,0.390865561182045,0.516560560898478,-0.895022384708619,65,2,1,1
134,4,23,4,0,3.75,3.75,3,0.390865561182045,0.516560560898478,-0.895022384708619,65,2,1,1
134,4,24,5,0,3.75,3.75,3,0.390865561182045,0.516560560898478,-0.895022384708619,65,2,1,1
134,5,25,0,0,3.75,3.75,3,0.390865561182045,0.516560560898478,-0.895022384708619,65,2,1,1
134,5,26,1,0,3.75,3.75,3,0.390865561182045,0.516560560898478,-0.895022384708619,65,2,1,1
134,5,27,2,0,3.75,3.75,3,0.390865561182045,0.516560560898478,-0.895022384708619,65,2,1,1
134,5,28,3,0,3.75,3.75,3,0.390865561182045,0.516560560898478,-0.895022384708619,65,2,1,1
134,5,29,4,0,3.75,3.75,3,0.390865561182045,0.516560560898478,-0.895022384708619,65,2,1,1
134,5,30,5,0,3.75,3.75,3,0.390865561182045,0.516560560898478,-0.895022384708619,65,2,1,1
134,6,31,0,0,3.75,3.75,3,0.390865561182045,0.516560560898478,-0.895022384708619,65,2,1,1
134,6,32,1,0,3.75,3.75,3,0.390865561182045,0.516560560898478,-0.895022384708619,65,2,1,1
134,6,33,2,0,3.75,3.75,3,0.390865561182045,0.516560560898478,-0.895022384708619,65,2,1,1
134,6,34,3,0,3.75,3.75,3,0.390865561182045,0.516560560898478,-0.895022384708619,65,2,1,1
134,6,35,4,0,3.75,3.75,3,0.390865561182045,0.516560560898478,-0.895022384708619,65,2,1,1
134,6,36,5,NA,3.75,3.75,3,0.390865561182045,0.516560560898478,-0.895022384708619,65,2,1,1
134,7,37,0,0,3.75,3.75,3,0.390865561182045,0.516560560898478,-0.895022384708619,65,2,1,1
134,7,38,1,1,3.75,3.75,3,0.390865561182045,0.516560560898478,-0.895022384708619,65,2,1,1
134,7,39,2,0,3.75,3.75,3,0.390865561182045,0.516560560898478,-0.895022384708619,65,2,1,1
134,7,40,3,1,3.75,3.75,3,0.390865561182045,0.516560560898478,-0.895022384708619,65,2,1,1
134,7,41,4,0,3.75,3.75,3,0.390865561182045,0.516560560898478,-0.895022384708619,65,2,1,1
134,7,42,5,0,3.75,3.75,3,0.390865561182045,0.516560560898478,-0.895022384708619,65,2,1,1
137,1,1,0,NA,3.75,4.25,4.25,0.390865561182045,1.05695745613386,0.620459126843109,26,1,5,3
137,1,2,1,1,3.75,4.25,4.25,0.390865561182045,1.05695745613386,0.620459126843109,26,1,5,3
137,1,3,2,1,3.75,4.25,4.25,0.390865561182045,1.05695745613386,0.620459126843109,26,1,5,3
137,1,4,3,0,3.75,4.25,4.25,0.390865561182045,1.05695745613386,0.620459126843109,26,1,5,3
137,1,5,4,0,3.75,4.25,4.25,0.390865561182045,1.05695745613386,0.620459126843109,26,1,5,3
137,1,6,5,0,3.75,4.25,4.25,0.390865561182045,1.05695745613386,0.620459126843109,26,1,5,3
137,2,7,0,0,3.75,4.25,4.25,0.390865561182045,1.05695745613386,0.620459126843109,26,1,5,3
137,2,8,1,1,3.75,4.25,4.25,0.390865561182045,1.05695745613386,0.620459126843109,26,1,5,3
137,2,9,2,0,3.75,4.25,4.25,0.390865561182045,1.05695745613386,0.620459126843109,26,1,5,3
137,2,10,3,0,3.75,4.25,4.25,0.390865561182045,1.05695745613386,0.620459126843109,26,1,5,3
137,2,11,4,1,3.75,4.25,4.25,0.390865561182045,1.05695745613386,0.620459126843109,26,1,5,3
137,2,12,5,NA,3.75,4.25,4.25,0.390865561182045,1.05695745613386,0.620459126843109,26,1,5,3
137,3,13,0,NA,3.75,4.25,4.25,0.390865561182045,1.05695745613386,0.620459126843109,26,1,5,3
137,3,14,1,0,3.75,4.25,4.25,0.390865561182045,1.05695745613386,0.620459126843109,26,1,5,3
137,3,15,2,0,3.75,4.25,4.25,0.390865561182045,1.05695745613386,0.620459126843109,26,1,5,3
137,3,16,3,1,3.75,4.25,4.25,0.390865561182045,1.05695745613386,0.620459126843109,26,1,5,3
137,3,17,4,0,3.75,4.25,4.25,0.390865561182045,1.05695745613386,0.620459126843109,26,1,5,3
137,3,18,5,1,3.75,4.25,4.25,0.390865561182045,1.05695745613386,0.620459126843109,26,1,5,3
137,4,19,0,NA,3.75,4.25,4.25,0.390865561182045,1.05695745613386,0.620459126843109,26,1,5,3
137,4,20,1,1,3.75,4.25,4.25,0.390865561182045,1.05695745613386,0.620459126843109,26,1,5,3
137,4,21,2,NA,3.75,4.25,4.25,0.390865561182045,1.05695745613386,0.620459126843109,26,1,5,3
137,4,22,3,0,3.75,4.25,4.25,0.390865561182045,1.05695745613386,0.620459126843109,26,1,5,3
137,4,23,4,0,3.75,4.25,4.25,0.390865561182045,1.05695745613386,0.620459126843109,26,1,5,3
137,4,24,5,0,3.75,4.25,4.25,0.390865561182045,1.05695745613386,0.620459126843109,26,1,5,3
137,5,25,0,1,3.75,4.25,4.25,0.390865561182045,1.05695745613386,0.620459126843109,26,1,5,3
137,5,26,1,1,3.75,4.25,4.25,0.390865561182045,1.05695745613386,0.620459126843109,26,1,5,3
137,5,27,2,0,3.75,4.25,4.25,0.390865561182045,1.05695745613386,0.620459126843109,26,1,5,3
137,5,28,3,0,3.75,4.25,4.25,0.390865561182045,1.05695745613386,0.620459126843109,26,1,5,3
137,5,29,4,0,3.75,4.25,4.25,0.390865561182045,1.05695745613386,0.620459126843109,26,1,5,3
137,5,30,5,1,3.75,4.25,4.25,0.390865561182045,1.05695745613386,0.620459126843109,26,1,5,3
137,6,31,0,1,3.75,4.25,4.25,0.390865561182045,1.05695745613386,0.620459126843109,26,1,5,3
137,6,32,1,NA,3.75,4.25,4.25,0.390865561182045,1.05695745613386,0.620459126843109,26,1,5,3
137,6,33,2,NA,3.75,4.25,4.25,0.390865561182045,1.05695745613386,0.620459126843109,26,1,5,3
137,6,34,3,NA,3.75,4.25,4.25,0.390865561182045,1.05695745613386,0.620459126843109,26,1,5,3
137,6,35,4,0,3.75,4.25,4.25,0.390865561182045,1.05695745613386,0.620459126843109,26,1,5,3
137,6,36,5,NA,3.75,4.25,4.25,0.390865561182045,1.05695745613386,0.620459126843109,26,1,5,3
137,7,37,0,NA,3.75,4.25,4.25,0.390865561182045,1.05695745613386,0.620459126843109,26,1,5,3
137,7,38,1,NA,3.75,4.25,4.25,0.390865561182045,1.05695745613386,0.620459126843109,26,1,5,3
137,7,39,2,0,3.75,4.25,4.25,0.390865561182045,1.05695745613386,0.620459126843109,26,1,5,3
137,7,40,3,1,3.75,4.25,4.25,0.390865561182045,1.05695745613386,0.620459126843109,26,1,5,3
137,7,41,4,0,3.75,4.25,4.25,0.390865561182045,1.05695745613386,0.620459126843109,26,1,5,3
137,7,42,5,NA,3.75,4.25,4.25,0.390865561182045,1.05695745613386,0.620459126843109,26,1,5,3
141,1,1,0,0,2,2.25,3.5,-1.58611990613572,-1.10463012480768,-0.288829780087927,22,2,4,1
141,1,2,1,0,2,2.25,3.5,-1.58611990613572,-1.10463012480768,-0.288829780087927,22,2,4,1
141,1,3,2,0,2,2.25,3.5,-1.58611990613572,-1.10463012480768,-0.288829780087927,22,2,4,1
141,1,4,3,0,2,2.25,3.5,-1.58611990613572,-1.10463012480768,-0.288829780087927,22,2,4,1
141,1,5,4,0,2,2.25,3.5,-1.58611990613572,-1.10463012480768,-0.288829780087927,22,2,4,1
141,1,6,5,0,2,2.25,3.5,-1.58611990613572,-1.10463012480768,-0.288829780087927,22,2,4,1
141,2,7,0,0,2,2.25,3.5,-1.58611990613572,-1.10463012480768,-0.288829780087927,22,2,4,1
141,2,8,1,0,2,2.25,3.5,-1.58611990613572,-1.10463012480768,-0.288829780087927,22,2,4,1
141,2,9,2,0,2,2.25,3.5,-1.58611990613572,-1.10463012480768,-0.288829780087927,22,2,4,1
141,2,10,3,0,2,2.25,3.5,-1.58611990613572,-1.10463012480768,-0.288829780087927,22,2,4,1
141,2,11,4,0,2,2.25,3.5,-1.58611990613572,-1.10463012480768,-0.288829780087927,22,2,4,1
141,2,12,5,1,2,2.25,3.5,-1.58611990613572,-1.10463012480768,-0.288829780087927,22,2,4,1
141,3,13,0,1,2,2.25,3.5,-1.58611990613572,-1.10463012480768,-0.288829780087927,22,2,4,1
141,3,14,1,0,2,2.25,3.5,-1.58611990613572,-1.10463012480768,-0.288829780087927,22,2,4,1
141,3,15,2,1,2,2.25,3.5,-1.58611990613572,-1.10463012480768,-0.288829780087927,22,2,4,1
141,3,16,3,0,2,2.25,3.5,-1.58611990613572,-1.10463012480768,-0.288829780087927,22,2,4,1
141,3,17,4,0,2,2.25,3.5,-1.58611990613572,-1.10463012480768,-0.288829780087927,22,2,4,1
141,3,18,5,1,2,2.25,3.5,-1.58611990613572,-1.10463012480768,-0.288829780087927,22,2,4,1
141,4,19,0,0,2,2.25,3.5,-1.58611990613572,-1.10463012480768,-0.288829780087927,22,2,4,1
141,4,20,1,0,2,2.25,3.5,-1.58611990613572,-1.10463012480768,-0.288829780087927,22,2,4,1
141,4,21,2,1,2,2.25,3.5,-1.58611990613572,-1.10463012480768,-0.288829780087927,22,2,4,1
141,4,22,3,1,2,2.25,3.5,-1.58611990613572,-1.10463012480768,-0.288829780087927,22,2,4,1
141,4,23,4,0,2,2.25,3.5,-1.58611990613572,-1.10463012480768,-0.288829780087927,22,2,4,1
141,4,24,5,0,2,2.25,3.5,-1.58611990613572,-1.10463012480768,-0.288829780087927,22,2,4,1
141,5,25,0,1,2,2.25,3.5,-1.58611990613572,-1.10463012480768,-0.288829780087927,22,2,4,1
141,5,26,1,0,2,2.25,3.5,-1.58611990613572,-1.10463012480768,-0.288829780087927,22,2,4,1
141,5,27,2,0,2,2.25,3.5,-1.58611990613572,-1.10463012480768,-0.288829780087927,22,2,4,1
141,5,28,3,0,2,2.25,3.5,-1.58611990613572,-1.10463012480768,-0.288829780087927,22,2,4,1
141,5,29,4,NA,2,2.25,3.5,-1.58611990613572,-1.10463012480768,-0.288829780087927,22,2,4,1
141,5,30,5,0,2,2.25,3.5,-1.58611990613572,-1.10463012480768,-0.288829780087927,22,2,4,1
141,6,31,0,0,2,2.25,3.5,-1.58611990613572,-1.10463012480768,-0.288829780087927,22,2,4,1
141,6,32,1,0,2,2.25,3.5,-1.58611990613572,-1.10463012480768,-0.288829780087927,22,2,4,1
141,6,33,2,0,2,2.25,3.5,-1.58611990613572,-1.10463012480768,-0.288829780087927,22,2,4,1
141,6,34,3,0,2,2.25,3.5,-1.58611990613572,-1.10463012480768,-0.288829780087927,22,2,4,1
141,6,35,4,0,2,2.25,3.5,-1.58611990613572,-1.10463012480768,-0.288829780087927,22,2,4,1
141,6,36,5,0,2,2.25,3.5,-1.58611990613572,-1.10463012480768,-0.288829780087927,22,2,4,1
141,7,37,0,0,2,2.25,3.5,-1.58611990613572,-1.10463012480768,-0.288829780087927,22,2,4,1
141,7,38,1,0,2,2.25,3.5,-1.58611990613572,-1.10463012480768,-0.288829780087927,22,2,4,1
141,7,39,2,0,2,2.25,3.5,-1.58611990613572,-1.10463012480768,-0.288829780087927,22,2,4,1
141,7,40,3,1,2,2.25,3.5,-1.58611990613572,-1.10463012480768,-0.288829780087927,22,2,4,1
141,7,41,4,0,2,2.25,3.5,-1.58611990613572,-1.10463012480768,-0.288829780087927,22,2,4,1
141,7,42,5,0,2,2.25,3.5,-1.58611990613572,-1.10463012480768,-0.288829780087927,22,2,4,1
145,1,4,0,0,1.75,2.5,3.5,-1.86854640146683,-0.834431677189985,-0.288829780087927,22,1,4,1
145,1,5,1,1,1.75,2.5,3.5,-1.86854640146683,-0.834431677189985,-0.288829780087927,22,1,4,1
145,1,6,2,0,1.75,2.5,3.5,-1.86854640146683,-0.834431677189985,-0.288829780087927,22,1,4,1
145,1,7,3,0,1.75,2.5,3.5,-1.86854640146683,-0.834431677189985,-0.288829780087927,22,1,4,1
145,1,8,4,1,1.75,2.5,3.5,-1.86854640146683,-0.834431677189985,-0.288829780087927,22,1,4,1
145,1,9,5,1,1.75,2.5,3.5,-1.86854640146683,-0.834431677189985,-0.288829780087927,22,1,4,1
145,2,10,0,NA,1.75,2.5,3.5,-1.86854640146683,-0.834431677189985,-0.288829780087927,22,1,4,1
145,2,11,1,1,1.75,2.5,3.5,-1.86854640146683,-0.834431677189985,-0.288829780087927,22,1,4,1
145,2,12,2,0,1.75,2.5,3.5,-1.86854640146683,-0.834431677189985,-0.288829780087927,22,1,4,1
145,2,13,3,0,1.75,2.5,3.5,-1.86854640146683,-0.834431677189985,-0.288829780087927,22,1,4,1
145,2,14,4,0,1.75,2.5,3.5,-1.86854640146683,-0.834431677189985,-0.288829780087927,22,1,4,1
145,2,15,5,0,1.75,2.5,3.5,-1.86854640146683,-0.834431677189985,-0.288829780087927,22,1,4,1
145,3,16,0,1,1.75,2.5,3.5,-1.86854640146683,-0.834431677189985,-0.288829780087927,22,1,4,1
145,3,17,1,1,1.75,2.5,3.5,-1.86854640146683,-0.834431677189985,-0.288829780087927,22,1,4,1
145,3,18,2,0,1.75,2.5,3.5,-1.86854640146683,-0.834431677189985,-0.288829780087927,22,1,4,1
145,3,19,3,1,1.75,2.5,3.5,-1.86854640146683,-0.834431677189985,-0.288829780087927,22,1,4,1
145,3,20,4,1,1.75,2.5,3.5,-1.86854640146683,-0.834431677189985,-0.288829780087927,22,1,4,1
145,3,21,5,0,1.75,2.5,3.5,-1.86854640146683,-0.834431677189985,-0.288829780087927,22,1,4,1
145,4,22,0,0,1.75,2.5,3.5,-1.86854640146683,-0.834431677189985,-0.288829780087927,22,1,4,1
145,4,23,1,1,1.75,2.5,3.5,-1.86854640146683,-0.834431677189985,-0.288829780087927,22,1,4,1
145,4,24,2,1,1.75,2.5,3.5,-1.86854640146683,-0.834431677189985,-0.288829780087927,22,1,4,1
145,4,25,3,NA,1.75,2.5,3.5,-1.86854640146683,-0.834431677189985,-0.288829780087927,22,1,4,1
145,4,26,4,0,1.75,2.5,3.5,-1.86854640146683,-0.834431677189985,-0.288829780087927,22,1,4,1
145,4,27,5,0,1.75,2.5,3.5,-1.86854640146683,-0.834431677189985,-0.288829780087927,22,1,4,1
145,5,28,0,1,1.75,2.5,3.5,-1.86854640146683,-0.834431677189985,-0.288829780087927,22,1,4,1
145,5,29,1,0,1.75,2.5,3.5,-1.86854640146683,-0.834431677189985,-0.288829780087927,22,1,4,1
145,5,30,2,0,1.75,2.5,3.5,-1.86854640146683,-0.834431677189985,-0.288829780087927,22,1,4,1
145,5,31,3,0,1.75,2.5,3.5,-1.86854640146683,-0.834431677189985,-0.288829780087927,22,1,4,1
145,5,32,4,0,1.75,2.5,3.5,-1.86854640146683,-0.834431677189985,-0.288829780087927,22,1,4,1
145,5,33,5,0,1.75,2.5,3.5,-1.86854640146683,-0.834431677189985,-0.288829780087927,22,1,4,1
145,6,34,0,0,1.75,2.5,3.5,-1.86854640146683,-0.834431677189985,-0.288829780087927,22,1,4,1
145,6,35,1,0,1.75,2.5,3.5,-1.86854640146683,-0.834431677189985,-0.288829780087927,22,1,4,1
145,6,36,2,0,1.75,2.5,3.5,-1.86854640146683,-0.834431677189985,-0.288829780087927,22,1,4,1
145,6,37,3,0,1.75,2.5,3.5,-1.86854640146683,-0.834431677189985,-0.288829780087927,22,1,4,1
145,6,38,4,0,1.75,2.5,3.5,-1.86854640146683,-0.834431677189985,-0.288829780087927,22,1,4,1
145,6,39,5,0,1.75,2.5,3.5,-1.86854640146683,-0.834431677189985,-0.288829780087927,22,1,4,1
145,7,40,0,0,1.75,2.5,3.5,-1.86854640146683,-0.834431677189985,-0.288829780087927,22,1,4,1
145,7,41,1,0,1.75,2.5,3.5,-1.86854640146683,-0.834431677189985,-0.288829780087927,22,1,4,1
145,7,42,2,0,1.75,2.5,3.5,-1.86854640146683,-0.834431677189985,-0.288829780087927,22,1,4,1
145,7,43,3,0,1.75,2.5,3.5,-1.86854640146683,-0.834431677189985,-0.288829780087927,22,1,4,1
145,7,44,4,0,1.75,2.5,3.5,-1.86854640146683,-0.834431677189985,-0.288829780087927,22,1,4,1
145,7,45,5,0,1.75,2.5,3.5,-1.86854640146683,-0.834431677189985,-0.288829780087927,22,1,4,1
148,1,1,0,0,3,2.75,4,-0.456413924811284,-0.564233229572292,0.317362824532764,23,1,4,1
148,1,2,1,0,3,2.75,4,-0.456413924811284,-0.564233229572292,0.317362824532764,23,1,4,1
148,1,3,2,0,3,2.75,4,-0.456413924811284,-0.564233229572292,0.317362824532764,23,1,4,1
148,1,4,3,0,3,2.75,4,-0.456413924811284,-0.564233229572292,0.317362824532764,23,1,4,1
148,1,5,4,0,3,2.75,4,-0.456413924811284,-0.564233229572292,0.317362824532764,23,1,4,1
148,1,6,5,1,3,2.75,4,-0.456413924811284,-0.564233229572292,0.317362824532764,23,1,4,1
148,2,7,0,0,3,2.75,4,-0.456413924811284,-0.564233229572292,0.317362824532764,23,1,4,1
148,2,8,1,0,3,2.75,4,-0.456413924811284,-0.564233229572292,0.317362824532764,23,1,4,1
148,2,9,2,0,3,2.75,4,-0.456413924811284,-0.564233229572292,0.317362824532764,23,1,4,1
148,2,10,3,0,3,2.75,4,-0.456413924811284,-0.564233229572292,0.317362824532764,23,1,4,1
148,2,11,4,0,3,2.75,4,-0.456413924811284,-0.564233229572292,0.317362824532764,23,1,4,1
148,2,12,5,0,3,2.75,4,-0.456413924811284,-0.564233229572292,0.317362824532764,23,1,4,1
148,3,13,0,0,3,2.75,4,-0.456413924811284,-0.564233229572292,0.317362824532764,23,1,4,1
148,3,14,1,1,3,2.75,4,-0.456413924811284,-0.564233229572292,0.317362824532764,23,1,4,1
148,3,15,2,0,3,2.75,4,-0.456413924811284,-0.564233229572292,0.317362824532764,23,1,4,1
148,3,16,3,0,3,2.75,4,-0.456413924811284,-0.564233229572292,0.317362824532764,23,1,4,1
148,3,17,4,0,3,2.75,4,-0.456413924811284,-0.564233229572292,0.317362824532764,23,1,4,1
148,3,18,5,0,3,2.75,4,-0.456413924811284,-0.564233229572292,0.317362824532764,23,1,4,1
148,4,19,0,0,3,2.75,4,-0.456413924811284,-0.564233229572292,0.317362824532764,23,1,4,1
148,4,20,1,0,3,2.75,4,-0.456413924811284,-0.564233229572292,0.317362824532764,23,1,4,1
148,4,21,2,0,3,2.75,4,-0.456413924811284,-0.564233229572292,0.317362824532764,23,1,4,1
148,4,22,3,1,3,2.75,4,-0.456413924811284,-0.564233229572292,0.317362824532764,23,1,4,1
148,4,23,4,1,3,2.75,4,-0.456413924811284,-0.564233229572292,0.317362824532764,23,1,4,1
148,4,24,5,1,3,2.75,4,-0.456413924811284,-0.564233229572292,0.317362824532764,23,1,4,1
148,5,25,0,0,3,2.75,4,-0.456413924811284,-0.564233229572292,0.317362824532764,23,1,4,1
148,5,26,1,0,3,2.75,4,-0.456413924811284,-0.564233229572292,0.317362824532764,23,1,4,1
148,5,27,2,1,3,2.75,4,-0.456413924811284,-0.564233229572292,0.317362824532764,23,1,4,1
148,5,28,3,1,3,2.75,4,-0.456413924811284,-0.564233229572292,0.317362824532764,23,1,4,1
148,5,29,4,0,3,2.75,4,-0.456413924811284,-0.564233229572292,0.317362824532764,23,1,4,1
148,5,30,5,0,3,2.75,4,-0.456413924811284,-0.564233229572292,0.317362824532764,23,1,4,1
148,6,31,0,0,3,2.75,4,-0.456413924811284,-0.564233229572292,0.317362824532764,23,1,4,1
148,6,32,1,0,3,2.75,4,-0.456413924811284,-0.564233229572292,0.317362824532764,23,1,4,1
148,6,33,2,0,3,2.75,4,-0.456413924811284,-0.564233229572292,0.317362824532764,23,1,4,1
148,6,34,3,0,3,2.75,4,-0.456413924811284,-0.564233229572292,0.317362824532764,23,1,4,1
148,6,35,4,0,3,2.75,4,-0.456413924811284,-0.564233229572292,0.317362824532764,23,1,4,1
148,6,36,5,0,3,2.75,4,-0.456413924811284,-0.564233229572292,0.317362824532764,23,1,4,1
148,7,37,0,0,3,2.75,4,-0.456413924811284,-0.564233229572292,0.317362824532764,23,1,4,1
148,7,38,1,0,3,2.75,4,-0.456413924811284,-0.564233229572292,0.317362824532764,23,1,4,1
148,7,39,2,0,3,2.75,4,-0.456413924811284,-0.564233229572292,0.317362824532764,23,1,4,1
148,7,40,3,0,3,2.75,4,-0.456413924811284,-0.564233229572292,0.317362824532764,23,1,4,1
148,7,41,4,0,3,2.75,4,-0.456413924811284,-0.564233229572292,0.317362824532764,23,1,4,1
148,7,42,5,1,3,2.75,4,-0.456413924811284,-0.564233229572292,0.317362824532764,23,1,4,1
149,1,1,0,NA,2.5,4.25,4,-1.0212669154735,1.05695745613386,0.317362824532764,21,1,4,1
149,1,2,1,NA,2.5,4.25,4,-1.0212669154735,1.05695745613386,0.317362824532764,21,1,4,1
149,1,3,2,0,2.5,4.25,4,-1.0212669154735,1.05695745613386,0.317362824532764,21,1,4,1
149,1,4,3,NA,2.5,4.25,4,-1.0212669154735,1.05695745613386,0.317362824532764,21,1,4,1
149,1,5,4,0,2.5,4.25,4,-1.0212669154735,1.05695745613386,0.317362824532764,21,1,4,1
149,1,6,5,0,2.5,4.25,4,-1.0212669154735,1.05695745613386,0.317362824532764,21,1,4,1
149,2,7,0,0,2.5,4.25,4,-1.0212669154735,1.05695745613386,0.317362824532764,21,1,4,1
149,2,8,1,NA,2.5,4.25,4,-1.0212669154735,1.05695745613386,0.317362824532764,21,1,4,1
149,2,9,2,0,2.5,4.25,4,-1.0212669154735,1.05695745613386,0.317362824532764,21,1,4,1
149,2,10,3,0,2.5,4.25,4,-1.0212669154735,1.05695745613386,0.317362824532764,21,1,4,1
149,2,11,4,0,2.5,4.25,4,-1.0212669154735,1.05695745613386,0.317362824532764,21,1,4,1
149,2,12,5,0,2.5,4.25,4,-1.0212669154735,1.05695745613386,0.317362824532764,21,1,4,1
149,3,13,0,0,2.5,4.25,4,-1.0212669154735,1.05695745613386,0.317362824532764,21,1,4,1
149,3,14,1,0,2.5,4.25,4,-1.0212669154735,1.05695745613386,0.317362824532764,21,1,4,1
149,3,15,2,0,2.5,4.25,4,-1.0212669154735,1.05695745613386,0.317362824532764,21,1,4,1
149,3,16,3,1,2.5,4.25,4,-1.0212669154735,1.05695745613386,0.317362824532764,21,1,4,1
149,3,17,4,1,2.5,4.25,4,-1.0212669154735,1.05695745613386,0.317362824532764,21,1,4,1
149,3,18,5,0,2.5,4.25,4,-1.0212669154735,1.05695745613386,0.317362824532764,21,1,4,1
149,4,19,0,0,2.5,4.25,4,-1.0212669154735,1.05695745613386,0.317362824532764,21,1,4,1
149,4,20,1,1,2.5,4.25,4,-1.0212669154735,1.05695745613386,0.317362824532764,21,1,4,1
149,4,21,2,0,2.5,4.25,4,-1.0212669154735,1.05695745613386,0.317362824532764,21,1,4,1
149,4,22,3,0,2.5,4.25,4,-1.0212669154735,1.05695745613386,0.317362824532764,21,1,4,1
149,4,23,4,0,2.5,4.25,4,-1.0212669154735,1.05695745613386,0.317362824532764,21,1,4,1
149,4,24,5,1,2.5,4.25,4,-1.0212669154735,1.05695745613386,0.317362824532764,21,1,4,1
149,5,25,0,NA,2.5,4.25,4,-1.0212669154735,1.05695745613386,0.317362824532764,21,1,4,1
149,5,26,1,0,2.5,4.25,4,-1.0212669154735,1.05695745613386,0.317362824532764,21,1,4,1
149,5,27,2,0,2.5,4.25,4,-1.0212669154735,1.05695745613386,0.317362824532764,21,1,4,1
149,5,28,3,0,2.5,4.25,4,-1.0212669154735,1.05695745613386,0.317362824532764,21,1,4,1
149,5,29,4,0,2.5,4.25,4,-1.0212669154735,1.05695745613386,0.317362824532764,21,1,4,1
149,5,30,5,0,2.5,4.25,4,-1.0212669154735,1.05695745613386,0.317362824532764,21,1,4,1
149,6,31,0,0,2.5,4.25,4,-1.0212669154735,1.05695745613386,0.317362824532764,21,1,4,1
149,6,32,1,0,2.5,4.25,4,-1.0212669154735,1.05695745613386,0.317362824532764,21,1,4,1
149,6,33,2,0,2.5,4.25,4,-1.0212669154735,1.05695745613386,0.317362824532764,21,1,4,1
149,6,34,3,0,2.5,4.25,4,-1.0212669154735,1.05695745613386,0.317362824532764,21,1,4,1
149,6,35,4,0,2.5,4.25,4,-1.0212669154735,1.05695745613386,0.317362824532764,21,1,4,1
149,6,36,5,0,2.5,4.25,4,-1.0212669154735,1.05695745613386,0.317362824532764,21,1,4,1
149,7,37,0,0,2.5,4.25,4,-1.0212669154735,1.05695745613386,0.317362824532764,21,1,4,1
149,7,38,1,0,2.5,4.25,4,-1.0212669154735,1.05695745613386,0.317362824532764,21,1,4,1
149,7,39,2,0,2.5,4.25,4,-1.0212669154735,1.05695745613386,0.317362824532764,21,1,4,1
149,7,40,3,NA,2.5,4.25,4,-1.0212669154735,1.05695745613386,0.317362824532764,21,1,4,1
149,7,41,4,0,2.5,4.25,4,-1.0212669154735,1.05695745613386,0.317362824532764,21,1,4,1
149,7,42,5,0,2.5,4.25,4,-1.0212669154735,1.05695745613386,0.317362824532764,21,1,4,1
150,1,1,0,1,4.25,4,4.5,0.955718551844264,0.78675900851617,0.923555429153455,20,1,4,1
150,1,2,1,0,4.25,4,4.5,0.955718551844264,0.78675900851617,0.923555429153455,20,1,4,1
150,1,3,2,0,4.25,4,4.5,0.955718551844264,0.78675900851617,0.923555429153455,20,1,4,1
150,1,4,3,1,4.25,4,4.5,0.955718551844264,0.78675900851617,0.923555429153455,20,1,4,1
150,1,5,4,1,4.25,4,4.5,0.955718551844264,0.78675900851617,0.923555429153455,20,1,4,1
150,1,6,5,0,4.25,4,4.5,0.955718551844264,0.78675900851617,0.923555429153455,20,1,4,1
150,2,7,0,0,4.25,4,4.5,0.955718551844264,0.78675900851617,0.923555429153455,20,1,4,1
150,2,8,1,0,4.25,4,4.5,0.955718551844264,0.78675900851617,0.923555429153455,20,1,4,1
150,2,9,2,0,4.25,4,4.5,0.955718551844264,0.78675900851617,0.923555429153455,20,1,4,1
150,2,10,3,0,4.25,4,4.5,0.955718551844264,0.78675900851617,0.923555429153455,20,1,4,1
150,2,11,4,1,4.25,4,4.5,0.955718551844264,0.78675900851617,0.923555429153455,20,1,4,1
150,2,12,5,1,4.25,4,4.5,0.955718551844264,0.78675900851617,0.923555429153455,20,1,4,1
150,3,13,0,1,4.25,4,4.5,0.955718551844264,0.78675900851617,0.923555429153455,20,1,4,1
150,3,14,1,1,4.25,4,4.5,0.955718551844264,0.78675900851617,0.923555429153455,20,1,4,1
150,3,15,2,1,4.25,4,4.5,0.955718551844264,0.78675900851617,0.923555429153455,20,1,4,1
150,3,16,3,1,4.25,4,4.5,0.955718551844264,0.78675900851617,0.923555429153455,20,1,4,1
150,3,17,4,0,4.25,4,4.5,0.955718551844264,0.78675900851617,0.923555429153455,20,1,4,1
150,3,18,5,0,4.25,4,4.5,0.955718551844264,0.78675900851617,0.923555429153455,20,1,4,1
150,4,19,0,0,4.25,4,4.5,0.955718551844264,0.78675900851617,0.923555429153455,20,1,4,1
150,4,20,1,1,4.25,4,4.5,0.955718551844264,0.78675900851617,0.923555429153455,20,1,4,1
150,4,21,2,1,4.25,4,4.5,0.955718551844264,0.78675900851617,0.923555429153455,20,1,4,1
150,4,22,3,0,4.25,4,4.5,0.955718551844264,0.78675900851617,0.923555429153455,20,1,4,1
150,4,23,4,0,4.25,4,4.5,0.955718551844264,0.78675900851617,0.923555429153455,20,1,4,1
150,4,24,5,1,4.25,4,4.5,0.955718551844264,0.78675900851617,0.923555429153455,20,1,4,1
150,5,25,0,1,4.25,4,4.5,0.955718551844264,0.78675900851617,0.923555429153455,20,1,4,1
150,5,26,1,1,4.25,4,4.5,0.955718551844264,0.78675900851617,0.923555429153455,20,1,4,1
150,5,27,2,0,4.25,4,4.5,0.955718551844264,0.78675900851617,0.923555429153455,20,1,4,1
150,5,28,3,1,4.25,4,4.5,0.955718551844264,0.78675900851617,0.923555429153455,20,1,4,1
150,5,29,4,0,4.25,4,4.5,0.955718551844264,0.78675900851617,0.923555429153455,20,1,4,1
150,5,30,5,0,4.25,4,4.5,0.955718551844264,0.78675900851617,0.923555429153455,20,1,4,1
150,6,31,0,0,4.25,4,4.5,0.955718551844264,0.78675900851617,0.923555429153455,20,1,4,1
150,6,32,1,1,4.25,4,4.5,0.955718551844264,0.78675900851617,0.923555429153455,20,1,4,1
150,6,33,2,1,4.25,4,4.5,0.955718551844264,0.78675900851617,0.923555429153455,20,1,4,1
150,6,34,3,0,4.25,4,4.5,0.955718551844264,0.78675900851617,0.923555429153455,20,1,4,1
150,6,35,4,0,4.25,4,4.5,0.955718551844264,0.78675900851617,0.923555429153455,20,1,4,1
150,6,36,5,1,4.25,4,4.5,0.955718551844264,0.78675900851617,0.923555429153455,20,1,4,1
150,7,37,0,0,4.25,4,4.5,0.955718551844264,0.78675900851617,0.923555429153455,20,1,4,1
150,7,38,1,0,4.25,4,4.5,0.955718551844264,0.78675900851617,0.923555429153455,20,1,4,1
150,7,39,2,0,4.25,4,4.5,0.955718551844264,0.78675900851617,0.923555429153455,20,1,4,1
150,7,40,3,0,4.25,4,4.5,0.955718551844264,0.78675900851617,0.923555429153455,20,1,4,1
150,7,41,4,0,4.25,4,4.5,0.955718551844264,0.78675900851617,0.923555429153455,20,1,4,1
150,7,42,5,0,4.25,4,4.5,0.955718551844264,0.78675900851617,0.923555429153455,20,1,4,1
151,1,1,0,0,2.75,4.75,4.25,-0.738840420142394,1.59735435136925,0.620459126843109,30,2,10,3
151,1,2,1,1,2.75,4.75,4.25,-0.738840420142394,1.59735435136925,0.620459126843109,30,2,10,3
151,1,3,2,1,2.75,4.75,4.25,-0.738840420142394,1.59735435136925,0.620459126843109,30,2,10,3
151,1,4,3,0,2.75,4.75,4.25,-0.738840420142394,1.59735435136925,0.620459126843109,30,2,10,3
151,1,5,4,0,2.75,4.75,4.25,-0.738840420142394,1.59735435136925,0.620459126843109,30,2,10,3
151,1,6,5,0,2.75,4.75,4.25,-0.738840420142394,1.59735435136925,0.620459126843109,30,2,10,3
151,2,7,0,0,2.75,4.75,4.25,-0.738840420142394,1.59735435136925,0.620459126843109,30,2,10,3
151,2,8,1,0,2.75,4.75,4.25,-0.738840420142394,1.59735435136925,0.620459126843109,30,2,10,3
151,2,9,2,0,2.75,4.75,4.25,-0.738840420142394,1.59735435136925,0.620459126843109,30,2,10,3
151,2,10,3,0,2.75,4.75,4.25,-0.738840420142394,1.59735435136925,0.620459126843109,30,2,10,3
151,2,11,4,0,2.75,4.75,4.25,-0.738840420142394,1.59735435136925,0.620459126843109,30,2,10,3
151,2,12,5,1,2.75,4.75,4.25,-0.738840420142394,1.59735435136925,0.620459126843109,30,2,10,3
151,3,13,0,0,2.75,4.75,4.25,-0.738840420142394,1.59735435136925,0.620459126843109,30,2,10,3
151,3,14,1,1,2.75,4.75,4.25,-0.738840420142394,1.59735435136925,0.620459126843109,30,2,10,3
151,3,15,2,0,2.75,4.75,4.25,-0.738840420142394,1.59735435136925,0.620459126843109,30,2,10,3
151,3,16,3,0,2.75,4.75,4.25,-0.738840420142394,1.59735435136925,0.620459126843109,30,2,10,3
151,3,17,4,0,2.75,4.75,4.25,-0.738840420142394,1.59735435136925,0.620459126843109,30,2,10,3
151,3,18,5,0,2.75,4.75,4.25,-0.738840420142394,1.59735435136925,0.620459126843109,30,2,10,3
151,4,19,0,NA,2.75,4.75,4.25,-0.738840420142394,1.59735435136925,0.620459126843109,30,2,10,3
151,4,20,1,0,2.75,4.75,4.25,-0.738840420142394,1.59735435136925,0.620459126843109,30,2,10,3
151,4,21,2,0,2.75,4.75,4.25,-0.738840420142394,1.59735435136925,0.620459126843109,30,2,10,3
151,4,22,3,0,2.75,4.75,4.25,-0.738840420142394,1.59735435136925,0.620459126843109,30,2,10,3
151,4,23,4,0,2.75,4.75,4.25,-0.738840420142394,1.59735435136925,0.620459126843109,30,2,10,3
151,5,24,0,NA,2.75,4.75,4.25,-0.738840420142394,1.59735435136925,0.620459126843109,30,2,10,3
151,5,25,1,0,2.75,4.75,4.25,-0.738840420142394,1.59735435136925,0.620459126843109,30,2,10,3
151,5,26,2,1,2.75,4.75,4.25,-0.738840420142394,1.59735435136925,0.620459126843109,30,2,10,3
151,5,27,3,0,2.75,4.75,4.25,-0.738840420142394,1.59735435136925,0.620459126843109,30,2,10,3
151,5,28,4,0,2.75,4.75,4.25,-0.738840420142394,1.59735435136925,0.620459126843109,30,2,10,3
151,5,29,5,0,2.75,4.75,4.25,-0.738840420142394,1.59735435136925,0.620459126843109,30,2,10,3
151,6,30,0,0,2.75,4.75,4.25,-0.738840420142394,1.59735435136925,0.620459126843109,30,2,10,3
151,6,31,1,0,2.75,4.75,4.25,-0.738840420142394,1.59735435136925,0.620459126843109,30,2,10,3
151,6,32,2,0,2.75,4.75,4.25,-0.738840420142394,1.59735435136925,0.620459126843109,30,2,10,3
151,6,33,3,0,2.75,4.75,4.25,-0.738840420142394,1.59735435136925,0.620459126843109,30,2,10,3
151,6,34,4,0,2.75,4.75,4.25,-0.738840420142394,1.59735435136925,0.620459126843109,30,2,10,3
151,6,35,5,0,2.75,4.75,4.25,-0.738840420142394,1.59735435136925,0.620459126843109,30,2,10,3
151,7,36,0,1,2.75,4.75,4.25,-0.738840420142394,1.59735435136925,0.620459126843109,30,2,10,3
151,7,37,1,NA,2.75,4.75,4.25,-0.738840420142394,1.59735435136925,0.620459126843109,30,2,10,3
151,7,38,2,NA,2.75,4.75,4.25,-0.738840420142394,1.59735435136925,0.620459126843109,30,2,10,3
151,7,39,3,0,2.75,4.75,4.25,-0.738840420142394,1.59735435136925,0.620459126843109,30,2,10,3
151,7,40,4,0,2.75,4.75,4.25,-0.738840420142394,1.59735435136925,0.620459126843109,30,2,10,3
151,7,41,5,0,2.75,4.75,4.25,-0.738840420142394,1.59735435136925,0.620459126843109,30,2,10,3
152,1,1,0,0,4,3.75,3,0.673292056513154,0.516560560898478,-0.895022384708619,27,1,4,1
152,1,2,1,0,4,3.75,3,0.673292056513154,0.516560560898478,-0.895022384708619,27,1,4,1
152,1,3,2,0,4,3.75,3,0.673292056513154,0.516560560898478,-0.895022384708619,27,1,4,1
152,1,4,3,0,4,3.75,3,0.673292056513154,0.516560560898478,-0.895022384708619,27,1,4,1
152,1,5,4,0,4,3.75,3,0.673292056513154,0.516560560898478,-0.895022384708619,27,1,4,1
152,1,6,5,0,4,3.75,3,0.673292056513154,0.516560560898478,-0.895022384708619,27,1,4,1
152,2,7,0,NA,4,3.75,3,0.673292056513154,0.516560560898478,-0.895022384708619,27,1,4,1
152,2,8,1,NA,4,3.75,3,0.673292056513154,0.516560560898478,-0.895022384708619,27,1,4,1
152,2,9,2,0,4,3.75,3,0.673292056513154,0.516560560898478,-0.895022384708619,27,1,4,1
152,2,10,3,1,4,3.75,3,0.673292056513154,0.516560560898478,-0.895022384708619,27,1,4,1
152,2,11,4,1,4,3.75,3,0.673292056513154,0.516560560898478,-0.895022384708619,27,1,4,1
152,2,12,5,NA,4,3.75,3,0.673292056513154,0.516560560898478,-0.895022384708619,27,1,4,1
152,3,13,0,1,4,3.75,3,0.673292056513154,0.516560560898478,-0.895022384708619,27,1,4,1
152,3,14,1,0,4,3.75,3,0.673292056513154,0.516560560898478,-0.895022384708619,27,1,4,1
152,3,15,2,0,4,3.75,3,0.673292056513154,0.516560560898478,-0.895022384708619,27,1,4,1
152,3,16,3,0,4,3.75,3,0.673292056513154,0.516560560898478,-0.895022384708619,27,1,4,1
152,3,17,4,0,4,3.75,3,0.673292056513154,0.516560560898478,-0.895022384708619,27,1,4,1
152,3,18,5,0,4,3.75,3,0.673292056513154,0.516560560898478,-0.895022384708619,27,1,4,1
152,4,19,0,NA,4,3.75,3,0.673292056513154,0.516560560898478,-0.895022384708619,27,1,4,1
152,4,20,1,NA,4,3.75,3,0.673292056513154,0.516560560898478,-0.895022384708619,27,1,4,1
152,4,21,2,1,4,3.75,3,0.673292056513154,0.516560560898478,-0.895022384708619,27,1,4,1
152,4,22,3,1,4,3.75,3,0.673292056513154,0.516560560898478,-0.895022384708619,27,1,4,1
152,4,23,4,0,4,3.75,3,0.673292056513154,0.516560560898478,-0.895022384708619,27,1,4,1
152,4,24,5,0,4,3.75,3,0.673292056513154,0.516560560898478,-0.895022384708619,27,1,4,1
152,5,25,0,NA,4,3.75,3,0.673292056513154,0.516560560898478,-0.895022384708619,27,1,4,1
152,5,26,1,NA,4,3.75,3,0.673292056513154,0.516560560898478,-0.895022384708619,27,1,4,1
152,5,27,2,NA,4,3.75,3,0.673292056513154,0.516560560898478,-0.895022384708619,27,1,4,1
152,5,28,3,0,4,3.75,3,0.673292056513154,0.516560560898478,-0.895022384708619,27,1,4,1
152,5,29,4,1,4,3.75,3,0.673292056513154,0.516560560898478,-0.895022384708619,27,1,4,1
152,5,30,5,0,4,3.75,3,0.673292056513154,0.516560560898478,-0.895022384708619,27,1,4,1
152,6,31,0,0,4,3.75,3,0.673292056513154,0.516560560898478,-0.895022384708619,27,1,4,1
152,6,32,1,NA,4,3.75,3,0.673292056513154,0.516560560898478,-0.895022384708619,27,1,4,1
152,6,33,2,NA,4,3.75,3,0.673292056513154,0.516560560898478,-0.895022384708619,27,1,4,1
152,6,34,3,0,4,3.75,3,0.673292056513154,0.516560560898478,-0.895022384708619,27,1,4,1
152,6,35,4,0,4,3.75,3,0.673292056513154,0.516560560898478,-0.895022384708619,27,1,4,1
152,6,36,5,0,4,3.75,3,0.673292056513154,0.516560560898478,-0.895022384708619,27,1,4,1
152,7,37,0,1,4,3.75,3,0.673292056513154,0.516560560898478,-0.895022384708619,27,1,4,1
152,7,38,1,1,4,3.75,3,0.673292056513154,0.516560560898478,-0.895022384708619,27,1,4,1
152,7,39,2,NA,4,3.75,3,0.673292056513154,0.516560560898478,-0.895022384708619,27,1,4,1
152,7,40,3,1,4,3.75,3,0.673292056513154,0.516560560898478,-0.895022384708619,27,1,4,1
152,7,41,4,0,4,3.75,3,0.673292056513154,0.516560560898478,-0.895022384708619,27,1,4,1
152,7,42,5,1,4,3.75,3,0.673292056513154,0.516560560898478,-0.895022384708619,27,1,4,1
153,1,1,0,NA,1.25,4,4,-2.43339939212905,0.78675900851617,0.317362824532764,40,2,3,1
153,1,2,1,NA,1.25,4,4,-2.43339939212905,0.78675900851617,0.317362824532764,40,2,3,1
153,1,3,2,NA,1.25,4,4,-2.43339939212905,0.78675900851617,0.317362824532764,40,2,3,1
153,1,4,3,0,1.25,4,4,-2.43339939212905,0.78675900851617,0.317362824532764,40,2,3,1
153,1,5,4,0,1.25,4,4,-2.43339939212905,0.78675900851617,0.317362824532764,40,2,3,1
153,1,6,5,0,1.25,4,4,-2.43339939212905,0.78675900851617,0.317362824532764,40,2,3,1
153,2,7,0,NA,1.25,4,4,-2.43339939212905,0.78675900851617,0.317362824532764,40,2,3,1
153,2,8,1,NA,1.25,4,4,-2.43339939212905,0.78675900851617,0.317362824532764,40,2,3,1
153,2,9,2,0,1.25,4,4,-2.43339939212905,0.78675900851617,0.317362824532764,40,2,3,1
153,2,10,3,1,1.25,4,4,-2.43339939212905,0.78675900851617,0.317362824532764,40,2,3,1
153,2,11,4,0,1.25,4,4,-2.43339939212905,0.78675900851617,0.317362824532764,40,2,3,1
153,2,12,5,1,1.25,4,4,-2.43339939212905,0.78675900851617,0.317362824532764,40,2,3,1
153,3,13,0,NA,1.25,4,4,-2.43339939212905,0.78675900851617,0.317362824532764,40,2,3,1
153,3,14,1,NA,1.25,4,4,-2.43339939212905,0.78675900851617,0.317362824532764,40,2,3,1
153,3,15,2,1,1.25,4,4,-2.43339939212905,0.78675900851617,0.317362824532764,40,2,3,1
153,3,16,3,0,1.25,4,4,-2.43339939212905,0.78675900851617,0.317362824532764,40,2,3,1
153,3,17,4,0,1.25,4,4,-2.43339939212905,0.78675900851617,0.317362824532764,40,2,3,1
153,3,18,5,NA,1.25,4,4,-2.43339939212905,0.78675900851617,0.317362824532764,40,2,3,1
153,4,19,0,NA,1.25,4,4,-2.43339939212905,0.78675900851617,0.317362824532764,40,2,3,1
153,4,20,1,NA,1.25,4,4,-2.43339939212905,0.78675900851617,0.317362824532764,40,2,3,1
153,4,21,2,1,1.25,4,4,-2.43339939212905,0.78675900851617,0.317362824532764,40,2,3,1
153,4,22,3,1,1.25,4,4,-2.43339939212905,0.78675900851617,0.317362824532764,40,2,3,1
153,4,23,4,1,1.25,4,4,-2.43339939212905,0.78675900851617,0.317362824532764,40,2,3,1
153,4,24,5,1,1.25,4,4,-2.43339939212905,0.78675900851617,0.317362824532764,40,2,3,1
153,5,25,0,1,1.25,4,4,-2.43339939212905,0.78675900851617,0.317362824532764,40,2,3,1
153,5,26,1,0,1.25,4,4,-2.43339939212905,0.78675900851617,0.317362824532764,40,2,3,1
153,5,27,2,1,1.25,4,4,-2.43339939212905,0.78675900851617,0.317362824532764,40,2,3,1
153,5,28,3,NA,1.25,4,4,-2.43339939212905,0.78675900851617,0.317362824532764,40,2,3,1
153,5,29,4,1,1.25,4,4,-2.43339939212905,0.78675900851617,0.317362824532764,40,2,3,1
153,5,30,5,1,1.25,4,4,-2.43339939212905,0.78675900851617,0.317362824532764,40,2,3,1
153,6,31,0,NA,1.25,4,4,-2.43339939212905,0.78675900851617,0.317362824532764,40,2,3,1
153,6,32,1,NA,1.25,4,4,-2.43339939212905,0.78675900851617,0.317362824532764,40,2,3,1
153,6,33,2,0,1.25,4,4,-2.43339939212905,0.78675900851617,0.317362824532764,40,2,3,1
153,6,34,3,0,1.25,4,4,-2.43339939212905,0.78675900851617,0.317362824532764,40,2,3,1
153,6,35,4,1,1.25,4,4,-2.43339939212905,0.78675900851617,0.317362824532764,40,2,3,1
153,6,36,5,1,1.25,4,4,-2.43339939212905,0.78675900851617,0.317362824532764,40,2,3,1
153,7,37,0,NA,1.25,4,4,-2.43339939212905,0.78675900851617,0.317362824532764,40,2,3,1
153,7,38,1,NA,1.25,4,4,-2.43339939212905,0.78675900851617,0.317362824532764,40,2,3,1
153,7,39,2,NA,1.25,4,4,-2.43339939212905,0.78675900851617,0.317362824532764,40,2,3,1
153,7,40,3,NA,1.25,4,4,-2.43339939212905,0.78675900851617,0.317362824532764,40,2,3,1
153,7,41,4,1,1.25,4,4,-2.43339939212905,0.78675900851617,0.317362824532764,40,2,3,1
153,7,42,5,1,1.25,4,4,-2.43339939212905,0.78675900851617,0.317362824532764,40,2,3,1
155,1,1,0,NA,2.5,4,4,-1.0212669154735,0.78675900851617,0.317362824532764,30,1,9,3
155,1,2,1,0,2.5,4,4,-1.0212669154735,0.78675900851617,0.317362824532764,30,1,9,3
155,1,3,2,NA,2.5,4,4,-1.0212669154735,0.78675900851617,0.317362824532764,30,1,9,3
155,1,4,3,0,2.5,4,4,-1.0212669154735,0.78675900851617,0.317362824532764,30,1,9,3
155,1,5,4,NA,2.5,4,4,-1.0212669154735,0.78675900851617,0.317362824532764,30,1,9,3
155,1,6,5,1,2.5,4,4,-1.0212669154735,0.78675900851617,0.317362824532764,30,1,9,3
155,2,7,0,NA,2.5,4,4,-1.0212669154735,0.78675900851617,0.317362824532764,30,1,9,3
155,2,8,1,NA,2.5,4,4,-1.0212669154735,0.78675900851617,0.317362824532764,30,1,9,3
155,2,9,2,NA,2.5,4,4,-1.0212669154735,0.78675900851617,0.317362824532764,30,1,9,3
155,2,10,3,NA,2.5,4,4,-1.0212669154735,0.78675900851617,0.317362824532764,30,1,9,3
155,2,11,4,0,2.5,4,4,-1.0212669154735,0.78675900851617,0.317362824532764,30,1,9,3
155,2,12,5,1,2.5,4,4,-1.0212669154735,0.78675900851617,0.317362824532764,30,1,9,3
155,3,13,0,0,2.5,4,4,-1.0212669154735,0.78675900851617,0.317362824532764,30,1,9,3
155,3,14,1,1,2.5,4,4,-1.0212669154735,0.78675900851617,0.317362824532764,30,1,9,3
155,3,15,2,0,2.5,4,4,-1.0212669154735,0.78675900851617,0.317362824532764,30,1,9,3
155,3,16,3,NA,2.5,4,4,-1.0212669154735,0.78675900851617,0.317362824532764,30,1,9,3
155,3,17,4,NA,2.5,4,4,-1.0212669154735,0.78675900851617,0.317362824532764,30,1,9,3
155,3,18,5,NA,2.5,4,4,-1.0212669154735,0.78675900851617,0.317362824532764,30,1,9,3
155,4,19,0,NA,2.5,4,4,-1.0212669154735,0.78675900851617,0.317362824532764,30,1,9,3
155,4,20,1,0,2.5,4,4,-1.0212669154735,0.78675900851617,0.317362824532764,30,1,9,3
155,4,21,2,0,2.5,4,4,-1.0212669154735,0.78675900851617,0.317362824532764,30,1,9,3
155,4,22,3,NA,2.5,4,4,-1.0212669154735,0.78675900851617,0.317362824532764,30,1,9,3
155,4,23,4,NA,2.5,4,4,-1.0212669154735,0.78675900851617,0.317362824532764,30,1,9,3
155,4,24,5,NA,2.5,4,4,-1.0212669154735,0.78675900851617,0.317362824532764,30,1,9,3
155,5,25,0,NA,2.5,4,4,-1.0212669154735,0.78675900851617,0.317362824532764,30,1,9,3
155,5,26,1,NA,2.5,4,4,-1.0212669154735,0.78675900851617,0.317362824532764,30,1,9,3
155,5,27,2,NA,2.5,4,4,-1.0212669154735,0.78675900851617,0.317362824532764,30,1,9,3
155,5,28,3,0,2.5,4,4,-1.0212669154735,0.78675900851617,0.317362824532764,30,1,9,3
155,5,29,4,NA,2.5,4,4,-1.0212669154735,0.78675900851617,0.317362824532764,30,1,9,3
155,5,30,5,0,2.5,4,4,-1.0212669154735,0.78675900851617,0.317362824532764,30,1,9,3
155,6,31,0,NA,2.5,4,4,-1.0212669154735,0.78675900851617,0.317362824532764,30,1,9,3
155,6,32,1,NA,2.5,4,4,-1.0212669154735,0.78675900851617,0.317362824532764,30,1,9,3
155,6,33,2,NA,2.5,4,4,-1.0212669154735,0.78675900851617,0.317362824532764,30,1,9,3
155,6,34,3,NA,2.5,4,4,-1.0212669154735,0.78675900851617,0.317362824532764,30,1,9,3
155,6,35,4,1,2.5,4,4,-1.0212669154735,0.78675900851617,0.317362824532764,30,1,9,3
155,6,36,5,0,2.5,4,4,-1.0212669154735,0.78675900851617,0.317362824532764,30,1,9,3
155,7,37,0,NA,2.5,4,4,-1.0212669154735,0.78675900851617,0.317362824532764,30,1,9,3
155,7,38,1,0,2.5,4,4,-1.0212669154735,0.78675900851617,0.317362824532764,30,1,9,3
157,1,1,0,NA,2.5,3,5,-1.0212669154735,-0.2940347819546,1.52974803377415,24,1,4,1
157,1,2,1,0,2.5,3,5,-1.0212669154735,-0.2940347819546,1.52974803377415,24,1,4,1
157,1,3,2,1,2.5,3,5,-1.0212669154735,-0.2940347819546,1.52974803377415,24,1,4,1
157,1,4,3,0,2.5,3,5,-1.0212669154735,-0.2940347819546,1.52974803377415,24,1,4,1
157,1,5,4,NA,2.5,3,5,-1.0212669154735,-0.2940347819546,1.52974803377415,24,1,4,1
157,1,6,5,NA,2.5,3,5,-1.0212669154735,-0.2940347819546,1.52974803377415,24,1,4,1
157,2,7,0,NA,2.5,3,5,-1.0212669154735,-0.2940347819546,1.52974803377415,24,1,4,1
157,2,8,1,1,2.5,3,5,-1.0212669154735,-0.2940347819546,1.52974803377415,24,1,4,1
157,2,9,2,NA,2.5,3,5,-1.0212669154735,-0.2940347819546,1.52974803377415,24,1,4,1
157,2,10,3,0,2.5,3,5,-1.0212669154735,-0.2940347819546,1.52974803377415,24,1,4,1
157,2,11,4,NA,2.5,3,5,-1.0212669154735,-0.2940347819546,1.52974803377415,24,1,4,1
157,2,12,5,NA,2.5,3,5,-1.0212669154735,-0.2940347819546,1.52974803377415,24,1,4,1
157,3,13,0,NA,2.5,3,5,-1.0212669154735,-0.2940347819546,1.52974803377415,24,1,4,1
157,3,14,1,NA,2.5,3,5,-1.0212669154735,-0.2940347819546,1.52974803377415,24,1,4,1
157,3,15,2,NA,2.5,3,5,-1.0212669154735,-0.2940347819546,1.52974803377415,24,1,4,1
157,3,16,3,1,2.5,3,5,-1.0212669154735,-0.2940347819546,1.52974803377415,24,1,4,1
157,3,17,4,0,2.5,3,5,-1.0212669154735,-0.2940347819546,1.52974803377415,24,1,4,1
157,3,18,5,NA,2.5,3,5,-1.0212669154735,-0.2940347819546,1.52974803377415,24,1,4,1
157,4,19,0,NA,2.5,3,5,-1.0212669154735,-0.2940347819546,1.52974803377415,24,1,4,1
157,4,20,1,NA,2.5,3,5,-1.0212669154735,-0.2940347819546,1.52974803377415,24,1,4,1
157,4,21,2,NA,2.5,3,5,-1.0212669154735,-0.2940347819546,1.52974803377415,24,1,4,1
157,4,22,3,NA,2.5,3,5,-1.0212669154735,-0.2940347819546,1.52974803377415,24,1,4,1
157,4,23,4,NA,2.5,3,5,-1.0212669154735,-0.2940347819546,1.52974803377415,24,1,4,1
157,4,24,5,NA,2.5,3,5,-1.0212669154735,-0.2940347819546,1.52974803377415,24,1,4,1
157,5,25,0,NA,2.5,3,5,-1.0212669154735,-0.2940347819546,1.52974803377415,24,1,4,1
157,5,26,1,NA,2.5,3,5,-1.0212669154735,-0.2940347819546,1.52974803377415,24,1,4,1
157,5,27,2,0,2.5,3,5,-1.0212669154735,-0.2940347819546,1.52974803377415,24,1,4,1
157,5,28,3,NA,2.5,3,5,-1.0212669154735,-0.2940347819546,1.52974803377415,24,1,4,1
157,5,29,4,0,2.5,3,5,-1.0212669154735,-0.2940347819546,1.52974803377415,24,1,4,1
158,1,1,0,0,3.75,3.25,3.75,0.390865561182045,-0.0238363343369074,0.0142665222224181,22,2,3,1
158,1,2,1,0,3.75,3.25,3.75,0.390865561182045,-0.0238363343369074,0.0142665222224181,22,2,3,1
158,1,3,2,0,3.75,3.25,3.75,0.390865561182045,-0.0238363343369074,0.0142665222224181,22,2,3,1
158,1,4,3,0,3.75,3.25,3.75,0.390865561182045,-0.0238363343369074,0.0142665222224181,22,2,3,1
158,1,5,4,1,3.75,3.25,3.75,0.390865561182045,-0.0238363343369074,0.0142665222224181,22,2,3,1
158,1,6,5,0,3.75,3.25,3.75,0.390865561182045,-0.0238363343369074,0.0142665222224181,22,2,3,1
158,2,7,0,NA,3.75,3.25,3.75,0.390865561182045,-0.0238363343369074,0.0142665222224181,22,2,3,1
158,2,8,1,1,3.75,3.25,3.75,0.390865561182045,-0.0238363343369074,0.0142665222224181,22,2,3,1
158,2,9,2,NA,3.75,3.25,3.75,0.390865561182045,-0.0238363343369074,0.0142665222224181,22,2,3,1
158,2,10,3,1,3.75,3.25,3.75,0.390865561182045,-0.0238363343369074,0.0142665222224181,22,2,3,1
158,2,11,4,0,3.75,3.25,3.75,0.390865561182045,-0.0238363343369074,0.0142665222224181,22,2,3,1
158,2,12,5,0,3.75,3.25,3.75,0.390865561182045,-0.0238363343369074,0.0142665222224181,22,2,3,1
158,3,13,0,NA,3.75,3.25,3.75,0.390865561182045,-0.0238363343369074,0.0142665222224181,22,2,3,1
158,3,14,1,NA,3.75,3.25,3.75,0.390865561182045,-0.0238363343369074,0.0142665222224181,22,2,3,1
158,3,15,2,1,3.75,3.25,3.75,0.390865561182045,-0.0238363343369074,0.0142665222224181,22,2,3,1
158,3,16,3,1,3.75,3.25,3.75,0.390865561182045,-0.0238363343369074,0.0142665222224181,22,2,3,1
158,3,17,4,1,3.75,3.25,3.75,0.390865561182045,-0.0238363343369074,0.0142665222224181,22,2,3,1
158,3,18,5,1,3.75,3.25,3.75,0.390865561182045,-0.0238363343369074,0.0142665222224181,22,2,3,1
158,4,19,0,NA,3.75,3.25,3.75,0.390865561182045,-0.0238363343369074,0.0142665222224181,22,2,3,1
158,4,20,1,1,3.75,3.25,3.75,0.390865561182045,-0.0238363343369074,0.0142665222224181,22,2,3,1
158,4,21,2,1,3.75,3.25,3.75,0.390865561182045,-0.0238363343369074,0.0142665222224181,22,2,3,1
158,4,22,3,NA,3.75,3.25,3.75,0.390865561182045,-0.0238363343369074,0.0142665222224181,22,2,3,1
158,4,23,4,1,3.75,3.25,3.75,0.390865561182045,-0.0238363343369074,0.0142665222224181,22,2,3,1
158,4,24,5,0,3.75,3.25,3.75,0.390865561182045,-0.0238363343369074,0.0142665222224181,22,2,3,1
158,5,25,0,NA,3.75,3.25,3.75,0.390865561182045,-0.0238363343369074,0.0142665222224181,22,2,3,1
158,5,26,1,1,3.75,3.25,3.75,0.390865561182045,-0.0238363343369074,0.0142665222224181,22,2,3,1
158,5,27,2,1,3.75,3.25,3.75,0.390865561182045,-0.0238363343369074,0.0142665222224181,22,2,3,1
158,5,28,3,1,3.75,3.25,3.75,0.390865561182045,-0.0238363343369074,0.0142665222224181,22,2,3,1
158,5,29,4,1,3.75,3.25,3.75,0.390865561182045,-0.0238363343369074,0.0142665222224181,22,2,3,1
158,5,30,5,1,3.75,3.25,3.75,0.390865561182045,-0.0238363343369074,0.0142665222224181,22,2,3,1
158,6,31,0,1,3.75,3.25,3.75,0.390865561182045,-0.0238363343369074,0.0142665222224181,22,2,3,1
158,6,32,1,1,3.75,3.25,3.75,0.390865561182045,-0.0238363343369074,0.0142665222224181,22,2,3,1
158,6,33,2,0,3.75,3.25,3.75,0.390865561182045,-0.0238363343369074,0.0142665222224181,22,2,3,1
158,6,34,3,0,3.75,3.25,3.75,0.390865561182045,-0.0238363343369074,0.0142665222224181,22,2,3,1
158,6,35,4,1,3.75,3.25,3.75,0.390865561182045,-0.0238363343369074,0.0142665222224181,22,2,3,1
158,6,36,5,1,3.75,3.25,3.75,0.390865561182045,-0.0238363343369074,0.0142665222224181,22,2,3,1
158,7,37,0,0,3.75,3.25,3.75,0.390865561182045,-0.0238363343369074,0.0142665222224181,22,2,3,1
158,7,38,1,0,3.75,3.25,3.75,0.390865561182045,-0.0238363343369074,0.0142665222224181,22,2,3,1
158,7,39,2,0,3.75,3.25,3.75,0.390865561182045,-0.0238363343369074,0.0142665222224181,22,2,3,1
158,7,40,3,1,3.75,3.25,3.75,0.390865561182045,-0.0238363343369074,0.0142665222224181,22,2,3,1
158,7,41,4,NA,3.75,3.25,3.75,0.390865561182045,-0.0238363343369074,0.0142665222224181,22,2,3,1
158,7,42,5,1,3.75,3.25,3.75,0.390865561182045,-0.0238363343369074,0.0142665222224181,22,2,3,1
162,1,30,0,0,3.25,3.5,4,-0.173987429480175,0.246362113280785,0.317362824532764,22,2,4,1
162,1,31,1,1,3.25,3.5,4,-0.173987429480175,0.246362113280785,0.317362824532764,22,2,4,1
162,1,32,2,1,3.25,3.5,4,-0.173987429480175,0.246362113280785,0.317362824532764,22,2,4,1
162,2,34,0,0,3.25,3.5,4,-0.173987429480175,0.246362113280785,0.317362824532764,22,2,4,1
162,2,35,1,0,3.25,3.5,4,-0.173987429480175,0.246362113280785,0.317362824532764,22,2,4,1
163,1,3,0,1,4,1.25,4,0.673292056513154,-2.18542391527845,0.317362824532764,20,1,4,1
163,1,4,1,0,4,1.25,4,0.673292056513154,-2.18542391527845,0.317362824532764,20,1,4,1
163,1,5,2,1,4,1.25,4,0.673292056513154,-2.18542391527845,0.317362824532764,20,1,4,1
163,1,6,3,0,4,1.25,4,0.673292056513154,-2.18542391527845,0.317362824532764,20,1,4,1
163,1,7,4,1,4,1.25,4,0.673292056513154,-2.18542391527845,0.317362824532764,20,1,4,1
163,1,8,5,1,4,1.25,4,0.673292056513154,-2.18542391527845,0.317362824532764,20,1,4,1
163,2,9,0,1,4,1.25,4,0.673292056513154,-2.18542391527845,0.317362824532764,20,1,4,1
163,2,10,1,1,4,1.25,4,0.673292056513154,-2.18542391527845,0.317362824532764,20,1,4,1
163,2,11,2,0,4,1.25,4,0.673292056513154,-2.18542391527845,0.317362824532764,20,1,4,1
163,2,12,3,0,4,1.25,4,0.673292056513154,-2.18542391527845,0.317362824532764,20,1,4,1
163,2,13,4,1,4,1.25,4,0.673292056513154,-2.18542391527845,0.317362824532764,20,1,4,1
163,2,14,5,1,4,1.25,4,0.673292056513154,-2.18542391527845,0.317362824532764,20,1,4,1
163,3,15,0,1,4,1.25,4,0.673292056513154,-2.18542391527845,0.317362824532764,20,1,4,1
163,3,16,1,1,4,1.25,4,0.673292056513154,-2.18542391527845,0.317362824532764,20,1,4,1
163,3,17,2,0,4,1.25,4,0.673292056513154,-2.18542391527845,0.317362824532764,20,1,4,1
163,3,18,3,1,4,1.25,4,0.673292056513154,-2.18542391527845,0.317362824532764,20,1,4,1
163,3,19,4,1,4,1.25,4,0.673292056513154,-2.18542391527845,0.317362824532764,20,1,4,1
163,3,20,5,1,4,1.25,4,0.673292056513154,-2.18542391527845,0.317362824532764,20,1,4,1
163,4,21,0,1,4,1.25,4,0.673292056513154,-2.18542391527845,0.317362824532764,20,1,4,1
163,4,22,1,1,4,1.25,4,0.673292056513154,-2.18542391527845,0.317362824532764,20,1,4,1
163,4,23,2,1,4,1.25,4,0.673292056513154,-2.18542391527845,0.317362824532764,20,1,4,1
163,4,24,3,1,4,1.25,4,0.673292056513154,-2.18542391527845,0.317362824532764,20,1,4,1
163,4,25,4,0,4,1.25,4,0.673292056513154,-2.18542391527845,0.317362824532764,20,1,4,1
163,4,26,5,1,4,1.25,4,0.673292056513154,-2.18542391527845,0.317362824532764,20,1,4,1
163,5,27,0,NA,4,1.25,4,0.673292056513154,-2.18542391527845,0.317362824532764,20,1,4,1
163,5,28,1,1,4,1.25,4,0.673292056513154,-2.18542391527845,0.317362824532764,20,1,4,1
163,5,29,2,1,4,1.25,4,0.673292056513154,-2.18542391527845,0.317362824532764,20,1,4,1
163,5,30,3,1,4,1.25,4,0.673292056513154,-2.18542391527845,0.317362824532764,20,1,4,1
164,1,1,0,1,4.25,4.5,5,0.955718551844264,1.32715590375156,1.52974803377415,29,1,6,1
164,1,2,1,0,4.25,4.5,5,0.955718551844264,1.32715590375156,1.52974803377415,29,1,6,1
164,1,3,2,0,4.25,4.5,5,0.955718551844264,1.32715590375156,1.52974803377415,29,1,6,1
164,1,4,3,0,4.25,4.5,5,0.955718551844264,1.32715590375156,1.52974803377415,29,1,6,1
164,1,5,4,1,4.25,4.5,5,0.955718551844264,1.32715590375156,1.52974803377415,29,1,6,1
164,1,6,5,0,4.25,4.5,5,0.955718551844264,1.32715590375156,1.52974803377415,29,1,6,1
164,2,7,0,0,4.25,4.5,5,0.955718551844264,1.32715590375156,1.52974803377415,29,1,6,1
164,2,8,1,0,4.25,4.5,5,0.955718551844264,1.32715590375156,1.52974803377415,29,1,6,1
164,2,9,2,1,4.25,4.5,5,0.955718551844264,1.32715590375156,1.52974803377415,29,1,6,1
164,2,10,3,0,4.25,4.5,5,0.955718551844264,1.32715590375156,1.52974803377415,29,1,6,1
164,2,11,4,0,4.25,4.5,5,0.955718551844264,1.32715590375156,1.52974803377415,29,1,6,1
164,2,12,5,0,4.25,4.5,5,0.955718551844264,1.32715590375156,1.52974803377415,29,1,6,1
164,3,13,0,1,4.25,4.5,5,0.955718551844264,1.32715590375156,1.52974803377415,29,1,6,1
164,3,14,1,0,4.25,4.5,5,0.955718551844264,1.32715590375156,1.52974803377415,29,1,6,1
164,3,15,2,0,4.25,4.5,5,0.955718551844264,1.32715590375156,1.52974803377415,29,1,6,1
164,3,16,3,0,4.25,4.5,5,0.955718551844264,1.32715590375156,1.52974803377415,29,1,6,1
164,3,17,4,1,4.25,4.5,5,0.955718551844264,1.32715590375156,1.52974803377415,29,1,6,1
164,3,18,5,1,4.25,4.5,5,0.955718551844264,1.32715590375156,1.52974803377415,29,1,6,1
164,4,19,0,1,4.25,4.5,5,0.955718551844264,1.32715590375156,1.52974803377415,29,1,6,1
164,4,20,1,0,4.25,4.5,5,0.955718551844264,1.32715590375156,1.52974803377415,29,1,6,1
164,4,21,2,1,4.25,4.5,5,0.955718551844264,1.32715590375156,1.52974803377415,29,1,6,1
164,4,22,3,1,4.25,4.5,5,0.955718551844264,1.32715590375156,1.52974803377415,29,1,6,1
164,4,23,4,0,4.25,4.5,5,0.955718551844264,1.32715590375156,1.52974803377415,29,1,6,1
164,4,24,5,0,4.25,4.5,5,0.955718551844264,1.32715590375156,1.52974803377415,29,1,6,1
164,5,25,0,1,4.25,4.5,5,0.955718551844264,1.32715590375156,1.52974803377415,29,1,6,1
164,5,26,1,1,4.25,4.5,5,0.955718551844264,1.32715590375156,1.52974803377415,29,1,6,1
164,5,27,2,0,4.25,4.5,5,0.955718551844264,1.32715590375156,1.52974803377415,29,1,6,1
164,5,28,3,1,4.25,4.5,5,0.955718551844264,1.32715590375156,1.52974803377415,29,1,6,1
164,5,29,4,0,4.25,4.5,5,0.955718551844264,1.32715590375156,1.52974803377415,29,1,6,1
164,5,30,5,0,4.25,4.5,5,0.955718551844264,1.32715590375156,1.52974803377415,29,1,6,1
164,6,31,0,1,4.25,4.5,5,0.955718551844264,1.32715590375156,1.52974803377415,29,1,6,1
164,6,32,1,0,4.25,4.5,5,0.955718551844264,1.32715590375156,1.52974803377415,29,1,6,1
164,6,33,2,0,4.25,4.5,5,0.955718551844264,1.32715590375156,1.52974803377415,29,1,6,1
164,6,34,3,1,4.25,4.5,5,0.955718551844264,1.32715590375156,1.52974803377415,29,1,6,1
164,6,35,4,0,4.25,4.5,5,0.955718551844264,1.32715590375156,1.52974803377415,29,1,6,1
164,6,36,5,0,4.25,4.5,5,0.955718551844264,1.32715590375156,1.52974803377415,29,1,6,1
164,7,37,0,1,4.25,4.5,5,0.955718551844264,1.32715590375156,1.52974803377415,29,1,6,1
164,7,38,1,0,4.25,4.5,5,0.955718551844264,1.32715590375156,1.52974803377415,29,1,6,1
164,7,39,2,1,4.25,4.5,5,0.955718551844264,1.32715590375156,1.52974803377415,29,1,6,1
164,7,40,3,1,4.25,4.5,5,0.955718551844264,1.32715590375156,1.52974803377415,29,1,6,1
164,7,41,4,1,4.25,4.5,5,0.955718551844264,1.32715590375156,1.52974803377415,29,1,6,1
164,7,42,5,1,4.25,4.5,5,0.955718551844264,1.32715590375156,1.52974803377415,29,1,6,1
165,1,1,0,0,4.25,4,4.75,0.955718551844264,0.78675900851617,1.2266517314638,26,1,5,1
165,1,2,1,1,4.25,4,4.75,0.955718551844264,0.78675900851617,1.2266517314638,26,1,5,1
165,1,3,2,0,4.25,4,4.75,0.955718551844264,0.78675900851617,1.2266517314638,26,1,5,1
165,1,4,3,0,4.25,4,4.75,0.955718551844264,0.78675900851617,1.2266517314638,26,1,5,1
165,1,5,4,0,4.25,4,4.75,0.955718551844264,0.78675900851617,1.2266517314638,26,1,5,1
165,1,6,5,1,4.25,4,4.75,0.955718551844264,0.78675900851617,1.2266517314638,26,1,5,1
165,2,7,0,0,4.25,4,4.75,0.955718551844264,0.78675900851617,1.2266517314638,26,1,5,1
165,2,8,1,1,4.25,4,4.75,0.955718551844264,0.78675900851617,1.2266517314638,26,1,5,1
165,2,9,2,NA,4.25,4,4.75,0.955718551844264,0.78675900851617,1.2266517314638,26,1,5,1
165,2,10,3,0,4.25,4,4.75,0.955718551844264,0.78675900851617,1.2266517314638,26,1,5,1
165,2,11,4,1,4.25,4,4.75,0.955718551844264,0.78675900851617,1.2266517314638,26,1,5,1
165,2,12,5,0,4.25,4,4.75,0.955718551844264,0.78675900851617,1.2266517314638,26,1,5,1
165,3,13,0,1,4.25,4,4.75,0.955718551844264,0.78675900851617,1.2266517314638,26,1,5,1
165,3,14,1,1,4.25,4,4.75,0.955718551844264,0.78675900851617,1.2266517314638,26,1,5,1
165,3,15,2,0,4.25,4,4.75,0.955718551844264,0.78675900851617,1.2266517314638,26,1,5,1
165,3,16,3,0,4.25,4,4.75,0.955718551844264,0.78675900851617,1.2266517314638,26,1,5,1
165,3,17,4,1,4.25,4,4.75,0.955718551844264,0.78675900851617,1.2266517314638,26,1,5,1
165,3,18,5,0,4.25,4,4.75,0.955718551844264,0.78675900851617,1.2266517314638,26,1,5,1
165,4,19,0,0,4.25,4,4.75,0.955718551844264,0.78675900851617,1.2266517314638,26,1,5,1
165,4,20,1,0,4.25,4,4.75,0.955718551844264,0.78675900851617,1.2266517314638,26,1,5,1
165,4,21,2,0,4.25,4,4.75,0.955718551844264,0.78675900851617,1.2266517314638,26,1,5,1
165,4,22,3,0,4.25,4,4.75,0.955718551844264,0.78675900851617,1.2266517314638,26,1,5,1
165,4,23,4,1,4.25,4,4.75,0.955718551844264,0.78675900851617,1.2266517314638,26,1,5,1
165,4,24,5,0,4.25,4,4.75,0.955718551844264,0.78675900851617,1.2266517314638,26,1,5,1
165,5,25,0,1,4.25,4,4.75,0.955718551844264,0.78675900851617,1.2266517314638,26,1,5,1
165,5,26,1,1,4.25,4,4.75,0.955718551844264,0.78675900851617,1.2266517314638,26,1,5,1
165,5,27,2,1,4.25,4,4.75,0.955718551844264,0.78675900851617,1.2266517314638,26,1,5,1
165,5,28,3,1,4.25,4,4.75,0.955718551844264,0.78675900851617,1.2266517314638,26,1,5,1
165,5,29,4,0,4.25,4,4.75,0.955718551844264,0.78675900851617,1.2266517314638,26,1,5,1
165,5,30,5,1,4.25,4,4.75,0.955718551844264,0.78675900851617,1.2266517314638,26,1,5,1
165,6,31,0,1,4.25,4,4.75,0.955718551844264,0.78675900851617,1.2266517314638,26,1,5,1
165,6,32,1,0,4.25,4,4.75,0.955718551844264,0.78675900851617,1.2266517314638,26,1,5,1
165,6,33,2,0,4.25,4,4.75,0.955718551844264,0.78675900851617,1.2266517314638,26,1,5,1
165,6,34,3,0,4.25,4,4.75,0.955718551844264,0.78675900851617,1.2266517314638,26,1,5,1
165,6,35,4,0,4.25,4,4.75,0.955718551844264,0.78675900851617,1.2266517314638,26,1,5,1
165,6,36,5,1,4.25,4,4.75,0.955718551844264,0.78675900851617,1.2266517314638,26,1,5,1
165,7,37,0,1,4.25,4,4.75,0.955718551844264,0.78675900851617,1.2266517314638,26,1,5,1
165,7,38,1,0,4.25,4,4.75,0.955718551844264,0.78675900851617,1.2266517314638,26,1,5,1
165,7,39,2,0,4.25,4,4.75,0.955718551844264,0.78675900851617,1.2266517314638,26,1,5,1
165,7,40,3,1,4.25,4,4.75,0.955718551844264,0.78675900851617,1.2266517314638,26,1,5,1
165,7,41,4,0,4.25,4,4.75,0.955718551844264,0.78675900851617,1.2266517314638,26,1,5,1
165,7,42,5,1,4.25,4,4.75,0.955718551844264,0.78675900851617,1.2266517314638,26,1,5,1
166,1,1,0,1,4,2.75,3.75,0.673292056513154,-0.564233229572292,0.0142665222224181,24,1,5,1
166,1,2,1,0,4,2.75,3.75,0.673292056513154,-0.564233229572292,0.0142665222224181,24,1,5,1
166,1,3,2,1,4,2.75,3.75,0.673292056513154,-0.564233229572292,0.0142665222224181,24,1,5,1
166,1,4,3,1,4,2.75,3.75,0.673292056513154,-0.564233229572292,0.0142665222224181,24,1,5,1
166,1,5,4,0,4,2.75,3.75,0.673292056513154,-0.564233229572292,0.0142665222224181,24,1,5,1
166,1,6,5,0,4,2.75,3.75,0.673292056513154,-0.564233229572292,0.0142665222224181,24,1,5,1
166,2,7,0,1,4,2.75,3.75,0.673292056513154,-0.564233229572292,0.0142665222224181,24,1,5,1
166,2,8,1,NA,4,2.75,3.75,0.673292056513154,-0.564233229572292,0.0142665222224181,24,1,5,1
166,2,9,2,0,4,2.75,3.75,0.673292056513154,-0.564233229572292,0.0142665222224181,24,1,5,1
166,2,10,3,0,4,2.75,3.75,0.673292056513154,-0.564233229572292,0.0142665222224181,24,1,5,1
166,2,11,4,0,4,2.75,3.75,0.673292056513154,-0.564233229572292,0.0142665222224181,24,1,5,1
166,2,12,5,1,4,2.75,3.75,0.673292056513154,-0.564233229572292,0.0142665222224181,24,1,5,1
166,3,13,0,1,4,2.75,3.75,0.673292056513154,-0.564233229572292,0.0142665222224181,24,1,5,1
166,3,14,1,0,4,2.75,3.75,0.673292056513154,-0.564233229572292,0.0142665222224181,24,1,5,1
166,3,15,2,1,4,2.75,3.75,0.673292056513154,-0.564233229572292,0.0142665222224181,24,1,5,1
166,3,16,3,0,4,2.75,3.75,0.673292056513154,-0.564233229572292,0.0142665222224181,24,1,5,1
166,3,17,4,1,4,2.75,3.75,0.673292056513154,-0.564233229572292,0.0142665222224181,24,1,5,1
166,3,18,5,1,4,2.75,3.75,0.673292056513154,-0.564233229572292,0.0142665222224181,24,1,5,1
166,4,19,0,1,4,2.75,3.75,0.673292056513154,-0.564233229572292,0.0142665222224181,24,1,5,1
166,4,20,1,1,4,2.75,3.75,0.673292056513154,-0.564233229572292,0.0142665222224181,24,1,5,1
166,4,21,2,0,4,2.75,3.75,0.673292056513154,-0.564233229572292,0.0142665222224181,24,1,5,1
166,4,22,3,1,4,2.75,3.75,0.673292056513154,-0.564233229572292,0.0142665222224181,24,1,5,1
166,4,23,4,1,4,2.75,3.75,0.673292056513154,-0.564233229572292,0.0142665222224181,24,1,5,1
166,4,24,5,0,4,2.75,3.75,0.673292056513154,-0.564233229572292,0.0142665222224181,24,1,5,1
166,5,25,0,NA,4,2.75,3.75,0.673292056513154,-0.564233229572292,0.0142665222224181,24,1,5,1
166,5,26,1,0,4,2.75,3.75,0.673292056513154,-0.564233229572292,0.0142665222224181,24,1,5,1
166,5,27,2,0,4,2.75,3.75,0.673292056513154,-0.564233229572292,0.0142665222224181,24,1,5,1
166,5,28,3,0,4,2.75,3.75,0.673292056513154,-0.564233229572292,0.0142665222224181,24,1,5,1
166,5,29,4,1,4,2.75,3.75,0.673292056513154,-0.564233229572292,0.0142665222224181,24,1,5,1
166,5,30,5,0,4,2.75,3.75,0.673292056513154,-0.564233229572292,0.0142665222224181,24,1,5,1
166,6,31,0,0,4,2.75,3.75,0.673292056513154,-0.564233229572292,0.0142665222224181,24,1,5,1
166,6,32,1,0,4,2.75,3.75,0.673292056513154,-0.564233229572292,0.0142665222224181,24,1,5,1
166,6,33,2,0,4,2.75,3.75,0.673292056513154,-0.564233229572292,0.0142665222224181,24,1,5,1
166,6,34,3,0,4,2.75,3.75,0.673292056513154,-0.564233229572292,0.0142665222224181,24,1,5,1
166,6,35,4,1,4,2.75,3.75,0.673292056513154,-0.564233229572292,0.0142665222224181,24,1,5,1
166,6,36,5,0,4,2.75,3.75,0.673292056513154,-0.564233229572292,0.0142665222224181,24,1,5,1
166,7,37,0,1,4,2.75,3.75,0.673292056513154,-0.564233229572292,0.0142665222224181,24,1,5,1
166,7,38,1,NA,4,2.75,3.75,0.673292056513154,-0.564233229572292,0.0142665222224181,24,1,5,1
166,7,39,2,NA,4,2.75,3.75,0.673292056513154,-0.564233229572292,0.0142665222224181,24,1,5,1
166,7,40,3,0,4,2.75,3.75,0.673292056513154,-0.564233229572292,0.0142665222224181,24,1,5,1
166,7,41,4,0,4,2.75,3.75,0.673292056513154,-0.564233229572292,0.0142665222224181,24,1,5,1
166,7,42,5,0,4,2.75,3.75,0.673292056513154,-0.564233229572292,0.0142665222224181,24,1,5,1
168,1,1,0,0,3.75,4.5,4,0.390865561182045,1.32715590375156,0.317362824532764,26,1,5,1
168,1,2,1,0,3.75,4.5,4,0.390865561182045,1.32715590375156,0.317362824532764,26,1,5,1
168,1,3,2,0,3.75,4.5,4,0.390865561182045,1.32715590375156,0.317362824532764,26,1,5,1
168,1,4,3,0,3.75,4.5,4,0.390865561182045,1.32715590375156,0.317362824532764,26,1,5,1
168,1,5,4,1,3.75,4.5,4,0.390865561182045,1.32715590375156,0.317362824532764,26,1,5,1
168,1,6,5,1,3.75,4.5,4,0.390865561182045,1.32715590375156,0.317362824532764,26,1,5,1
168,2,7,0,NA,3.75,4.5,4,0.390865561182045,1.32715590375156,0.317362824532764,26,1,5,1
168,2,8,1,1,3.75,4.5,4,0.390865561182045,1.32715590375156,0.317362824532764,26,1,5,1
168,2,9,2,1,3.75,4.5,4,0.390865561182045,1.32715590375156,0.317362824532764,26,1,5,1
168,2,10,3,0,3.75,4.5,4,0.390865561182045,1.32715590375156,0.317362824532764,26,1,5,1
168,2,11,4,0,3.75,4.5,4,0.390865561182045,1.32715590375156,0.317362824532764,26,1,5,1
168,2,12,5,0,3.75,4.5,4,0.390865561182045,1.32715590375156,0.317362824532764,26,1,5,1
168,3,13,0,0,3.75,4.5,4,0.390865561182045,1.32715590375156,0.317362824532764,26,1,5,1
168,3,14,1,1,3.75,4.5,4,0.390865561182045,1.32715590375156,0.317362824532764,26,1,5,1
168,3,15,2,1,3.75,4.5,4,0.390865561182045,1.32715590375156,0.317362824532764,26,1,5,1
168,3,16,3,0,3.75,4.5,4,0.390865561182045,1.32715590375156,0.317362824532764,26,1,5,1
168,3,17,4,1,3.75,4.5,4,0.390865561182045,1.32715590375156,0.317362824532764,26,1,5,1
168,3,18,5,0,3.75,4.5,4,0.390865561182045,1.32715590375156,0.317362824532764,26,1,5,1
168,4,19,0,1,3.75,4.5,4,0.390865561182045,1.32715590375156,0.317362824532764,26,1,5,1
168,4,20,1,0,3.75,4.5,4,0.390865561182045,1.32715590375156,0.317362824532764,26,1,5,1
168,4,21,2,0,3.75,4.5,4,0.390865561182045,1.32715590375156,0.317362824532764,26,1,5,1
168,4,22,3,0,3.75,4.5,4,0.390865561182045,1.32715590375156,0.317362824532764,26,1,5,1
168,4,23,4,1,3.75,4.5,4,0.390865561182045,1.32715590375156,0.317362824532764,26,1,5,1
168,4,24,5,1,3.75,4.5,4,0.390865561182045,1.32715590375156,0.317362824532764,26,1,5,1
168,5,25,0,0,3.75,4.5,4,0.390865561182045,1.32715590375156,0.317362824532764,26,1,5,1
168,5,26,1,1,3.75,4.5,4,0.390865561182045,1.32715590375156,0.317362824532764,26,1,5,1
168,5,27,2,0,3.75,4.5,4,0.390865561182045,1.32715590375156,0.317362824532764,26,1,5,1
168,5,28,3,1,3.75,4.5,4,0.390865561182045,1.32715590375156,0.317362824532764,26,1,5,1
168,5,29,4,1,3.75,4.5,4,0.390865561182045,1.32715590375156,0.317362824532764,26,1,5,1
168,5,30,5,0,3.75,4.5,4,0.390865561182045,1.32715590375156,0.317362824532764,26,1,5,1
168,6,31,0,1,3.75,4.5,4,0.390865561182045,1.32715590375156,0.317362824532764,26,1,5,1
168,6,32,1,0,3.75,4.5,4,0.390865561182045,1.32715590375156,0.317362824532764,26,1,5,1
168,6,33,2,0,3.75,4.5,4,0.390865561182045,1.32715590375156,0.317362824532764,26,1,5,1
168,6,34,3,0,3.75,4.5,4,0.390865561182045,1.32715590375156,0.317362824532764,26,1,5,1
168,6,35,4,0,3.75,4.5,4,0.390865561182045,1.32715590375156,0.317362824532764,26,1,5,1
168,6,36,5,0,3.75,4.5,4,0.390865561182045,1.32715590375156,0.317362824532764,26,1,5,1
168,7,37,0,0,3.75,4.5,4,0.390865561182045,1.32715590375156,0.317362824532764,26,1,5,1
168,7,38,1,0,3.75,4.5,4,0.390865561182045,1.32715590375156,0.317362824532764,26,1,5,1
168,7,39,2,0,3.75,4.5,4,0.390865561182045,1.32715590375156,0.317362824532764,26,1,5,1
168,7,40,3,1,3.75,4.5,4,0.390865561182045,1.32715590375156,0.317362824532764,26,1,5,1
168,7,41,4,0,3.75,4.5,4,0.390865561182045,1.32715590375156,0.317362824532764,26,1,5,1
168,7,42,5,0,3.75,4.5,4,0.390865561182045,1.32715590375156,0.317362824532764,26,1,5,1
170,1,1,0,1,2,2.75,3.5,-1.58611990613572,-0.564233229572292,-0.288829780087927,24,2,4,1
170,1,2,1,1,2,2.75,3.5,-1.58611990613572,-0.564233229572292,-0.288829780087927,24,2,4,1
170,1,3,2,1,2,2.75,3.5,-1.58611990613572,-0.564233229572292,-0.288829780087927,24,2,4,1
170,1,4,3,1,2,2.75,3.5,-1.58611990613572,-0.564233229572292,-0.288829780087927,24,2,4,1
170,1,5,4,0,2,2.75,3.5,-1.58611990613572,-0.564233229572292,-0.288829780087927,24,2,4,1
170,1,6,5,0,2,2.75,3.5,-1.58611990613572,-0.564233229572292,-0.288829780087927,24,2,4,1
170,2,7,0,1,2,2.75,3.5,-1.58611990613572,-0.564233229572292,-0.288829780087927,24,2,4,1
170,2,8,1,1,2,2.75,3.5,-1.58611990613572,-0.564233229572292,-0.288829780087927,24,2,4,1
170,2,9,2,0,2,2.75,3.5,-1.58611990613572,-0.564233229572292,-0.288829780087927,24,2,4,1
170,2,10,3,0,2,2.75,3.5,-1.58611990613572,-0.564233229572292,-0.288829780087927,24,2,4,1
170,2,11,4,0,2,2.75,3.5,-1.58611990613572,-0.564233229572292,-0.288829780087927,24,2,4,1
170,2,12,5,0,2,2.75,3.5,-1.58611990613572,-0.564233229572292,-0.288829780087927,24,2,4,1
170,3,13,0,0,2,2.75,3.5,-1.58611990613572,-0.564233229572292,-0.288829780087927,24,2,4,1
170,3,14,1,1,2,2.75,3.5,-1.58611990613572,-0.564233229572292,-0.288829780087927,24,2,4,1
170,3,15,2,0,2,2.75,3.5,-1.58611990613572,-0.564233229572292,-0.288829780087927,24,2,4,1
170,3,16,3,1,2,2.75,3.5,-1.58611990613572,-0.564233229572292,-0.288829780087927,24,2,4,1
170,3,17,4,0,2,2.75,3.5,-1.58611990613572,-0.564233229572292,-0.288829780087927,24,2,4,1
170,3,18,5,1,2,2.75,3.5,-1.58611990613572,-0.564233229572292,-0.288829780087927,24,2,4,1
170,4,19,0,1,2,2.75,3.5,-1.58611990613572,-0.564233229572292,-0.288829780087927,24,2,4,1
170,4,20,1,1,2,2.75,3.5,-1.58611990613572,-0.564233229572292,-0.288829780087927,24,2,4,1
170,4,21,2,1,2,2.75,3.5,-1.58611990613572,-0.564233229572292,-0.288829780087927,24,2,4,1
170,4,22,3,NA,2,2.75,3.5,-1.58611990613572,-0.564233229572292,-0.288829780087927,24,2,4,1
170,4,23,4,0,2,2.75,3.5,-1.58611990613572,-0.564233229572292,-0.288829780087927,24,2,4,1
170,4,24,5,1,2,2.75,3.5,-1.58611990613572,-0.564233229572292,-0.288829780087927,24,2,4,1
170,5,25,0,1,2,2.75,3.5,-1.58611990613572,-0.564233229572292,-0.288829780087927,24,2,4,1
170,5,26,1,0,2,2.75,3.5,-1.58611990613572,-0.564233229572292,-0.288829780087927,24,2,4,1
170,5,27,2,1,2,2.75,3.5,-1.58611990613572,-0.564233229572292,-0.288829780087927,24,2,4,1
170,5,28,3,NA,2,2.75,3.5,-1.58611990613572,-0.564233229572292,-0.288829780087927,24,2,4,1
170,5,29,4,0,2,2.75,3.5,-1.58611990613572,-0.564233229572292,-0.288829780087927,24,2,4,1
170,5,30,5,0,2,2.75,3.5,-1.58611990613572,-0.564233229572292,-0.288829780087927,24,2,4,1
170,6,31,0,0,2,2.75,3.5,-1.58611990613572,-0.564233229572292,-0.288829780087927,24,2,4,1
170,6,32,1,0,2,2.75,3.5,-1.58611990613572,-0.564233229572292,-0.288829780087927,24,2,4,1
170,6,33,2,0,2,2.75,3.5,-1.58611990613572,-0.564233229572292,-0.288829780087927,24,2,4,1
170,6,34,3,0,2,2.75,3.5,-1.58611990613572,-0.564233229572292,-0.288829780087927,24,2,4,1
170,6,35,4,0,2,2.75,3.5,-1.58611990613572,-0.564233229572292,-0.288829780087927,24,2,4,1
170,6,36,5,0,2,2.75,3.5,-1.58611990613572,-0.564233229572292,-0.288829780087927,24,2,4,1
170,7,37,0,1,2,2.75,3.5,-1.58611990613572,-0.564233229572292,-0.288829780087927,24,2,4,1
170,7,38,1,1,2,2.75,3.5,-1.58611990613572,-0.564233229572292,-0.288829780087927,24,2,4,1
170,7,39,2,1,2,2.75,3.5,-1.58611990613572,-0.564233229572292,-0.288829780087927,24,2,4,1
170,7,40,3,0,2,2.75,3.5,-1.58611990613572,-0.564233229572292,-0.288829780087927,24,2,4,1
170,7,41,4,0,2,2.75,3.5,-1.58611990613572,-0.564233229572292,-0.288829780087927,24,2,4,1
170,7,42,5,1,2,2.75,3.5,-1.58611990613572,-0.564233229572292,-0.288829780087927,24,2,4,1
171,1,1,0,0,3,3.75,4.75,-0.456413924811284,0.516560560898478,1.2266517314638,23,1,5,1
171,1,2,1,0,3,3.75,4.75,-0.456413924811284,0.516560560898478,1.2266517314638,23,1,5,1
171,1,3,2,1,3,3.75,4.75,-0.456413924811284,0.516560560898478,1.2266517314638,23,1,5,1
171,1,4,3,0,3,3.75,4.75,-0.456413924811284,0.516560560898478,1.2266517314638,23,1,5,1
171,1,5,4,1,3,3.75,4.75,-0.456413924811284,0.516560560898478,1.2266517314638,23,1,5,1
171,1,6,5,0,3,3.75,4.75,-0.456413924811284,0.516560560898478,1.2266517314638,23,1,5,1
171,2,7,0,0,3,3.75,4.75,-0.456413924811284,0.516560560898478,1.2266517314638,23,1,5,1
171,2,8,1,0,3,3.75,4.75,-0.456413924811284,0.516560560898478,1.2266517314638,23,1,5,1
171,2,9,2,1,3,3.75,4.75,-0.456413924811284,0.516560560898478,1.2266517314638,23,1,5,1
171,2,10,3,1,3,3.75,4.75,-0.456413924811284,0.516560560898478,1.2266517314638,23,1,5,1
171,2,11,4,0,3,3.75,4.75,-0.456413924811284,0.516560560898478,1.2266517314638,23,1,5,1
171,2,12,5,0,3,3.75,4.75,-0.456413924811284,0.516560560898478,1.2266517314638,23,1,5,1
171,3,13,0,NA,3,3.75,4.75,-0.456413924811284,0.516560560898478,1.2266517314638,23,1,5,1
171,3,14,1,0,3,3.75,4.75,-0.456413924811284,0.516560560898478,1.2266517314638,23,1,5,1
171,3,15,2,0,3,3.75,4.75,-0.456413924811284,0.516560560898478,1.2266517314638,23,1,5,1
171,3,16,3,1,3,3.75,4.75,-0.456413924811284,0.516560560898478,1.2266517314638,23,1,5,1
171,3,17,4,0,3,3.75,4.75,-0.456413924811284,0.516560560898478,1.2266517314638,23,1,5,1
171,3,18,5,0,3,3.75,4.75,-0.456413924811284,0.516560560898478,1.2266517314638,23,1,5,1
171,4,19,0,1,3,3.75,4.75,-0.456413924811284,0.516560560898478,1.2266517314638,23,1,5,1
171,4,20,1,0,3,3.75,4.75,-0.456413924811284,0.516560560898478,1.2266517314638,23,1,5,1
171,4,21,2,1,3,3.75,4.75,-0.456413924811284,0.516560560898478,1.2266517314638,23,1,5,1
171,4,22,3,0,3,3.75,4.75,-0.456413924811284,0.516560560898478,1.2266517314638,23,1,5,1
171,4,23,4,0,3,3.75,4.75,-0.456413924811284,0.516560560898478,1.2266517314638,23,1,5,1
171,4,24,5,0,3,3.75,4.75,-0.456413924811284,0.516560560898478,1.2266517314638,23,1,5,1
171,5,25,0,0,3,3.75,4.75,-0.456413924811284,0.516560560898478,1.2266517314638,23,1,5,1
171,5,26,1,0,3,3.75,4.75,-0.456413924811284,0.516560560898478,1.2266517314638,23,1,5,1
171,5,27,2,0,3,3.75,4.75,-0.456413924811284,0.516560560898478,1.2266517314638,23,1,5,1
171,5,28,3,1,3,3.75,4.75,-0.456413924811284,0.516560560898478,1.2266517314638,23,1,5,1
171,5,29,4,0,3,3.75,4.75,-0.456413924811284,0.516560560898478,1.2266517314638,23,1,5,1
171,5,30,5,0,3,3.75,4.75,-0.456413924811284,0.516560560898478,1.2266517314638,23,1,5,1
171,6,31,0,0,3,3.75,4.75,-0.456413924811284,0.516560560898478,1.2266517314638,23,1,5,1
171,6,32,1,0,3,3.75,4.75,-0.456413924811284,0.516560560898478,1.2266517314638,23,1,5,1
171,6,33,2,0,3,3.75,4.75,-0.456413924811284,0.516560560898478,1.2266517314638,23,1,5,1
171,6,34,3,1,3,3.75,4.75,-0.456413924811284,0.516560560898478,1.2266517314638,23,1,5,1
171,6,35,4,0,3,3.75,4.75,-0.456413924811284,0.516560560898478,1.2266517314638,23,1,5,1
171,6,36,5,0,3,3.75,4.75,-0.456413924811284,0.516560560898478,1.2266517314638,23,1,5,1
171,7,37,0,NA,3,3.75,4.75,-0.456413924811284,0.516560560898478,1.2266517314638,23,1,5,1
171,7,38,1,0,3,3.75,4.75,-0.456413924811284,0.516560560898478,1.2266517314638,23,1,5,1
171,7,39,2,0,3,3.75,4.75,-0.456413924811284,0.516560560898478,1.2266517314638,23,1,5,1
171,7,40,3,0,3,3.75,4.75,-0.456413924811284,0.516560560898478,1.2266517314638,23,1,5,1
171,7,41,4,0,3,3.75,4.75,-0.456413924811284,0.516560560898478,1.2266517314638,23,1,5,1
171,7,42,5,0,3,3.75,4.75,-0.456413924811284,0.516560560898478,1.2266517314638,23,1,5,1
172,1,1,0,1,4,4.25,3.75,0.673292056513154,1.05695745613386,0.0142665222224181,26,1,4,1
172,1,2,1,1,4,4.25,3.75,0.673292056513154,1.05695745613386,0.0142665222224181,26,1,4,1
172,1,3,2,0,4,4.25,3.75,0.673292056513154,1.05695745613386,0.0142665222224181,26,1,4,1
172,1,4,3,0,4,4.25,3.75,0.673292056513154,1.05695745613386,0.0142665222224181,26,1,4,1
172,1,5,4,0,4,4.25,3.75,0.673292056513154,1.05695745613386,0.0142665222224181,26,1,4,1
172,1,6,5,1,4,4.25,3.75,0.673292056513154,1.05695745613386,0.0142665222224181,26,1,4,1
172,2,7,0,0,4,4.25,3.75,0.673292056513154,1.05695745613386,0.0142665222224181,26,1,4,1
172,2,8,1,1,4,4.25,3.75,0.673292056513154,1.05695745613386,0.0142665222224181,26,1,4,1
172,2,9,2,0,4,4.25,3.75,0.673292056513154,1.05695745613386,0.0142665222224181,26,1,4,1
172,2,10,3,0,4,4.25,3.75,0.673292056513154,1.05695745613386,0.0142665222224181,26,1,4,1
172,2,11,4,0,4,4.25,3.75,0.673292056513154,1.05695745613386,0.0142665222224181,26,1,4,1
172,2,12,5,0,4,4.25,3.75,0.673292056513154,1.05695745613386,0.0142665222224181,26,1,4,1
172,3,13,0,0,4,4.25,3.75,0.673292056513154,1.05695745613386,0.0142665222224181,26,1,4,1
172,3,14,1,NA,4,4.25,3.75,0.673292056513154,1.05695745613386,0.0142665222224181,26,1,4,1
172,3,15,2,0,4,4.25,3.75,0.673292056513154,1.05695745613386,0.0142665222224181,26,1,4,1
172,3,16,3,0,4,4.25,3.75,0.673292056513154,1.05695745613386,0.0142665222224181,26,1,4,1
172,3,17,4,0,4,4.25,3.75,0.673292056513154,1.05695745613386,0.0142665222224181,26,1,4,1
172,4,18,0,1,4,4.25,3.75,0.673292056513154,1.05695745613386,0.0142665222224181,26,1,4,1
172,4,19,1,0,4,4.25,3.75,0.673292056513154,1.05695745613386,0.0142665222224181,26,1,4,1
172,4,20,2,1,4,4.25,3.75,0.673292056513154,1.05695745613386,0.0142665222224181,26,1,4,1
172,4,21,3,0,4,4.25,3.75,0.673292056513154,1.05695745613386,0.0142665222224181,26,1,4,1
172,4,22,4,0,4,4.25,3.75,0.673292056513154,1.05695745613386,0.0142665222224181,26,1,4,1
172,5,23,0,0,4,4.25,3.75,0.673292056513154,1.05695745613386,0.0142665222224181,26,1,4,1
172,5,24,1,0,4,4.25,3.75,0.673292056513154,1.05695745613386,0.0142665222224181,26,1,4,1
172,5,25,2,0,4,4.25,3.75,0.673292056513154,1.05695745613386,0.0142665222224181,26,1,4,1
172,5,26,3,0,4,4.25,3.75,0.673292056513154,1.05695745613386,0.0142665222224181,26,1,4,1
172,5,27,4,1,4,4.25,3.75,0.673292056513154,1.05695745613386,0.0142665222224181,26,1,4,1
172,5,28,5,0,4,4.25,3.75,0.673292056513154,1.05695745613386,0.0142665222224181,26,1,4,1
172,6,29,0,0,4,4.25,3.75,0.673292056513154,1.05695745613386,0.0142665222224181,26,1,4,1
172,6,30,1,0,4,4.25,3.75,0.673292056513154,1.05695745613386,0.0142665222224181,26,1,4,1
172,6,31,2,0,4,4.25,3.75,0.673292056513154,1.05695745613386,0.0142665222224181,26,1,4,1
172,6,32,3,0,4,4.25,3.75,0.673292056513154,1.05695745613386,0.0142665222224181,26,1,4,1
172,6,33,4,1,4,4.25,3.75,0.673292056513154,1.05695745613386,0.0142665222224181,26,1,4,1
172,6,34,5,0,4,4.25,3.75,0.673292056513154,1.05695745613386,0.0142665222224181,26,1,4,1
172,7,35,0,0,4,4.25,3.75,0.673292056513154,1.05695745613386,0.0142665222224181,26,1,4,1
172,7,36,1,1,4,4.25,3.75,0.673292056513154,1.05695745613386,0.0142665222224181,26,1,4,1
172,7,37,2,0,4,4.25,3.75,0.673292056513154,1.05695745613386,0.0142665222224181,26,1,4,1
172,7,38,3,0,4,4.25,3.75,0.673292056513154,1.05695745613386,0.0142665222224181,26,1,4,1
172,7,39,4,1,4,4.25,3.75,0.673292056513154,1.05695745613386,0.0142665222224181,26,1,4,1
172,7,40,5,0,4,4.25,3.75,0.673292056513154,1.05695745613386,0.0142665222224181,26,1,4,1
174,1,1,0,NA,3,4,4.25,-0.456413924811284,0.78675900851617,0.620459126843109,24,1,5,1
174,1,2,1,0,3,4,4.25,-0.456413924811284,0.78675900851617,0.620459126843109,24,1,5,1
174,1,3,2,0,3,4,4.25,-0.456413924811284,0.78675900851617,0.620459126843109,24,1,5,1
174,1,4,3,0,3,4,4.25,-0.456413924811284,0.78675900851617,0.620459126843109,24,1,5,1
174,1,5,4,0,3,4,4.25,-0.456413924811284,0.78675900851617,0.620459126843109,24,1,5,1
174,1,6,5,1,3,4,4.25,-0.456413924811284,0.78675900851617,0.620459126843109,24,1,5,1
174,2,7,0,1,3,4,4.25,-0.456413924811284,0.78675900851617,0.620459126843109,24,1,5,1
174,2,8,1,0,3,4,4.25,-0.456413924811284,0.78675900851617,0.620459126843109,24,1,5,1
174,2,9,2,1,3,4,4.25,-0.456413924811284,0.78675900851617,0.620459126843109,24,1,5,1
174,2,10,3,NA,3,4,4.25,-0.456413924811284,0.78675900851617,0.620459126843109,24,1,5,1
174,2,11,4,0,3,4,4.25,-0.456413924811284,0.78675900851617,0.620459126843109,24,1,5,1
174,2,12,5,0,3,4,4.25,-0.456413924811284,0.78675900851617,0.620459126843109,24,1,5,1
174,3,13,0,1,3,4,4.25,-0.456413924811284,0.78675900851617,0.620459126843109,24,1,5,1
174,3,14,1,0,3,4,4.25,-0.456413924811284,0.78675900851617,0.620459126843109,24,1,5,1
174,3,15,2,1,3,4,4.25,-0.456413924811284,0.78675900851617,0.620459126843109,24,1,5,1
174,3,16,3,1,3,4,4.25,-0.456413924811284,0.78675900851617,0.620459126843109,24,1,5,1
174,3,17,4,0,3,4,4.25,-0.456413924811284,0.78675900851617,0.620459126843109,24,1,5,1
174,3,18,5,1,3,4,4.25,-0.456413924811284,0.78675900851617,0.620459126843109,24,1,5,1
174,4,19,0,1,3,4,4.25,-0.456413924811284,0.78675900851617,0.620459126843109,24,1,5,1
174,4,20,1,1,3,4,4.25,-0.456413924811284,0.78675900851617,0.620459126843109,24,1,5,1
174,4,21,2,0,3,4,4.25,-0.456413924811284,0.78675900851617,0.620459126843109,24,1,5,1
174,4,22,3,1,3,4,4.25,-0.456413924811284,0.78675900851617,0.620459126843109,24,1,5,1
174,4,23,4,0,3,4,4.25,-0.456413924811284,0.78675900851617,0.620459126843109,24,1,5,1
174,4,24,5,0,3,4,4.25,-0.456413924811284,0.78675900851617,0.620459126843109,24,1,5,1
174,5,25,0,1,3,4,4.25,-0.456413924811284,0.78675900851617,0.620459126843109,24,1,5,1
174,5,26,1,0,3,4,4.25,-0.456413924811284,0.78675900851617,0.620459126843109,24,1,5,1
174,5,27,2,0,3,4,4.25,-0.456413924811284,0.78675900851617,0.620459126843109,24,1,5,1
174,5,28,3,0,3,4,4.25,-0.456413924811284,0.78675900851617,0.620459126843109,24,1,5,1
174,5,29,4,0,3,4,4.25,-0.456413924811284,0.78675900851617,0.620459126843109,24,1,5,1
174,5,30,5,0,3,4,4.25,-0.456413924811284,0.78675900851617,0.620459126843109,24,1,5,1
174,6,31,0,1,3,4,4.25,-0.456413924811284,0.78675900851617,0.620459126843109,24,1,5,1
174,6,32,1,0,3,4,4.25,-0.456413924811284,0.78675900851617,0.620459126843109,24,1,5,1
174,6,33,2,1,3,4,4.25,-0.456413924811284,0.78675900851617,0.620459126843109,24,1,5,1
174,6,34,3,1,3,4,4.25,-0.456413924811284,0.78675900851617,0.620459126843109,24,1,5,1
174,6,35,4,1,3,4,4.25,-0.456413924811284,0.78675900851617,0.620459126843109,24,1,5,1
174,6,36,5,1,3,4,4.25,-0.456413924811284,0.78675900851617,0.620459126843109,24,1,5,1
174,7,37,0,1,3,4,4.25,-0.456413924811284,0.78675900851617,0.620459126843109,24,1,5,1
174,7,38,1,1,3,4,4.25,-0.456413924811284,0.78675900851617,0.620459126843109,24,1,5,1
174,7,39,2,1,3,4,4.25,-0.456413924811284,0.78675900851617,0.620459126843109,24,1,5,1
174,7,40,3,0,3,4,4.25,-0.456413924811284,0.78675900851617,0.620459126843109,24,1,5,1
174,7,41,4,0,3,4,4.25,-0.456413924811284,0.78675900851617,0.620459126843109,24,1,5,1
174,7,42,5,1,3,4,4.25,-0.456413924811284,0.78675900851617,0.620459126843109,24,1,5,1
177,1,1,0,NA,4.75,3,1.75,1.52057154250648,-0.2940347819546,-2.41050389626035,28,1,10,1
177,1,2,1,NA,4.75,3,1.75,1.52057154250648,-0.2940347819546,-2.41050389626035,28,1,10,1
177,1,3,2,NA,4.75,3,1.75,1.52057154250648,-0.2940347819546,-2.41050389626035,28,1,10,1
177,1,4,3,0,4.75,3,1.75,1.52057154250648,-0.2940347819546,-2.41050389626035,28,1,10,1
177,2,5,4,1,4.75,3,1.75,1.52057154250648,-0.2940347819546,-2.41050389626035,28,1,10,1
177,2,6,5,0,4.75,3,1.75,1.52057154250648,-0.2940347819546,-2.41050389626035,28,1,10,1
177,2,7,0,0,4.75,3,1.75,1.52057154250648,-0.2940347819546,-2.41050389626035,28,1,10,1
177,2,8,1,1,4.75,3,1.75,1.52057154250648,-0.2940347819546,-2.41050389626035,28,1,10,1
178,1,1,0,0,2,1.75,4.25,-1.58611990613572,-1.64502702004306,0.620459126843109,31,2,8,3
178,1,2,1,0,2,1.75,4.25,-1.58611990613572,-1.64502702004306,0.620459126843109,31,2,8,3
178,1,3,2,0,2,1.75,4.25,-1.58611990613572,-1.64502702004306,0.620459126843109,31,2,8,3
178,1,4,3,0,2,1.75,4.25,-1.58611990613572,-1.64502702004306,0.620459126843109,31,2,8,3
178,1,5,4,1,2,1.75,4.25,-1.58611990613572,-1.64502702004306,0.620459126843109,31,2,8,3
178,1,6,5,1,2,1.75,4.25,-1.58611990613572,-1.64502702004306,0.620459126843109,31,2,8,3
178,2,7,0,0,2,1.75,4.25,-1.58611990613572,-1.64502702004306,0.620459126843109,31,2,8,3
178,2,8,1,0,2,1.75,4.25,-1.58611990613572,-1.64502702004306,0.620459126843109,31,2,8,3
178,2,9,2,0,2,1.75,4.25,-1.58611990613572,-1.64502702004306,0.620459126843109,31,2,8,3
178,2,10,3,0,2,1.75,4.25,-1.58611990613572,-1.64502702004306,0.620459126843109,31,2,8,3
178,2,11,4,1,2,1.75,4.25,-1.58611990613572,-1.64502702004306,0.620459126843109,31,2,8,3
178,2,12,5,0,2,1.75,4.25,-1.58611990613572,-1.64502702004306,0.620459126843109,31,2,8,3
178,3,13,0,1,2,1.75,4.25,-1.58611990613572,-1.64502702004306,0.620459126843109,31,2,8,3
178,3,14,1,0,2,1.75,4.25,-1.58611990613572,-1.64502702004306,0.620459126843109,31,2,8,3
178,3,15,2,0,2,1.75,4.25,-1.58611990613572,-1.64502702004306,0.620459126843109,31,2,8,3
178,3,16,3,0,2,1.75,4.25,-1.58611990613572,-1.64502702004306,0.620459126843109,31,2,8,3
178,3,17,4,0,2,1.75,4.25,-1.58611990613572,-1.64502702004306,0.620459126843109,31,2,8,3
178,3,18,5,0,2,1.75,4.25,-1.58611990613572,-1.64502702004306,0.620459126843109,31,2,8,3
178,4,19,0,0,2,1.75,4.25,-1.58611990613572,-1.64502702004306,0.620459126843109,31,2,8,3
178,4,20,1,0,2,1.75,4.25,-1.58611990613572,-1.64502702004306,0.620459126843109,31,2,8,3
178,4,21,2,1,2,1.75,4.25,-1.58611990613572,-1.64502702004306,0.620459126843109,31,2,8,3
178,4,22,3,1,2,1.75,4.25,-1.58611990613572,-1.64502702004306,0.620459126843109,31,2,8,3
178,4,23,4,1,2,1.75,4.25,-1.58611990613572,-1.64502702004306,0.620459126843109,31,2,8,3
178,4,24,5,0,2,1.75,4.25,-1.58611990613572,-1.64502702004306,0.620459126843109,31,2,8,3
178,5,25,0,1,2,1.75,4.25,-1.58611990613572,-1.64502702004306,0.620459126843109,31,2,8,3
178,5,26,1,0,2,1.75,4.25,-1.58611990613572,-1.64502702004306,0.620459126843109,31,2,8,3
178,5,27,2,0,2,1.75,4.25,-1.58611990613572,-1.64502702004306,0.620459126843109,31,2,8,3
178,5,28,3,0,2,1.75,4.25,-1.58611990613572,-1.64502702004306,0.620459126843109,31,2,8,3
178,5,29,4,0,2,1.75,4.25,-1.58611990613572,-1.64502702004306,0.620459126843109,31,2,8,3
178,5,30,5,0,2,1.75,4.25,-1.58611990613572,-1.64502702004306,0.620459126843109,31,2,8,3
178,6,31,0,1,2,1.75,4.25,-1.58611990613572,-1.64502702004306,0.620459126843109,31,2,8,3
178,6,32,1,0,2,1.75,4.25,-1.58611990613572,-1.64502702004306,0.620459126843109,31,2,8,3
178,6,33,2,1,2,1.75,4.25,-1.58611990613572,-1.64502702004306,0.620459126843109,31,2,8,3
178,6,34,3,0,2,1.75,4.25,-1.58611990613572,-1.64502702004306,0.620459126843109,31,2,8,3
178,6,35,4,0,2,1.75,4.25,-1.58611990613572,-1.64502702004306,0.620459126843109,31,2,8,3
178,6,36,5,0,2,1.75,4.25,-1.58611990613572,-1.64502702004306,0.620459126843109,31,2,8,3
178,7,37,0,0,2,1.75,4.25,-1.58611990613572,-1.64502702004306,0.620459126843109,31,2,8,3
178,7,38,1,0,2,1.75,4.25,-1.58611990613572,-1.64502702004306,0.620459126843109,31,2,8,3
178,7,39,2,0,2,1.75,4.25,-1.58611990613572,-1.64502702004306,0.620459126843109,31,2,8,3
178,7,40,3,0,2,1.75,4.25,-1.58611990613572,-1.64502702004306,0.620459126843109,31,2,8,3
178,7,41,4,0,2,1.75,4.25,-1.58611990613572,-1.64502702004306,0.620459126843109,31,2,8,3
178,7,42,5,0,2,1.75,4.25,-1.58611990613572,-1.64502702004306,0.620459126843109,31,2,8,3
191,1,1,0,0,4,3,3.5,0.673292056513154,-0.2940347819546,-0.288829780087927,21,1,4,1
191,1,2,1,0,4,3,3.5,0.673292056513154,-0.2940347819546,-0.288829780087927,21,1,4,1
191,1,3,2,0,4,3,3.5,0.673292056513154,-0.2940347819546,-0.288829780087927,21,1,4,1
191,1,4,3,0,4,3,3.5,0.673292056513154,-0.2940347819546,-0.288829780087927,21,1,4,1
191,1,5,4,1,4,3,3.5,0.673292056513154,-0.2940347819546,-0.288829780087927,21,1,4,1
191,1,6,5,1,4,3,3.5,0.673292056513154,-0.2940347819546,-0.288829780087927,21,1,4,1
191,2,7,0,0,4,3,3.5,0.673292056513154,-0.2940347819546,-0.288829780087927,21,1,4,1
191,2,8,1,1,4,3,3.5,0.673292056513154,-0.2940347819546,-0.288829780087927,21,1,4,1
191,2,9,2,0,4,3,3.5,0.673292056513154,-0.2940347819546,-0.288829780087927,21,1,4,1
191,2,10,3,0,4,3,3.5,0.673292056513154,-0.2940347819546,-0.288829780087927,21,1,4,1
191,2,11,4,0,4,3,3.5,0.673292056513154,-0.2940347819546,-0.288829780087927,21,1,4,1
191,2,12,5,NA,4,3,3.5,0.673292056513154,-0.2940347819546,-0.288829780087927,21,1,4,1
191,3,13,0,0,4,3,3.5,0.673292056513154,-0.2940347819546,-0.288829780087927,21,1,4,1
191,3,14,1,0,4,3,3.5,0.673292056513154,-0.2940347819546,-0.288829780087927,21,1,4,1
191,3,15,2,0,4,3,3.5,0.673292056513154,-0.2940347819546,-0.288829780087927,21,1,4,1
191,3,16,3,0,4,3,3.5,0.673292056513154,-0.2940347819546,-0.288829780087927,21,1,4,1
191,3,17,4,0,4,3,3.5,0.673292056513154,-0.2940347819546,-0.288829780087927,21,1,4,1
191,3,18,5,0,4,3,3.5,0.673292056513154,-0.2940347819546,-0.288829780087927,21,1,4,1
191,4,19,0,0,4,3,3.5,0.673292056513154,-0.2940347819546,-0.288829780087927,21,1,4,1
191,4,20,1,1,4,3,3.5,0.673292056513154,-0.2940347819546,-0.288829780087927,21,1,4,1
191,4,21,2,1,4,3,3.5,0.673292056513154,-0.2940347819546,-0.288829780087927,21,1,4,1
191,4,22,3,1,4,3,3.5,0.673292056513154,-0.2940347819546,-0.288829780087927,21,1,4,1
191,4,23,4,0,4,3,3.5,0.673292056513154,-0.2940347819546,-0.288829780087927,21,1,4,1
191,4,24,5,0,4,3,3.5,0.673292056513154,-0.2940347819546,-0.288829780087927,21,1,4,1
191,5,25,0,NA,4,3,3.5,0.673292056513154,-0.2940347819546,-0.288829780087927,21,1,4,1
191,5,26,1,0,4,3,3.5,0.673292056513154,-0.2940347819546,-0.288829780087927,21,1,4,1
191,5,27,2,1,4,3,3.5,0.673292056513154,-0.2940347819546,-0.288829780087927,21,1,4,1
191,5,28,3,NA,4,3,3.5,0.673292056513154,-0.2940347819546,-0.288829780087927,21,1,4,1
191,5,29,4,1,4,3,3.5,0.673292056513154,-0.2940347819546,-0.288829780087927,21,1,4,1
191,5,30,5,0,4,3,3.5,0.673292056513154,-0.2940347819546,-0.288829780087927,21,1,4,1
191,6,31,0,1,4,3,3.5,0.673292056513154,-0.2940347819546,-0.288829780087927,21,1,4,1
191,6,32,1,1,4,3,3.5,0.673292056513154,-0.2940347819546,-0.288829780087927,21,1,4,1
191,6,33,2,1,4,3,3.5,0.673292056513154,-0.2940347819546,-0.288829780087927,21,1,4,1
191,6,34,3,0,4,3,3.5,0.673292056513154,-0.2940347819546,-0.288829780087927,21,1,4,1
191,6,35,4,1,4,3,3.5,0.673292056513154,-0.2940347819546,-0.288829780087927,21,1,4,1
191,6,36,5,1,4,3,3.5,0.673292056513154,-0.2940347819546,-0.288829780087927,21,1,4,1
191,7,37,0,0,4,3,3.5,0.673292056513154,-0.2940347819546,-0.288829780087927,21,1,4,1
191,7,38,1,1,4,3,3.5,0.673292056513154,-0.2940347819546,-0.288829780087927,21,1,4,1
191,7,39,2,1,4,3,3.5,0.673292056513154,-0.2940347819546,-0.288829780087927,21,1,4,1
191,7,40,3,0,4,3,3.5,0.673292056513154,-0.2940347819546,-0.288829780087927,21,1,4,1
191,7,41,4,0,4,3,3.5,0.673292056513154,-0.2940347819546,-0.288829780087927,21,1,4,1
191,7,42,5,0,4,3,3.5,0.673292056513154,-0.2940347819546,-0.288829780087927,21,1,4,1
192,1,1,0,1,4.25,2.75,4.25,0.955718551844264,-0.564233229572292,0.620459126843109,24,1,5,1
192,1,2,1,0,4.25,2.75,4.25,0.955718551844264,-0.564233229572292,0.620459126843109,24,1,5,1
192,1,3,2,0,4.25,2.75,4.25,0.955718551844264,-0.564233229572292,0.620459126843109,24,1,5,1
192,1,4,3,NA,4.25,2.75,4.25,0.955718551844264,-0.564233229572292,0.620459126843109,24,1,5,1
192,1,5,4,NA,4.25,2.75,4.25,0.955718551844264,-0.564233229572292,0.620459126843109,24,1,5,1
192,1,6,5,1,4.25,2.75,4.25,0.955718551844264,-0.564233229572292,0.620459126843109,24,1,5,1
192,2,7,0,NA,4.25,2.75,4.25,0.955718551844264,-0.564233229572292,0.620459126843109,24,1,5,1
192,2,8,1,0,4.25,2.75,4.25,0.955718551844264,-0.564233229572292,0.620459126843109,24,1,5,1
192,2,9,2,0,4.25,2.75,4.25,0.955718551844264,-0.564233229572292,0.620459126843109,24,1,5,1
192,2,10,3,1,4.25,2.75,4.25,0.955718551844264,-0.564233229572292,0.620459126843109,24,1,5,1
192,2,11,4,0,4.25,2.75,4.25,0.955718551844264,-0.564233229572292,0.620459126843109,24,1,5,1
192,2,12,5,0,4.25,2.75,4.25,0.955718551844264,-0.564233229572292,0.620459126843109,24,1,5,1
192,3,13,0,1,4.25,2.75,4.25,0.955718551844264,-0.564233229572292,0.620459126843109,24,1,5,1
192,3,14,1,1,4.25,2.75,4.25,0.955718551844264,-0.564233229572292,0.620459126843109,24,1,5,1
192,3,15,2,0,4.25,2.75,4.25,0.955718551844264,-0.564233229572292,0.620459126843109,24,1,5,1
192,3,16,3,0,4.25,2.75,4.25,0.955718551844264,-0.564233229572292,0.620459126843109,24,1,5,1
192,3,17,4,0,4.25,2.75,4.25,0.955718551844264,-0.564233229572292,0.620459126843109,24,1,5,1
192,3,18,5,1,4.25,2.75,4.25,0.955718551844264,-0.564233229572292,0.620459126843109,24,1,5,1
192,4,19,0,1,4.25,2.75,4.25,0.955718551844264,-0.564233229572292,0.620459126843109,24,1,5,1
192,4,20,1,0,4.25,2.75,4.25,0.955718551844264,-0.564233229572292,0.620459126843109,24,1,5,1
192,4,21,2,1,4.25,2.75,4.25,0.955718551844264,-0.564233229572292,0.620459126843109,24,1,5,1
192,4,22,3,0,4.25,2.75,4.25,0.955718551844264,-0.564233229572292,0.620459126843109,24,1,5,1
192,4,23,4,0,4.25,2.75,4.25,0.955718551844264,-0.564233229572292,0.620459126843109,24,1,5,1
192,4,24,5,0,4.25,2.75,4.25,0.955718551844264,-0.564233229572292,0.620459126843109,24,1,5,1
192,5,25,0,0,4.25,2.75,4.25,0.955718551844264,-0.564233229572292,0.620459126843109,24,1,5,1
192,5,26,1,NA,4.25,2.75,4.25,0.955718551844264,-0.564233229572292,0.620459126843109,24,1,5,1
192,5,27,2,NA,4.25,2.75,4.25,0.955718551844264,-0.564233229572292,0.620459126843109,24,1,5,1
192,5,28,3,0,4.25,2.75,4.25,0.955718551844264,-0.564233229572292,0.620459126843109,24,1,5,1
192,5,29,4,NA,4.25,2.75,4.25,0.955718551844264,-0.564233229572292,0.620459126843109,24,1,5,1
192,5,30,5,0,4.25,2.75,4.25,0.955718551844264,-0.564233229572292,0.620459126843109,24,1,5,1
192,6,31,0,0,4.25,2.75,4.25,0.955718551844264,-0.564233229572292,0.620459126843109,24,1,5,1
192,6,32,1,1,4.25,2.75,4.25,0.955718551844264,-0.564233229572292,0.620459126843109,24,1,5,1
192,6,33,2,0,4.25,2.75,4.25,0.955718551844264,-0.564233229572292,0.620459126843109,24,1,5,1
192,6,34,3,0,4.25,2.75,4.25,0.955718551844264,-0.564233229572292,0.620459126843109,24,1,5,1
192,6,35,4,0,4.25,2.75,4.25,0.955718551844264,-0.564233229572292,0.620459126843109,24,1,5,1
192,6,36,5,0,4.25,2.75,4.25,0.955718551844264,-0.564233229572292,0.620459126843109,24,1,5,1
192,7,37,0,0,4.25,2.75,4.25,0.955718551844264,-0.564233229572292,0.620459126843109,24,1,5,1
192,7,38,1,0,4.25,2.75,4.25,0.955718551844264,-0.564233229572292,0.620459126843109,24,1,5,1
192,7,39,2,1,4.25,2.75,4.25,0.955718551844264,-0.564233229572292,0.620459126843109,24,1,5,1
192,7,40,3,0,4.25,2.75,4.25,0.955718551844264,-0.564233229572292,0.620459126843109,24,1,5,1
192,7,41,4,NA,4.25,2.75,4.25,0.955718551844264,-0.564233229572292,0.620459126843109,24,1,5,1
192,7,42,5,0,4.25,2.75,4.25,0.955718551844264,-0.564233229572292,0.620459126843109,24,1,5,1
195,1,1,0,NA,4,2.5,4.5,0.673292056513154,-0.834431677189985,0.923555429153455,23,1,5,1
195,1,2,1,NA,4,2.5,4.5,0.673292056513154,-0.834431677189985,0.923555429153455,23,1,5,1
195,1,3,2,0,4,2.5,4.5,0.673292056513154,-0.834431677189985,0.923555429153455,23,1,5,1
195,1,4,3,NA,4,2.5,4.5,0.673292056513154,-0.834431677189985,0.923555429153455,23,1,5,1
195,1,5,4,NA,4,2.5,4.5,0.673292056513154,-0.834431677189985,0.923555429153455,23,1,5,1
195,1,6,5,NA,4,2.5,4.5,0.673292056513154,-0.834431677189985,0.923555429153455,23,1,5,1
195,2,7,0,0,4,2.5,4.5,0.673292056513154,-0.834431677189985,0.923555429153455,23,1,5,1
195,2,8,1,NA,4,2.5,4.5,0.673292056513154,-0.834431677189985,0.923555429153455,23,1,5,1
195,2,9,2,NA,4,2.5,4.5,0.673292056513154,-0.834431677189985,0.923555429153455,23,1,5,1
195,2,10,3,NA,4,2.5,4.5,0.673292056513154,-0.834431677189985,0.923555429153455,23,1,5,1
195,2,11,4,NA,4,2.5,4.5,0.673292056513154,-0.834431677189985,0.923555429153455,23,1,5,1
195,2,12,5,NA,4,2.5,4.5,0.673292056513154,-0.834431677189985,0.923555429153455,23,1,5,1
195,3,13,0,0,4,2.5,4.5,0.673292056513154,-0.834431677189985,0.923555429153455,23,1,5,1
195,3,14,1,0,4,2.5,4.5,0.673292056513154,-0.834431677189985,0.923555429153455,23,1,5,1
195,3,15,2,NA,4,2.5,4.5,0.673292056513154,-0.834431677189985,0.923555429153455,23,1,5,1
195,3,16,3,1,4,2.5,4.5,0.673292056513154,-0.834431677189985,0.923555429153455,23,1,5,1
195,3,17,4,0,4,2.5,4.5,0.673292056513154,-0.834431677189985,0.923555429153455,23,1,5,1
195,3,18,5,NA,4,2.5,4.5,0.673292056513154,-0.834431677189985,0.923555429153455,23,1,5,1
195,4,19,0,NA,4,2.5,4.5,0.673292056513154,-0.834431677189985,0.923555429153455,23,1,5,1
195,4,20,1,NA,4,2.5,4.5,0.673292056513154,-0.834431677189985,0.923555429153455,23,1,5,1
195,4,21,2,0,4,2.5,4.5,0.673292056513154,-0.834431677189985,0.923555429153455,23,1,5,1
195,4,22,3,NA,4,2.5,4.5,0.673292056513154,-0.834431677189985,0.923555429153455,23,1,5,1
195,4,23,4,NA,4,2.5,4.5,0.673292056513154,-0.834431677189985,0.923555429153455,23,1,5,1
195,4,24,5,0,4,2.5,4.5,0.673292056513154,-0.834431677189985,0.923555429153455,23,1,5,1
195,5,25,0,0,4,2.5,4.5,0.673292056513154,-0.834431677189985,0.923555429153455,23,1,5,1
195,5,26,1,NA,4,2.5,4.5,0.673292056513154,-0.834431677189985,0.923555429153455,23,1,5,1
195,5,27,2,0,4,2.5,4.5,0.673292056513154,-0.834431677189985,0.923555429153455,23,1,5,1
195,5,28,3,0,4,2.5,4.5,0.673292056513154,-0.834431677189985,0.923555429153455,23,1,5,1
195,5,29,4,0,4,2.5,4.5,0.673292056513154,-0.834431677189985,0.923555429153455,23,1,5,1
195,5,30,5,NA,4,2.5,4.5,0.673292056513154,-0.834431677189985,0.923555429153455,23,1,5,1
195,6,31,0,0,4,2.5,4.5,0.673292056513154,-0.834431677189985,0.923555429153455,23,1,5,1
195,6,32,1,NA,4,2.5,4.5,0.673292056513154,-0.834431677189985,0.923555429153455,23,1,5,1
195,6,33,2,NA,4,2.5,4.5,0.673292056513154,-0.834431677189985,0.923555429153455,23,1,5,1
195,6,34,3,0,4,2.5,4.5,0.673292056513154,-0.834431677189985,0.923555429153455,23,1,5,1
195,6,35,4,NA,4,2.5,4.5,0.673292056513154,-0.834431677189985,0.923555429153455,23,1,5,1
195,6,36,5,0,4,2.5,4.5,0.673292056513154,-0.834431677189985,0.923555429153455,23,1,5,1
195,7,37,0,0,4,2.5,4.5,0.673292056513154,-0.834431677189985,0.923555429153455,23,1,5,1
195,7,38,1,0,4,2.5,4.5,0.673292056513154,-0.834431677189985,0.923555429153455,23,1,5,1
195,7,39,2,0,4,2.5,4.5,0.673292056513154,-0.834431677189985,0.923555429153455,23,1,5,1
195,7,40,3,1,4,2.5,4.5,0.673292056513154,-0.834431677189985,0.923555429153455,23,1,5,1
195,7,41,4,NA,4,2.5,4.5,0.673292056513154,-0.834431677189985,0.923555429153455,23,1,5,1
195,7,42,5,NA,4,2.5,4.5,0.673292056513154,-0.834431677189985,0.923555429153455,23,1,5,1
196,1,1,0,0,4.75,3.25,1.75,1.52057154250648,-0.0238363343369074,-2.41050389626035,22,1,4,3
196,1,2,1,0,4.75,3.25,1.75,1.52057154250648,-0.0238363343369074,-2.41050389626035,22,1,4,3
196,1,3,2,0,4.75,3.25,1.75,1.52057154250648,-0.0238363343369074,-2.41050389626035,22,1,4,3
196,1,4,3,NA,4.75,3.25,1.75,1.52057154250648,-0.0238363343369074,-2.41050389626035,22,1,4,3
196,1,5,4,1,4.75,3.25,1.75,1.52057154250648,-0.0238363343369074,-2.41050389626035,22,1,4,3
196,1,6,5,1,4.75,3.25,1.75,1.52057154250648,-0.0238363343369074,-2.41050389626035,22,1,4,3
196,2,7,0,0,4.75,3.25,1.75,1.52057154250648,-0.0238363343369074,-2.41050389626035,22,1,4,3
196,2,8,1,0,4.75,3.25,1.75,1.52057154250648,-0.0238363343369074,-2.41050389626035,22,1,4,3
196,2,9,2,1,4.75,3.25,1.75,1.52057154250648,-0.0238363343369074,-2.41050389626035,22,1,4,3
196,2,10,3,1,4.75,3.25,1.75,1.52057154250648,-0.0238363343369074,-2.41050389626035,22,1,4,3
196,2,11,4,0,4.75,3.25,1.75,1.52057154250648,-0.0238363343369074,-2.41050389626035,22,1,4,3
196,2,12,5,0,4.75,3.25,1.75,1.52057154250648,-0.0238363343369074,-2.41050389626035,22,1,4,3
196,3,13,0,1,4.75,3.25,1.75,1.52057154250648,-0.0238363343369074,-2.41050389626035,22,1,4,3
196,3,14,1,0,4.75,3.25,1.75,1.52057154250648,-0.0238363343369074,-2.41050389626035,22,1,4,3
196,3,15,2,1,4.75,3.25,1.75,1.52057154250648,-0.0238363343369074,-2.41050389626035,22,1,4,3
196,3,16,3,1,4.75,3.25,1.75,1.52057154250648,-0.0238363343369074,-2.41050389626035,22,1,4,3
196,3,17,4,0,4.75,3.25,1.75,1.52057154250648,-0.0238363343369074,-2.41050389626035,22,1,4,3
196,3,18,5,1,4.75,3.25,1.75,1.52057154250648,-0.0238363343369074,-2.41050389626035,22,1,4,3
196,4,19,0,1,4.75,3.25,1.75,1.52057154250648,-0.0238363343369074,-2.41050389626035,22,1,4,3
196,4,20,1,1,4.75,3.25,1.75,1.52057154250648,-0.0238363343369074,-2.41050389626035,22,1,4,3
196,4,21,2,0,4.75,3.25,1.75,1.52057154250648,-0.0238363343369074,-2.41050389626035,22,1,4,3
196,4,22,3,1,4.75,3.25,1.75,1.52057154250648,-0.0238363343369074,-2.41050389626035,22,1,4,3
196,4,23,4,1,4.75,3.25,1.75,1.52057154250648,-0.0238363343369074,-2.41050389626035,22,1,4,3
196,4,24,5,0,4.75,3.25,1.75,1.52057154250648,-0.0238363343369074,-2.41050389626035,22,1,4,3
196,5,25,0,1,4.75,3.25,1.75,1.52057154250648,-0.0238363343369074,-2.41050389626035,22,1,4,3
196,5,26,1,1,4.75,3.25,1.75,1.52057154250648,-0.0238363343369074,-2.41050389626035,22,1,4,3
196,5,27,2,0,4.75,3.25,1.75,1.52057154250648,-0.0238363343369074,-2.41050389626035,22,1,4,3
196,5,28,3,1,4.75,3.25,1.75,1.52057154250648,-0.0238363343369074,-2.41050389626035,22,1,4,3
196,5,29,4,0,4.75,3.25,1.75,1.52057154250648,-0.0238363343369074,-2.41050389626035,22,1,4,3
196,5,30,5,0,4.75,3.25,1.75,1.52057154250648,-0.0238363343369074,-2.41050389626035,22,1,4,3
196,6,31,0,1,4.75,3.25,1.75,1.52057154250648,-0.0238363343369074,-2.41050389626035,22,1,4,3
196,6,32,1,0,4.75,3.25,1.75,1.52057154250648,-0.0238363343369074,-2.41050389626035,22,1,4,3
196,6,33,2,1,4.75,3.25,1.75,1.52057154250648,-0.0238363343369074,-2.41050389626035,22,1,4,3
196,6,34,3,0,4.75,3.25,1.75,1.52057154250648,-0.0238363343369074,-2.41050389626035,22,1,4,3
196,6,35,4,1,4.75,3.25,1.75,1.52057154250648,-0.0238363343369074,-2.41050389626035,22,1,4,3
196,6,36,5,0,4.75,3.25,1.75,1.52057154250648,-0.0238363343369074,-2.41050389626035,22,1,4,3
196,7,37,0,1,4.75,3.25,1.75,1.52057154250648,-0.0238363343369074,-2.41050389626035,22,1,4,3
196,7,38,1,1,4.75,3.25,1.75,1.52057154250648,-0.0238363343369074,-2.41050389626035,22,1,4,3
196,7,39,2,1,4.75,3.25,1.75,1.52057154250648,-0.0238363343369074,-2.41050389626035,22,1,4,3
196,7,40,3,0,4.75,3.25,1.75,1.52057154250648,-0.0238363343369074,-2.41050389626035,22,1,4,3
196,7,41,4,0,4.75,3.25,1.75,1.52057154250648,-0.0238363343369074,-2.41050389626035,22,1,4,3
200,1,1,0,0,3.25,3,3.75,-0.173987429480175,-0.2940347819546,0.0142665222224181,21,2,4,1
200,1,2,1,1,3.25,3,3.75,-0.173987429480175,-0.2940347819546,0.0142665222224181,21,2,4,1
200,1,3,2,0,3.25,3,3.75,-0.173987429480175,-0.2940347819546,0.0142665222224181,21,2,4,1
200,1,4,3,1,3.25,3,3.75,-0.173987429480175,-0.2940347819546,0.0142665222224181,21,2,4,1
200,1,5,4,0,3.25,3,3.75,-0.173987429480175,-0.2940347819546,0.0142665222224181,21,2,4,1
200,1,6,5,0,3.25,3,3.75,-0.173987429480175,-0.2940347819546,0.0142665222224181,21,2,4,1
200,2,7,0,0,3.25,3,3.75,-0.173987429480175,-0.2940347819546,0.0142665222224181,21,2,4,1
200,2,8,1,0,3.25,3,3.75,-0.173987429480175,-0.2940347819546,0.0142665222224181,21,2,4,1
200,2,9,2,1,3.25,3,3.75,-0.173987429480175,-0.2940347819546,0.0142665222224181,21,2,4,1
200,2,10,3,0,3.25,3,3.75,-0.173987429480175,-0.2940347819546,0.0142665222224181,21,2,4,1
200,2,11,4,0,3.25,3,3.75,-0.173987429480175,-0.2940347819546,0.0142665222224181,21,2,4,1
200,2,12,5,NA,3.25,3,3.75,-0.173987429480175,-0.2940347819546,0.0142665222224181,21,2,4,1
200,3,13,0,0,3.25,3,3.75,-0.173987429480175,-0.2940347819546,0.0142665222224181,21,2,4,1
200,3,14,1,NA,3.25,3,3.75,-0.173987429480175,-0.2940347819546,0.0142665222224181,21,2,4,1
200,3,15,2,0,3.25,3,3.75,-0.173987429480175,-0.2940347819546,0.0142665222224181,21,2,4,1
200,3,16,3,1,3.25,3,3.75,-0.173987429480175,-0.2940347819546,0.0142665222224181,21,2,4,1
200,3,17,4,0,3.25,3,3.75,-0.173987429480175,-0.2940347819546,0.0142665222224181,21,2,4,1
200,3,18,5,0,3.25,3,3.75,-0.173987429480175,-0.2940347819546,0.0142665222224181,21,2,4,1
200,4,19,0,0,3.25,3,3.75,-0.173987429480175,-0.2940347819546,0.0142665222224181,21,2,4,1
200,4,20,1,0,3.25,3,3.75,-0.173987429480175,-0.2940347819546,0.0142665222224181,21,2,4,1
200,4,21,2,NA,3.25,3,3.75,-0.173987429480175,-0.2940347819546,0.0142665222224181,21,2,4,1
200,4,22,3,0,3.25,3,3.75,-0.173987429480175,-0.2940347819546,0.0142665222224181,21,2,4,1
200,4,23,4,0,3.25,3,3.75,-0.173987429480175,-0.2940347819546,0.0142665222224181,21,2,4,1
200,4,24,5,1,3.25,3,3.75,-0.173987429480175,-0.2940347819546,0.0142665222224181,21,2,4,1
200,5,25,0,0,3.25,3,3.75,-0.173987429480175,-0.2940347819546,0.0142665222224181,21,2,4,1
200,5,26,1,0,3.25,3,3.75,-0.173987429480175,-0.2940347819546,0.0142665222224181,21,2,4,1
200,5,27,2,0,3.25,3,3.75,-0.173987429480175,-0.2940347819546,0.0142665222224181,21,2,4,1
200,5,28,3,1,3.25,3,3.75,-0.173987429480175,-0.2940347819546,0.0142665222224181,21,2,4,1
200,5,29,4,1,3.25,3,3.75,-0.173987429480175,-0.2940347819546,0.0142665222224181,21,2,4,1
200,5,30,5,0,3.25,3,3.75,-0.173987429480175,-0.2940347819546,0.0142665222224181,21,2,4,1
200,6,31,0,0,3.25,3,3.75,-0.173987429480175,-0.2940347819546,0.0142665222224181,21,2,4,1
200,6,32,1,0,3.25,3,3.75,-0.173987429480175,-0.2940347819546,0.0142665222224181,21,2,4,1
200,6,33,2,0,3.25,3,3.75,-0.173987429480175,-0.2940347819546,0.0142665222224181,21,2,4,1
200,6,34,3,0,3.25,3,3.75,-0.173987429480175,-0.2940347819546,0.0142665222224181,21,2,4,1
200,6,35,4,1,3.25,3,3.75,-0.173987429480175,-0.2940347819546,0.0142665222224181,21,2,4,1
200,6,36,5,1,3.25,3,3.75,-0.173987429480175,-0.2940347819546,0.0142665222224181,21,2,4,1
200,7,37,0,0,3.25,3,3.75,-0.173987429480175,-0.2940347819546,0.0142665222224181,21,2,4,1
200,7,38,1,0,3.25,3,3.75,-0.173987429480175,-0.2940347819546,0.0142665222224181,21,2,4,1
200,7,39,2,0,3.25,3,3.75,-0.173987429480175,-0.2940347819546,0.0142665222224181,21,2,4,1
200,7,40,3,0,3.25,3,3.75,-0.173987429480175,-0.2940347819546,0.0142665222224181,21,2,4,1
200,7,41,4,NA,3.25,3,3.75,-0.173987429480175,-0.2940347819546,0.0142665222224181,21,2,4,1
200,7,42,5,NA,3.25,3,3.75,-0.173987429480175,-0.2940347819546,0.0142665222224181,21,2,4,1
203,1,2,0,NA,4.5,3.75,3,1.23814504717537,0.516560560898478,-0.895022384708619,24,1,5,1
203,1,3,1,0,4.5,3.75,3,1.23814504717537,0.516560560898478,-0.895022384708619,24,1,5,1
203,1,4,2,0,4.5,3.75,3,1.23814504717537,0.516560560898478,-0.895022384708619,24,1,5,1
203,1,5,3,0,4.5,3.75,3,1.23814504717537,0.516560560898478,-0.895022384708619,24,1,5,1
203,2,6,0,0,4.5,3.75,3,1.23814504717537,0.516560560898478,-0.895022384708619,24,1,5,1
203,2,7,1,0,4.5,3.75,3,1.23814504717537,0.516560560898478,-0.895022384708619,24,1,5,1
203,2,8,2,0,4.5,3.75,3,1.23814504717537,0.516560560898478,-0.895022384708619,24,1,5,1
203,2,9,3,0,4.5,3.75,3,1.23814504717537,0.516560560898478,-0.895022384708619,24,1,5,1
203,2,10,4,1,4.5,3.75,3,1.23814504717537,0.516560560898478,-0.895022384708619,24,1,5,1
203,2,11,5,NA,4.5,3.75,3,1.23814504717537,0.516560560898478,-0.895022384708619,24,1,5,1
203,3,12,0,0,4.5,3.75,3,1.23814504717537,0.516560560898478,-0.895022384708619,24,1,5,1
203,3,13,1,0,4.5,3.75,3,1.23814504717537,0.516560560898478,-0.895022384708619,24,1,5,1
203,3,14,2,0,4.5,3.75,3,1.23814504717537,0.516560560898478,-0.895022384708619,24,1,5,1
203,3,15,3,0,4.5,3.75,3,1.23814504717537,0.516560560898478,-0.895022384708619,24,1,5,1
203,3,16,4,0,4.5,3.75,3,1.23814504717537,0.516560560898478,-0.895022384708619,24,1,5,1
203,3,17,5,0,4.5,3.75,3,1.23814504717537,0.516560560898478,-0.895022384708619,24,1,5,1
203,4,18,0,NA,4.5,3.75,3,1.23814504717537,0.516560560898478,-0.895022384708619,24,1,5,1
203,4,19,1,1,4.5,3.75,3,1.23814504717537,0.516560560898478,-0.895022384708619,24,1,5,1
203,4,20,2,0,4.5,3.75,3,1.23814504717537,0.516560560898478,-0.895022384708619,24,1,5,1
203,4,21,3,0,4.5,3.75,3,1.23814504717537,0.516560560898478,-0.895022384708619,24,1,5,1
203,4,22,4,0,4.5,3.75,3,1.23814504717537,0.516560560898478,-0.895022384708619,24,1,5,1
203,4,23,5,0,4.5,3.75,3,1.23814504717537,0.516560560898478,-0.895022384708619,24,1,5,1
203,5,24,0,0,4.5,3.75,3,1.23814504717537,0.516560560898478,-0.895022384708619,24,1,5,1
203,5,25,1,0,4.5,3.75,3,1.23814504717537,0.516560560898478,-0.895022384708619,24,1,5,1
203,5,26,2,0,4.5,3.75,3,1.23814504717537,0.516560560898478,-0.895022384708619,24,1,5,1
203,5,27,3,0,4.5,3.75,3,1.23814504717537,0.516560560898478,-0.895022384708619,24,1,5,1
203,5,28,4,0,4.5,3.75,3,1.23814504717537,0.516560560898478,-0.895022384708619,24,1,5,1
204,1,1,0,0,4.5,2,2.5,1.23814504717537,-1.37482857242537,-1.50121498932931,31,1,8,3
204,1,2,1,0,4.5,2,2.5,1.23814504717537,-1.37482857242537,-1.50121498932931,31,1,8,3
204,1,3,2,0,4.5,2,2.5,1.23814504717537,-1.37482857242537,-1.50121498932931,31,1,8,3
204,1,4,3,0,4.5,2,2.5,1.23814504717537,-1.37482857242537,-1.50121498932931,31,1,8,3
204,1,5,4,0,4.5,2,2.5,1.23814504717537,-1.37482857242537,-1.50121498932931,31,1,8,3
204,1,6,5,0,4.5,2,2.5,1.23814504717537,-1.37482857242537,-1.50121498932931,31,1,8,3
204,2,7,0,1,4.5,2,2.5,1.23814504717537,-1.37482857242537,-1.50121498932931,31,1,8,3
204,2,8,1,0,4.5,2,2.5,1.23814504717537,-1.37482857242537,-1.50121498932931,31,1,8,3
204,2,9,2,1,4.5,2,2.5,1.23814504717537,-1.37482857242537,-1.50121498932931,31,1,8,3
204,2,10,3,1,4.5,2,2.5,1.23814504717537,-1.37482857242537,-1.50121498932931,31,1,8,3
204,2,11,4,1,4.5,2,2.5,1.23814504717537,-1.37482857242537,-1.50121498932931,31,1,8,3
204,2,12,5,0,4.5,2,2.5,1.23814504717537,-1.37482857242537,-1.50121498932931,31,1,8,3
204,3,13,0,0,4.5,2,2.5,1.23814504717537,-1.37482857242537,-1.50121498932931,31,1,8,3
204,3,14,1,1,4.5,2,2.5,1.23814504717537,-1.37482857242537,-1.50121498932931,31,1,8,3
204,3,15,2,1,4.5,2,2.5,1.23814504717537,-1.37482857242537,-1.50121498932931,31,1,8,3
204,3,16,3,1,4.5,2,2.5,1.23814504717537,-1.37482857242537,-1.50121498932931,31,1,8,3
204,3,17,4,0,4.5,2,2.5,1.23814504717537,-1.37482857242537,-1.50121498932931,31,1,8,3
204,3,18,5,1,4.5,2,2.5,1.23814504717537,-1.37482857242537,-1.50121498932931,31,1,8,3
204,4,19,0,0,4.5,2,2.5,1.23814504717537,-1.37482857242537,-1.50121498932931,31,1,8,3
204,4,20,1,NA,4.5,2,2.5,1.23814504717537,-1.37482857242537,-1.50121498932931,31,1,8,3
204,4,21,2,0,4.5,2,2.5,1.23814504717537,-1.37482857242537,-1.50121498932931,31,1,8,3
204,4,22,3,1,4.5,2,2.5,1.23814504717537,-1.37482857242537,-1.50121498932931,31,1,8,3
204,4,23,4,0,4.5,2,2.5,1.23814504717537,-1.37482857242537,-1.50121498932931,31,1,8,3
204,4,24,5,1,4.5,2,2.5,1.23814504717537,-1.37482857242537,-1.50121498932931,31,1,8,3
204,5,25,0,1,4.5,2,2.5,1.23814504717537,-1.37482857242537,-1.50121498932931,31,1,8,3
204,5,26,1,0,4.5,2,2.5,1.23814504717537,-1.37482857242537,-1.50121498932931,31,1,8,3
204,5,27,2,0,4.5,2,2.5,1.23814504717537,-1.37482857242537,-1.50121498932931,31,1,8,3
204,5,28,3,1,4.5,2,2.5,1.23814504717537,-1.37482857242537,-1.50121498932931,31,1,8,3
204,5,29,4,1,4.5,2,2.5,1.23814504717537,-1.37482857242537,-1.50121498932931,31,1,8,3
204,5,30,5,0,4.5,2,2.5,1.23814504717537,-1.37482857242537,-1.50121498932931,31,1,8,3
204,6,31,0,0,4.5,2,2.5,1.23814504717537,-1.37482857242537,-1.50121498932931,31,1,8,3
204,6,32,1,0,4.5,2,2.5,1.23814504717537,-1.37482857242537,-1.50121498932931,31,1,8,3
204,6,33,2,0,4.5,2,2.5,1.23814504717537,-1.37482857242537,-1.50121498932931,31,1,8,3
204,6,34,3,1,4.5,2,2.5,1.23814504717537,-1.37482857242537,-1.50121498932931,31,1,8,3
204,6,35,4,1,4.5,2,2.5,1.23814504717537,-1.37482857242537,-1.50121498932931,31,1,8,3
204,6,36,5,0,4.5,2,2.5,1.23814504717537,-1.37482857242537,-1.50121498932931,31,1,8,3
204,7,37,0,0,4.5,2,2.5,1.23814504717537,-1.37482857242537,-1.50121498932931,31,1,8,3
204,7,38,1,1,4.5,2,2.5,1.23814504717537,-1.37482857242537,-1.50121498932931,31,1,8,3
204,7,39,2,0,4.5,2,2.5,1.23814504717537,-1.37482857242537,-1.50121498932931,31,1,8,3
204,7,40,3,1,4.5,2,2.5,1.23814504717537,-1.37482857242537,-1.50121498932931,31,1,8,3
204,7,41,4,1,4.5,2,2.5,1.23814504717537,-1.37482857242537,-1.50121498932931,31,1,8,3
204,7,42,5,0,4.5,2,2.5,1.23814504717537,-1.37482857242537,-1.50121498932931,31,1,8,3
205,1,1,0,0,3.5,3.75,4.25,0.108439065850935,0.516560560898478,0.620459126843109,18,1,4,4
205,1,2,1,0,3.5,3.75,4.25,0.108439065850935,0.516560560898478,0.620459126843109,18,1,4,4
205,1,3,2,0,3.5,3.75,4.25,0.108439065850935,0.516560560898478,0.620459126843109,18,1,4,4
205,1,4,3,1,3.5,3.75,4.25,0.108439065850935,0.516560560898478,0.620459126843109,18,1,4,4
205,1,5,4,0,3.5,3.75,4.25,0.108439065850935,0.516560560898478,0.620459126843109,18,1,4,4
205,1,6,5,0,3.5,3.75,4.25,0.108439065850935,0.516560560898478,0.620459126843109,18,1,4,4
205,2,7,0,1,3.5,3.75,4.25,0.108439065850935,0.516560560898478,0.620459126843109,18,1,4,4
205,2,8,1,0,3.5,3.75,4.25,0.108439065850935,0.516560560898478,0.620459126843109,18,1,4,4
205,2,9,2,0,3.5,3.75,4.25,0.108439065850935,0.516560560898478,0.620459126843109,18,1,4,4
205,2,10,3,1,3.5,3.75,4.25,0.108439065850935,0.516560560898478,0.620459126843109,18,1,4,4
205,2,11,4,1,3.5,3.75,4.25,0.108439065850935,0.516560560898478,0.620459126843109,18,1,4,4
205,2,12,5,1,3.5,3.75,4.25,0.108439065850935,0.516560560898478,0.620459126843109,18,1,4,4
205,3,13,0,NA,3.5,3.75,4.25,0.108439065850935,0.516560560898478,0.620459126843109,18,1,4,4
205,3,14,1,1,3.5,3.75,4.25,0.108439065850935,0.516560560898478,0.620459126843109,18,1,4,4
205,3,15,2,0,3.5,3.75,4.25,0.108439065850935,0.516560560898478,0.620459126843109,18,1,4,4
205,3,16,3,0,3.5,3.75,4.25,0.108439065850935,0.516560560898478,0.620459126843109,18,1,4,4
205,3,17,4,0,3.5,3.75,4.25,0.108439065850935,0.516560560898478,0.620459126843109,18,1,4,4
205,3,18,5,1,3.5,3.75,4.25,0.108439065850935,0.516560560898478,0.620459126843109,18,1,4,4
205,4,19,0,0,3.5,3.75,4.25,0.108439065850935,0.516560560898478,0.620459126843109,18,1,4,4
205,4,20,1,1,3.5,3.75,4.25,0.108439065850935,0.516560560898478,0.620459126843109,18,1,4,4
205,4,21,2,1,3.5,3.75,4.25,0.108439065850935,0.516560560898478,0.620459126843109,18,1,4,4
205,4,22,3,0,3.5,3.75,4.25,0.108439065850935,0.516560560898478,0.620459126843109,18,1,4,4
205,4,23,4,0,3.5,3.75,4.25,0.108439065850935,0.516560560898478,0.620459126843109,18,1,4,4
205,4,24,5,0,3.5,3.75,4.25,0.108439065850935,0.516560560898478,0.620459126843109,18,1,4,4
205,5,25,0,1,3.5,3.75,4.25,0.108439065850935,0.516560560898478,0.620459126843109,18,1,4,4
205,5,26,1,0,3.5,3.75,4.25,0.108439065850935,0.516560560898478,0.620459126843109,18,1,4,4
205,5,27,2,0,3.5,3.75,4.25,0.108439065850935,0.516560560898478,0.620459126843109,18,1,4,4
205,5,28,3,0,3.5,3.75,4.25,0.108439065850935,0.516560560898478,0.620459126843109,18,1,4,4
205,5,29,4,0,3.5,3.75,4.25,0.108439065850935,0.516560560898478,0.620459126843109,18,1,4,4
205,5,30,5,0,3.5,3.75,4.25,0.108439065850935,0.516560560898478,0.620459126843109,18,1,4,4
205,6,31,0,NA,3.5,3.75,4.25,0.108439065850935,0.516560560898478,0.620459126843109,18,1,4,4
205,6,32,1,NA,3.5,3.75,4.25,0.108439065850935,0.516560560898478,0.620459126843109,18,1,4,4
205,6,33,2,NA,3.5,3.75,4.25,0.108439065850935,0.516560560898478,0.620459126843109,18,1,4,4
205,6,34,3,0,3.5,3.75,4.25,0.108439065850935,0.516560560898478,0.620459126843109,18,1,4,4
205,6,35,4,0,3.5,3.75,4.25,0.108439065850935,0.516560560898478,0.620459126843109,18,1,4,4
205,6,36,5,0,3.5,3.75,4.25,0.108439065850935,0.516560560898478,0.620459126843109,18,1,4,4
205,7,37,0,NA,3.5,3.75,4.25,0.108439065850935,0.516560560898478,0.620459126843109,18,1,4,4
205,7,38,1,0,3.5,3.75,4.25,0.108439065850935,0.516560560898478,0.620459126843109,18,1,4,4
205,7,39,2,0,3.5,3.75,4.25,0.108439065850935,0.516560560898478,0.620459126843109,18,1,4,4
205,7,40,3,0,3.5,3.75,4.25,0.108439065850935,0.516560560898478,0.620459126843109,18,1,4,4
205,7,41,4,0,3.5,3.75,4.25,0.108439065850935,0.516560560898478,0.620459126843109,18,1,4,4
205,7,42,5,0,3.5,3.75,4.25,0.108439065850935,0.516560560898478,0.620459126843109,18,1,4,4
206,1,1,0,NA,3.5,3.75,4,0.108439065850935,0.516560560898478,0.317362824532764,26,1,4,1
206,1,2,1,0,3.5,3.75,4,0.108439065850935,0.516560560898478,0.317362824532764,26,1,4,1
206,1,3,2,0,3.5,3.75,4,0.108439065850935,0.516560560898478,0.317362824532764,26,1,4,1
206,1,4,3,0,3.5,3.75,4,0.108439065850935,0.516560560898478,0.317362824532764,26,1,4,1
206,1,5,4,0,3.5,3.75,4,0.108439065850935,0.516560560898478,0.317362824532764,26,1,4,1
206,1,6,5,0,3.5,3.75,4,0.108439065850935,0.516560560898478,0.317362824532764,26,1,4,1
206,2,7,0,NA,3.5,3.75,4,0.108439065850935,0.516560560898478,0.317362824532764,26,1,4,1
206,2,8,1,0,3.5,3.75,4,0.108439065850935,0.516560560898478,0.317362824532764,26,1,4,1
206,2,9,2,0,3.5,3.75,4,0.108439065850935,0.516560560898478,0.317362824532764,26,1,4,1
206,2,10,3,NA,3.5,3.75,4,0.108439065850935,0.516560560898478,0.317362824532764,26,1,4,1
206,2,11,4,NA,3.5,3.75,4,0.108439065850935,0.516560560898478,0.317362824532764,26,1,4,1
206,3,12,0,0,3.5,3.75,4,0.108439065850935,0.516560560898478,0.317362824532764,26,1,4,1
206,3,13,1,1,3.5,3.75,4,0.108439065850935,0.516560560898478,0.317362824532764,26,1,4,1
206,3,14,2,NA,3.5,3.75,4,0.108439065850935,0.516560560898478,0.317362824532764,26,1,4,1
206,3,15,3,NA,3.5,3.75,4,0.108439065850935,0.516560560898478,0.317362824532764,26,1,4,1
206,4,16,0,0,3.5,3.75,4,0.108439065850935,0.516560560898478,0.317362824532764,26,1,4,1
206,4,17,1,0,3.5,3.75,4,0.108439065850935,0.516560560898478,0.317362824532764,26,1,4,1
206,4,18,2,NA,3.5,3.75,4,0.108439065850935,0.516560560898478,0.317362824532764,26,1,4,1
206,4,19,3,0,3.5,3.75,4,0.108439065850935,0.516560560898478,0.317362824532764,26,1,4,1
210,1,1,0,0,2.75,3,3.75,-0.738840420142394,-0.2940347819546,0.0142665222224181,23,1,4,1
210,1,2,1,1,2.75,3,3.75,-0.738840420142394,-0.2940347819546,0.0142665222224181,23,1,4,1
210,1,3,2,0,2.75,3,3.75,-0.738840420142394,-0.2940347819546,0.0142665222224181,23,1,4,1
210,1,4,3,NA,2.75,3,3.75,-0.738840420142394,-0.2940347819546,0.0142665222224181,23,1,4,1
210,1,5,4,0,2.75,3,3.75,-0.738840420142394,-0.2940347819546,0.0142665222224181,23,1,4,1
210,1,6,5,NA,2.75,3,3.75,-0.738840420142394,-0.2940347819546,0.0142665222224181,23,1,4,1
210,2,7,0,0,2.75,3,3.75,-0.738840420142394,-0.2940347819546,0.0142665222224181,23,1,4,1
210,2,8,1,0,2.75,3,3.75,-0.738840420142394,-0.2940347819546,0.0142665222224181,23,1,4,1
210,2,9,2,0,2.75,3,3.75,-0.738840420142394,-0.2940347819546,0.0142665222224181,23,1,4,1
210,2,10,3,0,2.75,3,3.75,-0.738840420142394,-0.2940347819546,0.0142665222224181,23,1,4,1
210,2,11,4,0,2.75,3,3.75,-0.738840420142394,-0.2940347819546,0.0142665222224181,23,1,4,1
210,2,12,5,0,2.75,3,3.75,-0.738840420142394,-0.2940347819546,0.0142665222224181,23,1,4,1
210,3,13,0,NA,2.75,3,3.75,-0.738840420142394,-0.2940347819546,0.0142665222224181,23,1,4,1
210,3,14,1,0,2.75,3,3.75,-0.738840420142394,-0.2940347819546,0.0142665222224181,23,1,4,1
210,3,15,2,NA,2.75,3,3.75,-0.738840420142394,-0.2940347819546,0.0142665222224181,23,1,4,1
210,3,16,3,NA,2.75,3,3.75,-0.738840420142394,-0.2940347819546,0.0142665222224181,23,1,4,1
210,3,17,4,NA,2.75,3,3.75,-0.738840420142394,-0.2940347819546,0.0142665222224181,23,1,4,1
210,3,18,5,0,2.75,3,3.75,-0.738840420142394,-0.2940347819546,0.0142665222224181,23,1,4,1
210,4,19,0,NA,2.75,3,3.75,-0.738840420142394,-0.2940347819546,0.0142665222224181,23,1,4,1
210,4,20,1,NA,2.75,3,3.75,-0.738840420142394,-0.2940347819546,0.0142665222224181,23,1,4,1
210,4,21,2,NA,2.75,3,3.75,-0.738840420142394,-0.2940347819546,0.0142665222224181,23,1,4,1
210,4,22,3,NA,2.75,3,3.75,-0.738840420142394,-0.2940347819546,0.0142665222224181,23,1,4,1
210,4,23,4,NA,2.75,3,3.75,-0.738840420142394,-0.2940347819546,0.0142665222224181,23,1,4,1
210,4,24,5,NA,2.75,3,3.75,-0.738840420142394,-0.2940347819546,0.0142665222224181,23,1,4,1
210,5,25,0,NA,2.75,3,3.75,-0.738840420142394,-0.2940347819546,0.0142665222224181,23,1,4,1
210,5,26,1,0,2.75,3,3.75,-0.738840420142394,-0.2940347819546,0.0142665222224181,23,1,4,1
210,5,27,2,NA,2.75,3,3.75,-0.738840420142394,-0.2940347819546,0.0142665222224181,23,1,4,1
210,5,28,3,0,2.75,3,3.75,-0.738840420142394,-0.2940347819546,0.0142665222224181,23,1,4,1
210,5,29,4,0,2.75,3,3.75,-0.738840420142394,-0.2940347819546,0.0142665222224181,23,1,4,1
210,5,30,5,0,2.75,3,3.75,-0.738840420142394,-0.2940347819546,0.0142665222224181,23,1,4,1
210,6,31,0,1,2.75,3,3.75,-0.738840420142394,-0.2940347819546,0.0142665222224181,23,1,4,1
210,6,32,1,0,2.75,3,3.75,-0.738840420142394,-0.2940347819546,0.0142665222224181,23,1,4,1
210,6,33,2,1,2.75,3,3.75,-0.738840420142394,-0.2940347819546,0.0142665222224181,23,1,4,1
210,6,34,3,1,2.75,3,3.75,-0.738840420142394,-0.2940347819546,0.0142665222224181,23,1,4,1
210,6,35,4,NA,2.75,3,3.75,-0.738840420142394,-0.2940347819546,0.0142665222224181,23,1,4,1
210,6,36,5,0,2.75,3,3.75,-0.738840420142394,-0.2940347819546,0.0142665222224181,23,1,4,1
210,7,37,0,0,2.75,3,3.75,-0.738840420142394,-0.2940347819546,0.0142665222224181,23,1,4,1
210,7,38,1,0,2.75,3,3.75,-0.738840420142394,-0.2940347819546,0.0142665222224181,23,1,4,1
210,7,39,2,0,2.75,3,3.75,-0.738840420142394,-0.2940347819546,0.0142665222224181,23,1,4,1
210,7,40,3,1,2.75,3,3.75,-0.738840420142394,-0.2940347819546,0.0142665222224181,23,1,4,1
210,7,41,4,NA,2.75,3,3.75,-0.738840420142394,-0.2940347819546,0.0142665222224181,23,1,4,1
210,7,42,5,NA,2.75,3,3.75,-0.738840420142394,-0.2940347819546,0.0142665222224181,23,1,4,1
213,1,1,0,0,1.5,2.25,4,-2.15097289679794,-1.10463012480768,0.317362824532764,28,1,5,1
213,1,2,1,0,1.5,2.25,4,-2.15097289679794,-1.10463012480768,0.317362824532764,28,1,5,1
213,1,3,2,1,1.5,2.25,4,-2.15097289679794,-1.10463012480768,0.317362824532764,28,1,5,1
213,1,4,3,0,1.5,2.25,4,-2.15097289679794,-1.10463012480768,0.317362824532764,28,1,5,1
213,1,5,4,0,1.5,2.25,4,-2.15097289679794,-1.10463012480768,0.317362824532764,28,1,5,1
213,1,6,5,0,1.5,2.25,4,-2.15097289679794,-1.10463012480768,0.317362824532764,28,1,5,1
213,2,7,0,0,1.5,2.25,4,-2.15097289679794,-1.10463012480768,0.317362824532764,28,1,5,1
213,2,8,1,0,1.5,2.25,4,-2.15097289679794,-1.10463012480768,0.317362824532764,28,1,5,1
213,2,9,2,0,1.5,2.25,4,-2.15097289679794,-1.10463012480768,0.317362824532764,28,1,5,1
213,2,10,3,1,1.5,2.25,4,-2.15097289679794,-1.10463012480768,0.317362824532764,28,1,5,1
213,2,11,4,0,1.5,2.25,4,-2.15097289679794,-1.10463012480768,0.317362824532764,28,1,5,1
213,2,12,5,0,1.5,2.25,4,-2.15097289679794,-1.10463012480768,0.317362824532764,28,1,5,1
213,3,13,0,0,1.5,2.25,4,-2.15097289679794,-1.10463012480768,0.317362824532764,28,1,5,1
213,3,14,1,0,1.5,2.25,4,-2.15097289679794,-1.10463012480768,0.317362824532764,28,1,5,1
213,3,15,2,0,1.5,2.25,4,-2.15097289679794,-1.10463012480768,0.317362824532764,28,1,5,1
213,3,16,3,0,1.5,2.25,4,-2.15097289679794,-1.10463012480768,0.317362824532764,28,1,5,1
213,3,17,4,0,1.5,2.25,4,-2.15097289679794,-1.10463012480768,0.317362824532764,28,1,5,1
213,3,18,5,1,1.5,2.25,4,-2.15097289679794,-1.10463012480768,0.317362824532764,28,1,5,1
213,4,19,0,1,1.5,2.25,4,-2.15097289679794,-1.10463012480768,0.317362824532764,28,1,5,1
213,4,20,1,0,1.5,2.25,4,-2.15097289679794,-1.10463012480768,0.317362824532764,28,1,5,1
213,4,21,2,0,1.5,2.25,4,-2.15097289679794,-1.10463012480768,0.317362824532764,28,1,5,1
213,4,22,3,0,1.5,2.25,4,-2.15097289679794,-1.10463012480768,0.317362824532764,28,1,5,1
213,4,23,4,1,1.5,2.25,4,-2.15097289679794,-1.10463012480768,0.317362824532764,28,1,5,1
213,4,24,5,1,1.5,2.25,4,-2.15097289679794,-1.10463012480768,0.317362824532764,28,1,5,1
213,5,25,0,0,1.5,2.25,4,-2.15097289679794,-1.10463012480768,0.317362824532764,28,1,5,1
213,5,26,1,0,1.5,2.25,4,-2.15097289679794,-1.10463012480768,0.317362824532764,28,1,5,1
213,5,27,2,0,1.5,2.25,4,-2.15097289679794,-1.10463012480768,0.317362824532764,28,1,5,1
213,5,28,3,0,1.5,2.25,4,-2.15097289679794,-1.10463012480768,0.317362824532764,28,1,5,1
213,5,29,4,0,1.5,2.25,4,-2.15097289679794,-1.10463012480768,0.317362824532764,28,1,5,1
213,5,30,5,0,1.5,2.25,4,-2.15097289679794,-1.10463012480768,0.317362824532764,28,1,5,1
213,6,31,0,1,1.5,2.25,4,-2.15097289679794,-1.10463012480768,0.317362824532764,28,1,5,1
213,6,32,1,1,1.5,2.25,4,-2.15097289679794,-1.10463012480768,0.317362824532764,28,1,5,1
213,6,33,2,0,1.5,2.25,4,-2.15097289679794,-1.10463012480768,0.317362824532764,28,1,5,1
213,6,34,3,0,1.5,2.25,4,-2.15097289679794,-1.10463012480768,0.317362824532764,28,1,5,1
213,6,35,4,0,1.5,2.25,4,-2.15097289679794,-1.10463012480768,0.317362824532764,28,1,5,1
213,6,36,5,1,1.5,2.25,4,-2.15097289679794,-1.10463012480768,0.317362824532764,28,1,5,1
213,7,37,0,0,1.5,2.25,4,-2.15097289679794,-1.10463012480768,0.317362824532764,28,1,5,1
213,7,38,1,0,1.5,2.25,4,-2.15097289679794,-1.10463012480768,0.317362824532764,28,1,5,1
213,7,40,2,1,1.5,2.25,4,-2.15097289679794,-1.10463012480768,0.317362824532764,28,1,5,1
213,7,41,3,0,1.5,2.25,4,-2.15097289679794,-1.10463012480768,0.317362824532764,28,1,5,1
213,7,42,4,0,1.5,2.25,4,-2.15097289679794,-1.10463012480768,0.317362824532764,28,1,5,1
