"subject","location","type","id","Age","gender","education","BMW3_UN_01","BMW3_UN_02","BMW3_UN_03","BMW3_UN_04","BMW3_ME_01","BMW3_ME_02","BMW3_ME_03","BMW3_ME_04","BMW3_IN_01","BMW3_IN_02","BMW3_IN_03","BMW3_IN_04","BMW3_UN","BMW3_ME","BMW3_IN","IPIP_E_01","IPIP_A_01","IPIP_C_01","IPIP_S_01","IPIP_I_01","IPIP_E_02","IPIP_A_02","IPIP_C_02","IPIP_S_02","IPIP_I_02","IPIP_E_03","IPIP_A_03","IPIP_C_03","IPIP_S_03","IPIP_I_03","IPIP_E_04","IPIP_A_04","IPIP_C_04","IPIP_S_04","IPIP_I_04","IPIP_E_05","IPIP_A_05","IPIP_C_05","IPIP_S_05","IPIP_I_05","IPIP_E_06","IPIP_A_06","IPIP_C_06","IPIP_S_06","IPIP_I_06","IPIP_E_07","IPIP_A_07","IPIP_C_07","IPIP_S_07","IPIP_I_07","IPIP_E_08","IPIP_A_08","IPIP_C_08","IPIP_S_08","IPIP_I_08","IPIP_E_09","IPIP_A_09","IPIP_C_09","IPIP_S_09","IPIP_I_09","IPIP_E_10","IPIP_A_10","IPIP_C_10","IPIP_S_10","IPIP_I_10","IPIP_E_p1","IPIP_E_p2","IPIP_E_p3","IPIP_A_p1","IPIP_A_p2","IPIP_A_p3","IPIP_C_p1","IPIP_C_p2","IPIP_C_p3","IPIP_S_p1","IPIP_S_p2","IPIP_S_p3","IPIP_I_p1","IPIP_I_p2","IPIP_I_p3","IPIP_E","IPIP_A","IPIP_C","IPIP_S","IPIP_I","DMW_01","DMW_02","DMW_03","DMW_04","SMW_03","SMW_01","SMW_02","SMW_04","MW_D","MW_S","MAAS_01","MAAS_02","MAAS_03","MAAS_04","MAAS_05","MAAS_06","MAAS_07","MAAS_08","MAAS_09","MAAS_10","MAAS_11","MAAS_12","MAAS_13","MAAS_14","MAAS_15","MAAS_p1","MAAS_p2","MAAS_p3","MAAS","BMW3_UN_01_z","BMW3_UN_02_z","BMW3_UN_03_z","BMW3_UN_04_z","BMW3_ME_01_z","BMW3_ME_02_z","BMW3_ME_03_z","BMW3_ME_04_z","BMW3_IN_01_z","BMW3_IN_02_z","BMW3_IN_03_z","BMW3_IN_04_z","BMW3_UN_z","BMW3_ME_z","BMW3_IN_z","IPIP_E_01_z","IPIP_A_01_z","IPIP_C_01_z","IPIP_S_01_z","IPIP_I_01_z","IPIP_E_02_z","IPIP_A_02_z","IPIP_C_02_z","IPIP_S_02_z","IPIP_I_02_z","IPIP_E_03_z","IPIP_A_03_z","IPIP_C_03_z","IPIP_S_03_z","IPIP_I_03_z","IPIP_E_04_z","IPIP_A_04_z","IPIP_C_04_z","IPIP_S_04_z","IPIP_I_04_z","IPIP_E_05_z","IPIP_A_05_z","IPIP_C_05_z","IPIP_S_05_z","IPIP_I_05_z","IPIP_E_06_z","IPIP_A_06_z","IPIP_C_06_z","IPIP_S_06_z","IPIP_I_06_z","IPIP_E_07_z","IPIP_A_07_z","IPIP_C_07_z","IPIP_S_07_z","IPIP_I_07_z","IPIP_E_08_z","IPIP_A_08_z","IPIP_C_08_z","IPIP_S_08_z","IPIP_I_08_z","IPIP_E_09_z","IPIP_A_09_z","IPIP_C_09_z","IPIP_S_09_z","IPIP_I_09_z","IPIP_E_10_z","IPIP_A_10_z","IPIP_C_10_z","IPIP_S_10_z","IPIP_I_10_z","IPIP_E_p1_z","IPIP_E_p2_z","IPIP_E_p3_z","IPIP_A_p1_z","IPIP_A_p2_z","IPIP_A_p3_z","IPIP_C_p1_z","IPIP_C_p2_z","IPIP_C_p3_z","IPIP_S_p1_z","IPIP_S_p2_z","IPIP_S_p3_z","IPIP_I_p1_z","IPIP_I_p2_z","IPIP_I_p3_z","IPIP_E_z","IPIP_A_z","IPIP_C_z","IPIP_S_z","IPIP_I_z","DMW_01_z","DMW_02_z","DMW_03_z","DMW_04_z","SMW_03_z","SMW_01_z","SMW_02_z","SMW_04_z","MW_D_z","MW_S_z","MAAS_01_z","MAAS_02_z","MAAS_03_z","MAAS_04_z","MAAS_05_z","MAAS_06_z","MAAS_07_z","MAAS_08_z","MAAS_09_z","MAAS_10_z","MAAS_11_z","MAAS_12_z","MAAS_13_z","MAAS_14_z","MAAS_15_z","MAAS_p1_z","MAAS_p2_z","MAAS_p3_z","MAAS_z"
1,"Greensboro","online",1,19,"female","high school",4,4,3,3,2,2,1,2,2,3,3,3,3.5,1.75,2.75,5,4,2,1,5,3,5,1,3,3,4,1,5,1,5,2,5,2,5,4,5,3,4,2,4,4,4,3,2,3,4,3,3,2,4,3,4,2,2,4,4,4,4,2,4,2,4,4,2,4,3.25,3.66666666666667,4,4,4,3,2.75,2.33333333333333,4,2.5,2.33333333333333,1.66666666666667,4.25,3.66666666666667,4,3.6,3.7,3,2.2,4,6,6,7,6,7,7,7,7,6.25,7,3,2,1,1,2,3,3,3,1,4,1,2,1,1,4,2.83333333333333,1.8,1.6,2.13333333333333,0.935533283700688,1.00093104194629,0.824002685292926,0.432317261176896,-0.422655668675956,-0.382485486716104,-1.24922721863943,-0.27528252477849,-0.119175107217619,0.737771833846572,0.46285855535918,0.459548864064687,1.06865129490767,-0.742195136476336,0.469885696591721,1.99776060050047,0.168141776182787,-1.18023457984112,-0.974653496617187,1.59541919511977,0.00357123061984847,1.33000360082056,-1.64924190525444,-0.0151687807382178,-0.372344685417831,0.71473559545132,-2.86864875725495,1.03571152755623,-0.874634651813854,1.0086765822689,-0.530735874016257,0.902476562150498,-1.16276078202563,2.01307558628088,0.402693124549392,1.55697311436958,-0.374105768424403,0.92302886445887,-0.730012435309267,0.371352116350226,0.706267272093176,0.0505073805422005,0.116454427879473,-0.652795742272766,-0.829592380935756,1.14437789881218,-0.513652941180561,-0.809131706285916,-0.524529421338927,0.23681703900313,0.675109297063191,0.0306135743288604,-1.29925937409936,-0.658379106915543,0.986036059541353,1.04164009722605,0.09111241613477,0.433911835946853,-0.450566132856974,0.021739946615087,0.0041332103500513,0.279974806517639,0.520757752950237,-0.765088601793289,0.267811002934351,0.919213975785692,0.934827658218393,1.1033256466184,0.281195438251856,0.450332012139219,-1.29968146143813,-1.05703798893848,-0.903849754525995,0.690714509662607,-0.165530848533927,-0.658595832323662,-0.775630743888986,0.96151284819593,0.476438134970254,0.0649112822892171,1.08890190826888,-0.163886415126437,-0.551520050594083,-0.580083970494744,0.62218995134618,1.00348523915273,0.626197356428548,0.928858325786415,0.801000458635262,1.6189841411199,1.22640574589957,1.05842552912661,1.12187245045009,1.00960368217166,1.59371463244971,-0.424350522289298,-1.48852171823496,-1.66694917954257,-1.31105892392677,-1.00760635706271,0.0121968083155237,-0.221597108921274,-0.356135647755801,-1.76388347900999,0.392799366020684,-1.33410479193646,-1.32847719105044,-1.19629303402846,-1.68490199102745,-0.234376555314628,-0.808515562505371,-1.64651422962797,-1.84571894782991,-1.45202284449604
2,"Greensboro","online",1,26,"female","Bachelor's degree",4,4,4,4,3,4,3,4,4,4,4,4,4,3.5,4,1,2,2,1,4,4,4,2,4,5,5,5,1,2,5,2,5,1,2,5,5,4,2,5,4,4,5,1,2,5,1,4,2,2,4,2,5,4,2,2,1,5,4,4,5,1,4,4,5,4,1.25,3.66666666666667,3.33333333333333,3.75,4.33333333333333,5,2.25,2.66666666666667,2,2.5,3.66666666666667,2.66666666666667,4.25,3.66666666666667,5,2.6,4.3,2.3,2.9,4.3,7,7,7,4,1,7,2,7,6.25,4.25,1,6,1,6,6,3,6,6,6,3,2,1,1,1,6,3.83333333333333,4.2,2.4,3.66666666666667,0.935533283700688,1.00093104194629,1.67166095006795,1.27730099893174,0.442782129089096,1.44494517203861,0.517771807725554,1.44024625282659,1.3449762100274,1.46206838305668,1.23428948095781,1.29686247231814,1.67328294860544,1.22436063887029,1.64187438298638,-1.1956857125672,-1.33812830212134,-1.18023457984112,-0.974653496617187,0.706778969858759,0.771385813887254,0.410547735301525,-0.913584208927254,0.80015318394099,1.36796199642638,1.61337976517082,0.903580495404464,-3.01297898925448,0.0208246345669966,1.0086765822689,-0.530735874016257,0.902476562150498,-2.01307904098995,-0.573445834338975,1.26848334233058,1.55697311436958,0.455097738908036,-0.597670031009767,1.69709076455917,0.371352116350226,0.706267272093176,0.955431281923296,-1.35635157177268,-0.652795742272766,0.87722447936269,-1.11980536724259,0.399036169181593,-1.80320780258004,-0.524529421338927,0.23681703900313,-0.194043390772654,1.12759998777969,0.569240729120455,-0.658379106915543,-0.744557840878165,-1.27511115350085,1.12212133555454,0.433911835946853,1.03976799890071,0.956557651063824,-0.884507014910961,0.279974806517639,0.520757752950237,1.51955097300612,0.267811002934351,-1.24068771595118,0.934827658218393,0.370048941756094,-0.05655327249758,0.890429205820728,1.39147276850599,-1.76834680778597,-0.530142644481593,-1.7305401573612,-0.165530848533927,0.775309017798742,0.177287027174625,0.96151284819593,0.476438134970254,1.22790508997103,-0.112914879604884,0.779923743414204,-1.60087235924654,0.25775324216801,1.0877497177247,1.53619962536961,1.15005895811002,0.928858325786415,-0.236439894416433,-1.48888720120848,1.22640574589957,-1.85902945500442,1.12187245045009,1.00960368217166,-0.329313482725578,-1.87253087613373,1.16734690766144,-1.66694917954257,1.96658838589016,1.51140953559406,0.0121968083155237,1.84985412664716,1.7707855818969,2.12172049626816,-0.36802823483019,-0.565116775136626,-1.92228716210209,-1.19629303402846,-1.68490199102745,1.04134393563841,0.162606481844656,0.931159746367273,-1.03956440484681,0.253500425345508
3,"Greensboro","online",1,18,"male","high school",2,3,1,2,3,3,3,3,1,1,1,1,2,3,1,1,2,5,5,4,3,4,4,4,2,5,5,4,5,4,3,4,4,4,3,4,5,3,5,4,4,3,4,5,5,3,5,4,5,4,3,4,5,5,3,4,4,4,5,2,4,4,4,5,3,2.75,3.33333333333333,4.33333333333333,3.75,4.33333333333333,4,4.25,4,4,4.75,4.66666666666667,5,3.5,3,3.66666666666667,3.4,4,4.1,4.8,3.4,1,1,1,1,1,2,1,1,1,1.25,5,5,5,5,5,5,5,5,5,5,5,5,5,5,5,5,5,5,5,-0.953101983864082,0.0570706295846575,-0.871313844257114,-0.412666476577946,0.442782129089096,0.531229842661255,0.517771807725554,0.582481864024051,-0.85125076584013,-0.710821264573636,-1.08000329583809,-1.21507835244222,-0.745243666185615,0.662487560199828,-1.17089846436081,-1.1956857125672,-1.33812830212134,1.61848344956154,2.16467986327338,0.706778969858759,0.00357123061984847,0.410547735301525,0.557731183727125,0.80015318394099,-1.24249802633994,1.61337976517082,0.903580495404464,0.0235388983535506,2.70720249370955,0.105070477319677,0.327220614055136,-0.0925616986821026,0.537875735903012,1.15090177940759,-0.4630970932318,0.72218703060534,1.28430124624048,0.162679416724552,1.69709076455917,0.371352116350226,0.706267272093176,-0.854416520838895,0.85285742770555,1.62316779159715,0.87722447936269,0.389650143460587,1.31172527954375,0.184944390008209,1.87491367627531,0.23681703900313,0.675109297063191,0.0306135743288604,1.50349078073036,1.49722761369626,0.120739109331594,1.04164009722605,0.09111241613477,0.433911835946853,1.78493506477955,-1.84789546228239,1.78141366087208,0.279974806517639,0.520757752950237,1.51955097300612,-0.660888442725094,0.379238552851474,0.581597523742199,1.46996399904955,-0.05655327249758,0.890429205820728,0.0458956535339307,1.07688846760399,0.964685795696014,0.690714509662607,2.45989695403287,1.85073765539055,2.40076182632305,-0.0755704078013522,-0.422107470456102,-0.322753320271386,0.84853855069413,0.308018664143884,1.09746214871692,2.53188281939549,-0.308929581410864,-1.66008669193167,-1.9931106519788,-2.1593562109777,-1.79260042399398,-1.48888720120848,-1.75636840985164,-2.44252045183063,-2.05184566595477,-2.28877593071187,-2.42716233564408,1.02382983155513,0.50337975118734,1.11129945302838,1.31105892392677,0.881655562429869,1.32335370223432,1.15937038145768,1.06181183867933,1.34459970121253,1.15362696687156,1.74184727526289,0.452952722104516,1.82075098140988,1.28439250135699,0.403483690161891,1.29558220025302,1.79038440503235,1.58043785984826,1.7365641382512
4,"Greensboro","online",1,18,"male","high school",3,4,3,3,2,2,2,2,3,3,2,3,3.25,2,2.75,3,4,2,3,2,3,4,3,5,3,4,4,3,3,4,2,4,4,4,3,2,3,2,2,4,3,3,2,4,5,3,4,2,4,4,2,4,3,4,3,2,3,3,4,2,1,4,4,4,4,2.25,2.33333333333333,3,4,3.66666666666667,3.33333333333333,3,2.66666666666667,2.66666666666667,3.75,3.66666666666667,3.66666666666667,3.25,3.33333333333333,3.66666666666667,2.5,3.7,2.8,3.7,3.4,3,6,7,2,7,6,6,7,4.5,6.5,4,5,3,2,3,5,3,3,4,4,2,6,3,3,5,4,3.2,4.2,3.66666666666667,-0.00878435008169721,1.00093104194629,0.824002685292926,0.432317261176896,-0.422655668675956,-0.382485486716104,-0.365727705456939,-0.27528252477849,0.612900551404893,0.737771833846572,-0.308572370239454,0.459548864064687,0.766335468058792,-0.461258597141103,0.469885696591721,0.401037443966637,0.168141776182787,-1.18023457984112,0.595013183328095,-1.07050148066327,0.00357123061984847,0.410547735301525,-0.177926512600065,1.6154751486202,-0.372344685417831,0.71473559545132,-0.0394768177603896,-0.988633730849125,0.916283920947847,0.105070477319677,-0.530735874016257,-0.0925616986821026,0.537875735903012,1.15090177940759,-0.4630970932318,-0.947385136923134,-0.374105768424403,-0.597670031009767,-0.730012435309267,0.371352116350226,-0.110116940272592,-0.854416520838895,-0.619948571946605,0.864513280307176,0.87722447936269,0.389650143460587,0.399036169181593,-1.80320780258004,1.0750993104039,0.23681703900313,-0.194043390772654,0.0306135743288604,-0.365009322489452,0.778692040158992,0.120739109331594,-0.502860736591885,-0.939896503284995,-0.384430661672212,1.03976799890071,-1.84789546228239,-0.884507014910961,0.279974806517639,0.520757752950237,0.758004448072981,0.267811002934351,-0.160736870082744,-0.478092879686383,0.00341058932494087,0.281195438251856,0.0102348184577095,-0.851155756447443,-0.701383579514734,-0.530142644481593,-0.923455268353268,1.29304015289207,0.775309017798742,1.13020479823824,-0.421264826467113,0.027165332257076,-0.322753320271386,-0.233096558392261,-0.163886415126437,-0.851334995923357,1.21528148521116,-0.308929581410864,-0.594657919497913,0.626197356428548,0.928858325786415,-1.27388024746813,1.6189841411199,0.629850914749325,0.4749345323004,1.12187245045009,-0.0898561887895179,1.24407315696329,0.299739654632917,0.50337975118734,-0.277824863257094,-0.655529461963387,-0.377852383898515,1.32335370223432,-0.221597108921274,-0.356135647755801,0.567478906156901,0.392799366020684,-0.565116775136626,1.04676269315617,0.312228973690713,-0.200254744835229,0.403483690161891,0.324460155902994,-0.142871076964077,0.774283316865163,0.253500425345508
5,"Greensboro","online",1,19,"male","high school",3,3,2,1,3,2,2,3,1,1,1,3,2.25,2.5,1.5,1,4,3,2,3,3,4,5,2,3,3,4,4,1,4,1,4,3,3,4,3,4,2,4,3,2,2,2,3,4,1,4,5,3,4,1,3,3,4,2,1,3,3,3,4,2,3,4,3,3,1.25,2.33333333333333,2,3.75,3.66666666666667,3,3.75,3.33333333333333,3,2.75,3.33333333333333,2.33333333333333,3.5,2.66666666666667,4,1.8,3.5,3.4,2.8,3.4,4,5,5,6,3,4,5,3,5,3.75,4,3,5,2,3,5,5,4,4,5,4,5,2,4,4,4.16666666666667,3.2,4.6,3.93333333333333,-0.00878435008169721,0.0570706295846575,-0.0236555794820937,-1.25765021433279,0.442782129089096,-0.382485486716104,-0.365727705456939,0.582481864024051,-0.85125076584013,-0.710821264573636,-1.08000329583809,0.459548864064687,-0.442927839336733,0.100614481529362,-0.702102989802941,-1.1956857125672,0.168141776182787,-0.247328570040235,-0.189820156644546,-0.181861255402253,0.00357123061984847,0.410547735301525,1.29338888005431,-0.830490745417426,-0.372344685417831,-0.183908574268176,-0.0394768177603896,0.0235388983535506,-0.874634651813854,0.105070477319677,-1.38869236208765,-0.0925616986821026,-0.312442523061309,0.288727972534309,0.402693124549392,-0.112599053158897,0.455097738908036,-0.597670031009767,0.888056364603025,-0.693190617187087,-0.92650115263836,-1.75934042221999,-0.619948571946605,0.105858769017205,0.0238160492134668,-1.11980536724259,0.399036169181593,1.17902048630233,0.275284944532487,0.23681703900313,-1.0631960786085,-1.06637283912197,-0.365009322489452,0.778692040158992,-0.744557840878165,-1.27511115350085,-0.939896503284995,-0.384430661672212,0.294600933021867,0.021739946615087,0.0041332103500513,-0.776070516312052,0.520757752950237,-0.00354207686015419,-0.660888442725094,-1.24068771595118,-0.478092879686383,-1.09650446796852,-0.05655327249758,0.0102348184577095,-1.29968146143813,0.365579648756502,0.217271575607211,-0.519912823849299,0.126183351751272,0.416832805268141,-0.140352229846578,-0.0755704078013522,-0.87138027316928,0.0649112822892171,-1.0743683099039,-0.478489801306651,0.0481098400644648,0.138062211787617,-0.308929581410864,-0.0619435332810327,0.102335754747078,-0.100546519801622,0.801000458635262,-0.452930087099021,-0.563258747551158,-0.108556464525806,-0.993939627153151,0.224275202913675,-0.678954958211994,0.299739654632917,-0.824554561760857,1.11129945302838,-0.655529461963387,-0.377852383898515,1.32335370223432,1.15937038145768,0.352838095461766,0.567478906156901,1.15362696687156,0.972859258463052,0.452952722104516,-0.442032030168873,0.542068878260879,-0.234376555314628,0.486313829961332,-0.142871076964077,1.17736058835671,0.550113167926647
6,"Greensboro","online",1,18,"female","high school",4,4,3,4,1,4,1,3,4,3,4,1,3.75,2.25,3,2,1,4,1,2,2,2,4,4,3,2,5,5,1,3,1,5,4,4,3,2,1,2,2,4,2,5,2,4,4,1,4,4,2,4,1,5,2,2,3,1,5,4,2,5,1,4,3,2,4,1.25,1.66666666666667,1.66666666666667,3.5,2.66666666666667,5,3.75,2.66666666666667,3.66666666666667,2.25,2.66666666666667,2.33333333333333,3.25,3.33333333333333,4,1.5,3.7,3.4,2.4,3.5,5,5,7,7,4,6,6,6,6,5.5,3,5,4,5,4,5,5,5,4,5,3,3,2,3,5,4.33333333333333,3.8,3.8,4.06666666666667,0.935533283700688,1.00093104194629,0.824002685292926,1.27730099893174,-1.28809346644101,1.44494517203861,-1.24922721863943,0.582481864024051,1.3449762100274,0.737771833846572,1.23428948095781,-1.21507835244222,1.37096712175655,-0.18032205780587,0.704283433870654,-0.39732413430028,-2.0912633412734,0.685577439760651,-0.974653496617187,-1.07050148066327,-0.764243352647557,-1.42836399573656,0.557731183727125,0.80015318394099,-0.372344685417831,-1.08255274398767,0.903580495404464,1.03571152755623,-0.874634651813854,-0.798535627629547,-1.38869236208765,0.902476562150498,0.537875735903012,1.15090177940759,-0.4630970932318,-0.947385136923134,-2.03251278308928,-0.597670031009767,-0.730012435309267,0.371352116350226,-0.92650115263836,0.955431281923296,-0.619948571946605,0.864513280307176,0.0238160492134668,-1.11980536724259,0.399036169181593,0.184944390008209,-0.524529421338927,0.23681703900313,-1.0631960786085,1.12759998777969,-1.29925937409936,-0.658379106915543,0.120739109331594,-1.27511115350085,1.12212133555454,0.433911835946853,-0.450566132856974,0.956557651063824,-0.884507014910961,0.279974806517639,-0.576917902778203,-0.765088601793289,0.267811002934351,-1.24068771595118,-1.18455314863877,-1.46314282039967,-0.394301983247016,-1.31005676258682,1.39147276850599,0.365579648756502,-0.530142644481593,0.287172065158638,-0.457245048819126,-0.300119619793061,-0.140352229846578,-0.421264826467113,0.027165332257076,0.0649112822892171,-1.43491334626603,-0.163886415126437,0.0481098400644648,-0.340701909733957,-0.153742992618023,0.470770852935848,0.102335754747078,0.928858325786415,1.31972063516111,0.0650484699557104,0.629850914749325,0.4749345323004,0.592919431049281,0.85253798632006,0.544790205990462,-0.424350522289298,0.50337975118734,0.416737294885642,1.31105892392677,0.251901589265677,1.32335370223432,1.15937038145768,1.06181183867933,0.567478906156901,1.15362696687156,0.203871241663213,-0.734667219998788,-0.442032030168873,-0.200254744835229,0.403483690161891,0.648167504019669,0.501547417034732,0.371206045373613,0.698419539217217
7,"Greensboro","online",1,18,"female","high school",3,3,4,2,1,3,1,2,4,4,3,3,3,1.75,3.5,3,4,2,1,2,4,1,4,4,3,2,5,2,2,5,3,4,4,3,3,4,4,1,2,3,4,3,3,4,4,1,4,3,4,3,2,4,2,3,2,2,3,1,4,3,1,3,2,3,3,2,3.33333333333333,2.66666666666667,3.75,3,3.66666666666667,2.75,2.33333333333333,2,2.75,3,3.33333333333333,2.75,2.66666666666667,4,2.6,3.5,2.4,3,3.1,5,6,6,6,4,6,5,6,5.75,5.25,2,5,3,2,3,3,3,4,4,3,2,2,2,3,1,2.16666666666667,3.2,3,2.8,-0.00878435008169721,0.0570706295846575,1.67166095006795,-0.412666476577946,-1.28809346644101,0.531229842661255,-1.24922721863943,-0.27528252477849,1.3449762100274,1.46206838305668,0.46285855535918,0.459548864064687,0.464019641209911,-0.742195136476336,1.17307890842852,0.401037443966637,0.168141776182787,-1.18023457984112,-0.974653496617187,-1.07050148066327,0.771385813887254,-2.34781986125559,0.557731183727125,0.80015318394099,-0.372344685417831,-1.08255274398767,0.903580495404464,-2.0008063600518,0.0208246345669966,1.0086765822689,0.327220614055136,-0.0925616986821026,0.537875735903012,0.288727972534309,-0.4630970932318,0.72218703060534,0.455097738908036,-1.35801947874409,-0.730012435309267,-0.693190617187087,0.706267272093176,-0.854416520838895,0.116454427879473,0.864513280307176,0.0238160492134668,-1.11980536724259,0.399036169181593,-0.809131706285916,1.0750993104039,-0.781496228710329,-0.194043390772654,0.0306135743288604,-1.29925937409936,0.0601564666217247,-0.744557840878165,-0.502860736591885,-0.939896503284995,-2.02111565691034,1.03976799890071,-0.91307775783365,-0.884507014910961,-0.776070516312052,-1.67459355850664,-0.00354207686015419,-0.660888442725094,-0.430724581549853,0.581597523742199,-0.363227763106213,-0.05655327249758,-0.869959568905309,-0.402630051456756,-1.05703798893848,-0.903849754525995,-1.7305401573612,0.126183351751272,0.0583565927375398,0.812565541217033,-1.11265366379863,-0.87138027316928,0.0649112822892171,-0.112914879604884,-0.478489801306651,-1.4509648865819,0.377444272548404,-0.774489347789386,0.470770852935848,0.626197356428548,0.414155902992397,0.801000458635262,0.0650484699557104,0.629850914749325,-0.108556464525806,0.592919431049281,0.695472290468464,0.369969468247254,-1.14844069921151,0.50337975118734,-0.277824863257094,-0.655529461963387,-0.377852383898515,0.0121968083155237,-0.221597108921274,0.352838095461766,0.567478906156901,-0.36802823483019,-0.565116775136626,-1.32847719105044,-0.442032030168873,-0.200254744835229,-2.14795729174418,-1.45593025873872,-0.142871076964077,-0.434948497609486,-0.710490988043194
8,"Greensboro","online",1,18,"female","high school",3,3,2,3,2,2,2,2,3,3,3,3,2.75,2,3,2,4,2,2,2,3,3,3,1,4,2,4,3,1,3,3,3,3,4,3,3,4,2,4,2,3,3,2,3,3,2,3,3,4,4,2,3,3,4,2,3,3,4,4,4,3,3,3,2,3,2.5,2.66666666666667,2.66666666666667,3.25,3.33333333333333,3.33333333333333,2.75,2.66666666666667,3,3,3,2.66666666666667,3,2.66666666666667,3.33333333333333,2.6,3.3,2.8,2.9,3,4,5,6,2,3,3,3,3,4.25,3,3,4,4,2,3,2,3,3,2,3,2,2,4,3,4,2.83333333333333,3.2,2.6,2.93333333333333,-0.00878435008169721,0.0570706295846575,-0.0236555794820937,0.432317261176896,-0.422655668675956,-0.382485486716104,-0.365727705456939,-0.27528252477849,0.612900551404893,0.737771833846572,0.46285855535918,0.459548864064687,0.161703814361029,-0.461258597141103,0.704283433870654,-0.39732413430028,0.168141776182787,-1.18023457984112,-0.189820156644546,-1.07050148066327,0.00357123061984847,-0.508908130217515,-0.177926512600065,-1.64581271009663,0.497808655504274,-1.08255274398767,-0.0394768177603896,-0.988633730849125,-0.874634651813854,-0.798535627629547,0.327220614055136,-1.0875999595147,-0.312442523061309,1.15090177940759,-0.4630970932318,-0.112599053158897,0.455097738908036,-0.597670031009767,0.888056364603025,-1.7577333507244,-0.110116940272592,-0.854416520838895,-0.619948571946605,0.105858769017205,-0.829592380935756,-0.365077611891001,-0.513652941180561,-0.809131706285916,1.0750993104039,0.23681703900313,-0.194043390772654,-1.06637283912197,-0.365009322489452,0.778692040158992,-0.744557840878165,0.269389680317081,-0.939896503284995,0.433911835946853,1.03976799890071,0.021739946615087,0.892773435611063,-0.776070516312052,-0.576917902778203,-0.765088601793289,-0.660888442725094,0.109250841384365,-0.12486274521019,-0.363227763106213,-0.732050693996453,-0.429862375223799,-0.851155756447443,-1.05703798893848,-0.530142644481593,-0.519912823849299,0.417897552036471,0.0583565927375398,0.177287027174625,-0.766959245132874,-0.87138027316928,-0.710417922831989,-0.112914879604884,-0.793093187486865,-0.851334995923357,0.25775324216801,-0.929675936582226,-0.0619435332810327,0.102335754747078,0.414155902992397,-1.27388024746813,-0.452930087099021,-1.1598135787014,-1.27553845817822,-0.993939627153151,-0.246921884641114,-1.20341717144162,-0.424350522289298,-0.160587405286759,0.416737294885642,-0.655529461963387,-0.377852383898515,-0.643381638643875,-0.221597108921274,-0.356135647755801,-0.986762683954357,-0.36802823483019,-0.565116775136626,-1.32847719105044,1.0664899775503,-0.200254744835229,-0.234376555314628,-0.808515562505371,-0.142871076964077,-0.838025769101036,-0.562184616752624
9,"Greensboro","online",1,31,"female","Master's degree",3,4,3,3,1,1,2,3,4,3,4,4,3.25,1.75,3.75,3,1,4,5,2,3,4,4,1,4,3,5,2,1,5,2,5,4,5,5,3,4,5,1,3,3,4,4,1,4,3,4,5,2,2,2,4,4,1,2,3,4,5,1,5,3,4,5,1,3,2.75,2.66666666666667,3,3.5,4,4.33333333333333,4.5,4.33333333333333,3.66666666666667,3.25,1,1,3,3,4.66666666666667,2.8,3.9,4.2,1.9,3.5,7,7,5,7,7,6,7,7,6.5,6.75,3,2,2,2,4,2,3,3,3,4,2,6,2,2,1,3.16666666666667,2.6,3,2.73333333333333,-0.00878435008169721,1.00093104194629,0.824002685292926,0.432317261176896,-1.28809346644101,-1.29620081609346,-0.365727705456939,0.582481864024051,1.3449762100274,0.737771833846572,1.23428948095781,1.29686247231814,0.766335468058792,-0.742195136476336,1.40747664570745,0.401037443966637,-2.0912633412734,0.685577439760651,2.16467986327338,-1.07050148066327,0.00357123061984847,0.410547735301525,0.557731183727125,-1.64581271009663,0.497808655504274,-0.183908574268176,0.903580495404464,-2.0008063600518,-0.874634651813854,1.0086765822689,-0.530735874016257,0.902476562150498,0.537875735903012,2.01307558628088,1.26848334233058,-0.112599053158897,0.455097738908036,1.68337831219319,-1.53904683526541,-0.693190617187087,-0.110116940272592,0.0505073805422005,0.85285742770555,-1.41145025356274,0.0238160492134668,0.389650143460587,0.399036169181593,1.17902048630233,-0.524529421338927,-1.79980949642379,-0.194043390772654,0.0306135743288604,0.569240729120455,-1.37691468045281,-0.744557840878165,0.269389680317081,0.09111241613477,1.25225433356592,-1.19573319873581,0.956557651063824,0.892773435611063,0.279974806517639,1.61843340867868,-1.52663512672642,-0.660888442725094,0.379238552851474,-0.12486274521019,0.00341058932494087,-0.394301983247016,0.450332012139219,0.494421358524617,1.43254287702774,1.33839290574042,0.287172065158638,0.709611752321671,-2.09250068244607,-1.41090925793139,-0.766959245132874,-0.422107470456102,0.840240487410424,0.127448477969869,0.150716971053777,1.24736962138156,-0.939157061635925,-0.153742992618023,1.53619962536961,1.15005895811002,-0.100546519801622,1.31972063516111,1.6189841411199,0.629850914749325,1.05842552912661,1.12187245045009,1.16666937802325,1.4188938947065,-0.424350522289298,-1.48852171823496,-0.972387021399831,-0.655529461963387,0.251901589265677,-0.643381638643875,-0.221597108921274,-0.356135647755801,-0.209641888898728,0.392799366020684,-0.565116775136626,1.04676269315617,-0.442032030168873,-0.942578367931338,-2.14795729174418,-0.484808214388696,-0.787289570962887,-0.434948497609486,-0.784644173688478
10,"Greensboro","online",1,18,"female","high school",3,2,1,1,4,3,3,3,4,2,3,2,1.75,3.25,2.75,2,2,3,2,3,5,4,4,4,2,3,4,4,2,3,3,4,2,2,2,3,4,2,3,4,4,4,4,3,4,2,4,3,3,4,4,4,3,2,3,3,3,4,2,2,2,4,3,4,3,2.25,4,3.33333333333333,3.5,4,3.66666666666667,2.75,3,4,2.75,3,2.33333333333333,3,3,3,3.1,3.7,3.2,2.7,3,5,5,7,4,2,4,6,5,5.25,4.25,2,6,5,3,3,3,3,4,3,3,3,3,2,2,2,2.66666666666667,3.6,3.2,3.13333333333333,-0.00878435008169721,-0.886789782776974,-0.871313844257114,-1.25765021433279,1.30821992685415,0.531229842661255,0.517771807725554,0.582481864024051,1.3449762100274,0.0134752846364677,0.46285855535918,-0.377764744188768,-1.0475594930345,0.943424099535061,0.469885696591721,-0.39732413430028,-1.33812830212134,-0.247328570040235,-0.189820156644546,-0.181861255402253,1.53920039715466,0.410547735301525,0.557731183727125,0.80015318394099,-1.24249802633994,-0.183908574268176,-0.0394768177603896,0.0235388983535506,0.0208246345669966,-0.798535627629547,0.327220614055136,-0.0925616986821026,-1.16276078202563,-0.573445834338975,-1.32888731101299,-0.112599053158897,0.455097738908036,-0.597670031009767,0.0790219646468792,0.371352116350226,0.706267272093176,0.0505073805422005,0.85285742770555,0.105858769017205,0.0238160492134668,-0.365077611891001,0.399036169181593,-0.809131706285916,0.275284944532487,0.23681703900313,1.54426198489904,0.0306135743288604,-0.365009322489452,-0.658379106915543,0.120739109331594,0.269389680317081,-0.939896503284995,0.433911835946853,-0.450566132856974,-1.84789546228239,0.0041332103500513,0.279974806517639,-0.576917902778203,0.758004448072981,-0.660888442725094,-0.160736870082744,1.28805779269459,0.370048941756094,-0.394301983247016,0.450332012139219,-0.402630051456756,-1.05703798893848,-0.156435534437191,0.690714509662607,0.126183351751272,0.0583565927375398,-0.140352229846578,-0.766959245132874,-0.422107470456102,-1.09808252539259,0.487993514332,-0.163886415126437,-0.251705105264809,0.0183711814072236,-0.929675936582226,0.470770852935848,0.102335754747078,0.928858325786415,-0.236439894416433,-0.970908644153751,-0.563258747551158,0.4749345323004,0.06396641164847,0.381340898765271,-0.329313482725578,-1.14844069921151,1.16734690766144,1.11129945302838,0,-0.377852383898515,0.0121968083155237,-0.221597108921274,0.352838095461766,-0.209641888898728,-0.36802823483019,0.203871241663213,-0.734667219998788,-0.442032030168873,-0.942578367931338,-1.51009704626767,-0.970369236563709,0.286741252368463,-0.233409861863711,-0.33972505981677
11,"Greensboro","online",1,18,"male","high school",4,4,2,3,3,1,3,1,3,3,3,3,3.25,2,3,4,5,4,2,2,5,5,5,5,4,5,2,5,1,4,5,5,2,4,4,5,5,1,4,4,5,5,2,2,1,5,5,4,4,2,4,5,2,4,2,5,5,1,4,5,4,5,2,4,4,4.5,4.66666666666667,5,5,5,4,3,2.66666666666667,2.66666666666667,3.5,4.33333333333333,2.33333333333333,3,3.33333333333333,3.33333333333333,4.7,4.7,2.8,3.4,3.2,5,4,7,5,5,7,7,7,5.25,6.5,3,4,3,3,3,6,4,3,3,4,1,5,2,4,6,4.16666666666667,2.6,4.2,3.6,0.935533283700688,1.00093104194629,-0.0236555794820937,0.432317261176896,0.442782129089096,-1.29620081609346,0.517771807725554,-1.13304691358103,0.612900551404893,0.737771833846572,0.46285855535918,0.459548864064687,0.766335468058792,-0.461258597141103,0.704283433870654,1.19939902223355,0.92127681533485,0.685577439760651,-0.189820156644546,-1.07050148066327,1.53920039715466,1.33000360082056,1.29338888005431,1.6154751486202,0.497808655504274,1.61337976517082,-1.9255914440901,1.03571152755623,-0.874634651813854,0.105070477319677,2.04313359019792,0.902476562150498,-1.16276078202563,1.15090177940759,0.402693124549392,1.55697311436958,1.28430124624048,-1.35801947874409,0.888056364603025,0.371352116350226,1.52265148445894,0.955431281923296,-0.619948571946605,-0.652795742272766,-2.5364092412342,1.89910565416376,1.31172527954375,0.184944390008209,1.0750993104039,-1.79980949642379,1.54426198489904,1.12759998777969,-1.29925937409936,0.778692040158992,-0.744557840878165,1.81389051413501,1.12212133555454,-2.02111565691034,1.03976799890071,0.956557651063824,1.78141366087208,1.33602012934733,-1.67459355850664,0.758004448072981,0.267811002934351,2.26915253312124,1.99451806164698,2.20324070391186,1.6321902812496,1.77062359318375,0.0458956535339307,-0.701383579514734,-0.530142644481593,-0.923455268353268,1.00132595260687,1.49226144285994,-0.140352229846578,-0.766959245132874,0.027165332257076,-0.710417922831989,2.41090037493003,1.40913051577463,-0.851334995923357,0.856208394069978,-0.619302758996545,0.470770852935848,-0.421525846934393,0.928858325786415,0.282280282109415,0.583027027010441,1.22640574589957,1.05842552912661,1.12187245045009,0.381340898765271,1.24407315696329,-0.424350522289298,-0.160587405286759,-0.277824863257094,0,-0.377852383898515,1.97893214919372,0.468886636268203,-0.356135647755801,-0.209641888898728,0.392799366020684,-1.33410479193646,0.452952722104516,-0.442032030168873,0.542068878260879,1.04134393563841,0.486313829961332,-0.787289570962887,0.774283316865163,0.179347239700224
12,"Greensboro","online",1,18,"female","high school",2,3,3,3,3,2,3,3,1,1,0,1,2.75,2.75,0.75,1,5,5,1,4,2,2,2,1,2,2,4,5,1,4,2,5,4,3,3,2,3,4,2,3,1,5,4,3,4,1,1,5,2,3,1,4,3,3,2,2,5,5,1,5,1,5,5,1,4,1.25,1.66666666666667,1.66666666666667,4,3,4.66666666666667,4.75,3,4.66666666666667,1.75,2,1.66666666666667,3.5,2.33333333333333,4.33333333333333,1.5,3.9,4.2,1.8,3.4,2,6,7,7,2,5,6,7,5.5,5,1,6,5,1,6,1,1,4,3,6,1,4,1,3,5,3,3.6,3.2,3.2,-0.953101983864082,0.0570706295846575,0.824002685292926,0.432317261176896,0.442782129089096,-0.382485486716104,0.517771807725554,0.582481864024051,-0.85125076584013,-0.710821264573636,-1.85143422143672,-1.21507835244222,0.161703814361029,0.381551020864595,-1.40529620163974,-1.1956857125672,0.92127681533485,1.61848344956154,-0.974653496617187,0.706778969858759,-0.764243352647557,-1.42836399573656,-0.913584208927254,-1.64581271009663,-1.24249802633994,-1.08255274398767,-0.0394768177603896,1.03571152755623,-0.874634651813854,0.105070477319677,-0.530735874016257,0.902476562150498,0.537875735903012,0.288727972534309,-0.4630970932318,-0.947385136923134,-0.374105768424403,0.92302886445887,-0.730012435309267,-0.693190617187087,-1.74288536500413,0.955431281923296,0.85285742770555,0.105858769017205,0.0238160492134668,-1.11980536724259,-2.33903116190487,1.17902048630233,-0.524529421338927,-0.781496228710329,-1.0631960786085,0.0306135743288604,-0.365009322489452,0.0601564666217247,-0.744557840878165,-0.502860736591885,1.12212133555454,1.25225433356592,-1.19573319873581,0.956557651063824,-0.884507014910961,1.33602012934733,1.61843340867868,-1.52663512672642,0.267811002934351,-1.24068771595118,-1.18455314863877,-1.46314282039967,0.281195438251856,-0.869959568905309,0.942947063515305,1.78819728645148,-0.156435534437191,1.49779939867054,-1.04067344938952,-1.01707204485426,-0.775630743888986,-0.0755704078013522,-1.32065307588246,0.45257588484982,-1.43491334626603,0.150716971053777,1.24736962138156,-1.05884809201632,-0.308929581410864,-1.12737230571479,0.626197356428548,0.928858325786415,1.31972063516111,-0.970908644153751,0.0332960835990834,0.4749345323004,1.12187245045009,0.538406594616867,0.195148730504046,-1.87253087613373,1.16734690766144,1.11129945302838,-1.31105892392677,1.51140953559406,-1.29896008560327,-1.60256459930023,0.352838095461766,-0.209641888898728,1.91445456772243,-1.33410479193646,-0.140857248947136,-1.19629303402846,-0.200254744835229,0.403483690161891,-0.646661888447033,0.286741252368463,-0.233409861863711,-0.265571874171485
13,"Greensboro","online",1,34,"female","Bachelor's degree",1,3,2,3,3,3,1,3,4,4,4,4,2.25,2.5,4,2,5,3,1,5,4,3,1,2,3,3,2,5,1,5,1,4,2,2,4,1,5,5,1,4,3,4,1,1,2,2,3,4,2,5,1,4,3,2,5,1,4,5,2,5,1,4,4,1,5,1.5,2,2.33333333333333,4,4,3.33333333333333,3.25,3,3.66666666666667,1.5,1.66666666666667,1.33333333333333,4.75,4,4,1.9,3.8,3.3,1.5,4.3,6,7,7,3,1,5,4,7,5.75,4.25,2,3,3,1,2,1,2,1,2,3,2,1,2,1,2,1.83333333333333,2,1.6,1.86666666666667,-1.89741961764647,0.0570706295846575,-0.0236555794820937,0.432317261176896,0.442782129089096,0.531229842661255,-1.24922721863943,0.582481864024051,1.3449762100274,1.46206838305668,1.23428948095781,1.29686247231814,-0.442927839336733,0.100614481529362,1.64187438298638,-0.39732413430028,0.92127681533485,-0.247328570040235,-0.974653496617187,1.59541919511977,0.771385813887254,-0.508908130217515,-1.64924190525444,-0.830490745417426,-0.372344685417831,-0.183908574268176,-1.9255914440901,1.03571152755623,-0.874634651813854,1.0086765822689,-1.38869236208765,-0.0925616986821026,-1.16276078202563,-0.573445834338975,0.402693124549392,-1.78217122068737,1.28430124624048,1.68337831219319,-1.53904683526541,0.371352116350226,-0.110116940272592,0.0505073805422005,-1.35635157177268,-1.41145025356274,-1.68300081108498,-0.365077611891001,-0.513652941180561,0.184944390008209,-0.524529421338927,1.25513030671659,-1.0631960786085,0.0306135743288604,-0.365009322489452,-0.658379106915543,1.85133300975111,-1.27511115350085,0.09111241613477,1.25225433356592,-0.450566132856974,0.956557651063824,-0.884507014910961,0.279974806517639,0.520757752950237,-1.52663512672642,1.1965104485938,-0.970700004484071,-0.831323014162578,-0.729866115537366,0.281195438251856,0.450332012139219,-0.851155756447443,-0.345729170090989,-0.156435534437191,0.287172065158638,-1.33238764967472,-1.37554825738486,-1.09327000091019,1.65290168552745,0.925710937683432,0.0649112822892171,-0.954186631116522,-0.0065847220363304,-0.101797632600172,-1.4179211831575,1.0877497177247,1.00348523915273,1.15005895811002,0.928858325786415,-0.75516007094228,-1.48888720120848,0.0332960835990834,-0.692047461352012,1.12187245045009,0.695472290468464,-0.329313482725578,-1.14844069921151,-0.824554561760857,-0.277824863257094,-1.31105892392677,-1.00760635706271,-1.29896008560327,-0.912080854110751,-1.77408313419093,-0.986762683954357,-0.36802823483019,-0.565116775136626,-1.92228716210209,-0.442032030168873,-1.68490199102745,-1.51009704626767,-1.7796376068554,-1.4317080649617,-1.84571894782991,-1.74863558707718
14,"Greensboro","online",1,19,"female","high school",3,3,1,3,3,3,3,3,3,3,2,3,2.5,3,2.75,1,3,4,1,3,4,3,2,2,2,3,2,4,1,5,2,3,2,3,2,2,2,2,2,2,2,3,2,1,5,1,2,3,1,2,2,2,3,1,2,1,3,1,1,4,2,2,2,3,2,1.5,2.66666666666667,2,2.5,2.33333333333333,2.66666666666667,2.75,2.33333333333333,2.33333333333333,2,1.66666666666667,1,2.25,2,4.66666666666667,2,2.5,2.5,1.6,2.9,4,5,5,3,5,4,5,5,4.25,4.75,4,3,3,3,4,5,5,4,4,5,2,5,2,2,5,4.5,3,3.8,3.73333333333333,-0.00878435008169721,0.0570706295846575,-0.871313844257114,0.432317261176896,0.442782129089096,0.531229842661255,0.517771807725554,0.582481864024051,0.612900551404893,0.737771833846572,-0.308572370239454,0.459548864064687,-0.140612012487852,0.662487560199828,0.469885696591721,-1.1956857125672,-0.584993262969277,0.685577439760651,-0.974653496617187,-0.181861255402253,0.771385813887254,-0.508908130217515,-0.913584208927254,-0.830490745417426,-1.24249802633994,-0.183908574268176,-1.9255914440901,0.0235388983535506,-0.874634651813854,1.0086765822689,-0.530735874016257,-1.0875999595147,-1.16276078202563,0.288727972534309,-1.32888731101299,-0.947385136923134,-1.20330927575684,-0.597670031009767,-0.730012435309267,-1.7577333507244,-0.92650115263836,-0.854416520838895,-0.619948571946605,-1.41145025356274,0.87722447936269,-1.11980536724259,-1.42634205154272,-0.809131706285916,-1.32434378721034,-1.79980949642379,-0.194043390772654,-2.16335925257279,-0.365009322489452,-1.37691468045281,-0.744557840878165,-1.27511115350085,-0.939896503284995,-2.02111565691034,-1.19573319873581,0.021739946615087,0.0041332103500513,-1.83211583914174,-1.67459355850664,-0.00354207686015419,-1.58958788838454,-0.970700004484071,-0.12486274521019,-1.09650446796852,-1.74529682624476,-1.75015395626833,-1.74820716642882,-1.05703798893848,-0.903849754525995,-1.32699771285724,-0.748959249104326,-1.37554825738486,-1.41090925793139,-1.80404250113016,-1.76992587859564,0.840240487410424,-0.834004952329145,-2.05150673220772,-1.30105741391727,-1.29823015277711,-1.08486252537507,-0.0619435332810327,0.102335754747078,-0.100546519801622,-0.75516007094228,0.583027027010441,-0.563258747551158,-0.108556464525806,0.06396641164847,-0.246921884641114,0.0203279927608379,0.299739654632917,-0.824554561760857,-0.277824863257094,0,0.251901589265677,1.32335370223432,1.15937038145768,0.352838095461766,0.567478906156901,1.15362696687156,-0.565116775136626,0.452952722104516,-0.442032030168873,-0.942578367931338,0.403483690161891,0.810021178078007,-0.357677241630347,0.371206045373613,0.327653610990793
15,"Greensboro","online",1,19,"male","high school",4,3,2,2,1,1,1,2,3,4,3,3,2.75,1.25,3.25,3,2,4,2,4,3,4,5,4,4,2,4,4,3,4,2,4,4,3,4,1,2,3,2,5,4,3,2,4,3,1,3,3,4,5,2,4,3,2,3,3,2,2,2,4,1,4,4,3,4,1.75,2,3,3.25,3.33333333333333,3,3.75,3.66666666666667,2.66666666666667,3,2.66666666666667,3,4.25,4,3.66666666666667,2.2,3.2,3.4,2.9,4,5,4,2,5,6,5,6,6,4,5.75,3,6,4,1,2,2,2,4,5,5,2,6,3,5,3,3.33333333333333,3.4,4.4,3.53333333333333,0.935533283700688,0.0570706295846575,-0.0236555794820937,-0.412666476577946,-1.28809346644101,-1.29620081609346,-1.24922721863943,-0.27528252477849,0.612900551404893,1.46206838305668,0.46285855535918,0.459548864064687,0.161703814361029,-1.3040682151468,0.938681171149586,0.401037443966637,-1.33812830212134,0.685577439760651,-0.189820156644546,0.706778969858759,0.00357123061984847,0.410547735301525,1.29338888005431,0.80015318394099,0.497808655504274,-1.08255274398767,-0.0394768177603896,0.0235388983535506,0.916283920947847,0.105070477319677,-0.530735874016257,-0.0925616986821026,0.537875735903012,0.288727972534309,0.402693124549392,-1.78217122068737,-1.20330927575684,0.162679416724552,-0.730012435309267,1.43589484988754,0.706267272093176,-0.854416520838895,-0.619948571946605,0.864513280307176,-0.829592380935756,-1.11980536724259,-0.513652941180561,-0.809131706285916,1.0750993104039,1.25513030671659,-0.194043390772654,0.0306135743288604,-0.365009322489452,-0.658379106915543,0.120739109331594,0.269389680317081,-1.97090542270476,-1.20277315929128,-0.450566132856974,0.021739946615087,-0.884507014910961,0.279974806517639,0.520757752950237,-0.00354207686015419,0.267811002934351,-0.700712293016962,-0.831323014162578,0.00341058932494087,-0.732050693996453,-0.429862375223799,-1.29968146143813,0.365579648756502,0.590978685651612,-0.923455268353268,0.417897552036471,-0.300119619793061,0.494926284195829,0.96151284819593,0.925710937683432,-0.322753320271386,-0.593641594754391,-0.950394880576971,0.0481098400644648,0.25775324216801,0.62218995134618,0.470770852935848,-0.421525846934393,-1.64465378818368,0.282280282109415,1.10100558406517,0.0332960835990834,0.4749345323004,0.592919431049281,-0.403987580492711,0.71961094373367,-0.424350522289298,1.16734690766144,0.416737294885642,-1.31105892392677,-1.00760635706271,-0.643381638643875,-0.912080854110751,0.352838095461766,1.34459970121253,1.15362696687156,-0.565116775136626,1.04676269315617,0.312228973690713,1.28439250135699,-0.872236800791147,-0.322954540330357,0.0719350877021927,0.975821952610938,0.105194054054939
16,"Greensboro","online",1,19,"female","high school",4,4,2,3,3,2,3,3,4,3,3,3,3.25,2.75,3.25,1,5,3,2,3,3,3,3,3,3,4,3,3,1,5,1,4,2,4,3,3,3,2,3,3,3,4,1,3,4,2,3,4,1,4,1,4,3,1,3,1,4,5,3,3,1,4,3,2,3,1.25,2.33333333333333,2.66666666666667,4,3.33333333333333,3.66666666666667,3,2.66666666666667,3,2.25,2.33333333333333,2.33333333333333,3.25,3,4,2,3.7,2.9,2.3,3.4,6,5,7,6,7,6,7,7,6,6.75,3,4,4,2,4,1,3,3,3,3,2,4,2,2,3,3,3,2.8,2.86666666666667,0.935533283700688,1.00093104194629,-0.0236555794820937,0.432317261176896,0.442782129089096,-0.382485486716104,0.517771807725554,0.582481864024051,1.3449762100274,0.737771833846572,0.46285855535918,0.459548864064687,0.766335468058792,0.381551020864595,0.938681171149586,-1.1956857125672,0.92127681533485,-0.247328570040235,-0.189820156644546,-0.181861255402253,0.00357123061984847,-0.508908130217515,-0.177926512600065,-0.0151687807382178,-0.372344685417831,0.71473559545132,-0.982534130925243,-0.988633730849125,-0.874634651813854,1.0086765822689,-1.38869236208765,-0.0925616986821026,-1.16276078202563,1.15090177940759,-0.4630970932318,-0.112599053158897,-0.374105768424403,-0.597670031009767,0.0790219646468792,-0.693190617187087,-0.110116940272592,0.0505073805422005,-1.35635157177268,0.105858769017205,0.0238160492134668,-0.365077611891001,-0.513652941180561,0.184944390008209,-1.32434378721034,0.23681703900313,-1.0631960786085,0.0306135743288604,-0.365009322489452,-1.37691468045281,0.120739109331594,-1.27511115350085,0.09111241613477,1.25225433356592,0.294600933021867,-0.91307775783365,-0.884507014910961,0.279974806517639,-0.576917902778203,-0.765088601793289,-0.660888442725094,-1.24068771595118,-0.478092879686383,-0.363227763106213,0.281195438251856,-0.429862375223799,-0.402630051456756,-0.701383579514734,-0.530142644481593,-0.519912823849299,-0.457245048819126,-0.658595832323662,-0.140352229846578,-0.421264826467113,-0.422107470456102,0.0649112822892171,-0.834004952329145,-0.163886415126437,-0.70142752325872,-0.460392940114351,-0.308929581410864,1.00348523915273,0.102335754747078,0.928858325786415,0.801000458635262,1.6189841411199,0.629850914749325,1.05842552912661,1.12187245045009,0.85253798632006,1.4188938947065,-0.424350522289298,-0.160587405286759,0.416737294885642,-0.655529461963387,0.251901589265677,-1.29896008560327,-0.221597108921274,-0.356135647755801,-0.209641888898728,-0.36802823483019,-0.565116775136626,-0.140857248947136,-0.442032030168873,-0.942578367931338,-0.872236800791147,-0.646661888447033,-0.357677241630347,-0.636487133355261,-0.636337802397909
17,"Greensboro","online",1,21,"male","Bachelor's degree",3,4,2,1,1,2,1,2,4,4,4,4,2.5,1.5,4,3,5,4,2,4,2,4,4,2,3,1,4,3,1,4,3,5,4,1,4,3,4,1,3,3,3,5,4,4,5,4,4,5,4,3,3,3,3,4,3,4,4,3,4,5,1,4,3,1,3,2.75,2.66666666666667,2.66666666666667,4.5,3.66666666666667,4.33333333333333,4,2.66666666666667,3.33333333333333,2,3,3,3.5,3,4.66666666666667,2.7,4.2,3.4,2.6,3.7,7,7,7,7,2,7,5,7,7,5.25,4,2,3,3,4,3,3,2,2,3,2,4,1,3,4,3.5,2.2,3,2.86666666666667,-0.00878435008169721,1.00093104194629,-0.0236555794820937,-1.25765021433279,-1.28809346644101,-0.382485486716104,-1.24922721863943,-0.27528252477849,1.3449762100274,1.46206838305668,1.23428948095781,1.29686247231814,-0.140612012487852,-1.02313167581157,1.64187438298638,0.401037443966637,0.92127681533485,0.685577439760651,-0.189820156644546,0.706778969858759,-0.764243352647557,0.410547735301525,0.557731183727125,-0.830490745417426,-0.372344685417831,-1.98119691370717,-0.0394768177603896,-0.988633730849125,-0.874634651813854,0.105070477319677,0.327220614055136,0.902476562150498,0.537875735903012,-1.43561964121226,0.402693124549392,-0.112599053158897,0.455097738908036,-1.35801947874409,0.0790219646468792,-0.693190617187087,-0.110116940272592,0.955431281923296,0.85285742770555,0.864513280307176,0.87722447936269,1.14437789881218,0.399036169181593,1.17902048630233,1.0750993104039,-0.781496228710329,0.675109297063191,-1.06637283912197,-0.365009322489452,0.778692040158992,0.120739109331594,1.04164009722605,0.09111241613477,-0.384430661672212,1.03976799890071,0.956557651063824,-0.884507014910961,0.279974806517639,-0.576917902778203,-1.52663512672642,-0.660888442725094,0.379238552851474,-0.12486274521019,-0.363227763106213,0.956692859750729,0.0102348184577095,0.494421358524617,0.721234058180247,-0.530142644481593,-0.11637037934533,-0.748959249104326,0.0583565927375398,0.494926284195829,-0.0755704078013522,-0.422107470456102,0.840240487410424,0.00726679918249275,0.622622050324097,0.0481098400644648,-0.10131984897317,0.156630184967658,1.53619962536961,1.15005895811002,0.928858325786415,1.31972063516111,-0.970908644153751,1.22640574589957,-0.108556464525806,1.12187245045009,1.48080076972645,0.369969468247254,0.299739654632917,-1.48852171823496,-0.277824863257094,0,0.251901589265677,0.0121968083155237,-0.221597108921274,-1.06510939097337,-0.986762683954357,-0.36802823483019,-0.565116775136626,-0.140857248947136,-1.19629303402846,-0.200254744835229,-0.234376555314628,-0.16110086627202,-1.21690190029543,-0.434948497609486,-0.636337802397909
18,"Greensboro","online",1,18,"female","high school",3,3,3,3,1,1,3,0,3,3,3,2,3,1.25,2.75,1,5,4,1,1,1,2,5,1,3,2,5,4,1,3,1,5,5,3,3,1,4,1,3,1,1,5,5,2,1,1,3,5,4,2,1,5,3,4,1,1,5,5,2,4,1,4,3,2,1,1,1,1.33333333333333,4.25,3.66666666666667,5,4.25,3,4.66666666666667,2.5,2.66666666666667,1.66666666666667,1.75,1.66666666666667,2.66666666666667,1.1,4.3,4,2.3,2,5,5,5,5,2,5,5,5,5,4.25,4,6,5,2,3,2,3,5,5,3,2,5,2,3,6,3.83333333333333,3.6,4,3.73333333333333,-0.00878435008169721,0.0570706295846575,0.824002685292926,0.432317261176896,-1.28809346644101,-1.29620081609346,0.517771807725554,-1.99081130238357,0.612900551404893,0.737771833846572,0.46285855535918,-0.377764744188768,0.464019641209911,-1.3040682151468,0.469885696591721,-1.1956857125672,0.92127681533485,0.685577439760651,-0.974653496617187,-1.95914170592428,-1.53205793591496,-1.42836399573656,1.29338888005431,-1.64581271009663,-0.372344685417831,-1.08255274398767,0.903580495404464,0.0235388983535506,-0.874634651813854,-0.798535627629547,-1.38869236208765,0.902476562150498,1.38819399486733,0.288727972534309,-0.4630970932318,-1.78217122068737,0.455097738908036,-1.35801947874409,0.0790219646468792,-2.82227608426171,-1.74288536500413,0.955431281923296,1.58926042753163,-0.652795742272766,-2.5364092412342,-1.11980536724259,-0.513652941180561,1.17902048630233,1.0750993104039,-1.79980949642379,-1.0631960786085,1.12759998777969,-0.365009322489452,0.778692040158992,-1.60985479108792,-1.27511115350085,1.12212133555454,1.25225433356592,-0.450566132856974,0.021739946615087,-0.884507014910961,0.279974806517639,-0.576917902778203,-0.765088601793289,-2.51828733404398,-1.51067542741829,-1.89101341759116,-1.82978117283083,0.618944149001293,0.0102348184577095,1.39147276850599,1.07688846760399,-0.156435534437191,1.49779939867054,-0.165530848533927,-0.300119619793061,-0.775630743888986,-2.49543133846168,-2.21919868130881,-1.4857471279532,-1.91564006141554,0.779923743414204,0.947554676052287,-0.460392940114351,-2.48154182451063,0.470770852935848,0.102335754747078,-0.100546519801622,0.282280282109415,-0.970908644153751,0.0332960835990834,-0.108556464525806,0.06396641164847,0.224275202913675,-0.329313482725578,0.299739654632917,1.16734690766144,1.11129945302838,-0.655529461963387,-0.377852383898515,-0.643381638643875,-0.221597108921274,1.06181183867933,1.34459970121253,-0.36802823483019,-0.565116775136626,0.452952722104516,-0.442032030168873,-0.200254744835229,1.04134393563841,0.162606481844656,0.286741252368463,0.572744681119388,0.327653610990793
19,"Greensboro","online",1,18,"male","high school",3,3,2,3,2,3,3,3,2,1,3,3,2.75,2.75,2.25,2,2,4,4,4,2,3,2,2,4,3,4,5,3,4,2,4,3,3,4,3,2,3,4,5,2,4,2,4,3,2,2,5,3,4,2,3,2,4,4,2,2,4,4,4,3,3,4,3,5,2.25,2.33333333333333,2.33333333333333,2.75,2.66666666666667,3.33333333333333,4,2.33333333333333,3.66666666666667,3.25,3.33333333333333,3.66666666666667,4.25,4.33333333333333,3.66666666666667,2.3,2.9,3.4,3.4,4.1,2,2,3,2,3,2,3,3,2.25,2.75,3,5,3,4,3,3,3,4,3,4,2,4,3,3,4,3.66666666666667,3.4,3.2,3.4,-0.00878435008169721,0.0570706295846575,-0.0236555794820937,0.432317261176896,-0.422655668675956,0.531229842661255,0.517771807725554,0.582481864024051,-0.119175107217619,-0.710821264573636,0.46285855535918,0.459548864064687,0.161703814361029,0.381551020864595,0.00109022203385625,-0.39732413430028,-1.33812830212134,0.685577439760651,1.37984652330074,0.706778969858759,-0.764243352647557,-0.508908130217515,-0.913584208927254,-0.830490745417426,0.497808655504274,-0.183908574268176,-0.0394768177603896,1.03571152755623,0.916283920947847,0.105070477319677,-0.530735874016257,-0.0925616986821026,-0.312442523061309,0.288727972534309,0.402693124549392,-0.112599053158897,-1.20330927575684,0.162679416724552,0.888056364603025,1.43589484988754,-0.92650115263836,0.0505073805422005,-0.619948571946605,0.864513280307176,-0.829592380935756,-0.365077611891001,-1.42634205154272,1.17902048630233,0.275284944532487,0.23681703900313,-0.194043390772654,-1.06637283912197,-1.29925937409936,0.778692040158992,0.986036059541353,-0.502860736591885,-1.97090542270476,0.433911835946853,1.03976799890071,0.021739946615087,0.892773435611063,-0.776070516312052,0.520757752950237,-0.00354207686015419,1.1965104485938,-0.160736870082744,-0.478092879686383,-0.729866115537366,-1.40754811549533,-1.31005676258682,-0.851155756447443,0.721234058180247,-0.903849754525995,0.287172065158638,0.709611752321671,0.416832805268141,1.13020479823824,0.96151284819593,1.37498374039661,-0.322753320271386,-0.473459915967015,-1.42229995984729,0.0481098400644648,0.856208394069978,0.77737654013902,-1.12737230571479,-1.46924905029733,-1.12995136538966,-1.27388024746813,-0.452930087099021,-1.75636840985164,-1.27553845817822,-0.993939627153151,-1.50344745145388,-1.37823790918483,-0.424350522289298,0.50337975118734,-0.277824863257094,0.655529461963387,-0.377852383898515,0.0121968083155237,-0.221597108921274,0.352838095461766,-0.209641888898728,0.392799366020684,-0.565116775136626,-0.140857248947136,0.312228973690713,-0.200254744835229,-0.234376555314628,0.000752807786317938,0.0719350877021927,-0.233409861863711,-0.0431123172356308
20,"Greensboro","online",1,18,"female","high school",3,4,2,3,3,3,1,4,3,1,3,3,3,2.75,2.5,4,5,2,1,4,5,5,1,3,5,4,4,5,1,4,2,5,2,2,5,4,5,1,5,4,5,5,2,2,3,1,5,5,4,4,1,5,1,4,1,1,5,4,1,4,1,5,3,2,2,2,3.33333333333333,3.33333333333333,5,5,4.66666666666667,3,1,3.66666666666667,2.25,4,1.33333333333333,3.75,3.33333333333333,3.66666666666667,2.8,4.9,2.6,2.5,3.6,2,3,2,3,7,7,7,7,2.5,7,5,5,3,2,5,1,2,5,2,2,1,5,2,5,6,3.66666666666667,3.6,3.2,3.4,-0.00878435008169721,1.00093104194629,-0.0236555794820937,0.432317261176896,0.442782129089096,0.531229842661255,-1.24922721863943,1.44024625282659,0.612900551404893,-0.710821264573636,0.46285855535918,0.459548864064687,0.464019641209911,0.381551020864595,0.235487959312789,1.19939902223355,0.92127681533485,-1.18023457984112,-0.974653496617187,0.706778969858759,1.53920039715466,1.33000360082056,-1.64924190525444,-0.0151687807382178,1.36796199642638,0.71473559545132,-0.0394768177603896,1.03571152755623,-0.874634651813854,0.105070477319677,-0.530735874016257,0.902476562150498,-1.16276078202563,-0.573445834338975,1.26848334233058,0.72218703060534,1.28430124624048,-1.35801947874409,1.69709076455917,0.371352116350226,1.52265148445894,0.955431281923296,-0.619948571946605,-0.652795742272766,-0.829592380935756,-1.11980536724259,1.31172527954375,1.17902048630233,1.0750993104039,0.23681703900313,-1.0631960786085,1.12759998777969,-2.23350942570926,0.778692040158992,-1.60985479108792,-1.27511115350085,1.12212133555454,0.433911835946853,-1.19573319873581,0.021739946615087,-0.884507014910961,1.33602012934733,-0.576917902778203,-0.765088601793289,-1.58958788838454,-0.430724581549853,0.581597523742199,0.370048941756094,1.6321902812496,1.77062359318375,0.942947063515305,-0.701383579514734,-2.3986781947036,0.287172065158638,-0.457245048819126,1.13378523032934,-1.09327000091019,0.270124010864408,0.027165332257076,-0.322753320271386,0.127448477969869,1.72373390195485,-1.15114994125263,-0.221010879353564,0.00144359617481743,-1.12737230571479,-0.945387448615864,-1.64465378818368,-0.75516007094228,1.6189841411199,1.22640574589957,1.05842552912661,1.12187245045009,-1.34638175560229,1.59371463244971,1.02382983155513,0.50337975118734,-0.277824863257094,-0.655529461963387,0.881655562429869,-1.29896008560327,-0.912080854110751,1.06181183867933,-0.986762683954357,-1.12885583568106,-1.33410479193646,0.452952722104516,-0.442032030168873,1.28439250135699,1.04134393563841,0.000752807786317938,0.286741252368463,-0.233409861863711,-0.0431123172356308
21,"Greensboro","online",1,18,"male","high school",2,1,2,1,3,2,2,1,1,2,2,2,1.5,2,1.75,3,5,1,3,2,3,4,3,3,3,4,5,3,3,2,3,3,3,3,3,3,4,3,4,3,4,4,3,4,2,3,4,3,4,3,3,4,3,4,3,3,4,4,4,3,3,3,4,4,3,3,3,3.66666666666667,3.75,4,4.33333333333333,2.75,3,3.33333333333333,3.5,3.66666666666667,3.66666666666667,2.75,3,2.33333333333333,3.2,4,3,3.6,2.7,4,3,5,4,4,3,3,4,4,3.5,3,5,4,4,5,5,3,3,3,2,3,3,4,3,3,3,4,3.6,3.53333333333333,-0.953101983864082,-1.8306501951386,-0.0236555794820937,-1.25765021433279,0.442782129089096,-0.382485486716104,-0.365727705456939,-1.13304691358103,-0.85125076584013,0.0134752846364677,-0.308572370239454,-0.377764744188768,-1.34987531988338,-0.461258597141103,-0.467705252524009,0.401037443966637,0.92127681533485,-2.11314058964201,0.595013183328095,-1.07050148066327,0.00357123061984847,0.410547735301525,-0.177926512600065,-0.0151687807382178,-0.372344685417831,0.71473559545132,0.903580495404464,-0.988633730849125,0.916283920947847,-1.70214173257877,0.327220614055136,-1.0875999595147,-0.312442523061309,0.288727972534309,-0.4630970932318,-0.112599053158897,0.455097738908036,0.162679416724552,0.888056364603025,-0.693190617187087,0.706267272093176,0.0505073805422005,0.116454427879473,0.864513280307176,-1.68300081108498,0.389650143460587,0.399036169181593,-0.809131706285916,1.0750993104039,-0.781496228710329,0.675109297063191,0.0306135743288604,-0.365009322489452,0.778692040158992,0.120739109331594,0.269389680317081,0.09111241613477,0.433911835946853,1.03976799890071,-0.91307775783365,0.892773435611063,-0.776070516312052,0.520757752950237,0.758004448072981,-0.660888442725094,0.649226264318583,0.228367389266005,0.736687294187248,-0.05655327249758,0.450332012139219,0.494421358524617,-1.05703798893848,-0.156435534437191,-0.11637037934533,1.00132595260687,0.775309017798742,1.13020479823824,-1.11265366379863,-0.422107470456102,-1.8734117305138,0.608175193119377,0.308018664143884,-0.551520050594083,1.09559045483077,-1.39523570296075,-0.0619435332810327,-0.945387448615864,-0.100546519801622,-0.236439894416433,0.0650484699557104,-1.1598135787014,-1.27553845817822,-0.464986607752341,-0.403987580492711,-0.853775695955203,-0.424350522289298,0.50337975118734,0.416737294885642,0.655529461963387,0.881655562429869,1.32335370223432,-0.221597108921274,-0.356135647755801,-0.209641888898728,-1.12885583568106,0.203871241663213,-0.734667219998788,1.0664899775503,-0.200254744835229,-0.872236800791147,-0.646661888447033,0.716353581701002,0.169667409627838,0.105194054054939
22,"Greensboro","online",1,20,"female","high school",3,3,1,3,3,1,3,1,3,3,3,3,2.5,2,3,1,5,4,1,4,2,2,2,3,5,2,5,2,1,5,1,5,4,2,5,1,4,2,3,4,2,5,1,2,5,1,3,2,2,3,1,4,4,2,3,1,5,2,4,5,1,4,4,2,5,1,1.33333333333333,1.66666666666667,4.25,3.33333333333333,5,3.5,2.66666666666667,1.66666666666667,1.75,2.66666666666667,2.33333333333333,4.25,4,5,1.3,4.2,2.7,2.2,4.4,6,7,6,7,5,6,6,5,6.5,5.5,6,5,3,3,4,2,3,4,3,3,2,6,1,2,6,4.5,3.2,3.2,3.53333333333333,-0.00878435008169721,0.0570706295846575,-0.871313844257114,0.432317261176896,0.442782129089096,-1.29620081609346,0.517771807725554,-1.13304691358103,0.612900551404893,0.737771833846572,0.46285855535918,0.459548864064687,-0.140612012487852,-0.461258597141103,0.704283433870654,-1.1956857125672,0.92127681533485,0.685577439760651,-0.974653496617187,0.706778969858759,-0.764243352647557,-1.42836399573656,-0.913584208927254,-0.0151687807382178,1.36796199642638,-1.08255274398767,0.903580495404464,-2.0008063600518,-0.874634651813854,1.0086765822689,-1.38869236208765,0.902476562150498,0.537875735903012,-0.573445834338975,1.26848334233058,-1.78217122068737,0.455097738908036,-0.597670031009767,0.0790219646468792,0.371352116350226,-0.92650115263836,0.955431281923296,-1.35635157177268,-0.652795742272766,0.87722447936269,-1.11980536724259,-0.513652941180561,-1.80320780258004,-0.524529421338927,-0.781496228710329,-1.0631960786085,0.0306135743288604,0.569240729120455,-0.658379106915543,0.120739109331594,-1.27511115350085,1.12212133555454,-1.20277315929128,1.03976799890071,0.956557651063824,-0.884507014910961,0.279974806517639,0.520757752950237,-0.765088601793289,1.1965104485938,-1.51067542741829,-1.53778328311497,-1.46314282039967,0.618944149001293,-0.429862375223799,1.39147276850599,0.00992523933275621,-0.530142644481593,-2.13408260186517,-1.04067344938952,-0.300119619793061,-0.140352229846578,0.96151284819593,0.925710937683432,1.22790508997103,-1.67527670384078,0.622622050324097,-1.00124246858799,-0.580083970494744,1.24293630651754,1.00348523915273,1.15005895811002,0.414155902992397,1.31972063516111,0.583027027010441,0.629850914749325,0.4749345323004,0.06396641164847,1.16666937802325,0.544790205990462,1.74792000847735,0.50337975118734,-0.277824863257094,0,0.251901589265677,-0.643381638643875,-0.221597108921274,0.352838095461766,-0.209641888898728,-0.36802823483019,-0.565116775136626,1.04676269315617,-1.19629303402846,-0.942578367931338,1.04134393563841,0.810021178078007,-0.142871076964077,-0.233409861863711,0.105194054054939
23,"Greensboro","online",1,21,"female","high school",4,2,3,3,3,3,2,2,4,3,3,2,3,2.5,3,4,3,3,1,1,5,3,5,4,3,4,2,4,2,3,3,3,3,3,3,4,3,3,2,3,3,4,2,2,5,4,3,3,1,1,3,3,5,1,1,3,3,4,2,3,3,4,3,3,3,3.5,4,3.33333333333333,3.25,3,3,3,4.33333333333333,3.33333333333333,2,2.33333333333333,2,2,2.33333333333333,3.66666666666667,3.6,3.1,3.5,2.1,2.6,6,6,7,5,1,4,5,7,6,4.25,6,6,3,3,3,3,3,6,5,5,3,6,3,5,6,4.83333333333333,4.2,4.4,4.4,0.935533283700688,-0.886789782776974,0.824002685292926,0.432317261176896,0.442782129089096,0.531229842661255,-0.365727705456939,-0.27528252477849,1.3449762100274,0.737771833846572,0.46285855535918,-0.377764744188768,0.464019641209911,0.100614481529362,0.704283433870654,1.19939902223355,-0.584993262969277,-0.247328570040235,-0.974653496617187,-1.95914170592428,1.53920039715466,-0.508908130217515,1.29338888005431,0.80015318394099,-0.372344685417831,0.71473559545132,-1.9255914440901,0.0235388983535506,0.0208246345669966,-0.798535627629547,0.327220614055136,-1.0875999595147,-0.312442523061309,0.288727972534309,-0.4630970932318,0.72218703060534,-0.374105768424403,0.162679416724552,-0.730012435309267,-0.693190617187087,-0.110116940272592,0.0505073805422005,-0.619948571946605,-0.652795742272766,0.87722447936269,1.14437789881218,-0.513652941180561,-0.809131706285916,-1.32434378721034,-2.81812276413725,0.675109297063191,-1.06637283912197,1.50349078073036,-1.37691468045281,-1.60985479108792,0.269389680317081,-0.939896503284995,0.433911835946853,-0.450566132856974,-0.91307775783365,0.892773435611063,0.279974806517639,-0.576917902778203,-0.00354207686015419,-0.660888442725094,1.1892016872528,1.28805779269459,0.370048941756094,-0.732050693996453,-0.869959568905309,-1.29968146143813,-0.701383579514734,1.33839290574042,-0.11637037934533,-0.748959249104326,-0.658595832323662,-0.457991486867782,-2.14973691979592,-1.32065307588246,-0.322753320271386,1.08890190826888,-1.10769657366708,0.198017312729102,-0.699775000875138,-1.55042229175359,1.00348523915273,0.626197356428548,0.928858325786415,0.282280282109415,-1.48888720120848,-0.563258747551158,-0.108556464525806,1.12187245045009,0.85253798632006,-0.329313482725578,1.74792000847735,1.16734690766144,-0.277824863257094,0,-0.377852383898515,0.0121968083155237,-0.221597108921274,1.7707855818969,1.34459970121253,1.15362696687156,0.203871241663213,1.04676269315617,0.312228973690713,1.28439250135699,1.04134393563841,1.13372852619468,0.931159746367273,0.975821952610938,1.06918546744364
24,"Greensboro","online",1,18,"female","high school",4,3,2,2,3,4,3,4,0,0,2,4,2.75,3.5,1.5,3,1,5,1,4,3,3,5,3,5,3,4,5,1,5,3,5,5,3,5,3,5,5,5,5,5,5,3,3,5,2,3,5,1,5,1,5,5,3,3,3,5,4,1,5,1,3,3,3,5,2.25,2.33333333333333,3.66666666666667,3,4.33333333333333,4.66666666666667,4.5,5,4,2,3.66666666666667,1.66666666666667,4.75,4.33333333333333,5,2.7,3.9,4.5,2.4,4.7,7,4,1,4,1,7,1,7,4,4,6,4,3,1,1,4,5,1,1,1,2,6,1,3,6,4.16666666666667,1.8,3.4,3,0.935533283700688,0.0570706295846575,-0.0236555794820937,-0.412666476577946,0.442782129089096,1.44494517203861,0.517771807725554,1.44024625282659,-1.58332642446264,-1.43511781378374,-0.308572370239454,1.29686247231814,0.161703814361029,1.22436063887029,-0.702102989802941,0.401037443966637,-2.0912633412734,1.61848344956154,-0.974653496617187,0.706778969858759,0.00357123061984847,-0.508908130217515,1.29338888005431,-0.0151687807382178,1.36796199642638,-0.183908574268176,-0.0394768177603896,1.03571152755623,-0.874634651813854,1.0086765822689,0.327220614055136,0.902476562150498,1.38819399486733,0.288727972534309,1.26848334233058,-0.112599053158897,1.28430124624048,1.68337831219319,1.69709076455917,1.43589484988754,1.52265148445894,0.955431281923296,0.116454427879473,0.105858769017205,0.87722447936269,-0.365077611891001,-0.513652941180561,1.17902048630233,-1.32434378721034,1.25513030671659,-1.0631960786085,1.12759998777969,1.50349078073036,0.0601564666217247,0.120739109331594,0.269389680317081,1.12212133555454,0.433911835946853,-1.19573319873581,0.956557651063824,-0.884507014910961,-0.776070516312052,-0.576917902778203,-0.00354207686015419,1.1965104485938,-0.160736870082744,-0.478092879686383,0.736687294187248,-1.06979940474589,0.890429205820728,0.942947063515305,1.43254287702774,2.08580712582922,0.690714509662607,-0.748959249104326,0.775309017798742,-0.775630743888986,1.65290168552745,1.37498374039661,1.22790508997103,0.00726679918249275,0.150716971053777,1.69709203937547,-0.340701909733957,1.70849607289606,1.53619962536961,-0.421525846934393,-2.1593562109777,-0.236439894416433,-1.48888720120848,1.22640574589957,-2.44252045183063,1.12187245045009,-0.403987580492711,-0.504134220468786,1.74792000847735,-0.160587405286759,-0.277824863257094,-1.31105892392677,-1.6373603302269,0.667775255274923,1.15937038145768,-1.77408313419093,-1.76388347900999,-1.88968343653194,-0.565116775136626,1.04676269315617,-1.19629303402846,-0.200254744835229,1.04134393563841,0.486313829961332,-1.64651422962797,-0.0318712261179365,-0.488031431107339
25,"Greensboro","online",1,18,"female","high school",3,3,3,3,1,2,1,3,3,1,1,3,3,1.75,2,2,2,4,2,2,2,2,4,4,3,2,4,4,2,4,2,4,4,4,2,2,2,4,2,4,2,4,2,2,4,2,4,4,2,4,2,4,4,2,2,2,4,4,2,4,2,4,4,2,4,2,2,2,3.5,2.66666666666667,4,4,4,3.33333333333333,2.5,2.66666666666667,2,3,3,4,2,3.4,3.8,2.4,3.3,5,6,6,6,5,6,6,5,5.75,5.5,3,3,2,5,2,3,3,2,2,4,3,4,3,2,3,3.66666666666667,2.6,2.6,2.93333333333333,-0.00878435008169721,0.0570706295846575,0.824002685292926,0.432317261176896,-1.28809346644101,-0.382485486716104,-1.24922721863943,0.582481864024051,0.612900551404893,-0.710821264573636,-1.08000329583809,0.459548864064687,0.464019641209911,-0.742195136476336,-0.233307515245076,-0.39732413430028,-1.33812830212134,0.685577439760651,-0.189820156644546,-1.07050148066327,-0.764243352647557,-1.42836399573656,0.557731183727125,0.80015318394099,-0.372344685417831,-1.08255274398767,-0.0394768177603896,0.0235388983535506,0.0208246345669966,0.105070477319677,-0.530735874016257,-0.0925616986821026,0.537875735903012,1.15090177940759,-1.32888731101299,-0.947385136923134,-1.20330927575684,0.92302886445887,-0.730012435309267,0.371352116350226,-0.92650115263836,0.0505073805422005,-0.619948571946605,-0.652795742272766,0.0238160492134668,-0.365077611891001,0.399036169181593,0.184944390008209,-0.524529421338927,0.23681703900313,-0.194043390772654,0.0306135743288604,0.569240729120455,-0.658379106915543,-0.744557840878165,-0.502860736591885,0.09111241613477,0.433911835946853,-0.450566132856974,0.021739946615087,0.0041332103500513,0.279974806517639,0.520757752950237,-0.765088601793289,0.267811002934351,-0.430724581549853,-0.831323014162578,-1.09650446796852,-0.394301983247016,-1.31005676258682,0.0458956535339307,0.721234058180247,0.964685795696014,-0.11637037934533,-0.165530848533927,-0.300119619793061,-0.457991486867782,-0.766959245132874,-0.422107470456102,0.0649112822892171,-0.834004952329145,-0.635791494396758,0.647739730723013,-0.340701909733957,-0.464116170203705,0.470770852935848,0.626197356428548,0.414155902992397,0.801000458635262,0.583027027010441,0.629850914749325,0.4749345323004,0.06396641164847,0.695472290468464,0.544790205990462,-0.424350522289298,-0.824554561760857,-0.972387021399831,1.31105892392677,-1.00760635706271,0.0121968083155237,-0.221597108921274,-1.06510939097337,-0.986762683954357,0.392799366020684,0.203871241663213,-0.140857248947136,0.312228973690713,-0.942578367931338,-0.872236800791147,0.000752807786317938,-0.787289570962887,-0.838025769101036,-0.562184616752624
26,"Greensboro","online",1,27,"female","Bachelor's degree",4,4,0,4,3,3,3,1,3,3,3,3,3,2.5,3,2,5,4,1,3,4,5,4,2,2,4,5,4,1,3,2,5,5,2,3,4,3,4,2,2,4,4,4,2,4,1,3,5,2,3,1,2,5,2,4,1,4,5,2,4,2,5,4,3,2,1.75,3,3,4.5,3.33333333333333,4.33333333333333,4.5,4.33333333333333,4.33333333333333,2,2,1.66666666666667,2.75,2.66666666666667,3.66666666666667,2.5,4.1,4.4,1.9,3,5,4,6,4,4,5,3,4,4.75,4,5,4,3,1,3,3,5,4,6,5,5,6,2,4,5,4.5,3.6,4.4,4.06666666666667,0.935533283700688,1.00093104194629,-1.71897210903213,1.27730099893174,0.442782129089096,0.531229842661255,0.517771807725554,-1.13304691358103,0.612900551404893,0.737771833846572,0.46285855535918,0.459548864064687,0.464019641209911,0.100614481529362,0.704283433870654,-0.39732413430028,0.92127681533485,0.685577439760651,-0.974653496617187,-0.181861255402253,0.771385813887254,1.33000360082056,0.557731183727125,-0.830490745417426,-1.24249802633994,0.71473559545132,0.903580495404464,0.0235388983535506,-0.874634651813854,-0.798535627629547,-0.530735874016257,0.902476562150498,1.38819399486733,-0.573445834338975,-0.4630970932318,0.72218703060534,-0.374105768424403,0.92302886445887,-0.730012435309267,-1.7577333507244,0.706267272093176,0.0505073805422005,0.85285742770555,-0.652795742272766,0.0238160492134668,-1.11980536724259,-0.513652941180561,1.17902048630233,-0.524529421338927,-0.781496228710329,-1.0631960786085,-2.16335925257279,1.50349078073036,-0.658379106915543,0.986036059541353,-1.27511115350085,0.09111241613477,1.25225433356592,-0.450566132856974,0.021739946615087,0.0041332103500513,1.33602012934733,0.520757752950237,-0.00354207686015419,-1.58958788838454,-0.700712293016962,0.228367389266005,0.00341058932494087,0.956692859750729,-0.429862375223799,0.494421358524617,1.43254287702774,1.33839290574042,1.09425695416658,-0.748959249104326,-1.01707204485426,-0.775630743888986,-1.11265366379863,-0.87138027316928,-0.322753320271386,-0.233096558392261,0.46532035723399,1.54718456671084,-0.939157061635925,-0.929675936582226,0.470770852935848,-0.421525846934393,0.414155902992397,-0.236439894416433,0.0650484699557104,0.0332960835990834,-1.27553845817822,-0.464986607752341,0.0672095070620784,-0.504134220468786,1.02382983155513,-0.160587405286759,-0.277824863257094,-1.31105892392677,-0.377852383898515,0.0121968083155237,1.15937038145768,0.352838095461766,2.12172049626816,1.15362696687156,1.74184727526289,1.04676269315617,-0.442032030168873,0.542068878260879,0.403483690161891,0.810021178078007,0.286741252368463,0.975821952610938,0.698419539217217
27,"Greensboro","online",1,28,"female","high school",3,3,2,3,3,3,3,1,3,3,3,3,2.75,2.5,3,2,4,4,4,2,3,4,3,4,4,4,3,4,4,4,2,4,3,4,4,3,4,2,4,4,3,3,4,4,4,3,4,3,4,4,2,4,4,5,1,2,4,2,4,4,2,4,3,4,4,2.25,2.66666666666667,3,4,4,3.33333333333333,3.25,3,3.33333333333333,4,4.33333333333333,4,3.5,3,4,2.6,3.8,3.2,4.1,3.5,5,5,6,5,3,4,4,4,5.25,3.75,4,3,3,2,3,2,3,3,3,3,3,4,4,3,2,3,3.2,3,3,-0.00878435008169721,0.0570706295846575,-0.0236555794820937,0.432317261176896,0.442782129089096,0.531229842661255,0.517771807725554,-1.13304691358103,0.612900551404893,0.737771833846572,0.46285855535918,0.459548864064687,0.161703814361029,0.100614481529362,0.704283433870654,-0.39732413430028,0.168141776182787,0.685577439760651,1.37984652330074,-1.07050148066327,0.00357123061984847,0.410547735301525,-0.177926512600065,0.80015318394099,0.497808655504274,0.71473559545132,-0.982534130925243,0.0235388983535506,1.8117432073287,0.105070477319677,-0.530735874016257,-0.0925616986821026,-0.312442523061309,1.15090177940759,0.402693124549392,-0.112599053158897,0.455097738908036,-0.597670031009767,0.888056364603025,0.371352116350226,-0.110116940272592,-0.854416520838895,0.85285742770555,0.864513280307176,0.0238160492134668,0.389650143460587,0.399036169181593,-0.809131706285916,1.0750993104039,0.23681703900313,-0.194043390772654,0.0306135743288604,0.569240729120455,1.49722761369626,-1.60985479108792,-0.502860736591885,0.09111241613477,-1.20277315929128,1.03976799890071,0.021739946615087,0.0041332103500513,0.279974806517639,-0.576917902778203,0.758004448072981,0.267811002934351,-0.160736870082744,-0.12486274521019,0.00341058932494087,0.281195438251856,0.450332012139219,-0.851155756447443,-0.345729170090989,-0.156435534437191,-0.11637037934533,1.58475435317727,1.49226144285994,1.44784405525944,-0.0755704078013522,-0.422107470456102,0.0649112822892171,-0.112914879604884,-0.0065847220363304,-0.251705105264809,1.69404560673273,-0.153742992618023,0.470770852935848,0.102335754747078,0.414155902992397,0.282280282109415,-0.452930087099021,-0.563258747551158,-0.692047461352012,-0.464986607752341,0.381340898765271,-0.678954958211994,0.299739654632917,-0.824554561760857,-0.277824863257094,-0.655529461963387,-0.377852383898515,-0.643381638643875,-0.221597108921274,-0.356135647755801,-0.209641888898728,-0.36802823483019,0.203871241663213,-0.140857248947136,1.0664899775503,-0.200254744835229,-1.51009704626767,-0.646661888447033,-0.142871076964077,-0.434948497609486,-0.488031431107339
28,"Greensboro","online",1,19,"female","high school",3,3,3,3,3,3,3,1,3,4,4,3,3,2.5,3.5,3,5,2,2,4,4,4,2,3,5,3,5,2,2,5,3,5,2,2,5,4,4,1,4,4,4,5,2,5,5,2,5,3,4,4,3,4,3,5,3,4,5,4,4,3,4,4,3,3,4,3,3.66666666666667,3.66666666666667,4.75,4,5,2.5,2,2.66666666666667,2.75,4,3.66666666666667,4.25,4,4.33333333333333,3.4,4.6,2.4,3.4,4.2,6,7,7,7,6,7,7,6,6.75,6.5,3,4,3,2,2,1,3,2,2,3,2,2,2,2,2,2.5,2.4,2,2.33333333333333,-0.00878435008169721,0.0570706295846575,0.824002685292926,0.432317261176896,0.442782129089096,0.531229842661255,0.517771807725554,-1.13304691358103,0.612900551404893,1.46206838305668,1.23428948095781,0.459548864064687,0.464019641209911,0.100614481529362,1.17307890842852,0.401037443966637,0.92127681533485,-1.18023457984112,-0.189820156644546,0.706778969858759,0.771385813887254,0.410547735301525,-0.913584208927254,-0.0151687807382178,1.36796199642638,-0.183908574268176,0.903580495404464,-2.0008063600518,0.0208246345669966,1.0086765822689,0.327220614055136,0.902476562150498,-1.16276078202563,-0.573445834338975,1.26848334233058,0.72218703060534,0.455097738908036,-1.35801947874409,0.888056364603025,0.371352116350226,0.706267272093176,0.955431281923296,-0.619948571946605,1.62316779159715,0.87722447936269,-0.365077611891001,1.31172527954375,-0.809131706285916,1.0750993104039,0.23681703900313,0.675109297063191,0.0306135743288604,-0.365009322489452,1.49722761369626,0.120739109331594,1.04164009722605,1.12212133555454,0.433911835946853,1.03976799890071,-0.91307775783365,1.78141366087208,0.279974806517639,-0.576917902778203,-0.00354207686015419,0.267811002934351,0.649226264318583,0.934827658218393,0.736687294187248,1.29444157050017,0.450332012139219,1.39147276850599,-1.41269239836223,-1.2775568645704,-0.923455268353268,0.126183351751272,1.13378523032934,1.13020479823824,0.96151284819593,0.925710937683432,0.45257588484982,0.84853855069413,1.25182882268452,-1.4509648865819,0.856208394069978,0.932563128931861,1.00348523915273,1.15005895811002,0.928858325786415,1.31972063516111,1.10100558406517,1.22640574589957,1.05842552912661,0.592919431049281,1.32373507387485,1.24407315696329,-0.424350522289298,-0.160587405286759,-0.277824863257094,-0.655529461963387,-1.00760635706271,-1.29896008560327,-0.221597108921274,-1.06510939097337,-0.986762683954357,-0.36802823483019,-0.565116775136626,-1.32847719105044,-0.442032030168873,-0.942578367931338,-1.51009704626767,-1.13222291062205,-1.00209573562916,-1.44264167633836,-1.22956328756019
29,"Greensboro","online",1,22,"male","high school",3,3,1,1,4,4,4,4,2,0,1,4,2,4,1.75,3,3,3,3,3,3,3,3,3,3,3,3,3,3,3,3,3,3,3,3,3,3,3,3,3,3,3,3,3,3,3,3,3,3,3,3,3,3,3,3,3,3,3,3,3,3,3,3,3,3,3,3,3,3,3,3,3,3,3,3,3,3,3,3,3,3,3,3,3,3,1,7,7,7,1,7,7,1,5.5,4,1,1,1,1,1,1,1,1,1,1,1,1,1,1,1,1,1,1,1,-0.00878435008169721,0.0570706295846575,-0.871313844257114,-1.25765021433279,1.30821992685415,1.44494517203861,1.40127132090805,1.44024625282659,-0.119175107217619,-1.43511781378374,-1.08000329583809,1.29686247231814,-0.745243666185615,1.78623371754076,-0.467705252524009,0.401037443966637,-0.584993262969277,-0.247328570040235,0.595013183328095,-0.181861255402253,0.00357123061984847,-0.508908130217515,-0.177926512600065,-0.0151687807382178,-0.372344685417831,-0.183908574268176,-0.982534130925243,-0.988633730849125,0.916283920947847,-0.798535627629547,0.327220614055136,-1.0875999595147,-0.312442523061309,0.288727972534309,-0.4630970932318,-0.112599053158897,-0.374105768424403,0.162679416724552,0.0790219646468792,-0.693190617187087,-0.110116940272592,-0.854416520838895,0.116454427879473,0.105858769017205,-0.829592380935756,0.389650143460587,-0.513652941180561,-0.809131706285916,0.275284944532487,-0.781496228710329,0.675109297063191,-1.06637283912197,-0.365009322489452,0.0601564666217247,0.120739109331594,0.269389680317081,-0.939896503284995,-0.384430661672212,0.294600933021867,-0.91307775783365,0.892773435611063,-0.776070516312052,-0.576917902778203,-0.00354207686015419,-0.660888442725094,0.649226264318583,0.228367389266005,0.00341058932494087,-1.06979940474589,-0.869959568905309,-1.29968146143813,-0.701383579514734,-0.156435534437191,-0.519912823849299,0.417897552036471,0.0583565927375398,0.494926284195829,-0.766959245132874,-0.422107470456102,-1.09808252539259,0.367811835544623,-1.26499826675718,-0.551520050594083,0.377444272548404,-0.929675936582226,-1.66008669193167,1.15005895811002,0.928858325786415,1.31972063516111,-1.48888720120848,1.22640574589957,1.05842552912661,-2.05184566595477,0.538406594616867,-0.504134220468786,-1.87253087613373,-2.15248887470905,-1.66694917954257,-1.31105892392677,-1.6373603302269,-1.29896008560327,-1.60256459930023,-1.77408313419093,-1.76388347900999,-1.88968343653194,-1.33410479193646,-1.92228716210209,-1.19629303402846,-1.68490199102745,-2.14795729174418,-2.58890597714709,-2.50573888829305,-2.45033485506723,-2.71262700046588
30,"Greensboro","online",1,24,"female","Bachelor's degree",3,4,4,3,3,3,1,3,3,3,3,4,3.5,2.5,3.25,1,4,3,2,4,1,2,2,1,4,2,3,2,5,5,2,4,2,2,5,2,3,1,2,5,3,4,1,4,5,1,3,3,2,5,2,4,4,2,3,2,4,3,4,5,2,2,4,4,5,1.5,1.66666666666667,2.33333333333333,3.25,3,3.66666666666667,3,2.33333333333333,2,2.5,1.66666666666667,4.33333333333333,4.75,4,5,1.8,3.3,2.5,2.8,4.6,7,7,5,6,4,3,6,5,6.25,4.5,3,2,2,2,1,4,3,2,3,4,4,6,2,3,2,3.33333333333333,2.2,3.6,2.86666666666667,-0.00878435008169721,1.00093104194629,1.67166095006795,0.432317261176896,0.442782129089096,0.531229842661255,-1.24922721863943,0.582481864024051,0.612900551404893,0.737771833846572,0.46285855535918,1.29686247231814,1.06865129490767,0.100614481529362,0.938681171149586,-1.1956857125672,0.168141776182787,-0.247328570040235,-0.189820156644546,0.706778969858759,-1.53205793591496,-1.42836399573656,-0.913584208927254,-1.64581271009663,0.497808655504274,-1.08255274398767,-0.982534130925243,-2.0008063600518,2.70720249370955,1.0086765822689,-0.530735874016257,-0.0925616986821026,-1.16276078202563,-0.573445834338975,1.26848334233058,-0.947385136923134,-0.374105768424403,-1.35801947874409,-0.730012435309267,1.43589484988754,-0.110116940272592,0.0505073805422005,-1.35635157177268,0.864513280307176,0.87722447936269,-1.11980536724259,-0.513652941180561,-0.809131706285916,-0.524529421338927,1.25513030671659,-0.194043390772654,0.0306135743288604,0.569240729120455,-0.658379106915543,0.120739109331594,-0.502860736591885,0.09111241613477,-0.384430661672212,1.03976799890071,0.956557651063824,0.0041332103500513,-1.83211583914174,0.520757752950237,0.758004448072981,1.1965104485938,-0.970700004484071,-1.18455314863877,-0.729866115537366,-0.732050693996453,-0.869959568905309,-0.402630051456756,-0.701383579514734,-0.903849754525995,-1.7305401573612,-0.165530848533927,-1.37554825738486,1.76548331228064,1.65290168552745,0.925710937683432,1.22790508997103,-1.0743683099039,-0.793093187486865,-1.30105741391727,0.138062211787617,1.55330948410322,1.53619962536961,1.15005895811002,-0.100546519801622,0.801000458635262,0.0650484699557104,-1.1598135787014,0.4749345323004,0.06396641164847,1.00960368217166,-0.15449274498237,-0.424350522289298,-1.48852171823496,-0.972387021399831,-0.655529461963387,-1.6373603302269,0.667775255274923,-0.221597108921274,-1.06510939097337,-0.209641888898728,0.392799366020684,0.972859258463052,1.04676269315617,-0.442032030168873,-0.200254744835229,-1.51009704626767,-0.322954540330357,-1.21690190029543,0.169667409627838,-0.636337802397909
31,"Greensboro","online",1,18,"female","high school",4,4,2,3,1,1,1,2,3,4,1,2,3.25,1.25,2.5,3,2,5,1,1,3,4,5,4,1,4,5,4,1,4,4,3,3,3,3,5,1,1,2,3,1,5,1,2,1,4,2,3,2,5,1,3,3,3,1,3,3,4,2,4,1,3,3,3,3,3,3,2.66666666666667,2.5,2.66666666666667,4.33333333333333,3.5,3,3,2.25,3,1.66666666666667,3,1.66666666666667,3,2.9,3.1,3.2,2.3,2.6,5,6,7,2,3,3,4,7,5,4.25,3,6,4,1,2,1,2,3,3,3,3,3,1,3,6,3,3,2.8,2.93333333333333,0.935533283700688,1.00093104194629,-0.0236555794820937,0.432317261176896,-1.28809346644101,-1.29620081609346,-1.24922721863943,-0.27528252477849,0.612900551404893,1.46206838305668,-1.08000329583809,-0.377764744188768,0.766335468058792,-1.3040682151468,0.235487959312789,0.401037443966637,-1.33812830212134,1.61848344956154,-0.974653496617187,-1.95914170592428,0.00357123061984847,0.410547735301525,1.29338888005431,0.80015318394099,-2.11265136726204,0.71473559545132,0.903580495404464,0.0235388983535506,-0.874634651813854,0.105070477319677,1.18517710212653,-1.0875999595147,-0.312442523061309,0.288727972534309,-0.4630970932318,1.55697311436958,-2.03251278308928,-1.35801947874409,-0.730012435309267,-0.693190617187087,-1.74288536500413,0.955431281923296,-1.35635157177268,-0.652795742272766,-2.5364092412342,1.14437789881218,-1.42634205154272,-0.809131706285916,-0.524529421338927,1.25513030671659,-1.0631960786085,-1.06637283912197,-0.365009322489452,0.0601564666217247,-1.60985479108792,0.269389680317081,-0.939896503284995,0.433911835946853,-0.450566132856974,0.021739946615087,-0.884507014910961,-0.776070516312052,-0.576917902778203,-0.00354207686015419,-0.660888442725094,0.649226264318583,0.228367389266005,-0.363227763106213,-1.74529682624476,-1.31005676258682,0.494421358524617,0.00992523933275621,-0.156435534437191,-0.519912823849299,-0.457245048819126,0.0583565927375398,-0.775630743888986,-0.766959245132874,-2.21919868130881,-1.09808252539259,0.247630156757246,-1.10769657366708,-0.251705105264809,-0.460392940114351,-1.55042229175359,0.470770852935848,0.626197356428548,0.928858325786415,-1.27388024746813,-0.452930087099021,-1.1598135787014,-0.692047461352012,1.12187245045009,0.224275202913675,-0.329313482725578,-0.424350522289298,1.16734690766144,0.416737294885642,-1.31105892392677,-1.00760635706271,-1.29896008560327,-0.912080854110751,-0.356135647755801,-0.209641888898728,-0.36802823483019,0.203871241663213,-0.734667219998788,-1.19629303402846,-0.200254744835229,1.04134393563841,-0.646661888447033,-0.357677241630347,-0.636487133355261,-0.562184616752624
32,"Greensboro","online",1,19,"female","high school",4,4,3,4,2,2,2,3,1,1,1,2,3.75,2.25,1.25,2,2,3,1,3,4,3,4,2,3,4,3,3,1,4,2,5,2,3,3,2,5,2,1,4,5,5,2,2,5,2,3,2,1,4,2,3,3,1,3,2,5,3,1,5,1,4,4,3,4,1.75,2.66666666666667,3.66666666666667,3.5,3.66666666666667,4.33333333333333,2.75,3,2.66666666666667,2,1.33333333333333,1.33333333333333,3.5,3.33333333333333,4.66666666666667,2.6,3.8,2.8,1.6,3.8,4,6,7,7,7,6,7,7,6,6.75,3,4,3,6,3,5,4,4,3,5,3,6,2,3,6,5,3.2,4,4,0.935533283700688,1.00093104194629,0.824002685292926,1.27730099893174,-0.422655668675956,-0.382485486716104,-0.365727705456939,0.582481864024051,-0.85125076584013,-0.710821264573636,-1.08000329583809,-0.377764744188768,1.37096712175655,-0.18032205780587,-0.936500727081874,-0.39732413430028,-1.33812830212134,-0.247328570040235,-0.974653496617187,-0.181861255402253,0.771385813887254,-0.508908130217515,0.557731183727125,-0.830490745417426,-0.372344685417831,0.71473559545132,-0.982534130925243,-0.988633730849125,-0.874634651813854,0.105070477319677,-0.530735874016257,0.902476562150498,-1.16276078202563,0.288727972534309,-0.4630970932318,-0.947385136923134,1.28430124624048,-0.597670031009767,-1.53904683526541,0.371352116350226,1.52265148445894,0.955431281923296,-0.619948571946605,-0.652795742272766,0.87722447936269,-0.365077611891001,-0.513652941180561,-1.80320780258004,-1.32434378721034,0.23681703900313,-0.194043390772654,-1.06637283912197,-0.365009322489452,-1.37691468045281,0.120739109331594,-0.502860736591885,1.12212133555454,-0.384430661672212,-1.19573319873581,0.956557651063824,-0.884507014910961,0.279974806517639,0.520757752950237,-0.00354207686015419,0.267811002934351,-0.700712293016962,-0.12486274521019,0.736687294187248,-0.394301983247016,0.0102348184577095,0.494421358524617,-1.05703798893848,-0.156435534437191,-0.923455268353268,-0.748959249104326,-1.73402446991547,-1.09327000091019,-0.0755704078013522,0.027165332257076,0.840240487410424,-0.112914879604884,-0.0065847220363304,-0.851334995923357,-1.29823015277711,0.311816773760498,-0.0619435332810327,0.626197356428548,0.928858325786415,1.31972063516111,1.6189841411199,0.629850914749325,1.05842552912661,1.12187245045009,0.85253798632006,1.4188938947065,-0.424350522289298,-0.160587405286759,-0.277824863257094,1.96658838589016,-0.377852383898515,1.32335370223432,0.468886636268203,0.352838095461766,-0.209641888898728,1.15362696687156,0.203871241663213,1.04676269315617,-0.442032030168873,-0.200254744835229,1.04134393563841,1.29558220025302,-0.142871076964077,0.572744681119388,0.624266353571932
33,"Greensboro","online",1,19,"non-binary","high school",4,4,4,4,1,2,2,1,3,3,4,2,4,1.5,3,3,5,2,1,3,3,4,3,3,3,3,2,4,2,4,2,4,2,2,3,3,4,1,1,3,3,4,1,1,5,3,4,3,2,3,2,3,2,2,3,3,4,1,1,2,2,3,3,1,4,2.5,2.66666666666667,3,4,3.66666666666667,3.33333333333333,2.5,2,2,1.5,2,1.33333333333333,3.25,3,3.66666666666667,2.7,3.7,2.2,1.6,3.3,5,6,7,7,5,5,7,6,6.25,5.75,2,2,2,2,2,1,3,3,2,3,1,6,2,2,5,3.5,2,2.6,2.53333333333333,0.935533283700688,1.00093104194629,1.67166095006795,1.27730099893174,-1.28809346644101,-0.382485486716104,-0.365727705456939,-1.13304691358103,0.612900551404893,0.737771833846572,1.23428948095781,-0.377764744188768,1.67328294860544,-1.02313167581157,0.704283433870654,0.401037443966637,0.92127681533485,-1.18023457984112,-0.974653496617187,-0.181861255402253,0.00357123061984847,0.410547735301525,-0.177926512600065,-0.0151687807382178,-0.372344685417831,-0.183908574268176,-1.9255914440901,0.0235388983535506,0.0208246345669966,0.105070477319677,-0.530735874016257,-0.0925616986821026,-1.16276078202563,-0.573445834338975,-0.4630970932318,-0.112599053158897,0.455097738908036,-1.35801947874409,-1.53904683526541,-0.693190617187087,-0.110116940272592,0.0505073805422005,-1.35635157177268,-1.41145025356274,0.87722447936269,0.389650143460587,0.399036169181593,-0.809131706285916,-0.524529421338927,-0.781496228710329,-0.194043390772654,-1.06637283912197,-1.29925937409936,-0.658379106915543,0.120739109331594,0.269389680317081,0.09111241613477,-2.02111565691034,-1.19573319873581,-1.84789546228239,0.0041332103500513,-0.776070516312052,-0.576917902778203,-1.52663512672642,0.267811002934351,0.109250841384365,-0.12486274521019,0.00341058932494087,0.281195438251856,0.0102348184577095,-0.851155756447443,-1.41269239836223,-1.2775568645704,-1.7305401573612,-1.33238764967472,-1.01707204485426,-1.09327000091019,-0.421264826467113,-0.422107470456102,-0.322753320271386,0.00726679918249275,-0.163886415126437,-1.75077983191118,-1.29823015277711,-0.464116170203705,0.470770852935848,0.626197356428548,0.928858325786415,1.31972063516111,0.583027027010441,0.0332960835990834,1.05842552912661,0.592919431049281,1.00960368217166,0.71961094373367,-1.14844069921151,-1.48852171823496,-0.972387021399831,-0.655529461963387,-1.00760635706271,-1.29896008560327,-0.221597108921274,-0.356135647755801,-0.986762683954357,-0.36802823483019,-1.33410479193646,1.04676269315617,-0.442032030168873,-0.942578367931338,0.403483690161891,-0.16110086627202,-1.4317080649617,-0.838025769101036,-1.00710373062433
34,"Greensboro","online",1,19,"female","high school",4,2,0,0,4,0,4,3,1,0,0,2,1.5,2.75,0.75,3,5,4,2,2,5,4,4,4,3,4,5,4,2,5,4,4,5,3,3,4,3,3,3,3,4,4,5,3,5,2,4,4,3,3,4,3,5,4,1,4,4,4,2,4,2,4,3,3,4,2.75,4.33333333333333,4,4.25,3.33333333333333,4.33333333333333,4,4,4.33333333333333,2.75,3.66666666666667,2.33333333333333,3,2.33333333333333,4.66666666666667,3.6,4,4.1,2.9,3.3,4,7,7,7,1,2,1,1,6.25,1.25,6,6,6,5,6,6,5,5,5,4,6,6,4,6,6,5.33333333333333,5.4,5.8,5.46666666666667,0.935533283700688,-0.886789782776974,-1.71897210903213,-2.10263395208763,1.30821992685415,-2.20991614547082,1.40127132090805,0.582481864024051,-0.85125076584013,-1.43511781378374,-1.85143422143672,-0.377764744188768,-1.34987531988338,0.381551020864595,-1.40529620163974,0.401037443966637,0.92127681533485,0.685577439760651,-0.189820156644546,-1.07050148066327,1.53920039715466,0.410547735301525,0.557731183727125,0.80015318394099,-0.372344685417831,0.71473559545132,0.903580495404464,0.0235388983535506,0.0208246345669966,1.0086765822689,1.18517710212653,-0.0925616986821026,1.38819399486733,0.288727972534309,-0.4630970932318,0.72218703060534,-0.374105768424403,0.162679416724552,0.0790219646468792,-0.693190617187087,0.706267272093176,0.0505073805422005,1.58926042753163,0.105858769017205,0.87722447936269,-0.365077611891001,0.399036169181593,0.184944390008209,0.275284944532487,-0.781496228710329,1.54426198489904,-1.06637283912197,1.50349078073036,0.778692040158992,-1.60985479108792,1.04164009722605,0.09111241613477,0.433911835946853,-0.450566132856974,0.021739946615087,0.0041332103500513,0.279974806517639,-0.576917902778203,-0.00354207686015419,0.267811002934351,0.379238552851474,1.64128792717078,1.1033256466184,0.618944149001293,-0.429862375223799,0.494421358524617,0.721234058180247,0.964685795696014,1.09425695416658,0.126183351751272,0.775309017798742,-0.140352229846578,-0.766959245132874,-1.32065307588246,0.840240487410424,1.08890190826888,0.308018664143884,1.09746214871692,0.25775324216801,-0.464116170203705,-0.0619435332810327,1.15005895811002,0.928858325786415,1.31972063516111,-1.48888720120848,-1.75636840985164,-2.44252045183063,-2.05184566595477,1.00960368217166,-2.42716233564408,1.74792000847735,1.16734690766144,1.80586161117111,1.31105892392677,1.51140953559406,1.97893214919372,1.15937038145768,1.06181183867933,1.34459970121253,0.392799366020684,2.51083529206273,1.04676269315617,1.0664899775503,2.0267161244531,1.04134393563841,1.6192895483697,2.21999673436489,2.38659240283136,2.2556364377682
35,"Greensboro","online",1,21,"female","high school",4,4,4,4,0,0,0,0,3,4,4,4,4,0,3.75,1,5,4,1,2,5,5,2,1,4,3,5,5,1,4,5,5,4,1,4,4,5,1,2,4,5,5,1,2,5,1,4,4,1,4,5,4,5,2,3,4,5,4,1,5,3,3,5,2,3,2.5,4.66666666666667,4,4.25,4.66666666666667,5,4.25,2.66666666666667,3.33333333333333,1.25,1.66666666666667,1.33333333333333,3.25,3.66666666666667,4.66666666666667,3.6,4.6,3.5,1.4,3.8,7,7,7,7,6,7,7,7,7,6.75,4,5,2,1,6,2,1,1,4,5,2,4,1,2,5,3.33333333333333,3,2.8,3,0.935533283700688,1.00093104194629,1.67166095006795,1.27730099893174,-2.15353126420606,-2.20991614547082,-2.13272673182193,-1.99081130238357,0.612900551404893,1.46206838305668,1.23428948095781,1.29686247231814,1.67328294860544,-2.70875091182297,1.40747664570745,-1.1956857125672,0.92127681533485,0.685577439760651,-0.974653496617187,-1.07050148066327,1.53920039715466,1.33000360082056,-0.913584208927254,-1.64581271009663,0.497808655504274,-0.183908574268176,0.903580495404464,1.03571152755623,-0.874634651813854,0.105070477319677,2.04313359019792,0.902476562150498,0.537875735903012,-1.43561964121226,0.402693124549392,0.72218703060534,1.28430124624048,-1.35801947874409,-0.730012435309267,0.371352116350226,1.52265148445894,0.955431281923296,-1.35635157177268,-0.652795742272766,0.87722447936269,-1.11980536724259,0.399036169181593,0.184944390008209,-1.32434378721034,0.23681703900313,2.41341467273488,0.0306135743288604,1.50349078073036,-0.658379106915543,0.120739109331594,1.04164009722605,1.12212133555454,0.433911835946853,-1.19573319873581,0.956557651063824,0.892773435611063,-0.776070516312052,1.61843340867868,-0.765088601793289,-0.660888442725094,0.109250841384365,1.99451806164698,1.1033256466184,0.618944149001293,1.33052639950224,1.39147276850599,1.07688846760399,-0.530142644481593,-0.11637037934533,-1.62410184995992,-1.37554825738486,-1.09327000091019,-0.421264826467113,0.476438134970254,0.840240487410424,1.08890190826888,1.25182882268452,0.198017312729102,-1.53761221353789,0.311816773760498,1.53619962536961,1.15005895811002,0.928858325786415,1.31972063516111,1.10100558406517,1.22640574589957,1.05842552912661,1.12187245045009,1.48080076972645,1.4188938947065,0.299739654632917,0.50337975118734,-0.972387021399831,-1.31105892392677,1.51140953559406,-0.643381638643875,-1.60256459930023,-1.77408313419093,0.567478906156901,1.15362696687156,-0.565116775136626,-0.140857248947136,-1.19629303402846,-0.942578367931338,0.403483690161891,-0.322954540330357,-0.357677241630347,-0.636487133355261,-0.488031431107339
36,"Greensboro","online",1,20,"female","other",4,3,0,3,4,4,3,3,2,0,2,2,2.5,3.5,1.5,3,5,2,3,4,4,4,1,4,4,4,5,4,3,4,2,5,2,1,3,2,4,2,2,3,4,5,1,4,4,3,4,4,4,4,2,5,2,4,4,2,5,4,4,4,1,4,2,5,3,2.25,2.66666666666667,3.33333333333333,4.5,4.33333333333333,5,2.5,1.66666666666667,3,3.25,3.33333333333333,3.66666666666667,3.5,3.66666666666667,4,2.7,4.6,2.4,3.4,3.7,3,2,1,1,4,5,7,5,1.75,5.25,5,6,5,2,6,5,5,4,3,5,5,6,4,3,5,4.66666666666667,5,4.4,4.6,0.935533283700688,0.0570706295846575,-1.71897210903213,0.432317261176896,1.30821992685415,1.44494517203861,0.517771807725554,0.582481864024051,-0.119175107217619,-1.43511781378374,-0.308572370239454,-0.377764744188768,-0.140612012487852,1.22436063887029,-0.702102989802941,0.401037443966637,0.92127681533485,-1.18023457984112,0.595013183328095,0.706778969858759,0.771385813887254,0.410547735301525,-1.64924190525444,0.80015318394099,0.497808655504274,0.71473559545132,0.903580495404464,0.0235388983535506,0.916283920947847,0.105070477319677,-0.530735874016257,0.902476562150498,-1.16276078202563,-1.43561964121226,-0.4630970932318,-0.947385136923134,0.455097738908036,-0.597670031009767,-0.730012435309267,-0.693190617187087,0.706267272093176,0.955431281923296,-1.35635157177268,0.864513280307176,0.0238160492134668,0.389650143460587,0.399036169181593,0.184944390008209,1.0750993104039,0.23681703900313,-0.194043390772654,1.12759998777969,-1.29925937409936,0.778692040158992,0.986036059541353,-0.502860736591885,1.12212133555454,0.433911835946853,1.03976799890071,0.021739946615087,-0.884507014910961,0.279974806517639,-1.67459355850664,1.51955097300612,-0.660888442725094,-0.160736870082744,-0.12486274521019,0.370048941756094,0.956692859750729,0.890429205820728,1.39147276850599,-1.41269239836223,-1.6512639746148,-0.519912823849299,0.709611752321671,0.416832805268141,1.13020479823824,-0.0755704078013522,0.476438134970254,0.0649112822892171,0.00726679918249275,1.25182882268452,-1.4509648865819,0.856208394069978,0.156630184967658,-0.594657919497913,-1.46924905029733,-2.1593562109777,-1.79260042399398,0.0650484699557104,0.0332960835990834,1.05842552912661,0.06396641164847,-1.81757884315708,0.369969468247254,1.02382983155513,1.16734690766144,1.11129945302838,-0.655529461963387,1.51140953559406,1.32335370223432,1.15937038145768,0.352838095461766,-0.209641888898728,1.15362696687156,1.74184727526289,1.04676269315617,1.0664899775503,-0.200254744835229,0.403483690161891,0.971874852136346,1.79038440503235,0.975821952610938,1.2916450243795
37,"Greensboro","online",1,19,"female","high school",4,4,3,4,2,3,1,3,1,1,3,3,3.75,2.25,2,3,5,4,1,4,2,3,2,2,4,2,5,4,1,5,1,5,2,2,5,3,4,4,1,4,2,5,2,3,4,1,3,4,3,4,1,5,5,3,4,1,5,4,2,5,1,4,4,2,4,1.5,2,1.66666666666667,4.25,4,5,3.5,3.66666666666667,3.33333333333333,2,2,2,4.25,4,4.66666666666667,1.7,4.4,3.5,2,4.3,3,2,3,4,5,6,6,3,3,5,3,3,3,2,3,3,3,4,3,4,2,5,2,3,5,3.66666666666667,2.8,3.4,3.2,0.935533283700688,1.00093104194629,0.824002685292926,1.27730099893174,-0.422655668675956,0.531229842661255,-1.24922721863943,0.582481864024051,-0.85125076584013,-0.710821264573636,0.46285855535918,0.459548864064687,1.37096712175655,-0.18032205780587,-0.233307515245076,0.401037443966637,0.92127681533485,0.685577439760651,-0.974653496617187,0.706778969858759,-0.764243352647557,-0.508908130217515,-0.913584208927254,-0.830490745417426,0.497808655504274,-1.08255274398767,0.903580495404464,0.0235388983535506,-0.874634651813854,1.0086765822689,-1.38869236208765,0.902476562150498,-1.16276078202563,-0.573445834338975,1.26848334233058,-0.112599053158897,0.455097738908036,0.92302886445887,-1.53904683526541,0.371352116350226,-0.92650115263836,0.955431281923296,-0.619948571946605,0.105858769017205,0.0238160492134668,-1.11980536724259,-0.513652941180561,0.184944390008209,0.275284944532487,0.23681703900313,-1.0631960786085,1.12759998777969,1.50349078073036,0.0601564666217247,0.986036059541353,-1.27511115350085,1.12212133555454,0.433911835946853,-0.450566132856974,0.956557651063824,-0.884507014910961,0.279974806517639,0.520757752950237,-0.765088601793289,0.267811002934351,-0.970700004484071,-0.831323014162578,-1.46314282039967,0.618944149001293,0.450332012139219,1.39147276850599,0.00992523933275621,0.590978685651612,-0.11637037934533,-0.748959249104326,-1.01707204485426,-0.457991486867782,0.96151284819593,0.925710937683432,0.840240487410424,-1.19454998869128,0.937225436504311,0.198017312729102,-0.819466031255531,1.0877497177247,-0.594657919497913,-1.46924905029733,-1.12995136538966,-0.236439894416433,0.583027027010441,0.629850914749325,0.4749345323004,-0.993939627153151,-1.0322503638991,0.195148730504046,-0.424350522289298,-0.824554561760857,-0.277824863257094,-0.655529461963387,-0.377852383898515,0.0121968083155237,-0.221597108921274,0.352838095461766,-0.209641888898728,0.392799366020684,-0.565116775136626,0.452952722104516,-0.442032030168873,-0.200254744835229,0.403483690161891,0.000752807786317938,-0.572483406296617,-0.0318712261179365,-0.265571874171485
38,"Greensboro","online",1,19,"female","high school",3,1,2,1,4,3,4,4,3,3,3,2,1.75,3.75,2.75,1,5,2,2,4,2,3,4,1,5,1,5,5,1,4,1,5,3,2,5,2,5,2,2,4,2,5,4,4,4,1,2,2,4,4,1,5,3,4,2,1,5,3,4,4,1,4,4,3,4,1,1.66666666666667,1.33333333333333,4,4.33333333333333,5,2.75,3,4,2.75,2.33333333333333,3,4.25,3.66666666666667,4,1.3,4.4,3.2,2.7,4,5,6,6,5,5,4,7,6,5.5,5.5,3,5,3,3,4,4,5,6,4,5,4,5,2,5,4,4.16666666666667,4.2,4.2,4.13333333333333,-0.00878435008169721,-1.8306501951386,-0.0236555794820937,-1.25765021433279,1.30821992685415,0.531229842661255,1.40127132090805,1.44024625282659,0.612900551404893,0.737771833846572,0.46285855535918,-0.377764744188768,-1.0475594930345,1.50529717820553,0.469885696591721,-1.1956857125672,0.92127681533485,-1.18023457984112,-0.189820156644546,0.706778969858759,-0.764243352647557,-0.508908130217515,0.557731183727125,-1.64581271009663,1.36796199642638,-1.98119691370717,0.903580495404464,1.03571152755623,-0.874634651813854,0.105070477319677,-1.38869236208765,0.902476562150498,-0.312442523061309,-0.573445834338975,1.26848334233058,-0.947385136923134,1.28430124624048,-0.597670031009767,-0.730012435309267,0.371352116350226,-0.92650115263836,0.955431281923296,0.85285742770555,0.864513280307176,0.0238160492134668,-1.11980536724259,-1.42634205154272,-1.80320780258004,1.0750993104039,0.23681703900313,-1.0631960786085,1.12759998777969,-0.365009322489452,0.778692040158992,-0.744557840878165,-1.27511115350085,1.12212133555454,-0.384430661672212,1.03976799890071,0.021739946615087,-0.884507014910961,0.279974806517639,0.520757752950237,-0.00354207686015419,0.267811002934351,-1.51067542741829,-1.18455314863877,-1.82978117283083,0.281195438251856,0.890429205820728,1.39147276850599,-1.05703798893848,-0.156435534437191,0.690714509662607,0.126183351751272,-0.658595832323662,0.494926284195829,0.96151284819593,0.476438134970254,0.0649112822892171,-1.67527670384078,0.937225436504311,-0.251705105264809,0.0183711814072236,0.62218995134618,0.470770852935848,0.626197356428548,0.414155902992397,0.282280282109415,0.583027027010441,-0.563258747551158,1.05842552912661,0.592919431049281,0.538406594616867,0.544790205990462,-0.424350522289298,0.50337975118734,-0.277824863257094,0,0.251901589265677,0.667775255274923,1.15937038145768,1.7707855818969,0.567478906156901,1.15362696687156,0.972859258463052,0.452952722104516,-0.442032030168873,1.28439250135699,-0.234376555314628,0.486313829961332,0.931159746367273,0.774283316865163,0.772572724862503
39,"Greensboro","online",1,20,"female","high school",4,4,4,4,0,4,0,4,1,4,4,4,4,2,3.25,1,5,3,2,4,3,3,5,1,3,2,5,2,2,2,4,5,2,1,3,1,5,1,1,5,4,2,2,1,3,1,3,4,2,4,2,4,2,2,4,1,4,1,5,1,2,1,1,2,4,2,2,2.33333333333333,3.5,4,3.66666666666667,2.5,2.66666666666667,1.66666666666667,1.75,1.33333333333333,2.66666666666667,3.75,4,2,2.1,3.7,2.3,1.9,3.3,2,2,2,5,7,5,5,7,2.75,6,2,2,2,2,2,2,2,2,2,2,2,2,2,2,2,2,2,2,2,0.935533283700688,1.00093104194629,1.67166095006795,1.27730099893174,-2.15353126420606,1.44494517203861,-2.13272673182193,1.44024625282659,-0.85125076584013,1.46206838305668,1.23428948095781,1.29686247231814,1.67328294860544,-0.461258597141103,0.938681171149586,-1.1956857125672,0.92127681533485,-0.247328570040235,-0.189820156644546,0.706778969858759,0.00357123061984847,-0.508908130217515,1.29338888005431,-1.64581271009663,-0.372344685417831,-1.08255274398767,0.903580495404464,-2.0008063600518,0.0208246345669966,-1.70214173257877,1.18517710212653,0.902476562150498,-1.16276078202563,-1.43561964121226,-0.4630970932318,-1.78217122068737,1.28430124624048,-1.35801947874409,-1.53904683526541,1.43589484988754,0.706267272093176,-1.75934042221999,-0.619948571946605,-1.41145025356274,-0.829592380935756,-1.11980536724259,-0.513652941180561,0.184944390008209,-0.524529421338927,0.23681703900313,-0.194043390772654,0.0306135743288604,-1.29925937409936,-0.658379106915543,0.986036059541353,-1.27511115350085,0.09111241613477,-2.02111565691034,1.78493506477955,-2.78271316673113,0.0041332103500513,-2.88816116197143,-2.77226921423508,-0.765088601793289,0.267811002934351,-0.430724581549853,-0.831323014162578,-0.729866115537366,-0.394301983247016,0.450332012139219,-0.402630051456756,-1.41269239836223,-0.530142644481593,-2.13408260186517,-1.04067344938952,-1.73402446991547,0.177287027174625,0.270124010864408,0.925710937683432,-2.2610763330744,-0.713823273541768,-0.163886415126437,-1.60087235924654,-0.939157061635925,-0.464116170203705,-1.12737230571479,-1.46924905029733,-1.64465378818368,0.282280282109415,1.6189841411199,0.0332960835990834,-0.108556464525806,1.12187245045009,-1.18931605975069,0.894431681476878,-1.14844069921151,-1.48852171823496,-0.972387021399831,-0.655529461963387,-1.00760635706271,-0.643381638643875,-0.912080854110751,-1.06510939097337,-0.986762683954357,-1.12885583568106,-0.565116775136626,-1.32847719105044,-0.442032030168873,-0.942578367931338,-1.51009704626767,-1.61778393279706,-1.4317080649617,-1.44264167633836,-1.60032921578661
40,"Greensboro","online",1,21,"male","high school",3,3,2,2,2,2,2,3,3,3,3,3,2.5,2.25,3,1,4,3,3,4,2,3,2,3,3,3,4,3,2,4,2,4,3,3,3,2,3,2,3,3,2,4,3,3,3,1,3,4,3,4,2,4,3,3,4,2,3,4,3,4,1,3,3,3,4,1.25,2,2.33333333333333,3.5,3.33333333333333,3.66666666666667,3.25,2.33333333333333,3.33333333333333,3,3,2.66666666666667,3.75,3.33333333333333,3.66666666666667,1.8,3.5,3,2.9,3.6,5,5,5,5,4,5,5,5,5,4.75,5,6,3,5,4,3,4,2,4,3,5,5,3,4,5,4.5,4,3.8,4.06666666666667,-0.00878435008169721,0.0570706295846575,-0.0236555794820937,-0.412666476577946,-0.422655668675956,-0.382485486716104,-0.365727705456939,0.582481864024051,0.612900551404893,0.737771833846572,0.46285855535918,0.459548864064687,-0.140612012487852,-0.18032205780587,0.704283433870654,-1.1956857125672,0.168141776182787,-0.247328570040235,0.595013183328095,0.706778969858759,-0.764243352647557,-0.508908130217515,-0.913584208927254,-0.0151687807382178,-0.372344685417831,-0.183908574268176,-0.0394768177603896,-0.988633730849125,0.0208246345669966,0.105070477319677,-0.530735874016257,-0.0925616986821026,-0.312442523061309,0.288727972534309,-0.4630970932318,-0.947385136923134,-0.374105768424403,-0.597670031009767,0.0790219646468792,-0.693190617187087,-0.92650115263836,0.0505073805422005,0.116454427879473,0.105858769017205,-0.829592380935756,-1.11980536724259,-0.513652941180561,0.184944390008209,0.275284944532487,0.23681703900313,-0.194043390772654,0.0306135743288604,-0.365009322489452,0.0601564666217247,0.986036059541353,-0.502860736591885,-0.939896503284995,0.433911835946853,0.294600933021867,0.021739946615087,-0.884507014910961,-0.776070516312052,-0.576917902778203,-0.00354207686015419,0.267811002934351,-1.24068771595118,-0.831323014162578,-0.729866115537366,-0.394301983247016,-0.429862375223799,-0.402630051456756,-0.345729170090989,-0.903849754525995,-0.11637037934533,0.417897552036471,0.0583565927375398,0.177287027174625,0.270124010864408,0.027165332257076,-0.322753320271386,-1.0743683099039,-0.478489801306651,-0.551520050594083,0.25775324216801,0.00144359617481743,0.470770852935848,0.102335754747078,-0.100546519801622,0.282280282109415,0.0650484699557104,0.0332960835990834,-0.108556464525806,0.06396641164847,0.224275202913675,0.0203279927608379,1.02382983155513,1.16734690766144,-0.277824863257094,1.31105892392677,0.251901589265677,0.0121968083155237,0.468886636268203,-1.06510939097337,0.567478906156901,-0.36802823483019,1.74184727526289,0.452952722104516,0.312228973690713,0.542068878260879,0.403483690161891,0.810021178078007,0.716353581701002,0.371206045373613,0.698419539217217
41,"Greensboro","online",1,19,"male","high school",4,3,3,2,2,3,3,2,3,3,3,1,3,2.5,2.5,1,2,3,2,3,2,1,2,2,3,2,5,5,1,1,1,4,2,1,1,2,1,5,5,2,1,5,3,2,1,1,5,5,3,4,1,3,3,2,3,4,4,5,2,5,3,2,4,2,1,1.5,1.66666666666667,2.33333333333333,3.25,1.66666666666667,4.66666666666667,3.5,3.33333333333333,4.33333333333333,2,3,1.66666666666667,2.25,2.66666666666667,2.33333333333333,1.8,3.2,3.7,2.2,2.4,4,6,6,3,3,4,5,3,4.75,3.75,3,5,4,3,2,1,1,3,3,4,5,5,1,4,3,3.16666666666667,3.2,3.4,3.13333333333333,0.935533283700688,0.0570706295846575,0.824002685292926,-0.412666476577946,-0.422655668675956,0.531229842661255,0.517771807725554,-0.27528252477849,0.612900551404893,0.737771833846572,0.46285855535918,-1.21507835244222,0.464019641209911,0.100614481529362,0.235487959312789,-1.1956857125672,-1.33812830212134,-0.247328570040235,-0.189820156644546,-0.181861255402253,-0.764243352647557,-2.34781986125559,-0.913584208927254,-0.830490745417426,-0.372344685417831,-1.08255274398767,0.903580495404464,1.03571152755623,-0.874634651813854,-2.605747837528,-1.38869236208765,-0.0925616986821026,-1.16276078202563,-1.43561964121226,-2.19467752879418,-0.947385136923134,-2.03251278308928,1.68337831219319,1.69709076455917,-1.7577333507244,-1.74288536500413,0.955431281923296,0.116454427879473,-0.652795742272766,-2.5364092412342,-1.11980536724259,1.31172527954375,1.17902048630233,0.275284944532487,0.23681703900313,-1.0631960786085,-1.06637283912197,-0.365009322489452,-0.658379106915543,0.120739109331594,1.04164009722605,0.09111241613477,1.25225433356592,-0.450566132856974,0.956557651063824,0.892773435611063,-1.83211583914174,0.520757752950237,-0.765088601793289,-2.51828733404398,-0.970700004484071,-1.18455314863877,-0.729866115537366,-0.732050693996453,-2.63034834363135,0.942947063515305,0.00992523933275621,0.217271575607211,1.09425695416658,-0.748959249104326,0.0583565927375398,-0.775630743888986,-1.80404250113016,-0.87138027316928,-1.8734117305138,-1.0743683099039,-0.950394880576971,0.497832258058376,-0.580083970494744,-1.86079546933927,-0.0619435332810327,0.626197356428548,0.414155902992397,-0.75516007094228,-0.452930087099021,-0.563258747551158,-0.108556464525806,-0.993939627153151,0.0672095070620784,-0.678954958211994,-0.424350522289298,0.50337975118734,0.416737294885642,0,-1.00760635706271,-1.29896008560327,-1.60256459930023,-0.356135647755801,-0.209641888898728,0.392799366020684,1.74184727526289,0.452952722104516,-1.19629303402846,0.542068878260879,-0.872236800791147,-0.484808214388696,-0.142871076964077,-0.0318712261179365,-0.33972505981677
42,"Greensboro","online",1,19,"female","other",3,3,2,1,3,3,4,3,3,2,2,2,2.25,3.25,2.25,4,1,3,2,2,3,4,4,2,3,3,4,4,2,5,3,4,4,3,3,4,5,4,4,3,3,5,4,3,5,4,4,3,3,3,2,5,3,3,3,2,4,2,3,4,1,4,3,4,3,3,3,2.66666666666667,3.25,4.66666666666667,4.33333333333333,3.25,3.66666666666667,3.33333333333333,3,3,2.66666666666667,2.75,3,4.66666666666667,2.9,4,3.4,2.9,3.4,3,4,5,2,4,4,4,3,3.5,3.75,3,6,4,3,3,5,4,4,3,3,4,5,4,4,5,3.83333333333333,4.2,4.2,4,-0.00878435008169721,0.0570706295846575,-0.0236555794820937,-1.25765021433279,0.442782129089096,0.531229842661255,1.40127132090805,0.582481864024051,0.612900551404893,0.0134752846364677,-0.308572370239454,-0.377764744188768,-0.442927839336733,0.943424099535061,0.00109022203385625,1.19939902223355,-2.0912633412734,-0.247328570040235,-0.189820156644546,-1.07050148066327,0.00357123061984847,0.410547735301525,0.557731183727125,-0.830490745417426,-0.372344685417831,-0.183908574268176,-0.0394768177603896,0.0235388983535506,0.0208246345669966,1.0086765822689,0.327220614055136,-0.0925616986821026,0.537875735903012,0.288727972534309,-0.4630970932318,0.72218703060534,1.28430124624048,0.92302886445887,0.888056364603025,-0.693190617187087,-0.110116940272592,0.955431281923296,0.85285742770555,0.105858769017205,0.87722447936269,1.14437789881218,0.399036169181593,-0.809131706285916,0.275284944532487,-0.781496228710329,-0.194043390772654,1.12759998777969,-0.365009322489452,0.0601564666217247,0.120739109331594,-0.502860736591885,0.09111241613477,-1.20277315929128,0.294600933021867,0.021739946615087,-0.884507014910961,0.279974806517639,-0.576917902778203,0.758004448072981,-0.660888442725094,0.649226264318583,0.228367389266005,-0.363227763106213,-0.732050693996453,1.33052639950224,0.494421358524617,-0.345729170090989,0.590978685651612,-0.11637037934533,0.417897552036471,0.0583565927375398,0.177287027174625,-1.11265366379863,-0.422107470456102,0.840240487410424,0.247630156757246,0.308018664143884,0.0481098400644648,0.25775324216801,-0.308929581410864,-0.594657919497913,-0.421525846934393,-0.100546519801622,-1.27388024746813,0.0650484699557104,-0.563258747551158,-0.692047461352012,-0.993939627153151,-0.718118972195903,-0.678954958211994,-0.424350522289298,1.16734690766144,0.416737294885642,0,-0.377852383898515,1.32335370223432,0.468886636268203,0.352838095461766,-0.209641888898728,-0.36802823483019,0.972859258463052,0.452952722104516,1.0664899775503,0.542068878260879,0.403483690161891,0.162606481844656,0.931159746367273,0.774283316865163,0.624266353571932
43,"Greensboro","online",1,18,"female","high school",4,4,4,4,2,3,2,2,4,3,4,3,4,2.25,3.5,3,3,2,1,4,4,3,3,2,2,2,2,4,1,4,3,2,2,1,2,3,2,2,4,3,4,3,3,1,4,1,2,3,2,3,2,3,2,1,4,1,3,3,1,5,2,4,3,1,3,2.25,3,2.33333333333333,2.75,2.66666666666667,2.66666666666667,2.5,2.33333333333333,3.33333333333333,1.25,2.33333333333333,1,3,3,4.33333333333333,2.5,2.7,2.7,1.5,3.4,5,6,7,6,5,6,6,6,6,5.75,3,3,2,2,4,5,4,2,3,4,3,4,2,3,4,3.5,2.8,3.4,3.2,0.935533283700688,1.00093104194629,1.67166095006795,1.27730099893174,-0.422655668675956,0.531229842661255,-0.365727705456939,-0.27528252477849,1.3449762100274,0.737771833846572,1.23428948095781,0.459548864064687,1.67328294860544,-0.18032205780587,1.17307890842852,0.401037443966637,-0.584993262969277,-1.18023457984112,-0.974653496617187,0.706778969858759,0.771385813887254,-0.508908130217515,-0.177926512600065,-0.830490745417426,-1.24249802633994,-1.08255274398767,-1.9255914440901,0.0235388983535506,-0.874634651813854,0.105070477319677,0.327220614055136,-2.0826382203473,-1.16276078202563,-1.43561964121226,-1.32888731101299,-0.112599053158897,-1.20330927575684,-0.597670031009767,0.888056364603025,-0.693190617187087,0.706267272093176,-0.854416520838895,0.116454427879473,-1.41145025356274,0.0238160492134668,-1.11980536724259,-1.42634205154272,-0.809131706285916,-0.524529421338927,-0.781496228710329,-0.194043390772654,-1.06637283912197,-1.29925937409936,-1.37691468045281,0.986036059541353,-1.27511115350085,-0.939896503284995,-0.384430661672212,-1.19573319873581,0.956557651063824,0.0041332103500513,0.279974806517639,-0.576917902778203,-1.52663512672642,-0.660888442725094,-0.160736870082744,0.228367389266005,-0.729866115537366,-1.40754811549533,-1.31005676258682,-1.74820716642882,-1.41269239836223,-0.903849754525995,-0.11637037934533,-1.62410184995992,-0.658595832323662,-1.41090925793139,-0.766959245132874,-0.422107470456102,0.45257588484982,-0.233096558392261,-1.7369033460275,-1.00124246858799,-1.4179211831575,-0.308929581410864,0.470770852935848,0.626197356428548,0.928858325786415,0.801000458635262,0.583027027010441,0.629850914749325,0.4749345323004,0.592919431049281,0.85253798632006,0.71961094373367,-0.424350522289298,-0.824554561760857,-0.972387021399831,-0.655529461963387,0.251901589265677,1.32335370223432,0.468886636268203,-1.06510939097337,-0.209641888898728,0.392799366020684,0.203871241663213,-0.140857248947136,-0.442032030168873,-0.200254744835229,-0.234376555314628,-0.16110086627202,-0.572483406296617,-0.0318712261179365,-0.265571874171485
44,"Greensboro","online",1,28,"female","Bachelor's degree",3,2,1,1,4,3,4,3,0,1,0,3,1.75,3.5,1,3,5,4,4,4,4,5,1,4,5,4,5,4,4,4,4,4,4,4,5,4,5,2,4,4,4,5,2,4,4,4,5,3,5,4,3,4,5,4,2,4,4,2,4,4,4,4,4,5,4,3.75,3.66666666666667,4,4.5,4.66666666666667,4.66666666666667,3.75,2.66666666666667,2.66666666666667,4.5,4,4,4.25,3.66666666666667,4,3.8,4.6,3.1,4.2,4,2,2,2,5,1,3,3,3,2.75,2.5,6,6,5,5,3,3,5,5,5,5,3,4,4,4,5,5,4.2,4.2,4.53333333333333,-0.00878435008169721,-0.886789782776974,-0.871313844257114,-1.25765021433279,1.30821992685415,0.531229842661255,1.40127132090805,0.582481864024051,-1.58332642446264,-0.710821264573636,-1.85143422143672,0.459548864064687,-1.0475594930345,1.22436063887029,-1.17089846436081,0.401037443966637,0.92127681533485,0.685577439760651,1.37984652330074,0.706778969858759,0.771385813887254,1.33000360082056,-1.64924190525444,0.80015318394099,1.36796199642638,0.71473559545132,0.903580495404464,0.0235388983535506,1.8117432073287,0.105070477319677,1.18517710212653,-0.0925616986821026,0.537875735903012,1.15090177940759,1.26848334233058,0.72218703060534,1.28430124624048,-0.597670031009767,0.888056364603025,0.371352116350226,0.706267272093176,0.955431281923296,-0.619948571946605,0.864513280307176,0.0238160492134668,1.14437789881218,1.31172527954375,-0.809131706285916,1.87491367627531,0.23681703900313,0.675109297063191,0.0306135743288604,1.50349078073036,0.778692040158992,-0.744557840878165,1.04164009722605,0.09111241613477,-1.20277315929128,1.03976799890071,0.021739946615087,1.78141366087208,0.279974806517639,0.520757752950237,1.51955097300612,0.267811002934351,1.45918939871991,0.934827658218393,1.1033256466184,0.956692859750729,1.33052639950224,0.942947063515305,0.365579648756502,-0.530142644481593,-0.923455268353268,2.16818275374767,1.13378523032934,1.44784405525944,0.96151284819593,0.476438134970254,0.0649112822892171,1.32926526584364,1.25182882268452,-0.401612577929446,1.81373663711313,0.62218995134618,-1.12737230571479,-1.46924905029733,-1.64465378818368,0.282280282109415,-1.48888720120848,-1.1598135787014,-1.27553845817822,-0.993939627153151,-1.18931605975069,-1.55305864692803,1.74792000847735,1.16734690766144,1.11129945302838,1.31105892392677,-0.377852383898515,0.0121968083155237,1.15937038145768,1.06181183867933,1.34459970121253,1.15362696687156,0.203871241663213,-0.140857248947136,1.0664899775503,0.542068878260879,0.403483690161891,1.29558220025302,0.931159746367273,0.774283316865163,1.21749183873421
45,"Greensboro","online",1,20,"male","other",3,3,2,3,2,3,3,4,3,3,3,3,2.75,3,3,2,4,4,4,3,5,4,3,3,4,4,4,3,4,3,4,5,5,1,3,4,4,4,4,5,5,3,3,4,4,3,3,4,3,4,3,3,3,4,2,4,4,5,5,3,3,3,3,5,3,3,4,4.33333333333333,3.75,3.66666666666667,3.66666666666667,4,3.33333333333333,3.66666666666667,3.25,3.66666666666667,4.33333333333333,3.25,3.66666666666667,3.33333333333333,3.7,3.7,3.7,3.7,3.4,4,4,5,1,2,4,4,2,3.5,3,3,6,4,2,4,2,3,3,3,4,3,5,5,5,4,3.5,4.2,3.8,3.73333333333333,-0.00878435008169721,0.0570706295846575,-0.0236555794820937,0.432317261176896,-0.422655668675956,0.531229842661255,0.517771807725554,1.44024625282659,0.612900551404893,0.737771833846572,0.46285855535918,0.459548864064687,0.161703814361029,0.662487560199828,0.704283433870654,-0.39732413430028,0.168141776182787,0.685577439760651,1.37984652330074,-0.181861255402253,1.53920039715466,0.410547735301525,-0.177926512600065,-0.0151687807382178,0.497808655504274,0.71473559545132,-0.0394768177603896,-0.988633730849125,1.8117432073287,-0.798535627629547,1.18517710212653,0.902476562150498,1.38819399486733,-1.43561964121226,-0.4630970932318,0.72218703060534,0.455097738908036,0.92302886445887,0.888056364603025,1.43589484988754,1.52265148445894,-0.854416520838895,0.116454427879473,0.864513280307176,0.0238160492134668,0.389650143460587,-0.513652941180561,0.184944390008209,0.275284944532487,0.23681703900313,0.675109297063191,-1.06637283912197,-0.365009322489452,0.778692040158992,-0.744557840878165,1.04164009722605,0.09111241613477,1.25225433356592,1.78493506477955,-0.91307775783365,0.892773435611063,-0.776070516312052,-0.576917902778203,1.51955097300612,-0.660888442725094,0.649226264318583,1.28805779269459,1.46996399904955,-0.05655327249758,0.0102348184577095,-0.402630051456756,0.721234058180247,0.217271575607211,0.287172065158638,0.709611752321671,0.775309017798742,1.76548331228064,-0.421264826467113,0.476438134970254,-0.710417922831989,1.20908358705626,-0.163886415126437,0.497832258058376,1.21528148521116,-0.308929581410864,-0.0619435332810327,-0.421525846934393,-0.100546519801622,-1.79260042399398,-0.970908644153751,-0.563258747551158,-0.692047461352012,-1.52289264655396,-0.718118972195903,-1.20341717144162,-0.424350522289298,1.16734690766144,0.416737294885642,-0.655529461963387,0.251901589265677,-0.643381638643875,-0.221597108921274,-0.356135647755801,-0.209641888898728,0.392799366020684,0.203871241663213,0.452952722104516,1.82075098140988,1.28439250135699,-0.234376555314628,-0.16110086627202,0.931159746367273,0.371206045373613,0.327653610990793
46,"Greensboro","online",1,19,"male","high school",4,4,1,1,2,3,3,3,0,0,1,4,2.5,2.75,1.25,4,5,5,4,4,4,5,5,4,5,5,5,5,2,5,4,4,5,1,3,4,2,5,4,4,4,5,4,5,5,5,5,4,5,4,3,5,4,5,4,5,4,5,4,4,2,3,5,5,5,3.75,3.66666666666667,4.66666666666667,4.25,4,4.66666666666667,4.75,4.66666666666667,4.66666666666667,3.75,4.33333333333333,3.66666666666667,4,4.33333333333333,4.66666666666667,4,4.3,4.7,3.9,4.3,1,2,7,3,1,4,6,5,3.25,4,5,5,5,3,2,6,3,3,4,3,3,6,3,2,4,4,3.2,4.6,3.8,0.935533283700688,1.00093104194629,-0.871313844257114,-1.25765021433279,-0.422655668675956,0.531229842661255,0.517771807725554,0.582481864024051,-1.58332642446264,-1.43511781378374,-1.08000329583809,1.29686247231814,-0.140612012487852,0.381551020864595,-0.936500727081874,1.19939902223355,0.92127681533485,1.61848344956154,1.37984652330074,0.706778969858759,0.771385813887254,1.33000360082056,1.29338888005431,0.80015318394099,1.36796199642638,1.61337976517082,0.903580495404464,1.03571152755623,0.0208246345669966,1.0086765822689,1.18517710212653,-0.0925616986821026,1.38819399486733,-1.43561964121226,-0.4630970932318,0.72218703060534,-1.20330927575684,1.68337831219319,0.888056364603025,0.371352116350226,0.706267272093176,0.955431281923296,0.85285742770555,1.62316779159715,0.87722447936269,1.89910565416376,1.31172527954375,0.184944390008209,1.87491367627531,0.23681703900313,0.675109297063191,1.12759998777969,0.569240729120455,1.49722761369626,0.986036059541353,1.81389051413501,0.09111241613477,1.25225433356592,1.03976799890071,0.021739946615087,0.0041332103500513,-0.776070516312052,1.61843340867868,1.51955097300612,1.1965104485938,1.45918939871991,0.934827658218393,1.83660235148071,0.618944149001293,0.450332012139219,0.942947063515305,1.78819728645148,1.71210001578482,1.49779939867054,1.29304015289207,1.49226144285994,1.13020479823824,0.615818429530169,1.37498374039661,0.840240487410424,1.56962862341839,0.779923743414204,1.99690698470475,1.45466354597195,1.0877497177247,-1.66008669193167,-1.46924905029733,0.928858325786415,-0.75516007094228,-1.48888720120848,-0.563258747551158,0.4749345323004,0.06396641164847,-0.8751846680475,-0.504134220468786,1.02382983155513,0.50337975118734,1.11129945302838,0,-1.00760635706271,1.97893214919372,-0.221597108921274,-0.356135647755801,0.567478906156901,-0.36802823483019,0.203871241663213,1.04676269315617,0.312228973690713,-0.942578367931338,-0.234376555314628,0.324460155902994,-0.142871076964077,1.17736058835671,0.401806796636078
47,"Greensboro","online",1,19,"male","high school",1,0,0,0,2,1,3,2,1,1,2,1,0.25,2,1.25,2,4,5,2,4,3,4,5,2,3,3,5,5,2,4,3,4,5,2,3,4,3,5,1,5,3,2,5,5,5,4,4,3,2,4,3,5,1,3,1,4,4,5,5,5,3,5,5,4,5,3,3.33333333333333,3.33333333333333,4.25,4,3.66666666666667,4.5,3.66666666666667,5,2.5,2,4,4,3,4.66666666666667,3.2,4,4.4,2.8,3.9,5,7,7,6,1,7,4,7,6.25,4.75,4,6,4,4,5,3,3,4,2,4,4,3,1,6,5,3.83333333333333,4,3.6,3.86666666666667,-1.89741961764647,-2.77451060750024,-1.71897210903213,-2.10263395208763,-0.422655668675956,-1.29620081609346,0.517771807725554,-0.27528252477849,-0.85125076584013,-0.710821264573636,-0.308572370239454,-1.21507835244222,-2.86145445412778,-0.461258597141103,-0.936500727081874,-0.39732413430028,0.168141776182787,1.61848344956154,-0.189820156644546,0.706778969858759,0.00357123061984847,0.410547735301525,1.29338888005431,-0.830490745417426,-0.372344685417831,-0.183908574268176,0.903580495404464,1.03571152755623,0.0208246345669966,0.105070477319677,0.327220614055136,-0.0925616986821026,1.38819399486733,-0.573445834338975,-0.4630970932318,0.72218703060534,-0.374105768424403,1.68337831219319,-1.53904683526541,1.43589484988754,-0.110116940272592,-1.75934042221999,1.58926042753163,1.62316779159715,0.87722447936269,1.14437789881218,0.399036169181593,-0.809131706285916,-0.524529421338927,0.23681703900313,0.675109297063191,1.12759998777969,-2.23350942570926,0.0601564666217247,-1.60985479108792,1.04164009722605,0.09111241613477,1.25225433356592,1.78493506477955,0.956557651063824,0.892773435611063,1.33602012934733,1.61843340867868,0.758004448072981,1.1965104485938,0.649226264318583,0.581597523742199,0.370048941756094,0.618944149001293,0.450332012139219,-0.402630051456756,1.43254287702774,0.590978685651612,1.90134184317451,-0.165530848533927,-1.01707204485426,1.44784405525944,0.615818429530169,-0.422107470456102,0.840240487410424,0.608175193119377,0.308018664143884,1.54718456671084,0.138062211787617,0.467003362553339,0.470770852935848,1.15005895811002,0.928858325786415,0.801000458635262,-1.48888720120848,1.22640574589957,-0.692047461352012,1.12187245045009,1.00960368217166,0.0203279927608379,0.299739654632917,1.16734690766144,0.416737294885642,0.655529461963387,0.881655562429869,0.0121968083155237,-0.221597108921274,0.352838095461766,-0.986762683954357,0.392799366020684,0.972859258463052,-0.734667219998788,-1.19629303402846,2.0267161244531,0.403483690161891,0.162606481844656,0.716353581701002,0.169667409627838,0.475959982281363
48,"Greensboro","online",1,19,"female","high school",3,3,2,2,2,3,2,2,3,3,3,2,2.5,2.25,2.75,3,2,4,1,1,3,2,2,4,3,3,5,4,2,4,2,4,3,3,3,4,5,1,3,3,2,4,1,2,5,3,4,4,2,4,1,5,2,2,3,1,4,4,1,4,1,4,3,3,2,2.25,2.66666666666667,2,3.5,4,4.33333333333333,3.5,1.66666666666667,3,2.25,3,1.66666666666667,2.5,3,4.33333333333333,2.3,3.9,2.8,2.3,3.2,5,6,6,5,4,5,6,5,5.5,5,2,4,3,4,3,4,3,2,2,2,2,4,1,4,3,3,2.4,3.4,2.86666666666667,-0.00878435008169721,0.0570706295846575,-0.0236555794820937,-0.412666476577946,-0.422655668675956,0.531229842661255,-0.365727705456939,-0.27528252477849,0.612900551404893,0.737771833846572,0.46285855535918,-0.377764744188768,-0.140612012487852,-0.18032205780587,0.469885696591721,0.401037443966637,-1.33812830212134,0.685577439760651,-0.974653496617187,-1.95914170592428,0.00357123061984847,-1.42836399573656,-0.913584208927254,0.80015318394099,-0.372344685417831,-0.183908574268176,0.903580495404464,0.0235388983535506,0.0208246345669966,0.105070477319677,-0.530735874016257,-0.0925616986821026,-0.312442523061309,0.288727972534309,-0.4630970932318,0.72218703060534,1.28430124624048,-1.35801947874409,0.0790219646468792,-0.693190617187087,-0.92650115263836,0.0505073805422005,-1.35635157177268,-0.652795742272766,0.87722447936269,0.389650143460587,0.399036169181593,0.184944390008209,-0.524529421338927,0.23681703900313,-1.0631960786085,1.12759998777969,-1.29925937409936,-0.658379106915543,0.120739109331594,-1.27511115350085,0.09111241613477,0.433911835946853,-1.19573319873581,0.021739946615087,-0.884507014910961,0.279974806517639,-0.576917902778203,-0.00354207686015419,-1.58958788838454,-0.160736870082744,-0.12486274521019,-1.09650446796852,-0.394301983247016,0.450332012139219,0.494421358524617,0.00992523933275621,-1.6512639746148,-0.519912823849299,-0.457245048819126,0.0583565927375398,-0.775630743888986,-1.4583480824644,-0.422107470456102,0.45257588484982,-0.473459915967015,0.150716971053777,-0.851334995923357,-0.460392940114351,-0.619302758996545,0.470770852935848,0.626197356428548,0.414155902992397,0.282280282109415,0.0650484699557104,0.0332960835990834,0.4749345323004,0.06396641164847,0.538406594616867,0.195148730504046,-1.14844069921151,-0.160587405286759,-0.277824863257094,0.655529461963387,-0.377852383898515,0.667775255274923,-0.221597108921274,-1.06510939097337,-0.986762683954357,-1.12885583568106,-0.565116775136626,-0.140857248947136,-1.19629303402846,0.542068878260879,-0.872236800791147,-0.646661888447033,-1.00209573562916,-0.0318712261179365,-0.636337802397909
49,"Greensboro","online",1,22,"female","high school",3,4,3,3,3,3,3,2,4,3,4,3,3.25,2.75,3.5,1,5,4,2,4,1,3,2,4,2,3,3,4,1,4,1,4,2,3,2,3,4,2,3,4,2,4,2,3,4,1,4,4,3,4,1,4,3,4,2,2,4,4,3,4,1,4,4,3,4,1,1.66666666666667,2.33333333333333,4.25,3.66666666666667,3.66666666666667,3.5,2.33333333333333,3.33333333333333,2.75,3.66666666666667,2.33333333333333,3.5,2.66666666666667,4,1.6,3.9,3.1,2.9,3.4,7,7,7,7,1,7,7,6,7,5.25,3,3,4,3,5,3,2,4,3,4,3,6,2,4,6,4,3.4,4,3.66666666666667,-0.00878435008169721,1.00093104194629,0.824002685292926,0.432317261176896,0.442782129089096,0.531229842661255,0.517771807725554,-0.27528252477849,1.3449762100274,0.737771833846572,1.23428948095781,0.459548864064687,0.766335468058792,0.381551020864595,1.17307890842852,-1.1956857125672,0.92127681533485,0.685577439760651,-0.189820156644546,0.706778969858759,-1.53205793591496,-0.508908130217515,-0.913584208927254,0.80015318394099,-1.24249802633994,-0.183908574268176,-0.982534130925243,0.0235388983535506,-0.874634651813854,0.105070477319677,-1.38869236208765,-0.0925616986821026,-1.16276078202563,0.288727972534309,-1.32888731101299,-0.112599053158897,0.455097738908036,-0.597670031009767,0.0790219646468792,0.371352116350226,-0.92650115263836,0.0505073805422005,-0.619948571946605,0.105858769017205,0.0238160492134668,-1.11980536724259,0.399036169181593,0.184944390008209,0.275284944532487,0.23681703900313,-1.0631960786085,0.0306135743288604,-0.365009322489452,0.778692040158992,-0.744557840878165,-0.502860736591885,0.09111241613477,0.433911835946853,0.294600933021867,0.021739946615087,-0.884507014910961,0.279974806517639,0.520757752950237,-0.00354207686015419,0.267811002934351,-1.51067542741829,-1.18455314863877,-0.729866115537366,0.618944149001293,0.0102348184577095,-0.402630051456756,0.00992523933275621,-0.903849754525995,-0.11637037934533,0.126183351751272,0.775309017798742,-0.140352229846578,-0.0755704078013522,-0.87138027316928,0.0649112822892171,-1.31473166747865,0.150716971053777,-0.401612577929446,0.25775324216801,-0.308929581410864,1.53619962536961,1.15005895811002,0.928858325786415,1.31972063516111,-1.48888720120848,1.22640574589957,1.05842552912661,0.592919431049281,1.48080076972645,0.369969468247254,-0.424350522289298,-0.824554561760857,0.416737294885642,0,0.881655562429869,0.0121968083155237,-0.912080854110751,0.352838095461766,-0.209641888898728,0.392799366020684,0.203871241663213,1.04676269315617,-0.442032030168873,0.542068878260879,1.04134393563841,0.324460155902994,0.0719350877021927,0.572744681119388,0.253500425345508
50,"Greensboro","online",1,18,"female","high school",3,3,2,3,3,3,3,3,3,3,3,3,2.75,3,3,4,5,2,4,4,5,4,1,4,4,4,4,4,2,4,4,4,4,2,4,4,4,4,2,4,5,4,2,4,4,4,4,4,4,4,2,4,4,4,2,3,4,4,4,4,2,4,4,3,4,3.5,3.66666666666667,4,4.25,4,4,3.5,3,3.33333333333333,3.25,3.33333333333333,3.33333333333333,4,3.33333333333333,4,3.7,4.1,3.3,3.3,3.8,6,5,6,5,3,6,6,5,5.5,5,5,5,5,4,6,3,3,3,3,3,4,5,2,3,6,4.33333333333333,4,3.8,4,-0.00878435008169721,0.0570706295846575,-0.0236555794820937,0.432317261176896,0.442782129089096,0.531229842661255,0.517771807725554,0.582481864024051,0.612900551404893,0.737771833846572,0.46285855535918,0.459548864064687,0.161703814361029,0.662487560199828,0.704283433870654,1.19939902223355,0.92127681533485,-1.18023457984112,1.37984652330074,0.706778969858759,1.53920039715466,0.410547735301525,-1.64924190525444,0.80015318394099,0.497808655504274,0.71473559545132,-0.0394768177603896,0.0235388983535506,0.0208246345669966,0.105070477319677,1.18517710212653,-0.0925616986821026,0.537875735903012,-0.573445834338975,0.402693124549392,0.72218703060534,0.455097738908036,0.92302886445887,-0.730012435309267,0.371352116350226,1.52265148445894,0.0505073805422005,-0.619948571946605,0.864513280307176,0.0238160492134668,1.14437789881218,0.399036169181593,0.184944390008209,1.0750993104039,0.23681703900313,-0.194043390772654,0.0306135743288604,0.569240729120455,0.778692040158992,-0.744557840878165,0.269389680317081,0.09111241613477,0.433911835946853,1.03976799890071,0.021739946615087,0.0041332103500513,0.279974806517639,0.520757752950237,-0.00354207686015419,0.267811002934351,1.1892016872528,0.934827658218393,1.1033256466184,0.618944149001293,0.450332012139219,0.0458956535339307,0.00992523933275621,-0.156435534437191,-0.11637037934533,0.709611752321671,0.416832805268141,0.812565541217033,0.615818429530169,0.027165332257076,0.0649112822892171,1.20908358705626,0.46532035723399,-0.101797632600172,0.736517363689584,0.311816773760498,1.00348523915273,0.102335754747078,0.414155902992397,0.282280282109415,-0.452930087099021,0.629850914749325,0.4749345323004,0.06396641164847,0.538406594616867,0.195148730504046,1.02382983155513,0.50337975118734,1.11129945302838,0.655529461963387,1.51140953559406,0.0121968083155237,-0.221597108921274,-0.356135647755801,-0.209641888898728,-0.36802823483019,0.972859258463052,0.452952722104516,-0.442032030168873,-0.200254744835229,1.04134393563841,0.648167504019669,0.716353581701002,0.371206045373613,0.624266353571932
51,"Greensboro","online",1,25,"female","Bachelor's degree",3,3,3,3,3,2,3,1,0,1,1,3,3,2.25,1.25,2,2,5,1,5,2,1,1,3,1,2,2,4,1,5,2,1,5,1,1,1,5,3,1,5,3,1,4,1,5,1,1,5,2,1,1,2,1,1,5,1,1,5,1,4,1,2,4,2,5,1.5,1.33333333333333,2,1.5,2.66666666666667,1.33333333333333,4.75,1.66666666666667,4.33333333333333,1.5,1.66666666666667,1,3,3.66666666666667,4.66666666666667,1.6,1.8,3.7,1.4,3.7,3,5,6,6,5,5,3,5,5,4.5,2,6,5,5,6,1,2,2,2,4,2,5,2,4,6,4,3.6,3.4,3.6,-0.00878435008169721,0.0570706295846575,0.824002685292926,0.432317261176896,0.442782129089096,-0.382485486716104,0.517771807725554,-1.13304691358103,-1.58332642446264,-0.710821264573636,-1.08000329583809,0.459548864064687,0.464019641209911,-0.18032205780587,-0.936500727081874,-0.39732413430028,-1.33812830212134,1.61848344956154,-0.974653496617187,1.59541919511977,-0.764243352647557,-2.34781986125559,-1.64924190525444,-0.0151687807382178,-2.11265136726204,-1.08255274398767,-1.9255914440901,0.0235388983535506,-0.874634651813854,1.0086765822689,-0.530735874016257,-3.0776764811799,1.38819399486733,-1.43561964121226,-2.19467752879418,-1.78217122068737,1.28430124624048,0.162679416724552,-1.53904683526541,1.43589484988754,-0.110116940272592,-2.66426432360109,0.85285742770555,-1.41145025356274,0.87722447936269,-1.11980536724259,-2.33903116190487,1.17902048630233,-0.524529421338927,-2.81812276413725,-1.0631960786085,-2.16335925257279,-2.23350942570926,-1.37691468045281,1.85133300975111,-1.27511115350085,-3.00191434212453,1.25225433356592,-1.19573319873581,0.021739946615087,-0.884507014910961,-1.83211583914174,0.520757752950237,-0.765088601793289,1.1965104485938,-0.970700004484071,-1.53778328311497,-1.09650446796852,-3.09629166924251,-1.31005676258682,-3.54230998639156,1.78819728645148,-1.6512639746148,1.09425695416658,-1.33238764967472,-1.37554825738486,-1.41090925793139,-0.766959245132874,0.476438134970254,0.840240487410424,-1.31473166747865,-3.15261858383847,0.497832258058376,-1.53761221353789,0.156630184967658,-0.594657919497913,0.102335754747078,0.414155902992397,0.801000458635262,0.583027027010441,0.0332960835990834,-1.27553845817822,0.06396641164847,0.224275202913675,-0.15449274498237,-1.14844069921151,1.16734690766144,1.11129945302838,1.31105892392677,1.51140953559406,-1.29896008560327,-0.912080854110751,-1.06510939097337,-0.986762683954357,0.392799366020684,-0.565116775136626,0.452952722104516,-0.442032030168873,0.542068878260879,1.04134393563841,0.324460155902994,0.286741252368463,-0.0318712261179365,0.179347239700224
52,"Greensboro","online",1,19,"prefer not to answer","high school",4,4,3,4,3,3,4,3,1,3,4,4,3.75,3.25,3,3,5,2,3,2,4,5,3,4,3,5,5,4,2,5,4,5,2,3,4,4,4,2,3,3,5,3,2,3,5,2,5,3,4,3,4,4,2,4,2,4,5,3,4,2,2,3,3,4,4,2.75,4,4.66666666666667,4.5,4.33333333333333,4.33333333333333,2.5,2.33333333333333,3,3.5,3.66666666666667,3,3.25,2.66666666666667,4,3.7,4.4,2.6,3.4,3.3,6,5,7,7,4,5,5,6,6.25,5,5,2,2,3,3,5,5,5,3,4,4,5,2,3,5,4.5,3.2,3.6,3.73333333333333,0.935533283700688,1.00093104194629,0.824002685292926,1.27730099893174,0.442782129089096,0.531229842661255,1.40127132090805,0.582481864024051,-0.85125076584013,0.737771833846572,1.23428948095781,1.29686247231814,1.37096712175655,0.943424099535061,0.704283433870654,0.401037443966637,0.92127681533485,-1.18023457984112,0.595013183328095,-1.07050148066327,0.771385813887254,1.33000360082056,-0.177926512600065,0.80015318394099,-0.372344685417831,1.61337976517082,0.903580495404464,0.0235388983535506,0.0208246345669966,1.0086765822689,1.18517710212653,0.902476562150498,-1.16276078202563,0.288727972534309,0.402693124549392,0.72218703060534,0.455097738908036,-0.597670031009767,0.0790219646468792,-0.693190617187087,1.52265148445894,-0.854416520838895,-0.619948571946605,0.105858769017205,0.87722447936269,-0.365077611891001,1.31172527954375,-0.809131706285916,1.0750993104039,-0.781496228710329,1.54426198489904,0.0306135743288604,-1.29925937409936,0.778692040158992,-0.744557840878165,1.04164009722605,1.12212133555454,-0.384430661672212,1.03976799890071,-1.84789546228239,0.0041332103500513,-0.776070516312052,-0.576917902778203,0.758004448072981,0.267811002934351,0.379238552851474,1.28805779269459,1.83660235148071,0.956692859750729,0.890429205820728,0.494421358524617,-1.41269239836223,-0.903849754525995,-0.519912823849299,1.00132595260687,0.775309017798742,0.494926284195829,-0.421264826467113,-0.87138027316928,0.0649112822892171,1.20908358705626,0.937225436504311,-1.15114994125263,0.856208394069978,-0.464116170203705,1.00348523915273,0.102335754747078,0.928858325786415,1.31972063516111,0.0650484699557104,0.0332960835990834,-0.108556464525806,0.592919431049281,1.00960368217166,0.195148730504046,1.02382983155513,-1.48852171823496,-0.972387021399831,0,-0.377852383898515,1.32335370223432,1.15937038145768,1.06181183867933,-0.209641888898728,0.392799366020684,0.972859258463052,0.452952722104516,-0.442032030168873,-0.200254744835229,0.403483690161891,0.810021178078007,-0.142871076964077,0.169667409627838,0.327653610990793
53,"Greensboro","online",1,25,"female","Bachelor's degree",3,4,1,0,3,3,3,0,1,1,3,4,2,2.25,2.25,4,2,3,4,5,2,1,4,4,3,4,5,1,4,2,4,4,5,2,3,4,2,1,2,3,2,2,1,4,2,5,2,3,4,4,3,2,3,4,4,3,4,1,4,2,3,4,3,4,1,4,3,3,3,1.66666666666667,3.66666666666667,3.5,2.66666666666667,1,3.5,3.33333333333333,4,3.25,3.33333333333333,2,3.4,2.8,2.5,3.6,2.9,4,2,6,3,5,5,6,5,3.75,5.25,2,6,4,1,3,1,1,2,4,2,4,5,3,3,6,2.83333333333333,3.6,3.4,3.13333333333333,-0.00878435008169721,1.00093104194629,-0.871313844257114,-2.10263395208763,0.442782129089096,0.531229842661255,0.517771807725554,-1.99081130238357,-0.85125076584013,-0.710821264573636,0.46285855535918,1.29686247231814,-0.745243666185615,-0.18032205780587,0.00109022203385625,1.19939902223355,-1.33812830212134,-0.247328570040235,1.37984652330074,1.59541919511977,-0.764243352647557,-2.34781986125559,0.557731183727125,0.80015318394099,-0.372344685417831,0.71473559545132,0.903580495404464,-3.01297898925448,1.8117432073287,-1.70214173257877,1.18517710212653,-0.0925616986821026,1.38819399486733,-0.573445834338975,-0.4630970932318,0.72218703060534,-1.20330927575684,-1.35801947874409,-0.730012435309267,-0.693190617187087,-0.92650115263836,-1.75934042221999,-1.35635157177268,0.864513280307176,-1.68300081108498,1.89910565416376,-1.42634205154272,-0.809131706285916,1.0750993104039,0.23681703900313,0.675109297063191,-2.16335925257279,-0.365009322489452,0.778692040158992,0.986036059541353,0.269389680317081,0.09111241613477,-2.02111565691034,1.03976799890071,-1.84789546228239,0.892773435611063,0.279974806517639,-0.576917902778203,0.758004448072981,-2.51828733404398,1.72917711018702,0.228367389266005,0.00341058932494087,-1.06979940474589,-2.63034834363135,-0.402630051456756,0.00992523933275621,-0.530142644481593,-2.94116749087311,1.00132595260687,0.416832805268141,1.44784405525944,-0.421264826467113,0.027165332257076,-2.2610763330744,0.84853855069413,-1.5796016529374,-1.30105741391727,1.09559045483077,-1.08486252537507,-0.0619435332810327,-1.46924905029733,0.414155902992397,-0.75516007094228,0.583027027010441,0.0332960835990834,0.4749345323004,0.06396641164847,-0.561053276344307,0.369969468247254,-1.14844069921151,1.16734690766144,0.416737294885642,-1.31105892392677,-0.377852383898515,-1.29896008560327,-1.60256459930023,-1.06510939097337,0.567478906156901,-1.12885583568106,0.972859258463052,0.452952722104516,0.312228973690713,-0.200254744835229,1.04134393563841,-0.808515562505371,0.286741252368463,-0.0318712261179365,-0.33972505981677
54,"Greensboro","online",1,25,"male","Bachelor's degree",3,1,1,3,3,3,3,2,3,3,3,4,2,2.75,3.25,3,5,3,5,4,4,5,3,4,4,4,5,4,3,4,4,4,4,5,5,4,2,2,3,3,4,4,2,5,4,4,5,3,5,4,4,4,5,5,3,4,4,3,5,5,3,4,4,5,3,3.5,4,4,4.5,3.66666666666667,4.33333333333333,3.5,3.33333333333333,3,5,4,4.33333333333333,4,3.33333333333333,4.33333333333333,3.8,4.2,3.3,4.5,3.9,5,6,6,6,4,5,2,5,5.75,4,3,5,4,2,5,2,3,4,3,3,4,3,2,2,5,3.16666666666667,4,2.8,3.33333333333333,-0.00878435008169721,-1.8306501951386,-0.871313844257114,0.432317261176896,0.442782129089096,0.531229842661255,0.517771807725554,-0.27528252477849,0.612900551404893,0.737771833846572,0.46285855535918,1.29686247231814,-0.745243666185615,0.381551020864595,0.938681171149586,0.401037443966637,0.92127681533485,-0.247328570040235,2.16467986327338,0.706778969858759,0.771385813887254,1.33000360082056,-0.177926512600065,0.80015318394099,0.497808655504274,0.71473559545132,0.903580495404464,0.0235388983535506,0.916283920947847,0.105070477319677,1.18517710212653,-0.0925616986821026,0.537875735903012,2.01307558628088,1.26848334233058,0.72218703060534,-1.20330927575684,-0.597670031009767,0.0790219646468792,-0.693190617187087,0.706267272093176,0.0505073805422005,-0.619948571946605,1.62316779159715,0.0238160492134668,1.14437789881218,1.31172527954375,-0.809131706285916,1.87491367627531,0.23681703900313,1.54426198489904,0.0306135743288604,1.50349078073036,1.49722761369626,0.120739109331594,1.04164009722605,0.09111241613477,-0.384430661672212,1.78493506477955,0.956557651063824,0.892773435611063,0.279974806517639,0.520757752950237,1.51955097300612,-0.660888442725094,1.1892016872528,1.28805779269459,1.1033256466184,0.956692859750729,0.0102348184577095,0.494421358524617,0.00992523933275621,0.217271575607211,-0.519912823849299,2.75161115431807,1.13378523032934,1.76548331228064,0.615818429530169,0.027165332257076,0.45257588484982,1.32926526584364,0.622622050324097,-0.101797632600172,2.17280972825431,0.467003362553339,0.470770852935848,0.626197356428548,0.414155902992397,0.801000458635262,0.0650484699557104,0.0332960835990834,-1.85902945500442,0.06396641164847,0.695472290468464,-0.504134220468786,-0.424350522289298,0.50337975118734,0.416737294885642,-0.655529461963387,0.881655562429869,-0.643381638643875,-0.221597108921274,0.352838095461766,-0.209641888898728,-0.36802823483019,0.972859258463052,-0.734667219998788,-0.442032030168873,-0.942578367931338,0.403483690161891,-0.484808214388696,0.716353581701002,-0.636487133355261,-0.117265502880915
55,"Greensboro","online",1,22,"female","high school",3,4,1,1,4,4,4,3,3,3,3,3,2.25,3.75,3,1,3,2,2,3,4,3,5,5,3,4,5,4,2,4,4,5,5,3,4,5,4,4,4,4,2,5,4,3,5,3,4,4,2,4,2,4,5,3,2,1,4,4,3,4,2,5,3,2,4,2.5,3.66666666666667,2.33333333333333,4.25,3.66666666666667,4.66666666666667,3.5,4.66666666666667,4,2.25,4,2.66666666666667,3.75,3,4.33333333333333,2.8,4.2,4,2.9,3.7,5,5,7,6,1,4,7,3,5.75,3.75,4,3,3,2,4,4,4,3,3,3,3,5,2,3,5,3.83333333333333,3,3.6,3.4,-0.00878435008169721,1.00093104194629,-0.871313844257114,-1.25765021433279,1.30821992685415,1.44494517203861,1.40127132090805,0.582481864024051,0.612900551404893,0.737771833846572,0.46285855535918,0.459548864064687,-0.442927839336733,1.50529717820553,0.704283433870654,-1.1956857125672,-0.584993262969277,-1.18023457984112,-0.189820156644546,-0.181861255402253,0.771385813887254,-0.508908130217515,1.29338888005431,1.6154751486202,-0.372344685417831,0.71473559545132,0.903580495404464,0.0235388983535506,0.0208246345669966,0.105070477319677,1.18517710212653,0.902476562150498,1.38819399486733,0.288727972534309,0.402693124549392,1.55697311436958,0.455097738908036,0.92302886445887,0.888056364603025,0.371352116350226,-0.92650115263836,0.955431281923296,0.85285742770555,0.105858769017205,0.87722447936269,0.389650143460587,0.399036169181593,0.184944390008209,-0.524529421338927,0.23681703900313,-0.194043390772654,0.0306135743288604,1.50349078073036,0.0601564666217247,-0.744557840878165,-1.27511115350085,0.09111241613477,0.433911835946853,0.294600933021867,0.021739946615087,0.0041332103500513,1.33602012934733,-0.576917902778203,-0.765088601793289,0.267811002934351,0.109250841384365,0.934827658218393,-0.729866115537366,0.618944149001293,0.0102348184577095,0.942947063515305,0.00992523933275621,1.71210001578482,0.690714509662607,-0.457245048819126,1.13378523032934,0.177287027174625,0.270124010864408,-0.422107470456102,0.45257588484982,0.127448477969869,0.622622050324097,0.947554676052287,0.25775324216801,0.156630184967658,0.470770852935848,0.102335754747078,0.928858325786415,0.801000458635262,-1.48888720120848,-0.563258747551158,1.05842552912661,-0.993939627153151,0.695472290468464,-0.678954958211994,0.299739654632917,-0.824554561760857,-0.277824863257094,-0.655529461963387,0.251901589265677,0.667775255274923,0.468886636268203,-0.356135647755801,-0.209641888898728,-0.36802823483019,0.203871241663213,0.452952722104516,-0.442032030168873,-0.200254744835229,0.403483690161891,0.162606481844656,-0.357677241630347,0.169667409627838,-0.0431123172356308
56,"Greensboro","online",1,18,"female","high school",4,4,2,3,2,1,2,1,4,3,3,3,3.25,1.5,3.25,3,4,3,2,1,2,4,3,3,2,3,3,3,2,3,4,4,3,3,2,3,4,1,2,3,2,4,3,1,2,4,3,4,1,4,2,4,3,1,2,3,4,2,1,1,2,4,3,5,3,3.25,2.33333333333333,2.66666666666667,3.75,4,3.66666666666667,3.25,2.33333333333333,2.66666666666667,2.75,2,1.33333333333333,2.5,2.33333333333333,2,2.8,3.8,2.8,2.1,2.3,6,6,7,5,3,6,7,7,6,5.75,3,2,2,1,2,3,1,2,3,2,2,1,3,3,4,2,2.2,2.4,2.26666666666667,0.935533283700688,1.00093104194629,-0.0236555794820937,0.432317261176896,-0.422655668675956,-1.29620081609346,-0.365727705456939,-1.13304691358103,1.3449762100274,0.737771833846572,0.46285855535918,0.459548864064687,0.766335468058792,-1.02313167581157,0.938681171149586,0.401037443966637,0.168141776182787,-0.247328570040235,-0.189820156644546,-1.95914170592428,-0.764243352647557,0.410547735301525,-0.177926512600065,-0.0151687807382178,-1.24249802633994,-0.183908574268176,-0.982534130925243,-0.988633730849125,0.0208246345669966,-0.798535627629547,1.18517710212653,-0.0925616986821026,-0.312442523061309,0.288727972534309,-1.32888731101299,-0.112599053158897,0.455097738908036,-1.35801947874409,-0.730012435309267,-0.693190617187087,-0.92650115263836,0.0505073805422005,0.116454427879473,-1.41145025356274,-1.68300081108498,1.14437789881218,-0.513652941180561,0.184944390008209,-1.32434378721034,0.23681703900313,-0.194043390772654,0.0306135743288604,-0.365009322489452,-1.37691468045281,-0.744557840878165,0.269389680317081,0.09111241613477,-1.20277315929128,-1.19573319873581,-2.78271316673113,0.0041332103500513,0.279974806517639,-0.576917902778203,1.51955097300612,-0.660888442725094,0.919213975785692,-0.478092879686383,-0.363227763106213,-0.05655327249758,0.450332012139219,-0.402630051456756,-0.345729170090989,-0.903849754525995,-0.923455268353268,0.126183351751272,-1.01707204485426,-1.09327000091019,-1.4583480824644,-1.32065307588246,-2.2610763330744,0.127448477969869,-0.0065847220363304,-0.851334995923357,-0.699775000875138,-2.01598205813211,1.00348523915273,0.626197356428548,0.928858325786415,0.282280282109415,-0.452930087099021,0.629850914749325,1.05842552912661,1.12187245045009,0.85253798632006,0.71961094373367,-0.424350522289298,-1.48852171823496,-0.972387021399831,-1.31105892392677,-1.00760635706271,0.0121968083155237,-1.60256459930023,-1.06510939097337,-0.209641888898728,-1.12885583568106,-0.565116775136626,-1.92228716210209,0.312228973690713,-0.200254744835229,-0.234376555314628,-1.61778393279706,-1.21690190029543,-1.03956440484681,-1.30371647320547
57,"Greensboro","online",1,19,"female","high school",4,3,2,2,2,1,2,1,2,1,3,3,2.75,1.5,2.25,4,5,3,2,1,3,4,3,2,2,3,5,4,2,3,4,4,3,3,2,4,5,2,3,4,4,5,2,1,3,5,4,4,3,5,3,4,3,2,2,4,5,4,2,3,4,5,3,3,3,4.25,3.33333333333333,3.66666666666667,4.5,4.33333333333333,5,3.25,2.66666666666667,3.33333333333333,2.75,2.33333333333333,1.66666666666667,2.75,2.66666666666667,3,3.8,4.6,3.1,2.3,2.8,5,4,7,4,6,4,5,6,5,5.25,4,3,2,3,2,5,3,4,3,3,3,5,4,3,2,3.33333333333333,3.2,3.6,3.26666666666667,0.935533283700688,0.0570706295846575,-0.0236555794820937,-0.412666476577946,-0.422655668675956,-1.29620081609346,-0.365727705456939,-1.13304691358103,-0.119175107217619,-0.710821264573636,0.46285855535918,0.459548864064687,0.161703814361029,-1.02313167581157,0.00109022203385625,1.19939902223355,0.92127681533485,-0.247328570040235,-0.189820156644546,-1.95914170592428,0.00357123061984847,0.410547735301525,-0.177926512600065,-0.830490745417426,-1.24249802633994,-0.183908574268176,0.903580495404464,0.0235388983535506,0.0208246345669966,-0.798535627629547,1.18517710212653,-0.0925616986821026,-0.312442523061309,0.288727972534309,-1.32888731101299,0.72218703060534,1.28430124624048,-0.597670031009767,0.0790219646468792,0.371352116350226,0.706267272093176,0.955431281923296,-0.619948571946605,-1.41145025356274,-0.829592380935756,1.89910565416376,0.399036169181593,0.184944390008209,0.275284944532487,1.25513030671659,0.675109297063191,0.0306135743288604,-0.365009322489452,-0.658379106915543,-0.744557840878165,1.04164009722605,1.12212133555454,0.433911835946853,-0.450566132856974,-0.91307775783365,1.78141366087208,1.33602012934733,-0.576917902778203,-0.00354207686015419,-0.660888442725094,1.99916482165413,0.581597523742199,0.736687294187248,0.956692859750729,0.890429205820728,1.39147276850599,-0.345729170090989,-0.530142644481593,-0.11637037934533,0.126183351751272,-0.658595832323662,-0.775630743888986,-1.11265366379863,-0.87138027316928,-1.09808252539259,1.32926526584364,1.25182882268452,-0.401612577929446,-0.460392940114351,-1.24004911416791,0.470770852935848,-0.421525846934393,0.928858325786415,-0.236439894416433,1.10100558406517,-0.563258747551158,-0.108556464525806,0.592919431049281,0.224275202913675,0.369969468247254,0.299739654632917,-0.824554561760857,-0.972387021399831,0,-1.00760635706271,1.32335370223432,-0.221597108921274,0.352838095461766,-0.209641888898728,-0.36802823483019,0.203871241663213,0.452952722104516,1.0664899775503,-0.200254744835229,-1.51009704626767,-0.322954540330357,-0.142871076964077,0.169667409627838,-0.1914186885262
58,"Greensboro","online",1,18,"female","high school",3,3,2,4,1,1,1,0,3,2,3,3,3,0.75,2.75,3,5,4,2,4,5,5,4,2,4,4,4,5,1,5,4,4,2,2,4,5,4,4,1,4,5,4,2,1,5,4,4,5,2,4,3,4,4,1,4,3,4,4,2,4,4,4,3,2,4,3.75,4.33333333333333,4,4.25,4.33333333333333,4,3.5,4,3.66666666666667,2,1.33333333333333,1.33333333333333,4,4,4.66666666666667,4,4.2,3.7,1.6,4.2,5,6,6,6,6,7,7,7,5.75,6.75,4,3,3,1,5,1,2,3,2,3,2,4,2,3,4,3,3,2.6,2.8,-0.00878435008169721,0.0570706295846575,-0.0236555794820937,1.27730099893174,-1.28809346644101,-1.29620081609346,-1.24922721863943,-1.99081130238357,0.612900551404893,0.0134752846364677,0.46285855535918,0.459548864064687,0.464019641209911,-1.86594129381727,0.469885696591721,0.401037443966637,0.92127681533485,0.685577439760651,-0.189820156644546,0.706778969858759,1.53920039715466,1.33000360082056,0.557731183727125,-0.830490745417426,0.497808655504274,0.71473559545132,-0.0394768177603896,1.03571152755623,-0.874634651813854,1.0086765822689,1.18517710212653,-0.0925616986821026,-1.16276078202563,-0.573445834338975,0.402693124549392,1.55697311436958,0.455097738908036,0.92302886445887,-1.53904683526541,0.371352116350226,1.52265148445894,0.0505073805422005,-0.619948571946605,-1.41145025356274,0.87722447936269,1.14437789881218,0.399036169181593,1.17902048630233,-0.524529421338927,0.23681703900313,0.675109297063191,0.0306135743288604,0.569240729120455,-1.37691468045281,0.986036059541353,0.269389680317081,0.09111241613477,0.433911835946853,-0.450566132856974,0.021739946615087,1.78141366087208,0.279974806517639,-0.576917902778203,-0.765088601793289,0.267811002934351,1.45918939871991,1.64128792717078,1.1033256466184,0.618944149001293,0.890429205820728,0.0458956535339307,0.00992523933275621,0.964685795696014,0.287172065158638,-0.748959249104326,-1.73402446991547,-1.09327000091019,0.615818429530169,0.925710937683432,0.840240487410424,1.56962862341839,0.622622050324097,0.497832258058376,-1.29823015277711,0.932563128931861,0.470770852935848,0.626197356428548,0.414155902992397,0.801000458635262,1.10100558406517,1.22640574589957,1.05842552912661,1.12187245045009,0.695472290468464,1.4188938947065,0.299739654632917,-0.824554561760857,-0.277824863257094,-1.31105892392677,0.881655562429869,-1.29896008560327,-0.912080854110751,-0.356135647755801,-0.986762683954357,-0.36802823483019,-0.565116775136626,-0.140857248947136,-0.442032030168873,-0.200254744835229,-0.234376555314628,-0.646661888447033,-0.357677241630347,-0.838025769101036,-0.710490988043194
59,"Greensboro","online",1,20,"non-binary","high school",4,4,4,4,2,1,1,1,3,4,4,4,4,1.25,3.75,1,5,1,1,4,2,5,1,1,4,2,5,5,1,5,1,5,1,1,5,1,5,1,1,5,4,5,1,1,5,2,5,3,1,4,1,5,4,3,4,1,5,5,4,5,1,5,3,1,5,1.25,1.33333333333333,2.33333333333333,5,5,5,2,2,3.66666666666667,1,1.66666666666667,2,4.5,4.33333333333333,5,1.6,5,2.5,1.5,4.6,7,7,7,7,7,3,7,7,7,6,1,1,1,1,1,1,1,1,4,2,3,2,1,3,3,1.66666666666667,1.4,2.2,1.73333333333333,0.935533283700688,1.00093104194629,1.67166095006795,1.27730099893174,-0.422655668675956,-1.29620081609346,-1.24922721863943,-1.13304691358103,0.612900551404893,1.46206838305668,1.23428948095781,1.29686247231814,1.67328294860544,-1.3040682151468,1.40747664570745,-1.1956857125672,0.92127681533485,-2.11314058964201,-0.974653496617187,0.706778969858759,-0.764243352647557,1.33000360082056,-1.64924190525444,-1.64581271009663,0.497808655504274,-1.08255274398767,0.903580495404464,1.03571152755623,-0.874634651813854,1.0086765822689,-1.38869236208765,0.902476562150498,-2.01307904098995,-1.43561964121226,1.26848334233058,-1.78217122068737,1.28430124624048,-1.35801947874409,-1.53904683526541,1.43589484988754,0.706267272093176,0.955431281923296,-1.35635157177268,-1.41145025356274,0.87722447936269,-0.365077611891001,1.31172527954375,-0.809131706285916,-1.32434378721034,0.23681703900313,-1.0631960786085,1.12759998777969,0.569240729120455,0.0601564666217247,0.986036059541353,-1.27511115350085,1.12212133555454,1.25225433356592,1.03976799890071,0.956557651063824,-0.884507014910961,1.33602012934733,-0.576917902778203,-1.52663512672642,1.1965104485938,-1.24068771595118,-1.53778328311497,-0.729866115537366,1.6321902812496,1.77062359318375,1.39147276850599,-2.12400121720972,-1.2775568645704,0.287172065158638,-1.91581605024512,-1.37554825738486,-0.457991486867782,1.30720726686169,1.37498374039661,1.22790508997103,-1.31473166747865,1.88103559504495,-1.30105741391727,-1.4179211831575,1.55330948410322,1.53619962536961,1.15005895811002,0.928858325786415,1.31972063516111,1.6189841411199,-1.1598135787014,1.05842552912661,1.12187245045009,1.48080076972645,0.894431681476878,-1.87253087613373,-2.15248887470905,-1.66694917954257,-1.31105892392677,-1.6373603302269,-1.29896008560327,-1.60256459930023,-1.77408313419093,0.567478906156901,-1.12885583568106,0.203871241663213,-1.32847719105044,-1.19629303402846,-0.200254744835229,-0.872236800791147,-1.94149128091374,-2.07612655896051,-1.24110304059259,-1.89694195836775
60,"Greensboro","online",1,19,"female","high school",2,3,3,3,1,2,2,1,2,1,1,2,2.75,1.5,1.5,4,4,3,2,3,4,4,3,3,4,3,4,3,1,5,3,4,3,3,4,3,4,2,2,4,4,3,1,3,5,2,4,3,3,3,3,4,3,4,3,4,3,3,2,3,2,3,3,3,4,2.75,3.33333333333333,3.66666666666667,3.75,4,3.33333333333333,3,2.66666666666667,2.33333333333333,2.75,3,2,3.5,3.66666666666667,4.33333333333333,3.2,3.7,2.7,2.6,3.8,4,3,5,4,3,4,5,4,4,4,3,3,2,2,3,2,3,3,3,3,2,3,3,2,2,2.66666666666667,2.8,2.4,2.6,-0.953101983864082,0.0570706295846575,0.824002685292926,0.432317261176896,-1.28809346644101,-0.382485486716104,-0.365727705456939,-1.13304691358103,-0.119175107217619,-0.710821264573636,-1.08000329583809,-0.377764744188768,0.161703814361029,-1.02313167581157,-0.702102989802941,1.19939902223355,0.168141776182787,-0.247328570040235,-0.189820156644546,-0.181861255402253,0.771385813887254,0.410547735301525,-0.177926512600065,-0.0151687807382178,0.497808655504274,-0.183908574268176,-0.0394768177603896,-0.988633730849125,-0.874634651813854,1.0086765822689,0.327220614055136,-0.0925616986821026,-0.312442523061309,0.288727972534309,0.402693124549392,-0.112599053158897,0.455097738908036,-0.597670031009767,-0.730012435309267,0.371352116350226,0.706267272093176,-0.854416520838895,-1.35635157177268,0.105858769017205,0.87722447936269,-0.365077611891001,0.399036169181593,-0.809131706285916,0.275284944532487,-0.781496228710329,0.675109297063191,0.0306135743288604,-0.365009322489452,0.778692040158992,0.120739109331594,1.04164009722605,-0.939896503284995,-0.384430661672212,-0.450566132856974,-0.91307775783365,0.0041332103500513,-0.776070516312052,-0.576917902778203,-0.00354207686015419,0.267811002934351,0.379238552851474,0.581597523742199,0.736687294187248,-0.05655327249758,0.450332012139219,-0.851155756447443,-0.701383579514734,-0.530142644481593,-1.32699771285724,0.126183351751272,0.0583565927375398,-0.457991486867782,-0.0755704078013522,0.476438134970254,0.45257588484982,0.608175193119377,-0.163886415126437,-1.00124246858799,-0.10131984897317,0.311816773760498,-0.0619435332810327,-0.945387448615864,-0.100546519801622,-0.236439894416433,-0.452930087099021,-0.563258747551158,-0.108556464525806,-0.464986607752341,-0.403987580492711,-0.504134220468786,-0.424350522289298,-0.824554561760857,-0.972387021399831,-0.655529461963387,-0.377852383898515,-0.643381638643875,-0.221597108921274,-0.356135647755801,-0.209641888898728,-0.36802823483019,-0.565116775136626,-0.734667219998788,0.312228973690713,-0.942578367931338,-1.51009704626767,-0.970369236563709,-0.572483406296617,-1.03956440484681,-0.932950544979048
61,"Greensboro","online",1,20,"male","high school",4,4,2,3,3,2,3,2,2,3,3,1,3.25,2.5,2.25,2,5,3,2,4,2,3,5,2,4,3,4,5,1,4,2,5,4,2,4,2,4,2,4,3,3,3,4,4,4,2,4,4,4,4,2,4,3,4,3,2,4,4,4,4,1,4,3,3,3,1.75,2,2.66666666666667,4.5,3.66666666666667,3.66666666666667,3.5,3.33333333333333,4.33333333333333,2.75,3.33333333333333,3,3.75,3.33333333333333,4,2.1,4,3.7,3,3.7,5,4,5,4,3,6,6,7,4.5,5.5,4,5,3,4,5,3,4,5,4,5,3,3,2,4,5,4.16666666666667,4,3.4,3.93333333333333,0.935533283700688,1.00093104194629,-0.0236555794820937,0.432317261176896,0.442782129089096,-0.382485486716104,0.517771807725554,-0.27528252477849,-0.119175107217619,0.737771833846572,0.46285855535918,-1.21507835244222,0.766335468058792,0.100614481529362,0.00109022203385625,-0.39732413430028,0.92127681533485,-0.247328570040235,-0.189820156644546,0.706778969858759,-0.764243352647557,-0.508908130217515,1.29338888005431,-0.830490745417426,0.497808655504274,-0.183908574268176,-0.0394768177603896,1.03571152755623,-0.874634651813854,0.105070477319677,-0.530735874016257,0.902476562150498,0.537875735903012,-0.573445834338975,0.402693124549392,-0.947385136923134,0.455097738908036,-0.597670031009767,0.888056364603025,-0.693190617187087,-0.110116940272592,-0.854416520838895,0.85285742770555,0.864513280307176,0.0238160492134668,-0.365077611891001,0.399036169181593,0.184944390008209,1.0750993104039,0.23681703900313,-0.194043390772654,0.0306135743288604,-0.365009322489452,0.778692040158992,0.120739109331594,-0.502860736591885,0.09111241613477,0.433911835946853,1.03976799890071,0.021739946615087,-0.884507014910961,0.279974806517639,-0.576917902778203,-0.00354207686015419,-0.660888442725094,-0.700712293016962,-0.831323014162578,-0.363227763106213,0.956692859750729,0.0102348184577095,-0.402630051456756,0.00992523933275621,0.217271575607211,1.09425695416658,0.126183351751272,0.416832805268141,0.494926284195829,0.270124010864408,0.027165332257076,0.0649112822892171,-0.713823273541768,0.308018664143884,0.497832258058376,0.377444272548404,0.156630184967658,0.470770852935848,-0.421525846934393,-0.100546519801622,-0.236439894416433,-0.452930087099021,0.629850914749325,0.4749345323004,1.12187245045009,-0.0898561887895179,0.544790205990462,0.299739654632917,0.50337975118734,-0.277824863257094,0.655529461963387,0.881655562429869,0.0121968083155237,0.468886636268203,1.06181183867933,0.567478906156901,1.15362696687156,0.203871241663213,-0.734667219998788,-0.442032030168873,0.542068878260879,0.403483690161891,0.486313829961332,0.716353581701002,-0.0318712261179365,0.550113167926647
62,"Greensboro","online",1,20,"female","high school",3,4,3,3,1,2,2,1,1,1,3,1,3.25,1.5,1.5,4,4,3,1,4,5,4,2,1,3,4,4,5,1,5,3,5,2,5,3,4,5,3,2,5,4,4,4,1,5,2,4,5,2,5,1,3,4,1,4,2,5,2,1,5,1,5,4,1,5,2.5,3.33333333333333,3.33333333333333,4.5,4,4.33333333333333,3.5,3,3.66666666666667,2.25,1.33333333333333,1,4.25,4,5,3,4.3,3.4,1.6,4.4,4,4,5,4,6,6,6,7,4.25,6.25,3,3,3,3,3,3,4,3,2,4,4,5,3,5,5,4,3.2,3.6,3.53333333333333,-0.00878435008169721,1.00093104194629,0.824002685292926,0.432317261176896,-1.28809346644101,-0.382485486716104,-0.365727705456939,-1.13304691358103,-0.85125076584013,-0.710821264573636,0.46285855535918,-1.21507835244222,0.766335468058792,-1.02313167581157,-0.702102989802941,1.19939902223355,0.168141776182787,-0.247328570040235,-0.974653496617187,0.706778969858759,1.53920039715466,0.410547735301525,-0.913584208927254,-1.64581271009663,-0.372344685417831,0.71473559545132,-0.0394768177603896,1.03571152755623,-0.874634651813854,1.0086765822689,0.327220614055136,0.902476562150498,-1.16276078202563,2.01307558628088,-0.4630970932318,0.72218703060534,1.28430124624048,0.162679416724552,-0.730012435309267,1.43589484988754,0.706267272093176,0.0505073805422005,0.85285742770555,-1.41145025356274,0.87722447936269,-0.365077611891001,0.399036169181593,1.17902048630233,-0.524529421338927,1.25513030671659,-1.0631960786085,-1.06637283912197,0.569240729120455,-1.37691468045281,0.986036059541353,-0.502860736591885,1.12212133555454,-1.20277315929128,-1.19573319873581,0.956557651063824,-0.884507014910961,1.33602012934733,0.520757752950237,-1.52663512672642,1.1965104485938,0.109250841384365,0.581597523742199,0.370048941756094,0.956692859750729,0.450332012139219,0.494421358524617,0.00992523933275621,-0.156435534437191,0.287172065158638,-0.457245048819126,-1.73402446991547,-1.41090925793139,0.96151284819593,0.925710937683432,1.22790508997103,0.367811835544623,0.779923743414204,0.0481098400644648,-1.29823015277711,1.24293630651754,-0.0619435332810327,-0.421525846934393,-0.100546519801622,-0.236439894416433,1.10100558406517,0.629850914749325,0.4749345323004,1.12187245045009,-0.246921884641114,1.06925241922009,-0.424350522289298,-0.824554561760857,-0.277824863257094,0,-0.377852383898515,0.0121968083155237,0.468886636268203,-0.356135647755801,-0.986762683954357,0.392799366020684,0.972859258463052,0.452952722104516,0.312228973690713,1.28439250135699,0.403483690161891,0.324460155902994,-0.142871076964077,0.169667409627838,0.105194054054939
63,"Greensboro","online",1,19,"female","high school",3,1,2,1,2,3,2,2,0,0,0,0,1.75,2.25,0,5,5,4,4,3,4,4,2,4,3,5,3,4,3,3,3,4,4,2,4,5,5,2,4,3,4,4,2,3,4,1,5,4,3,4,1,5,3,4,2,3,4,2,5,2,1,4,3,5,3,2.5,3.33333333333333,4,4.5,4.66666666666667,3.66666666666667,3.75,2.33333333333333,2.66666666666667,3.5,4,3.66666666666667,3.5,2.66666666666667,3,3.2,4.3,3,3.7,3.1,2,3,2,2,2,2,2,3,2.25,2.25,5,6,5,4,5,6,6,5,4,3,2,5,4,4,6,4.83333333333333,4.4,4.8,4.66666666666667,-0.00878435008169721,-1.8306501951386,-0.0236555794820937,-1.25765021433279,-0.422655668675956,0.531229842661255,-0.365727705456939,-0.27528252477849,-1.58332642446264,-1.43511781378374,-1.85143422143672,-2.05239196069568,-1.0475594930345,-0.18032205780587,-2.10848941347654,1.99776060050047,0.92127681533485,0.685577439760651,1.37984652330074,-0.181861255402253,0.771385813887254,0.410547735301525,-0.913584208927254,0.80015318394099,-0.372344685417831,1.61337976517082,-0.982534130925243,0.0235388983535506,0.916283920947847,-0.798535627629547,0.327220614055136,-0.0925616986821026,0.537875735903012,-0.573445834338975,0.402693124549392,1.55697311436958,1.28430124624048,-0.597670031009767,0.888056364603025,-0.693190617187087,0.706267272093176,0.0505073805422005,-0.619948571946605,0.105858769017205,0.0238160492134668,-1.11980536724259,1.31172527954375,0.184944390008209,0.275284944532487,0.23681703900313,-1.0631960786085,1.12759998777969,-0.365009322489452,0.778692040158992,-0.744557840878165,0.269389680317081,0.09111241613477,-1.20277315929128,1.78493506477955,-1.84789546228239,-0.884507014910961,0.279974806517639,-0.576917902778203,1.51955097300612,-0.660888442725094,0.109250841384365,0.581597523742199,1.1033256466184,0.956692859750729,1.33052639950224,-0.402630051456756,0.365579648756502,-0.903849754525995,-0.923455268353268,1.00132595260687,1.13378523032934,1.13020479823824,-0.0755704078013522,-0.87138027316928,-1.09808252539259,0.608175193119377,0.779923743414204,-0.551520050594083,1.21528148521116,-0.774489347789386,-1.12737230571479,-0.945387448615864,-1.64465378818368,-1.27388024746813,-0.970908644153751,-1.75636840985164,-1.85902945500442,-0.993939627153151,-1.50344745145388,-1.72787938467124,1.02382983155513,1.16734690766144,1.11129945302838,0.655529461963387,0.881655562429869,1.97893214919372,1.84985412664716,1.06181183867933,0.567478906156901,-0.36802823483019,-0.565116775136626,0.452952722104516,1.0664899775503,0.542068878260879,1.04134393563841,1.13372852619468,1.14596591103354,1.37889922410249,1.36579821002478
64,"Greensboro","online",1,18,"female","high school",3,3,2,2,1,2,2,1,1,0,2,2,2.5,1.5,1.25,4,5,3,4,2,1,3,4,5,4,3,5,4,4,4,2,5,4,3,5,3,4,2,5,3,3,4,4,4,5,4,5,4,3,3,3,5,4,3,1,3,4,2,4,5,1,5,3,3,4,2.75,2.33333333333333,3,5,4,4.33333333333333,3.5,3.33333333333333,3.33333333333333,3.25,4.33333333333333,4,3.5,2.66666666666667,4.66666666666667,2.7,4.5,3.4,3.8,3.6,5,6,6,6,6,5,5,7,5.75,5.75,2,5,4,2,3,6,3,3,3,3,3,6,3,3,5,3.5,3.4,4.4,3.6,-0.00878435008169721,0.0570706295846575,-0.0236555794820937,-0.412666476577946,-1.28809346644101,-0.382485486716104,-0.365727705456939,-1.13304691358103,-0.85125076584013,-1.43511781378374,-0.308572370239454,-0.377764744188768,-0.140612012487852,-1.02313167581157,-0.936500727081874,1.19939902223355,0.92127681533485,-0.247328570040235,1.37984652330074,-1.07050148066327,-1.53205793591496,-0.508908130217515,0.557731183727125,1.6154751486202,0.497808655504274,-0.183908574268176,0.903580495404464,0.0235388983535506,1.8117432073287,0.105070477319677,-0.530735874016257,0.902476562150498,0.537875735903012,0.288727972534309,1.26848334233058,-0.112599053158897,0.455097738908036,-0.597670031009767,1.69709076455917,-0.693190617187087,-0.110116940272592,0.0505073805422005,0.85285742770555,0.864513280307176,0.87722447936269,1.14437789881218,1.31172527954375,0.184944390008209,0.275284944532487,-0.781496228710329,0.675109297063191,1.12759998777969,0.569240729120455,0.0601564666217247,-1.60985479108792,0.269389680317081,0.09111241613477,-1.20277315929128,1.03976799890071,0.956557651063824,-0.884507014910961,1.33602012934733,-0.576917902778203,-0.00354207686015419,0.267811002934351,0.379238552851474,-0.478092879686383,0.00341058932494087,1.6321902812496,0.450332012139219,0.494421358524617,0.00992523933275621,0.217271575607211,-0.11637037934533,0.709611752321671,1.49226144285994,1.44784405525944,-0.0755704078013522,-0.87138027316928,0.840240487410424,0.00726679918249275,1.09452712959442,0.0481098400644648,1.33497251559155,0.00144359617481743,0.470770852935848,0.626197356428548,0.414155902992397,0.801000458635262,1.10100558406517,0.0332960835990834,-0.108556464525806,1.12187245045009,0.695472290468464,0.71961094373367,-1.14844069921151,0.50337975118734,0.416737294885642,-0.655529461963387,-0.377852383898515,1.97893214919372,-0.221597108921274,-0.356135647755801,-0.209641888898728,-0.36802823483019,0.203871241663213,1.04676269315617,0.312228973690713,-0.200254744835229,0.403483690161891,-0.16110086627202,0.0719350877021927,0.975821952610938,0.179347239700224
65,"Greensboro","online",1,18,"female","high school",3,3,0,3,1,2,1,3,3,4,4,2,2.25,1.75,3.25,5,5,3,2,4,5,5,5,3,2,4,4,3,3,5,3,5,3,3,2,5,4,2,2,5,3,5,4,2,5,5,5,4,2,3,3,4,3,3,3,5,4,4,3,4,3,4,5,3,5,4,4.33333333333333,4,4.75,4.33333333333333,4.33333333333333,3.75,3.33333333333333,3.66666666666667,2.5,2.66666666666667,2.66666666666667,3.5,3.33333333333333,4.66666666666667,4.1,4.5,3.6,2.6,3.8,7,7,7,7,5,7,7,7,7,6.5,2,4,2,2,2,3,3,4,2,3,2,1,1,3,1,2,2.6,2.2,2.33333333333333,-0.00878435008169721,0.0570706295846575,-1.71897210903213,0.432317261176896,-1.28809346644101,-0.382485486716104,-1.24922721863943,0.582481864024051,0.612900551404893,1.46206838305668,1.23428948095781,-0.377764744188768,-0.442927839336733,-0.742195136476336,0.938681171149586,1.99776060050047,0.92127681533485,-0.247328570040235,-0.189820156644546,0.706778969858759,1.53920039715466,1.33000360082056,1.29338888005431,-0.0151687807382178,-1.24249802633994,0.71473559545132,-0.0394768177603896,-0.988633730849125,0.916283920947847,1.0086765822689,0.327220614055136,0.902476562150498,-0.312442523061309,0.288727972534309,-1.32888731101299,1.55697311436958,0.455097738908036,-0.597670031009767,-0.730012435309267,1.43589484988754,-0.110116940272592,0.955431281923296,0.85285742770555,-0.652795742272766,0.87722447936269,1.89910565416376,1.31172527954375,0.184944390008209,-0.524529421338927,-0.781496228710329,0.675109297063191,0.0306135743288604,-0.365009322489452,0.0601564666217247,0.120739109331594,1.81389051413501,0.09111241613477,0.433911835946853,0.294600933021867,0.021739946615087,0.892773435611063,0.279974806517639,1.61843340867868,-0.00354207686015419,1.1965104485938,1.72917711018702,1.64128792717078,1.1033256466184,1.29444157050017,0.890429205820728,0.494421358524617,0.365579648756502,0.217271575607211,0.287172065158638,-0.165530848533927,-0.300119619793061,0.177287027174625,-0.0755704078013522,0.027165332257076,0.840240487410424,1.68981030220577,1.09452712959442,0.347924785393739,-0.10131984897317,0.311816773760498,1.53619962536961,1.15005895811002,0.928858325786415,1.31972063516111,0.583027027010441,1.22640574589957,1.05842552912661,1.12187245045009,1.48080076972645,1.24407315696329,-1.14844069921151,-0.160587405286759,-0.972387021399831,-0.655529461963387,-1.00760635706271,0.0121968083155237,-0.221597108921274,0.352838095461766,-0.986762683954357,-0.36802823483019,-0.565116775136626,-1.92228716210209,-1.19629303402846,-0.200254744835229,-2.14795729174418,-1.61778393279706,-0.787289570962887,-1.24110304059259,-1.22956328756019
66,"Greensboro","online",1,19,"female","high school",3,1,3,3,3,3,3,3,0,0,0,1,2.5,3,0.25,1,4,4,1,3,2,4,4,2,4,3,5,4,2,4,1,4,5,2,3,3,4,4,4,4,2,4,4,2,4,1,5,4,1,4,1,4,4,1,3,1,4,4,2,4,2,4,4,2,4,1.25,2,2,4.25,4,4.33333333333333,4.25,4,4,1.5,2.33333333333333,2,3.5,3.66666666666667,4,1.7,4.2,4.1,1.9,3.7,1,1,1,1,6,4,4,2,1,4,3,5,3,2,2,4,3,3,4,4,3,3,3,3,3,3,3.2,3.4,3.2,-0.00878435008169721,-1.8306501951386,0.824002685292926,0.432317261176896,0.442782129089096,0.531229842661255,0.517771807725554,0.582481864024051,-1.58332642446264,-1.43511781378374,-1.85143422143672,-1.21507835244222,-0.140612012487852,0.662487560199828,-1.8740916761976,-1.1956857125672,0.168141776182787,0.685577439760651,-0.974653496617187,-0.181861255402253,-0.764243352647557,0.410547735301525,0.557731183727125,-0.830490745417426,0.497808655504274,-0.183908574268176,0.903580495404464,0.0235388983535506,0.0208246345669966,0.105070477319677,-1.38869236208765,-0.0925616986821026,1.38819399486733,-0.573445834338975,-0.4630970932318,-0.112599053158897,0.455097738908036,0.92302886445887,0.888056364603025,0.371352116350226,-0.92650115263836,0.0505073805422005,0.85285742770555,-0.652795742272766,0.0238160492134668,-1.11980536724259,1.31172527954375,0.184944390008209,-1.32434378721034,0.23681703900313,-1.0631960786085,0.0306135743288604,0.569240729120455,-1.37691468045281,0.120739109331594,-1.27511115350085,0.09111241613477,0.433911835946853,-0.450566132856974,0.021739946615087,0.0041332103500513,0.279974806517639,0.520757752950237,-0.765088601793289,0.267811002934351,-1.24068771595118,-0.831323014162578,-1.09650446796852,0.618944149001293,0.450332012139219,0.494421358524617,1.07688846760399,0.964685795696014,0.690714509662607,-1.33238764967472,-0.658595832323662,-0.457991486867782,-0.0755704078013522,0.476438134970254,0.0649112822892171,-1.19454998869128,0.622622050324097,1.09746214871692,-0.939157061635925,0.156630184967658,-1.66008669193167,-1.9931106519788,-2.1593562109777,-1.79260042399398,1.10100558406517,-0.563258747551158,-0.692047461352012,-1.52289264655396,-2.28877593071187,-0.504134220468786,-0.424350522289298,0.50337975118734,-0.277824863257094,-0.655529461963387,-1.00760635706271,0.667775255274923,-0.221597108921274,-0.356135647755801,0.567478906156901,0.392799366020684,0.203871241663213,-0.734667219998788,0.312228973690713,-0.200254744835229,-0.872236800791147,-0.646661888447033,-0.142871076964077,-0.0318712261179365,-0.265571874171485
67,"Greensboro","online",1,19,"female","high school",4,2,2,3,3,3,3,4,3,1,0,0,2.75,3.25,1,3,5,4,1,5,2,5,5,4,1,3,5,4,2,3,3,5,3,3,3,4,3,3,3,4,3,5,5,5,5,1,3,5,1,3,1,5,5,2,4,4,5,3,2,5,1,5,5,3,5,2,2.33333333333333,3.33333333333333,4.5,4.33333333333333,5,4.25,4.33333333333333,4,2,3,3,4,3,4.33333333333333,2.5,4.6,4.2,2.6,3.8,5,7,5,5,3,4,3,4,5.5,3.5,4,4,4,4,4,2,5,5,3,4,4,5,3,4,5,4.5,4,3.6,4,0.935533283700688,-0.886789782776974,-0.0236555794820937,0.432317261176896,0.442782129089096,0.531229842661255,0.517771807725554,1.44024625282659,0.612900551404893,-0.710821264573636,-1.85143422143672,-2.05239196069568,0.161703814361029,0.943424099535061,-1.17089846436081,0.401037443966637,0.92127681533485,0.685577439760651,-0.974653496617187,1.59541919511977,-0.764243352647557,1.33000360082056,1.29338888005431,0.80015318394099,-2.11265136726204,-0.183908574268176,0.903580495404464,0.0235388983535506,0.0208246345669966,-0.798535627629547,0.327220614055136,0.902476562150498,-0.312442523061309,0.288727972534309,-0.4630970932318,0.72218703060534,-0.374105768424403,0.162679416724552,0.0790219646468792,0.371352116350226,-0.110116940272592,0.955431281923296,1.58926042753163,1.62316779159715,0.87722447936269,-1.11980536724259,-0.513652941180561,1.17902048630233,-1.32434378721034,-0.781496228710329,-1.0631960786085,1.12759998777969,1.50349078073036,-0.658379106915543,0.986036059541353,1.04164009722605,1.12212133555454,-0.384430661672212,-0.450566132856974,0.956557651063824,-0.884507014910961,1.33602012934733,1.61843340867868,-0.00354207686015419,1.1965104485938,-0.430724581549853,-0.478092879686383,0.370048941756094,0.956692859750729,0.890429205820728,1.39147276850599,1.07688846760399,1.33839290574042,0.690714509662607,-0.748959249104326,0.0583565927375398,0.494926284195829,0.615818429530169,-0.422107470456102,0.45257588484982,-0.233096558392261,1.25182882268452,1.24736962138156,-0.10131984897317,0.311816773760498,0.470770852935848,1.15005895811002,-0.100546519801622,0.282280282109415,-0.452930087099021,-0.563258747551158,-1.27553845817822,-0.464986607752341,0.538406594616867,-0.853775695955203,0.299739654632917,-0.160587405286759,0.416737294885642,0.655529461963387,0.251901589265677,-0.643381638643875,1.15937038145768,1.06181183867933,-0.209641888898728,0.392799366020684,0.972859258463052,0.452952722104516,0.312228973690713,0.542068878260879,0.403483690161891,0.810021178078007,0.716353581701002,0.169667409627838,0.624266353571932
68,"Greensboro","online",1,19,"male","high school",3,2,2,3,4,3,4,4,3,3,3,2,2.5,3.75,2.75,1,3,4,4,4,2,3,5,4,3,4,4,4,4,5,1,4,4,3,5,3,2,2,3,3,2,2,4,4,4,2,3,3,4,4,3,3,4,4,3,3,4,4,3,4,2,3,3,4,4,1.5,2.66666666666667,3,3.25,2.66666666666667,3.33333333333333,3.5,3.66666666666667,4,3.75,3.66666666666667,3.66666666666667,4.25,3,4.33333333333333,2.3,3.1,3.7,3.7,3.9,7,7,7,6,3,5,4,5,6.75,4.25,5,5,4,6,3,4,5,5,4,6,3,5,2,5,5,5.33333333333333,3.6,4.4,4.46666666666667,-0.00878435008169721,-0.886789782776974,-0.0236555794820937,0.432317261176896,1.30821992685415,0.531229842661255,1.40127132090805,1.44024625282659,0.612900551404893,0.737771833846572,0.46285855535918,-0.377764744188768,-0.140612012487852,1.50529717820553,0.469885696591721,-1.1956857125672,-0.584993262969277,0.685577439760651,1.37984652330074,0.706778969858759,-0.764243352647557,-0.508908130217515,1.29338888005431,0.80015318394099,-0.372344685417831,0.71473559545132,-0.0394768177603896,0.0235388983535506,1.8117432073287,1.0086765822689,-1.38869236208765,-0.0925616986821026,0.537875735903012,0.288727972534309,1.26848334233058,-0.112599053158897,-1.20330927575684,-0.597670031009767,0.0790219646468792,-0.693190617187087,-0.92650115263836,-1.75934042221999,0.85285742770555,0.864513280307176,0.0238160492134668,-0.365077611891001,-0.513652941180561,-0.809131706285916,1.0750993104039,0.23681703900313,0.675109297063191,-1.06637283912197,0.569240729120455,0.778692040158992,0.120739109331594,0.269389680317081,0.09111241613477,0.433911835946853,0.294600933021867,0.021739946615087,0.0041332103500513,-0.776070516312052,-0.576917902778203,0.758004448072981,0.267811002934351,-0.970700004484071,-0.12486274521019,0.00341058932494087,-0.732050693996453,-1.31005676258682,-0.851155756447443,0.00992523933275621,0.590978685651612,0.690714509662607,1.29304015289207,0.775309017798742,1.13020479823824,0.96151284819593,-0.422107470456102,0.45257588484982,-0.473459915967015,-1.10769657366708,0.497832258058376,1.21528148521116,0.467003362553339,1.53619962536961,1.15005895811002,0.928858325786415,0.801000458635262,-0.452930087099021,0.0332960835990834,-0.692047461352012,0.06396641164847,1.32373507387485,-0.329313482725578,1.02382983155513,0.50337975118734,0.416737294885642,1.96658838589016,-0.377852383898515,0.667775255274923,1.15937038145768,1.06181183867933,0.567478906156901,1.91445456772243,0.203871241663213,0.452952722104516,-0.442032030168873,1.28439250135699,0.403483690161891,1.6192895483697,0.286741252368463,0.975821952610938,1.14333865308893
69,"Greensboro","online",1,19,"female","high school",0,4,2,4,1,1,4,4,4,4,4,1,2.5,2.5,3.25,3,4,3,2,1,5,5,2,1,1,4,4,3,1,5,4,4,1,3,4,5,2,2,3,4,4,3,2,3,5,4,3,5,2,3,2,4,2,3,2,4,5,5,2,5,3,4,2,2,5,3.5,4,4,3.75,3.66666666666667,4,2.75,2,3.33333333333333,2.25,2.33333333333333,2,3.25,2.33333333333333,5,3.8,3.8,2.7,2.2,3.5,7,7,7,7,4,7,7,7,7,6.25,5,6,2,1,2,1,1,3,3,2,2,5,3,1,4,3,3.2,2.4,2.73333333333333,-2.84173725142885,1.00093104194629,-0.0236555794820937,1.27730099893174,-1.28809346644101,-1.29620081609346,1.40127132090805,1.44024625282659,1.3449762100274,1.46206838305668,1.23428948095781,-1.21507835244222,-0.140612012487852,0.100614481529362,0.938681171149586,0.401037443966637,0.168141776182787,-0.247328570040235,-0.189820156644546,-1.95914170592428,1.53920039715466,1.33000360082056,-0.913584208927254,-1.64581271009663,-2.11265136726204,0.71473559545132,-0.0394768177603896,-0.988633730849125,-0.874634651813854,1.0086765822689,1.18517710212653,-0.0925616986821026,-2.01307904098995,0.288727972534309,0.402693124549392,1.55697311436958,-1.20330927575684,-0.597670031009767,0.0790219646468792,0.371352116350226,0.706267272093176,-0.854416520838895,-0.619948571946605,0.105858769017205,0.87722447936269,1.14437789881218,-0.513652941180561,1.17902048630233,-0.524529421338927,-0.781496228710329,-0.194043390772654,0.0306135743288604,-1.29925937409936,0.0601564666217247,-0.744557840878165,1.04164009722605,1.12212133555454,1.25225433356592,-0.450566132856974,0.956557651063824,0.892773435611063,0.279974806517639,-1.67459355850664,-0.765088601793289,1.1965104485938,1.1892016872528,1.28805779269459,1.1033256466184,-0.05655327249758,0.0102348184577095,0.0458956535339307,-1.05703798893848,-1.2775568645704,-0.11637037934533,-0.457245048819126,-0.658595832323662,-0.457991486867782,-0.421264826467113,-1.32065307588246,1.22790508997103,1.32926526584364,-0.0065847220363304,-1.00124246858799,-0.580083970494744,-0.153742992618023,1.53619962536961,1.15005895811002,0.928858325786415,1.31972063516111,0.0650484699557104,1.22640574589957,1.05842552912661,1.12187245045009,1.48080076972645,1.06925241922009,1.02382983155513,1.16734690766144,-0.972387021399831,-1.31105892392677,-1.00760635706271,-1.29896008560327,-1.60256459930023,-0.356135647755801,-0.209641888898728,-1.12885583568106,-0.565116775136626,0.452952722104516,0.312228973690713,-1.68490199102745,-0.234376555314628,-0.646661888447033,-0.142871076964077,-1.03956440484681,-0.784644173688478
70,"Greensboro","online",1,20,"male","Bachelor's degree",3,3,3,2,3,3,3,3,3,3,3,3,2.75,3,3,2,5,3,2,4,4,4,4,4,5,5,4,4,1,5,4,5,3,2,5,4,5,2,4,5,4,5,4,2,5,4,5,2,2,5,1,5,4,2,5,2,5,3,2,4,4,5,4,2,5,3.5,3,3.66666666666667,5,4.66666666666667,4.66666666666667,3,3.33333333333333,3.66666666666667,2,3.33333333333333,1.66666666666667,4.75,5,4.66666666666667,3.4,4.8,3.3,2.3,4.8,5,5,5,6,5,6,5,5,5.25,5.25,3,5,4,4,4,4,4,4,3,3,3,2,1,2,5,3.5,3.4,3,3.4,-0.00878435008169721,0.0570706295846575,0.824002685292926,-0.412666476577946,0.442782129089096,0.531229842661255,0.517771807725554,0.582481864024051,0.612900551404893,0.737771833846572,0.46285855535918,0.459548864064687,0.161703814361029,0.662487560199828,0.704283433870654,-0.39732413430028,0.92127681533485,-0.247328570040235,-0.189820156644546,0.706778969858759,0.771385813887254,0.410547735301525,0.557731183727125,0.80015318394099,1.36796199642638,1.61337976517082,-0.0394768177603896,0.0235388983535506,-0.874634651813854,1.0086765822689,1.18517710212653,0.902476562150498,-0.312442523061309,-0.573445834338975,1.26848334233058,0.72218703060534,1.28430124624048,-0.597670031009767,0.888056364603025,1.43589484988754,0.706267272093176,0.955431281923296,0.85285742770555,-0.652795742272766,0.87722447936269,1.14437789881218,1.31172527954375,-1.80320780258004,-0.524529421338927,1.25513030671659,-1.0631960786085,1.12759998777969,0.569240729120455,-0.658379106915543,1.85133300975111,-0.502860736591885,1.12212133555454,-0.384430661672212,-0.450566132856974,0.021739946615087,1.78141366087208,1.33602012934733,0.520757752950237,-0.765088601793289,1.1965104485938,1.1892016872528,0.228367389266005,0.736687294187248,1.6321902812496,1.33052639950224,0.942947063515305,-0.701383579514734,0.217271575607211,0.287172065158638,-0.748959249104326,0.416832805268141,-0.775630743888986,1.65290168552745,2.27352934582297,0.840240487410424,0.84853855069413,1.56643220886474,-0.101797632600172,-0.460392940114351,1.8636826616889,0.470770852935848,0.102335754747078,-0.100546519801622,0.801000458635262,0.583027027010441,0.629850914749325,-0.108556464525806,0.06396641164847,0.381340898765271,0.369969468247254,-0.424350522289298,0.50337975118734,0.416737294885642,0.655529461963387,0.251901589265677,0.667775255274923,0.468886636268203,0.352838095461766,-0.209641888898728,-0.36802823483019,0.203871241663213,-1.32847719105044,-1.19629303402846,-0.942578367931338,0.403483690161891,-0.16110086627202,0.0719350877021927,-0.434948497609486,-0.0431123172356308
71,"Greensboro","online",1,18,"male","high school",0,4,3,1,1,1,1,1,4,4,4,2,2,1,3.5,3,4,4,5,5,4,4,2,5,4,5,5,5,5,3,4,4,5,5,2,5,4,3,4,4,4,4,4,5,5,5,4,4,5,5,4,4,4,5,4,5,2,4,4,4,4,4,4,5,5,4,4.33333333333333,4.66666666666667,4,4,3.66666666666667,4.25,3,4.33333333333333,5,4.66666666666667,4.66666666666667,4.25,4,4,4.3,3.9,3.9,4.8,4.1,7,7,7,4,2,7,7,5,6.25,5.25,6,6,5,6,3,4,2,3,6,2,2,1,6,3,6,3.83333333333333,4,3.8,4.06666666666667,-2.84173725142885,1.00093104194629,0.824002685292926,-1.25765021433279,-1.28809346644101,-1.29620081609346,-1.24922721863943,-1.13304691358103,1.3449762100274,1.46206838305668,1.23428948095781,-0.377764744188768,-0.745243666185615,-1.58500475448203,1.17307890842852,0.401037443966637,0.168141776182787,0.685577439760651,2.16467986327338,1.59541919511977,0.771385813887254,0.410547735301525,-0.913584208927254,1.6154751486202,0.497808655504274,1.61337976517082,0.903580495404464,1.03571152755623,2.70720249370955,-0.798535627629547,1.18517710212653,-0.0925616986821026,1.38819399486733,2.01307558628088,-1.32888731101299,1.55697311436958,0.455097738908036,0.162679416724552,0.888056364603025,0.371352116350226,0.706267272093176,0.0505073805422005,0.85285742770555,1.62316779159715,0.87722447936269,1.89910565416376,0.399036169181593,0.184944390008209,1.87491367627531,1.25513030671659,1.54426198489904,0.0306135743288604,0.569240729120455,1.49722761369626,0.986036059541353,1.81389051413501,-1.97090542270476,0.433911835946853,1.03976799890071,0.021739946615087,1.78141366087208,0.279974806517639,0.520757752950237,1.51955097300612,1.1965104485938,1.72917711018702,1.64128792717078,1.83660235148071,0.281195438251856,0.450332012139219,-0.402630051456756,1.07688846760399,-0.156435534437191,1.09425695416658,2.75161115431807,1.85073765539055,2.08312256930185,0.96151284819593,0.925710937683432,0.0649112822892171,1.93017365978052,0.150716971053777,0.79764720338765,2.53188281939549,0.77737654013902,1.53619962536961,1.15005895811002,0.928858325786415,-0.236439894416433,-0.970908644153751,1.22640574589957,1.05842552912661,0.06396641164847,1.00960368217166,0.369969468247254,1.74792000847735,1.16734690766144,1.11129945302838,1.96658838589016,-0.377852383898515,0.667775255274923,-0.912080854110751,-0.356135647755801,2.12172049626816,-1.12885583568106,-0.565116775136626,-1.92228716210209,2.57501198526947,-0.200254744835229,1.04134393563841,0.162606481844656,0.716353581701002,0.371206045373613,0.698419539217217
72,"Greensboro","online",1,18,"female","high school",3,4,3,3,1,1,1,1,4,4,4,4,3.25,1,4,4,5,3,2,5,5,5,1,3,4,5,5,2,1,5,5,5,2,2,1,5,4,4,4,4,5,5,1,4,5,5,5,3,2,4,3,5,4,2,5,5,5,2,4,2,5,5,2,2,5,4.75,4.33333333333333,5,5,4.66666666666667,5,2.5,3,1.66666666666667,2,3,3,3.75,4.33333333333333,4,4.7,4.9,2.4,2.6,4,6,7,7,6,4,7,6,4,6.5,5.25,3,2,3,1,2,2,2,3,2,1,1,1,2,1,2,1.66666666666667,2,1.8,1.86666666666667,-0.00878435008169721,1.00093104194629,0.824002685292926,0.432317261176896,-1.28809346644101,-1.29620081609346,-1.24922721863943,-1.13304691358103,1.3449762100274,1.46206838305668,1.23428948095781,1.29686247231814,0.766335468058792,-1.58500475448203,1.64187438298638,1.19939902223355,0.92127681533485,-0.247328570040235,-0.189820156644546,1.59541919511977,1.53920039715466,1.33000360082056,-1.64924190525444,-0.0151687807382178,0.497808655504274,1.61337976517082,0.903580495404464,-2.0008063600518,-0.874634651813854,1.0086765822689,2.04313359019792,0.902476562150498,-1.16276078202563,-0.573445834338975,-2.19467752879418,1.55697311436958,0.455097738908036,0.92302886445887,0.888056364603025,0.371352116350226,1.52265148445894,0.955431281923296,-1.35635157177268,0.864513280307176,0.87722447936269,1.89910565416376,1.31172527954375,-0.809131706285916,-0.524529421338927,0.23681703900313,0.675109297063191,1.12759998777969,0.569240729120455,-0.658379106915543,1.85133300975111,1.81389051413501,1.12212133555454,-1.20277315929128,1.03976799890071,-1.84789546228239,2.67005388613309,1.33602012934733,-1.67459355850664,-0.765088601793289,1.1965104485938,2.53914024458835,1.64128792717078,2.20324070391186,1.6321902812496,1.33052639950224,1.39147276850599,-1.41269239836223,-0.156435534437191,-2.13408260186517,-0.748959249104326,0.0583565927375398,0.494926284195829,0.270124010864408,1.37498374039661,0.0649112822892171,2.41090037493003,1.72373390195485,-1.4509648865819,-0.10131984897317,0.62218995134618,1.00348523915273,1.15005895811002,0.928858325786415,0.801000458635262,0.0650484699557104,1.22640574589957,0.4749345323004,-0.464986607752341,1.16666937802325,0.369969468247254,-0.424350522289298,-1.48852171823496,-0.277824863257094,-1.31105892392677,-1.00760635706271,-0.643381638643875,-0.912080854110751,-0.356135647755801,-0.986762683954357,-1.88968343653194,-1.33410479193646,-1.92228716210209,-0.442032030168873,-1.68490199102745,-1.51009704626767,-1.94149128091374,-1.4317080649617,-1.64418031208413,-1.74863558707718
73,"Greensboro","online",1,19,"female","high school",3,2,2,3,2,1,2,2,3,2,2,1,2.5,1.75,2,3,4,5,3,2,3,3,4,2,4,4,2,5,2,3,3,5,2,3,3,3,3,3,2,4,3,4,3,2,4,2,3,2,3,3,3,4,4,4,1,3,4,2,2,4,2,4,3,4,3,2.5,3,3.33333333333333,4,3.33333333333333,3.33333333333333,3,3.66666666666667,3.33333333333333,3.25,2.66666666666667,2,2.75,3,3.66666666666667,2.9,3.6,3.3,2.7,3.1,5,6,6,4,5,4,3,7,5.25,4.75,5,6,3,2,5,2,3,3,2,4,2,6,3,2,3,3.83333333333333,3.8,3,3.4,-0.00878435008169721,-0.886789782776974,-0.0236555794820937,0.432317261176896,-0.422655668675956,-1.29620081609346,-0.365727705456939,-0.27528252477849,0.612900551404893,0.0134752846364677,-0.308572370239454,-1.21507835244222,-0.140612012487852,-0.742195136476336,-0.233307515245076,0.401037443966637,0.168141776182787,1.61848344956154,0.595013183328095,-1.07050148066327,0.00357123061984847,-0.508908130217515,0.557731183727125,-0.830490745417426,0.497808655504274,0.71473559545132,-1.9255914440901,1.03571152755623,0.0208246345669966,-0.798535627629547,0.327220614055136,0.902476562150498,-1.16276078202563,0.288727972534309,-0.4630970932318,-0.112599053158897,-0.374105768424403,0.162679416724552,-0.730012435309267,0.371352116350226,-0.110116940272592,0.0505073805422005,0.116454427879473,-0.652795742272766,0.0238160492134668,-0.365077611891001,-0.513652941180561,-1.80320780258004,0.275284944532487,-0.781496228710329,0.675109297063191,0.0306135743288604,0.569240729120455,0.778692040158992,-1.60985479108792,0.269389680317081,0.09111241613477,-1.20277315929128,-0.450566132856974,0.021739946615087,0.0041332103500513,0.279974806517639,-0.576917902778203,0.758004448072981,-0.660888442725094,0.109250841384365,0.228367389266005,0.370048941756094,0.281195438251856,-0.429862375223799,-0.851155756447443,-0.701383579514734,0.590978685651612,-0.11637037934533,0.709611752321671,-0.300119619793061,-0.457991486867782,-1.11265366379863,-0.422107470456102,-0.322753320271386,0.247630156757246,-0.321188108216544,-0.101797632600172,0.0183711814072236,-0.774489347789386,0.470770852935848,0.626197356428548,0.414155902992397,-0.236439894416433,0.583027027010441,-0.563258747551158,-1.27553845817822,1.12187245045009,0.381340898765271,0.0203279927608379,1.02382983155513,1.16734690766144,-0.277824863257094,-0.655529461963387,0.881655562429869,-0.643381638643875,-0.221597108921274,-0.356135647755801,-0.986762683954357,0.392799366020684,-0.565116775136626,1.04676269315617,0.312228973690713,-0.942578367931338,-0.872236800791147,0.162606481844656,0.501547417034732,-0.434948497609486,-0.0431123172356308
74,"Greensboro","online",1,19,"male","high school",3,3,1,0,4,3,3,2,3,1,3,1,1.75,3,2,1,5,3,4,4,2,3,4,4,3,4,4,4,4,3,1,3,4,4,3,3,3,4,3,3,3,2,2,5,4,2,4,4,3,4,2,4,3,4,4,2,4,2,5,4,2,3,4,5,2,1.5,2.33333333333333,3,3.75,3.33333333333333,3.33333333333333,3.75,3.66666666666667,2.66666666666667,4,3.66666666666667,4.66666666666667,3.25,3.33333333333333,3.66666666666667,2.2,3.5,3.4,4.1,3.4,5,6,5,2,2,2,3,3,4.5,2.5,6,5,5,2,5,2,5,5,4,5,5,5,5,4,6,4.83333333333333,5,4,4.6,-0.00878435008169721,0.0570706295846575,-0.871313844257114,-2.10263395208763,1.30821992685415,0.531229842661255,0.517771807725554,-0.27528252477849,0.612900551404893,-0.710821264573636,0.46285855535918,-1.21507835244222,-1.0475594930345,0.662487560199828,-0.233307515245076,-1.1956857125672,0.92127681533485,-0.247328570040235,1.37984652330074,0.706778969858759,-0.764243352647557,-0.508908130217515,0.557731183727125,0.80015318394099,-0.372344685417831,0.71473559545132,-0.0394768177603896,0.0235388983535506,1.8117432073287,-0.798535627629547,-1.38869236208765,-1.0875999595147,0.537875735903012,1.15090177940759,-0.4630970932318,-0.112599053158897,-0.374105768424403,0.92302886445887,0.0790219646468792,-0.693190617187087,-0.110116940272592,-1.75934042221999,-0.619948571946605,1.62316779159715,0.0238160492134668,-0.365077611891001,0.399036169181593,0.184944390008209,0.275284944532487,0.23681703900313,-0.194043390772654,0.0306135743288604,-0.365009322489452,0.778692040158992,0.986036059541353,-0.502860736591885,0.09111241613477,-1.20277315929128,1.78493506477955,0.021739946615087,0.0041332103500513,-0.776070516312052,0.520757752950237,1.51955097300612,-1.58958788838454,-0.970700004484071,-0.478092879686383,0.00341058932494087,-0.05655327249758,-0.429862375223799,-0.851155756447443,0.365579648756502,0.590978685651612,-0.923455268353268,1.58475435317727,0.775309017798742,2.08312256930185,-0.421264826467113,0.027165332257076,-0.322753320271386,-0.593641594754391,-0.478489801306651,0.0481098400644648,1.69404560673273,-0.308929581410864,0.470770852935848,0.626197356428548,-0.100546519801622,-1.27388024746813,-0.970908644153751,-1.75636840985164,-1.27553845817822,-0.993939627153151,-0.0898561887895179,-1.55305864692803,1.74792000847735,0.50337975118734,1.11129945302838,-0.655529461963387,0.881655562429869,-0.643381638643875,1.15937038145768,1.06181183867933,0.567478906156901,1.15362696687156,1.74184727526289,0.452952722104516,1.82075098140988,0.542068878260879,1.04134393563841,1.13372852619468,1.79038440503235,0.572744681119388,1.2916450243795
75,"Greensboro","online",1,19,"female","high school",0,2,0,2,4,4,2,2,2,3,2,2,1,3,2.25,1,5,3,1,3,3,2,5,3,3,1,5,5,1,5,3,3,4,3,5,3,3,4,4,4,5,3,5,5,5,1,3,4,5,4,1,4,5,5,3,1,3,4,3,5,2,3,3,3,5,1.75,2.33333333333333,2.33333333333333,3.5,3,3.66666666666667,3.5,4.66666666666667,4.66666666666667,3,4,3,4.25,3.33333333333333,5,2.1,3.4,4.2,3.3,4.2,5,7,7,4,2,4,5,4,5.75,3.75,6,5,6,2,5,6,6,6,4,3,3,4,3,5,6,4.5,4.4,5,4.66666666666667,-2.84173725142885,-0.886789782776974,-1.71897210903213,-0.412666476577946,1.30821992685415,1.44494517203861,-0.365727705456939,-0.27528252477849,-0.119175107217619,0.737771833846572,-0.308572370239454,-0.377764744188768,-1.95450697358114,0.662487560199828,0.00109022203385625,-1.1956857125672,0.92127681533485,-0.247328570040235,-0.974653496617187,-0.181861255402253,0.00357123061984847,-1.42836399573656,1.29338888005431,-0.0151687807382178,-0.372344685417831,-1.98119691370717,0.903580495404464,1.03571152755623,-0.874634651813854,1.0086765822689,0.327220614055136,-1.0875999595147,0.537875735903012,0.288727972534309,1.26848334233058,-0.112599053158897,-0.374105768424403,0.92302886445887,0.888056364603025,0.371352116350226,1.52265148445894,-0.854416520838895,1.58926042753163,1.62316779159715,0.87722447936269,-1.11980536724259,-0.513652941180561,0.184944390008209,1.87491367627531,0.23681703900313,-1.0631960786085,0.0306135743288604,1.50349078073036,1.49722761369626,0.120739109331594,-1.27511115350085,-0.939896503284995,0.433911835946853,0.294600933021867,0.956557651063824,0.0041332103500513,-0.776070516312052,-0.576917902778203,-0.00354207686015419,1.1965104485938,-0.700712293016962,-0.478092879686383,-0.729866115537366,-0.394301983247016,-0.869959568905309,-0.402630051456756,0.00992523933275621,1.71210001578482,1.49779939867054,0.417897552036471,1.13378523032934,0.494926284195829,0.96151284819593,0.027165332257076,1.22790508997103,-0.713823273541768,-0.635791494396758,1.24736962138156,0.736517363689584,0.932563128931861,0.470770852935848,1.15005895811002,0.928858325786415,-0.236439894416433,-0.970908644153751,-0.563258747551158,-0.108556464525806,-0.464986607752341,0.695472290468464,-0.678954958211994,1.74792000847735,0.50337975118734,1.80586161117111,-0.655529461963387,0.881655562429869,1.97893214919372,1.84985412664716,1.7707855818969,0.567478906156901,-0.36802823483019,0.203871241663213,-0.140857248947136,0.312228973690713,1.28439250135699,1.04134393563841,0.810021178078007,1.14596591103354,1.58043785984826,1.36579821002478
76,"Greensboro","online",1,19,"male","high school",3,3,1,2,3,3,2,3,3,2,2,2,2.25,2.75,2.25,2,4,3,1,4,1,4,3,3,4,2,4,4,2,5,2,4,4,3,5,3,4,2,3,4,2,3,4,2,5,2,4,3,2,4,3,4,5,2,4,3,4,3,2,4,3,4,4,3,4,2.25,2.33333333333333,2.33333333333333,4,4,3.66666666666667,3.5,3.33333333333333,3.66666666666667,2.25,2.66666666666667,2,4.25,4,4.66666666666667,2.3,3.9,3.5,2.3,4.3,4,5,5,5,5,5,5,5,4.75,5,4,3,4,2,5,4,4,4,3,4,4,4,3,5,4,3.66666666666667,3.8,4,3.8,-0.00878435008169721,0.0570706295846575,-0.871313844257114,-0.412666476577946,0.442782129089096,0.531229842661255,-0.365727705456939,0.582481864024051,0.612900551404893,0.0134752846364677,-0.308572370239454,-0.377764744188768,-0.442927839336733,0.381551020864595,0.00109022203385625,-0.39732413430028,0.168141776182787,-0.247328570040235,-0.974653496617187,0.706778969858759,-1.53205793591496,0.410547735301525,-0.177926512600065,-0.0151687807382178,0.497808655504274,-1.08255274398767,-0.0394768177603896,0.0235388983535506,0.0208246345669966,1.0086765822689,-0.530735874016257,-0.0925616986821026,0.537875735903012,0.288727972534309,1.26848334233058,-0.112599053158897,0.455097738908036,-0.597670031009767,0.0790219646468792,0.371352116350226,-0.92650115263836,-0.854416520838895,0.85285742770555,-0.652795742272766,0.87722447936269,-0.365077611891001,0.399036169181593,-0.809131706285916,-0.524529421338927,0.23681703900313,0.675109297063191,0.0306135743288604,1.50349078073036,-0.658379106915543,0.986036059541353,0.269389680317081,0.09111241613477,-0.384430661672212,-0.450566132856974,0.021739946615087,0.892773435611063,0.279974806517639,0.520757752950237,-0.00354207686015419,0.267811002934351,-0.160736870082744,-0.478092879686383,-0.729866115537366,0.281195438251856,0.450332012139219,-0.402630051456756,0.00992523933275621,0.217271575607211,0.287172065158638,-0.457245048819126,-0.300119619793061,-0.457991486867782,0.96151284819593,0.925710937683432,0.840240487410424,-0.473459915967015,0.150716971053777,0.198017312729102,-0.460392940114351,1.0877497177247,-0.0619435332810327,0.102335754747078,-0.100546519801622,0.282280282109415,0.583027027010441,0.0332960835990834,-0.108556464525806,0.06396641164847,0.0672095070620784,0.195148730504046,0.299739654632917,-0.824554561760857,0.416737294885642,-0.655529461963387,0.881655562429869,0.667775255274923,0.468886636268203,0.352838095461766,-0.209641888898728,0.392799366020684,0.972859258463052,-0.140857248947136,0.312228973690713,1.28439250135699,-0.234376555314628,0.000752807786317938,0.501547417034732,0.572744681119388,0.401806796636078
77,"Greensboro","online",1,18,NA,"prefer not to answer",3,3,2,3,3,2,2,3,3,3,3,3,2.75,2.5,3,2,4,3,2,3,2,3,4,3,3,3,4,3,2,3,2,5,3,3,3,2,4,2,2,3,2,3,3,3,4,2,3,3,3,3,2,2,3,2,3,2,4,2,3,3,2,3,3,2,3,2,2,2.33333333333333,3.75,3,3.66666666666667,3,3,2.66666666666667,2.5,2.33333333333333,2.66666666666667,3,3,3.33333333333333,2.1,3.5,2.9,2.5,3.1,6,6,6,5,4,4,4,4,5.75,4,3,3,4,3,4,3,3,3,3,2,3,2,2,3,3,2.66666666666667,3,3,2.93333333333333,-0.00878435008169721,0.0570706295846575,-0.0236555794820937,0.432317261176896,0.442782129089096,-0.382485486716104,-0.365727705456939,0.582481864024051,0.612900551404893,0.737771833846572,0.46285855535918,0.459548864064687,0.161703814361029,0.100614481529362,0.704283433870654,-0.39732413430028,0.168141776182787,-0.247328570040235,-0.189820156644546,-0.181861255402253,-0.764243352647557,-0.508908130217515,0.557731183727125,-0.0151687807382178,-0.372344685417831,-0.183908574268176,-0.0394768177603896,-0.988633730849125,0.0208246345669966,-0.798535627629547,-0.530735874016257,0.902476562150498,-0.312442523061309,0.288727972534309,-0.4630970932318,-0.947385136923134,0.455097738908036,-0.597670031009767,-0.730012435309267,-0.693190617187087,-0.92650115263836,-0.854416520838895,0.116454427879473,0.105858769017205,0.0238160492134668,-0.365077611891001,-0.513652941180561,-0.809131706285916,0.275284944532487,-0.781496228710329,-0.194043390772654,-2.16335925257279,-0.365009322489452,-0.658379106915543,0.120739109331594,-0.502860736591885,0.09111241613477,-1.20277315929128,0.294600933021867,-0.91307775783365,0.0041332103500513,-0.776070516312052,-0.576917902778203,-0.765088601793289,-0.660888442725094,-0.430724581549853,-0.831323014162578,-0.729866115537366,-0.05655327249758,-0.869959568905309,-0.402630051456756,-0.701383579514734,-0.156435534437191,-0.923455268353268,-0.165530848533927,-0.658595832323662,0.177287027174625,-0.766959245132874,-0.422107470456102,-0.710417922831989,-0.713823273541768,-0.478489801306651,-0.70142752325872,-0.221010879353564,-0.774489347789386,1.00348523915273,0.626197356428548,0.414155902992397,0.282280282109415,0.0650484699557104,-0.563258747551158,-0.692047461352012,-0.464986607752341,0.695472290468464,-0.504134220468786,-0.424350522289298,-0.824554561760857,0.416737294885642,0,0.251901589265677,0.0121968083155237,-0.221597108921274,-0.356135647755801,-0.209641888898728,-1.12885583568106,0.203871241663213,-1.32847719105044,-0.442032030168873,-0.200254744835229,-0.872236800791147,-0.970369236563709,-0.357677241630347,-0.434948497609486,-0.562184616752624
78,"Greensboro","online",1,21,"male","high school",4,3,2,3,3,3,3,3,4,4,3,4,3,3,3.75,4,2,1,2,3,4,4,1,4,5,5,2,2,2,4,3,4,2,2,5,5,3,1,4,2,4,3,1,3,4,5,4,4,3,2,4,4,1,4,3,4,3,1,3,4,4,3,1,4,3,4,4.33333333333333,4.33333333333333,3.25,3.66666666666667,2.66666666666667,2,1,1.33333333333333,2.75,4,2.66666666666667,3.25,3.33333333333333,4,4.2,3.2,1.5,3.1,3.5,6,7,7,7,3,4,6,6,6.75,4.75,3,3,3,5,3,2,4,3,2,3,4,6,3,3,3,4,3.2,3.2,3.33333333333333,0.935533283700688,0.0570706295846575,-0.0236555794820937,0.432317261176896,0.442782129089096,0.531229842661255,0.517771807725554,0.582481864024051,1.3449762100274,1.46206838305668,0.46285855535918,1.29686247231814,0.464019641209911,0.662487560199828,1.40747664570745,1.19939902223355,-1.33812830212134,-2.11314058964201,-0.189820156644546,-0.181861255402253,0.771385813887254,0.410547735301525,-1.64924190525444,0.80015318394099,1.36796199642638,1.61337976517082,-1.9255914440901,-2.0008063600518,0.0208246345669966,0.105070477319677,0.327220614055136,-0.0925616986821026,-1.16276078202563,-0.573445834338975,1.26848334233058,1.55697311436958,-0.374105768424403,-1.35801947874409,0.888056364603025,-1.7577333507244,0.706267272093176,-0.854416520838895,-1.35635157177268,0.105858769017205,0.0238160492134668,1.89910565416376,0.399036169181593,0.184944390008209,0.275284944532487,-1.79980949642379,1.54426198489904,0.0306135743288604,-2.23350942570926,0.778692040158992,0.120739109331594,1.04164009722605,-0.939896503284995,-2.02111565691034,0.294600933021867,0.021739946615087,1.78141366087208,-0.776070516312052,-2.77226921423508,0.758004448072981,-0.660888442725094,1.72917711018702,1.64128792717078,1.46996399904955,-0.732050693996453,0.0102348184577095,-1.74820716642882,-2.12400121720972,-2.3986781947036,-2.53762504636914,0.126183351751272,1.13378523032934,0.177287027174625,-0.421264826467113,0.027165332257076,0.0649112822892171,1.80999198099314,-0.950394880576971,-2.80013214056364,0.497135302928798,-0.153742992618023,1.00348523915273,1.15005895811002,0.928858325786415,1.31972063516111,-0.452930087099021,-0.563258747551158,0.4749345323004,0.592919431049281,1.32373507387485,0.0203279927608379,-0.424350522289298,-0.824554561760857,-0.277824863257094,1.31105892392677,-0.377852383898515,-0.643381638643875,0.468886636268203,-0.356135647755801,-0.986762683954357,-0.36802823483019,0.972859258463052,1.04676269315617,0.312228973690713,-0.200254744835229,-0.872236800791147,0.324460155902994,-0.142871076964077,-0.233409861863711,-0.117265502880915
79,"Greensboro","online",1,18,"male","high school",3,4,0,3,4,4,4,2,4,4,4,4,2.5,3.5,4,3,4,2,1,5,4,4,1,3,4,4,3,4,2,5,1,4,4,4,4,1,3,2,4,3,4,2,2,4,5,1,3,4,2,4,3,4,2,2,4,3,4,2,2,4,2,4,4,2,3,1.75,2.66666666666667,3.66666666666667,3.75,3.66666666666667,3,3.5,1.66666666666667,2.66666666666667,2.25,3,2.66666666666667,4,3.66666666666667,4.66666666666667,2.6,3.5,2.7,2.6,4.1,7,7,7,7,1,7,7,7,7,5.5,2,6,6,3,5,2,1,1,3,2,1,1,1,1,6,2.5,2.8,2.6,2.73333333333333,-0.00878435008169721,1.00093104194629,-1.71897210903213,0.432317261176896,1.30821992685415,1.44494517203861,1.40127132090805,-0.27528252477849,1.3449762100274,1.46206838305668,1.23428948095781,1.29686247231814,-0.140612012487852,1.22436063887029,1.64187438298638,0.401037443966637,0.168141776182787,-1.18023457984112,-0.974653496617187,1.59541919511977,0.771385813887254,0.410547735301525,-1.64924190525444,-0.0151687807382178,0.497808655504274,0.71473559545132,-0.982534130925243,0.0235388983535506,0.0208246345669966,1.0086765822689,-1.38869236208765,-0.0925616986821026,0.537875735903012,1.15090177940759,0.402693124549392,-1.78217122068737,-0.374105768424403,-0.597670031009767,0.888056364603025,-0.693190617187087,0.706267272093176,-1.75934042221999,-0.619948571946605,0.864513280307176,0.87722447936269,-1.11980536724259,-0.513652941180561,0.184944390008209,-0.524529421338927,0.23681703900313,0.675109297063191,0.0306135743288604,-1.29925937409936,-0.658379106915543,0.986036059541353,0.269389680317081,0.09111241613477,-1.20277315929128,-0.450566132856974,0.021739946615087,0.0041332103500513,0.279974806517639,0.520757752950237,-0.765088601793289,-0.660888442725094,-0.700712293016962,-0.12486274521019,0.736687294187248,-0.05655327249758,0.0102348184577095,-1.29968146143813,0.00992523933275621,-1.6512639746148,-0.923455268353268,-0.457245048819126,0.0583565927375398,0.177287027174625,0.615818429530169,0.476438134970254,0.840240487410424,-0.112914879604884,-0.478489801306651,-1.00124246858799,-0.10131984897317,0.77737654013902,1.53619962536961,1.15005895811002,0.928858325786415,1.31972063516111,-1.48888720120848,1.22640574589957,1.05842552912661,1.12187245045009,1.48080076972645,0.544790205990462,-1.14844069921151,1.16734690766144,1.80586161117111,0,0.881655562429869,-0.643381638643875,-1.60256459930023,-1.77408313419093,-0.209641888898728,-1.12885583568106,-1.33410479193646,-1.92228716210209,-1.19629303402846,-1.68490199102745,1.04134393563841,-1.13222291062205,-0.572483406296617,-0.838025769101036,-0.784644173688478
80,"Greensboro","online",1,18,"male","high school",4,3,1,3,3,3,2,4,3,1,4,1,2.75,3,2.25,2,4,4,3,2,2,3,5,4,1,4,5,4,4,4,4,3,5,1,3,4,3,4,4,3,2,5,5,4,5,3,4,4,4,5,1,3,4,5,2,1,3,4,5,4,1,3,4,4,4,2.5,2.33333333333333,2.33333333333333,3.5,3,4.33333333333333,4.25,4.33333333333333,4.33333333333333,3,4.33333333333333,4.33333333333333,3.5,2,4.33333333333333,2.4,3.6,4.3,3.8,3.3,3,7,7,4,2,3,4,1,5.25,2.5,3,6,4,2,2,5,2,3,2,1,6,6,2,5,6,3.33333333333333,3.8,4.4,3.66666666666667,0.935533283700688,0.0570706295846575,-0.871313844257114,0.432317261176896,0.442782129089096,0.531229842661255,-0.365727705456939,1.44024625282659,0.612900551404893,-0.710821264573636,1.23428948095781,-1.21507835244222,0.161703814361029,0.662487560199828,0.00109022203385625,-0.39732413430028,0.168141776182787,0.685577439760651,0.595013183328095,-1.07050148066327,-0.764243352647557,-0.508908130217515,1.29338888005431,0.80015318394099,-2.11265136726204,0.71473559545132,0.903580495404464,0.0235388983535506,1.8117432073287,0.105070477319677,1.18517710212653,-1.0875999595147,1.38819399486733,-1.43561964121226,-0.4630970932318,0.72218703060534,-0.374105768424403,0.92302886445887,0.888056364603025,-0.693190617187087,-0.92650115263836,0.955431281923296,1.58926042753163,0.864513280307176,0.87722447936269,0.389650143460587,0.399036169181593,0.184944390008209,1.0750993104039,1.25513030671659,-1.0631960786085,-1.06637283912197,0.569240729120455,1.49722761369626,-0.744557840878165,-1.27511115350085,-0.939896503284995,0.433911835946853,1.78493506477955,0.021739946615087,-0.884507014910961,-0.776070516312052,0.520757752950237,0.758004448072981,0.267811002934351,0.109250841384365,-0.478092879686383,-0.729866115537366,-0.394301983247016,-0.869959568905309,0.494421358524617,1.07688846760399,1.33839290574042,1.09425695416658,0.417897552036471,1.49226144285994,1.76548331228064,-0.0755704078013522,-1.76992587859564,0.45257588484982,-0.353278237179638,-0.321188108216544,1.3972770940462,1.33497251559155,-0.464116170203705,-0.594657919497913,1.15005895811002,0.928858325786415,-0.236439894416433,-0.970908644153751,-1.1598135787014,-0.692047461352012,-2.05184566595477,0.381340898765271,-1.55305864692803,-0.424350522289298,1.16734690766144,0.416737294885642,-0.655529461963387,-1.00760635706271,1.32335370223432,-0.912080854110751,-0.356135647755801,-0.986762683954357,-1.88968343653194,2.51083529206273,1.04676269315617,-0.442032030168873,1.28439250135699,1.04134393563841,-0.322954540330357,0.501547417034732,0.975821952610938,0.253500425345508
81,"Greensboro","online",1,19,"female","high school",3,4,1,1,4,3,3,3,0,0,1,2,2.25,3.25,0.75,2,5,5,1,4,2,4,4,4,4,4,2,5,1,4,2,5,5,2,4,4,4,4,2,4,2,5,4,1,5,3,4,5,4,5,1,4,5,4,4,4,5,5,2,5,1,5,5,2,4,2,2.33333333333333,3.33333333333333,4.75,4,4,5,4.33333333333333,4.66666666666667,2.25,3.33333333333333,1.33333333333333,4.25,4,4.66666666666667,2.5,4.3,4.7,2.3,4.3,3,2,3,2,3,4,5,2,2.5,3.5,5,5,4,3,5,4,4,6,2,4,3,6,4,4,5,4.5,4.6,4,4.26666666666667,-0.00878435008169721,1.00093104194629,-0.871313844257114,-1.25765021433279,1.30821992685415,0.531229842661255,0.517771807725554,0.582481864024051,-1.58332642446264,-1.43511781378374,-1.08000329583809,-0.377764744188768,-0.442927839336733,0.943424099535061,-1.40529620163974,-0.39732413430028,0.92127681533485,1.61848344956154,-0.974653496617187,0.706778969858759,-0.764243352647557,0.410547735301525,0.557731183727125,0.80015318394099,0.497808655504274,0.71473559545132,-1.9255914440901,1.03571152755623,-0.874634651813854,0.105070477319677,-0.530735874016257,0.902476562150498,1.38819399486733,-0.573445834338975,0.402693124549392,0.72218703060534,0.455097738908036,0.92302886445887,-0.730012435309267,0.371352116350226,-0.92650115263836,0.955431281923296,0.85285742770555,-1.41145025356274,0.87722447936269,0.389650143460587,0.399036169181593,1.17902048630233,1.0750993104039,1.25513030671659,-1.0631960786085,0.0306135743288604,1.50349078073036,0.778692040158992,0.986036059541353,1.04164009722605,1.12212133555454,1.25225433356592,-0.450566132856974,0.956557651063824,-0.884507014910961,1.33602012934733,1.61843340867868,-0.765088601793289,0.267811002934351,-0.430724581549853,-0.478092879686383,0.370048941756094,1.29444157050017,0.450332012139219,0.0458956535339307,2.14385169587523,1.33839290574042,1.49779939867054,-0.457245048819126,0.416832805268141,-1.09327000091019,0.96151284819593,0.925710937683432,0.840240487410424,-0.233096558392261,0.779923743414204,1.99690698470475,-0.460392940114351,1.0877497177247,-0.594657919497913,-1.46924905029733,-1.12995136538966,-1.27388024746813,-0.452930087099021,-0.563258747551158,-0.108556464525806,-1.52289264655396,-1.34638175560229,-0.853775695955203,1.02382983155513,0.50337975118734,0.416737294885642,0,0.881655562429869,0.667775255274923,0.468886636268203,1.7707855818969,-0.986762683954357,0.392799366020684,0.203871241663213,1.04676269315617,1.0664899775503,0.542068878260879,0.403483690161891,0.810021178078007,1.36077207569981,0.572744681119388,0.920879096153072
82,"Greensboro","online",1,18,"female","high school",0,3,2,0,4,4,4,3,1,2,2,1,1.25,3.75,1.5,4,3,1,1,2,4,1,3,1,3,4,3,2,1,4,3,2,2,4,2,2,1,1,2,3,3,2,3,1,3,5,1,3,1,5,3,3,4,1,2,4,2,3,1,5,1,3,2,1,4,3.25,3,3.66666666666667,2.25,1.66666666666667,2.33333333333333,2,2.66666666666667,2.66666666666667,1.75,1.33333333333333,1,3.25,2.66666666666667,4,3.3,2.1,2.4,1.4,3.3,2,5,6,6,2,6,6,2,4.75,4,5,6,3,6,6,3,3,5,4,4,5,2,1,3,2,3.66666666666667,4.6,3,3.86666666666667,-2.84173725142885,0.0570706295846575,-0.0236555794820937,-2.10263395208763,1.30821992685415,1.44494517203861,1.40127132090805,0.582481864024051,-0.85125076584013,0.0134752846364677,-0.308572370239454,-1.21507835244222,-1.65219114673226,1.50529717820553,-0.702102989802941,1.19939902223355,-0.584993262969277,-2.11314058964201,-0.974653496617187,-1.07050148066327,0.771385813887254,-2.34781986125559,-0.177926512600065,-1.64581271009663,-0.372344685417831,0.71473559545132,-0.982534130925243,-2.0008063600518,-0.874634651813854,0.105070477319677,0.327220614055136,-2.0826382203473,-1.16276078202563,1.15090177940759,-1.32888731101299,-0.947385136923134,-2.03251278308928,-1.35801947874409,-0.730012435309267,-0.693190617187087,-0.110116940272592,-1.75934042221999,0.116454427879473,-1.41145025356274,-0.829592380935756,1.89910565416376,-2.33903116190487,-0.809131706285916,-1.32434378721034,1.25513030671659,0.675109297063191,-1.06637283912197,0.569240729120455,-1.37691468045281,-0.744557840878165,1.04164009722605,-1.97090542270476,-0.384430661672212,-1.19573319873581,0.956557651063824,-0.884507014910961,-0.776070516312052,-1.67459355850664,-1.52663512672642,0.267811002934351,0.919213975785692,0.228367389266005,0.736687294187248,-2.0830455369942,-2.63034834363135,-2.1967328714195,-2.12400121720972,-0.530142644481593,-0.923455268353268,-1.04067344938952,-1.73402446991547,-1.41090925793139,-0.421264826467113,-0.87138027316928,0.0649112822892171,0.728356871906753,-2.68071350456815,-1.4509648865819,-1.53761221353789,-0.464116170203705,-1.12737230571479,0.102335754747078,0.414155902992397,0.801000458635262,-0.970908644153751,0.629850914749325,0.4749345323004,-1.52289264655396,0.0672095070620784,-0.504134220468786,1.02382983155513,1.16734690766144,-0.277824863257094,1.96658838589016,1.51140953559406,0.0121968083155237,-0.221597108921274,1.06181183867933,0.567478906156901,0.392799366020684,1.74184727526289,-1.32847719105044,-1.19629303402846,-0.200254744835229,-1.51009704626767,0.000752807786317938,1.36077207569981,-0.434948497609486,0.475959982281363
83,"Greensboro","online",1,22,"male","Bachelor's degree",0,1,0,0,4,0,4,3,2,0,1,1,0.25,2.75,1,4,2,2,2,5,2,4,5,4,5,4,4,4,4,5,2,4,5,1,4,3,4,4,4,5,2,4,2,5,5,4,2,5,4,5,3,3,5,5,2,4,4,5,4,5,1,4,2,5,4,2.75,2.66666666666667,3.33333333333333,3,3.66666666666667,4,3.5,4.66666666666667,3.66666666666667,3,4.33333333333333,4.33333333333333,4.5,4,5,2.9,3.5,3.9,3.8,4.5,1,3,2,1,1,1,1,4,1.75,1.75,5,5,5,5,2,3,3,3,1,5,5,5,6,3,4,4.5,4.2,3.4,4,-2.84173725142885,-1.8306501951386,-1.71897210903213,-2.10263395208763,1.30821992685415,-2.20991614547082,1.40127132090805,0.582481864024051,-0.119175107217619,-1.43511781378374,-1.08000329583809,-1.21507835244222,-2.86145445412778,0.381551020864595,-1.17089846436081,1.19939902223355,-1.33812830212134,-1.18023457984112,-0.189820156644546,1.59541919511977,-0.764243352647557,0.410547735301525,1.29338888005431,0.80015318394099,1.36796199642638,0.71473559545132,-0.0394768177603896,0.0235388983535506,1.8117432073287,1.0086765822689,-0.530735874016257,-0.0925616986821026,1.38819399486733,-1.43561964121226,0.402693124549392,-0.112599053158897,0.455097738908036,0.92302886445887,0.888056364603025,1.43589484988754,-0.92650115263836,0.0505073805422005,-0.619948571946605,1.62316779159715,0.87722447936269,1.14437789881218,-1.42634205154272,1.17902048630233,1.0750993104039,1.25513030671659,0.675109297063191,-1.06637283912197,1.50349078073036,1.49722761369626,-0.744557840878165,1.04164009722605,0.09111241613477,1.25225433356592,1.03976799890071,0.956557651063824,-0.884507014910961,0.279974806517639,-1.67459355850664,1.51955097300612,0.267811002934351,0.379238552851474,-0.12486274521019,0.370048941756094,-1.06979940474589,0.0102348184577095,0.0458956535339307,0.00992523933275621,1.71210001578482,0.287172065158638,0.417897552036471,1.49226144285994,1.76548331228064,1.30720726686169,0.925710937683432,1.22790508997103,0.247630156757246,-0.478489801306651,0.79764720338765,1.33497251559155,1.39812289531038,-1.66008669193167,-0.945387448615864,-1.64465378818368,-1.79260042399398,-1.48888720120848,-2.35292324100188,-2.44252045183063,-0.464986607752341,-1.81757884315708,-2.07752086015766,1.02382983155513,0.50337975118734,1.11129945302838,1.31105892392677,-1.00760635706271,0.0121968083155237,-0.221597108921274,-0.356135647755801,-1.76388347900999,1.15362696687156,1.74184727526289,0.452952722104516,2.57501198526947,-0.200254744835229,-0.234376555314628,0.810021178078007,0.931159746367273,-0.0318712261179365,0.624266353571932
84,"Greensboro","online",1,18,"male","high school",4,4,3,4,2,1,3,0,3,3,3,1,3.75,1.5,2.5,3,5,2,2,3,4,4,1,5,4,5,4,3,1,4,1,5,3,1,5,2,4,1,3,3,1,5,2,2,3,2,4,2,1,4,3,2,3,2,2,4,5,2,1,5,1,4,2,1,4,1.75,3,3.33333333333333,4.5,3.33333333333333,4.66666666666667,2.25,1.66666666666667,2.33333333333333,1.25,3.33333333333333,1.33333333333333,4,3,4,2.6,4.2,2.1,1.9,3.7,7,6,7,4,3,7,6,7,6,5.75,4,2,3,3,1,1,2,3,4,3,5,6,2,4,6,4,2.6,3.6,3.26666666666667,0.935533283700688,1.00093104194629,0.824002685292926,1.27730099893174,-0.422655668675956,-1.29620081609346,0.517771807725554,-1.99081130238357,0.612900551404893,0.737771833846572,0.46285855535918,-1.21507835244222,1.37096712175655,-1.02313167581157,0.235487959312789,0.401037443966637,0.92127681533485,-1.18023457984112,-0.189820156644546,-0.181861255402253,0.771385813887254,0.410547735301525,-1.64924190525444,1.6154751486202,0.497808655504274,1.61337976517082,-0.0394768177603896,-0.988633730849125,-0.874634651813854,0.105070477319677,-1.38869236208765,0.902476562150498,-0.312442523061309,-1.43561964121226,1.26848334233058,-0.947385136923134,0.455097738908036,-1.35801947874409,0.0790219646468792,-0.693190617187087,-1.74288536500413,0.955431281923296,-0.619948571946605,-0.652795742272766,-0.829592380935756,-0.365077611891001,0.399036169181593,-1.80320780258004,-1.32434378721034,0.23681703900313,0.675109297063191,-2.16335925257279,-0.365009322489452,-0.658379106915543,-0.744557840878165,1.04164009722605,1.12212133555454,-1.20277315929128,-1.19573319873581,0.956557651063824,-0.884507014910961,0.279974806517639,-1.67459355850664,-1.52663512672642,0.267811002934351,-0.700712293016962,0.228367389266005,0.370048941756094,0.956692859750729,-0.429862375223799,0.942947063515305,-1.76834680778597,-1.6512639746148,-1.32699771285724,-1.62410184995992,0.416832805268141,-1.09327000091019,0.615818429530169,-0.422107470456102,0.0649112822892171,-0.112914879604884,0.622622050324097,-1.90068730457582,-0.939157061635925,0.156630184967658,1.53619962536961,0.626197356428548,0.928858325786415,-0.236439894416433,-0.452930087099021,1.22640574589957,0.4749345323004,1.12187245045009,0.85253798632006,0.71961094373367,0.299739654632917,-1.48852171823496,-0.277824863257094,0,-1.6373603302269,-1.29896008560327,-0.912080854110751,-0.356135647755801,0.567478906156901,-0.36802823483019,1.74184727526289,1.04676269315617,-0.442032030168873,0.542068878260879,1.04134393563841,0.324460155902994,-0.787289570962887,0.169667409627838,-0.1914186885262
85,"Greensboro","online",1,20,"male","high school",4,1,3,2,2,2,2,2,3,3,2,2,2.5,2,2.5,1,5,2,2,2,1,4,5,3,2,3,5,4,1,3,2,5,3,2,3,3,5,2,2,3,3,5,3,2,3,2,3,3,3,4,1,4,2,4,3,4,4,4,3,3,1,5,3,4,2,1.5,1.66666666666667,3.33333333333333,4.5,4.33333333333333,4.66666666666667,2.75,3,3.66666666666667,2.75,3,2,2.75,2.66666666666667,3,2.1,4.5,3.1,2.6,2.8,4,5,5,4,5,3,5,6,4.5,4.75,3,4,3,3,2,2,3,2,2,4,1,4,3,3,6,3.83333333333333,2.4,2.8,3,0.935533283700688,-1.8306501951386,0.824002685292926,-0.412666476577946,-0.422655668675956,-0.382485486716104,-0.365727705456939,-0.27528252477849,0.612900551404893,0.737771833846572,-0.308572370239454,-0.377764744188768,-0.140612012487852,-0.461258597141103,0.235487959312789,-1.1956857125672,0.92127681533485,-1.18023457984112,-0.189820156644546,-1.07050148066327,-1.53205793591496,0.410547735301525,1.29338888005431,-0.0151687807382178,-1.24249802633994,-0.183908574268176,0.903580495404464,0.0235388983535506,-0.874634651813854,-0.798535627629547,-0.530735874016257,0.902476562150498,-0.312442523061309,-0.573445834338975,-0.4630970932318,-0.112599053158897,1.28430124624048,-0.597670031009767,-0.730012435309267,-0.693190617187087,-0.110116940272592,0.955431281923296,0.116454427879473,-0.652795742272766,-0.829592380935756,-0.365077611891001,-0.513652941180561,-0.809131706285916,0.275284944532487,0.23681703900313,-1.0631960786085,0.0306135743288604,-1.29925937409936,0.778692040158992,0.120739109331594,1.04164009722605,0.09111241613477,0.433911835946853,0.294600933021867,-0.91307775783365,-0.884507014910961,1.33602012934733,-0.576917902778203,0.758004448072981,-1.58958788838454,-0.970700004484071,-1.18455314863877,0.370048941756094,0.956692859750729,0.890429205820728,0.942947063515305,-1.05703798893848,-0.156435534437191,0.287172065158638,0.126183351751272,0.0583565927375398,-0.457991486867782,-1.11265366379863,-0.87138027316928,-1.09808252539259,-0.713823273541768,1.09452712959442,-0.401612577929446,-0.10131984897317,-1.24004911416791,-0.0619435332810327,0.102335754747078,-0.100546519801622,-0.236439894416433,0.583027027010441,-1.1598135787014,-0.108556464525806,0.592919431049281,-0.0898561887895179,0.0203279927608379,-0.424350522289298,-0.160587405286759,-0.277824863257094,0,-1.00760635706271,-0.643381638643875,-0.221597108921274,-1.06510939097337,-0.986762683954357,0.392799366020684,-1.33410479193646,-0.140857248947136,0.312228973690713,-0.200254744835229,1.04134393563841,0.162606481844656,-1.00209573562916,-0.636487133355261,-0.488031431107339
86,"Greensboro","online",1,18,"male","high school",4,4,4,3,3,3,3,3,4,4,4,4,3.75,3,4,3,3,4,4,5,3,4,1,5,4,4,1,5,2,5,1,5,2,2,3,4,5,2,2,4,4,5,1,4,5,1,4,4,2,5,1,5,2,3,5,2,5,1,2,5,2,3,3,2,5,1.75,2.66666666666667,3.33333333333333,3.75,4.66666666666667,3.66666666666667,3.25,1.66666666666667,2.33333333333333,2.5,3.33333333333333,2.66666666666667,4.5,4.33333333333333,5,2.5,4,2.5,2.8,4.6,6,7,6,7,4,7,2,7,6.5,5,3,2,2,1,2,3,2,1,2,2,1,1,1,1,4,2.16666666666667,1.4,1.8,1.86666666666667,0.935533283700688,1.00093104194629,1.67166095006795,0.432317261176896,0.442782129089096,0.531229842661255,0.517771807725554,0.582481864024051,1.3449762100274,1.46206838305668,1.23428948095781,1.29686247231814,1.37096712175655,0.662487560199828,1.64187438298638,0.401037443966637,-0.584993262969277,0.685577439760651,1.37984652330074,1.59541919511977,0.00357123061984847,0.410547735301525,-1.64924190525444,1.6154751486202,0.497808655504274,0.71473559545132,-2.86864875725495,1.03571152755623,0.0208246345669966,1.0086765822689,-1.38869236208765,0.902476562150498,-1.16276078202563,-0.573445834338975,-0.4630970932318,0.72218703060534,1.28430124624048,-0.597670031009767,-0.730012435309267,0.371352116350226,0.706267272093176,0.955431281923296,-1.35635157177268,0.864513280307176,0.87722447936269,-1.11980536724259,0.399036169181593,0.184944390008209,-0.524529421338927,1.25513030671659,-1.0631960786085,1.12759998777969,-1.29925937409936,0.0601564666217247,1.85133300975111,-0.502860736591885,1.12212133555454,-2.02111565691034,-0.450566132856974,0.956557651063824,0.0041332103500513,-0.776070516312052,-0.576917902778203,-0.765088601793289,1.1965104485938,-0.700712293016962,-0.12486274521019,0.370048941756094,-0.05655327249758,1.33052639950224,-0.402630051456756,-0.345729170090989,-1.6512639746148,-1.32699771285724,-0.165530848533927,0.416832805268141,0.177287027174625,1.30720726686169,1.37498374039661,1.22790508997103,-0.233096558392261,0.308018664143884,-1.30105741391727,0.138062211787617,1.55330948410322,1.00348523915273,1.15005895811002,0.414155902992397,1.31972063516111,0.0650484699557104,1.22640574589957,-1.85902945500442,1.12187245045009,1.16666937802325,0.195148730504046,-0.424350522289298,-1.48852171823496,-0.972387021399831,-1.31105892392677,-1.00760635706271,0.0121968083155237,-0.912080854110751,-1.77408313419093,-0.986762683954357,-1.12885583568106,-1.33410479193646,-1.92228716210209,-1.19629303402846,-1.68490199102745,-0.234376555314628,-1.45593025873872,-2.07612655896051,-1.64418031208413,-1.74863558707718
87,"Greensboro","online",1,19,"male","high school",1,1,0,1,1,2,1,1,1,2,3,2,0.75,1.25,2,4,5,4,4,2,5,4,4,2,3,4,5,4,1,4,4,5,4,4,3,4,5,2,4,3,4,5,4,4,4,4,5,4,4,4,4,4,4,4,2,4,4,2,4,4,2,4,4,4,3,3.5,4.33333333333333,4,4.75,4.33333333333333,4.66666666666667,4,3.33333333333333,3.33333333333333,4,3.33333333333333,3,3,2.66666666666667,4,3.9,4.6,3.6,3.5,3.2,3,4,5,6,4,5,5,3,4.5,4.25,4,3,3,2,5,5,4,5,3,3,3,3,3,3,4,3.33333333333333,3.8,3.4,3.53333333333333,-1.89741961764647,-1.8306501951386,-1.71897210903213,-1.25765021433279,-1.28809346644101,-0.382485486716104,-1.24922721863943,-1.13304691358103,-0.85125076584013,0.0134752846364677,0.46285855535918,-0.377764744188768,-2.25682280043002,-1.3040682151468,-0.233307515245076,1.19939902223355,0.92127681533485,0.685577439760651,1.37984652330074,-1.07050148066327,1.53920039715466,0.410547735301525,0.557731183727125,-0.830490745417426,-0.372344685417831,0.71473559545132,0.903580495404464,0.0235388983535506,-0.874634651813854,0.105070477319677,1.18517710212653,0.902476562150498,0.537875735903012,1.15090177940759,-0.4630970932318,0.72218703060534,1.28430124624048,-0.597670031009767,0.888056364603025,-0.693190617187087,0.706267272093176,0.955431281923296,0.85285742770555,0.864513280307176,0.0238160492134668,1.14437789881218,1.31172527954375,0.184944390008209,1.0750993104039,0.23681703900313,1.54426198489904,0.0306135743288604,0.569240729120455,0.778692040158992,-0.744557840878165,1.04164009722605,0.09111241613477,-1.20277315929128,1.03976799890071,0.021739946615087,0.0041332103500513,0.279974806517639,0.520757752950237,0.758004448072981,-0.660888442725094,1.1892016872528,1.64128792717078,1.1033256466184,1.29444157050017,0.890429205820728,0.942947063515305,0.721234058180247,0.217271575607211,-0.11637037934533,1.58475435317727,0.416832805268141,0.494926284195829,-0.766959245132874,-0.87138027316928,0.0649112822892171,1.44944694463101,1.25182882268452,0.347924785393739,0.975899424450372,-0.619302758996545,-0.594657919497913,-0.421525846934393,-0.100546519801622,0.801000458635262,0.0650484699557104,0.0332960835990834,-0.108556464525806,-0.993939627153151,-0.0898561887895179,-0.329313482725578,0.299739654632917,-0.824554561760857,-0.277824863257094,-0.655529461963387,0.881655562429869,1.32335370223432,0.468886636268203,1.06181183867933,-0.209641888898728,-0.36802823483019,0.203871241663213,-0.734667219998788,0.312228973690713,-0.200254744835229,-0.234376555314628,-0.322954540330357,0.501547417034732,-0.0318712261179365,0.105194054054939
88,"Greensboro","online",1,22,"female","high school",3,4,2,3,3,2,3,2,0,2,2,3,3,2.5,1.75,1,5,3,1,4,4,3,4,1,4,3,4,4,1,3,1,4,3,2,3,4,2,2,3,4,3,5,4,2,3,3,4,5,2,5,1,4,3,2,4,2,4,5,2,3,2,3,3,2,3,1.75,3,2.66666666666667,4,3,4.33333333333333,3.5,3,4.33333333333333,1.75,2,1.66666666666667,3.75,4,3,2.4,3.8,3.6,1.8,3.6,3,1,2,4,2,3,3,3,2.5,2.75,2,4,3,2,4,6,3,4,4,4,1,2,2,2,4,2.83333333333333,3,3.4,3.13333333333333,-0.00878435008169721,1.00093104194629,-0.0236555794820937,0.432317261176896,0.442782129089096,-0.382485486716104,0.517771807725554,-0.27528252477849,-1.58332642446264,0.0134752846364677,-0.308572370239454,0.459548864064687,0.464019641209911,0.100614481529362,-0.467705252524009,-1.1956857125672,0.92127681533485,-0.247328570040235,-0.974653496617187,0.706778969858759,0.771385813887254,-0.508908130217515,0.557731183727125,-1.64581271009663,0.497808655504274,-0.183908574268176,-0.0394768177603896,0.0235388983535506,-0.874634651813854,-0.798535627629547,-1.38869236208765,-0.0925616986821026,-0.312442523061309,-0.573445834338975,-0.4630970932318,0.72218703060534,-1.20330927575684,-0.597670031009767,0.0790219646468792,0.371352116350226,-0.110116940272592,0.955431281923296,0.85285742770555,-0.652795742272766,-0.829592380935756,0.389650143460587,0.399036169181593,1.17902048630233,-0.524529421338927,1.25513030671659,-1.0631960786085,0.0306135743288604,-0.365009322489452,-0.658379106915543,0.986036059541353,-0.502860736591885,0.09111241613477,1.25225433356592,-0.450566132856974,-0.91307775783365,0.0041332103500513,-0.776070516312052,-0.576917902778203,-0.765088601793289,-0.660888442725094,-0.700712293016962,0.228367389266005,-0.363227763106213,0.281195438251856,-0.869959568905309,0.494421358524617,0.00992523933275621,-0.156435534437191,1.09425695416658,-1.04067344938952,-1.01707204485426,-0.775630743888986,0.270124010864408,0.925710937683432,-1.09808252539259,-0.353278237179638,-0.0065847220363304,0.347924785393739,-1.05884809201632,0.00144359617481743,-0.594657919497913,-1.9931106519788,-1.64465378818368,-0.236439894416433,-0.970908644153751,-1.1598135787014,-1.27553845817822,-0.993939627153151,-1.34638175560229,-1.37823790918483,-1.14844069921151,-0.160587405286759,-0.277824863257094,-0.655529461963387,0.251901589265677,1.97893214919372,-0.221597108921274,0.352838095461766,0.567478906156901,0.392799366020684,-1.33410479193646,-1.32847719105044,-0.442032030168873,-0.942578367931338,-0.234376555314628,-0.808515562505371,-0.357677241630347,-0.0318712261179365,-0.33972505981677
89,"Greensboro","online",1,20,"female","high school",4,4,4,4,0,2,1,1,4,2,4,1,4,1,2.75,4,5,2,1,1,4,2,1,1,2,2,5,4,1,2,4,5,2,1,4,2,2,1,1,3,5,5,4,1,2,5,2,5,1,4,3,5,2,1,1,2,5,4,1,5,4,5,3,1,2,4.25,3,3,4.25,3,5,3,1.33333333333333,4,1,1,1,2.75,2,3,3.5,4.1,2.8,1,2.6,5,7,7,4,6,7,5,7,5.75,6.25,3,3,2,3,5,2,1,1,3,4,4,4,1,2,3,3,2.8,2.6,2.73333333333333,0.935533283700688,1.00093104194629,1.67166095006795,1.27730099893174,-2.15353126420606,-0.382485486716104,-1.24922721863943,-1.13304691358103,1.3449762100274,0.0134752846364677,1.23428948095781,-1.21507835244222,1.67328294860544,-1.58500475448203,0.469885696591721,1.19939902223355,0.92127681533485,-1.18023457984112,-0.974653496617187,-1.95914170592428,0.771385813887254,-1.42836399573656,-1.64924190525444,-1.64581271009663,-1.24249802633994,-1.08255274398767,0.903580495404464,0.0235388983535506,-0.874634651813854,-1.70214173257877,1.18517710212653,0.902476562150498,-1.16276078202563,-1.43561964121226,0.402693124549392,-0.947385136923134,-1.20330927575684,-1.35801947874409,-1.53904683526541,-0.693190617187087,1.52265148445894,0.955431281923296,0.85285742770555,-1.41145025356274,-1.68300081108498,1.89910565416376,-1.42634205154272,1.17902048630233,-1.32434378721034,0.23681703900313,0.675109297063191,1.12759998777969,-1.29925937409936,-1.37691468045281,-1.60985479108792,-0.502860736591885,1.12212133555454,0.433911835946853,-1.19573319873581,0.956557651063824,1.78141366087208,1.33602012934733,-0.576917902778203,-1.52663512672642,-1.58958788838454,1.99916482165413,0.228367389266005,0.00341058932494087,0.618944149001293,-0.869959568905309,1.39147276850599,-0.701383579514734,-2.0249710846592,0.690714509662607,-1.91581605024512,-2.09250068244607,-1.41090925793139,-1.11265366379863,-1.76992587859564,-1.09808252539259,0.968720229481507,0.46532035723399,-0.851334995923357,-2.01637633505947,-1.55042229175359,0.470770852935848,1.15005895811002,0.928858325786415,-0.236439894416433,1.10100558406517,1.22640574589957,-0.108556464525806,1.12187245045009,0.695472290468464,1.06925241922009,-0.424350522289298,-0.824554561760857,-0.972387021399831,0,0.881655562429869,-0.643381638643875,-1.60256459930023,-1.77408313419093,-0.209641888898728,0.392799366020684,0.972859258463052,-0.140857248947136,-1.19629303402846,-0.942578367931338,-0.872236800791147,-0.646661888447033,-0.572483406296617,-0.838025769101036,-0.784644173688478
90,"Greensboro","online",1,19,"male","high school",3,3,0,3,3,4,3,3,3,3,4,4,2.25,3.25,3.5,4,1,3,2,1,2,5,4,5,3,3,1,4,1,3,2,5,3,2,3,4,2,5,1,5,3,5,2,2,2,4,3,4,2,5,3,4,3,2,4,4,4,5,2,4,1,5,3,3,4,2.75,3,3.33333333333333,3.5,3.66666666666667,3.33333333333333,3.25,4,3.66666666666667,2.25,2.66666666666667,1.66666666666667,3.25,4,3,3,3.5,3.6,2.2,3.4,6,7,6,6,6,6,5,6,6.25,5.75,2,3,4,2,3,2,4,2,3,3,2,6,1,4,3,3.33333333333333,2.2,3.8,2.93333333333333,-0.00878435008169721,0.0570706295846575,-1.71897210903213,0.432317261176896,0.442782129089096,1.44494517203861,0.517771807725554,0.582481864024051,0.612900551404893,0.737771833846572,1.23428948095781,1.29686247231814,-0.442927839336733,0.943424099535061,1.17307890842852,1.19939902223355,-2.0912633412734,-0.247328570040235,-0.189820156644546,-1.95914170592428,-0.764243352647557,1.33000360082056,0.557731183727125,1.6154751486202,-0.372344685417831,-0.183908574268176,-2.86864875725495,0.0235388983535506,-0.874634651813854,-0.798535627629547,-0.530735874016257,0.902476562150498,-0.312442523061309,-0.573445834338975,-0.4630970932318,0.72218703060534,-1.20330927575684,1.68337831219319,-1.53904683526541,1.43589484988754,-0.110116940272592,0.955431281923296,-0.619948571946605,-0.652795742272766,-1.68300081108498,1.14437789881218,-0.513652941180561,0.184944390008209,-0.524529421338927,1.25513030671659,0.675109297063191,0.0306135743288604,-0.365009322489452,-0.658379106915543,0.986036059541353,1.04164009722605,0.09111241613477,1.25225433356592,-0.450566132856974,0.021739946615087,-0.884507014910961,1.33602012934733,-0.576917902778203,-0.00354207686015419,0.267811002934351,0.379238552851474,0.228367389266005,0.370048941756094,-0.394301983247016,0.0102348184577095,-0.851155756447443,-0.345729170090989,0.964685795696014,0.287172065158638,-0.457245048819126,-0.300119619793061,-0.775630743888986,-0.421264826467113,0.925710937683432,-1.09808252539259,0.367811835544623,-0.478489801306651,0.347924785393739,-0.580083970494744,-0.308929581410864,1.00348523915273,1.15005895811002,0.414155902992397,0.801000458635262,1.10100558406517,0.629850914749325,-0.108556464525806,0.592919431049281,1.00960368217166,0.71961094373367,-1.14844069921151,-0.824554561760857,0.416737294885642,-0.655529461963387,-0.377852383898515,-0.643381638643875,0.468886636268203,-1.06510939097337,-0.209641888898728,-0.36802823483019,-0.565116775136626,1.04676269315617,-1.19629303402846,0.542068878260879,-0.872236800791147,-0.322954540330357,-1.21690190029543,0.371206045373613,-0.562184616752624
91,"Greensboro","online",1,20,"male","high school",4,4,2,4,0,1,2,3,2,0,1,2,3.5,1.5,1.25,3,4,4,4,2,4,2,2,4,2,4,2,4,4,4,3,2,4,3,3,2,1,4,5,5,2,1,1,3,4,2,2,4,2,4,2,4,3,2,2,2,2,4,2,4,2,4,3,2,4,2.5,2.66666666666667,2.66666666666667,3,2.33333333333333,1.66666666666667,3.75,3,3,2.75,3.66666666666667,3,3.25,3,4,2.6,2.4,3.3,3.1,3.4,5,5,5,5,5,5,5,5,5,5,4,2,3,3,3,2,2,3,3,3,2,3,3,2,4,3.16666666666667,2.6,2.6,2.8,0.935533283700688,1.00093104194629,-0.0236555794820937,1.27730099893174,-2.15353126420606,-1.29620081609346,-0.365727705456939,0.582481864024051,-0.119175107217619,-1.43511781378374,-1.08000329583809,-0.377764744188768,1.06865129490767,-1.02313167581157,-0.936500727081874,0.401037443966637,0.168141776182787,0.685577439760651,1.37984652330074,-1.07050148066327,0.771385813887254,-1.42836399573656,-0.913584208927254,0.80015318394099,-1.24249802633994,0.71473559545132,-1.9255914440901,0.0235388983535506,1.8117432073287,0.105070477319677,0.327220614055136,-2.0826382203473,0.537875735903012,0.288727972534309,-0.4630970932318,-0.947385136923134,-2.03251278308928,0.92302886445887,1.69709076455917,1.43589484988754,-0.92650115263836,-2.66426432360109,-1.35635157177268,0.105858769017205,0.0238160492134668,-0.365077611891001,-1.42634205154272,0.184944390008209,-0.524529421338927,0.23681703900313,-0.194043390772654,0.0306135743288604,-0.365009322489452,-0.658379106915543,-0.744557840878165,-0.502860736591885,-1.97090542270476,0.433911835946853,-0.450566132856974,0.021739946615087,0.0041332103500513,0.279974806517639,-0.576917902778203,-0.765088601793289,0.267811002934351,0.109250841384365,-0.12486274521019,-0.363227763106213,-1.06979940474589,-1.75015395626833,-3.09378428140088,0.365579648756502,-0.156435534437191,-0.519912823849299,0.126183351751272,0.775309017798742,0.494926284195829,-0.421264826467113,-0.422107470456102,0.0649112822892171,-0.112914879604884,-2.20880842529783,-0.101797632600172,0.497135302928798,-0.308929581410864,0.470770852935848,0.102335754747078,-0.100546519801622,0.282280282109415,0.583027027010441,0.0332960835990834,-0.108556464525806,0.06396641164847,0.224275202913675,0.195148730504046,0.299739654632917,-1.48852171823496,-0.277824863257094,0,-0.377852383898515,-0.643381638643875,-0.912080854110751,-0.356135647755801,-0.209641888898728,-0.36802823483019,-0.565116775136626,-0.734667219998788,0.312228973690713,-0.942578367931338,-0.234376555314628,-0.484808214388696,-0.787289570962887,-0.838025769101036,-0.710490988043194
92,"Greensboro","online",1,18,"male","high school",1,3,0,1,3,1,3,3,0,1,1,3,1.25,2.5,1.25,2,5,4,2,2,3,4,3,4,4,3,4,4,2,3,4,4,4,3,3,4,4,4,4,4,2,4,4,4,4,3,4,4,4,4,2,4,3,4,3,2,4,2,3,4,4,4,3,4,4,3.25,3,2.33333333333333,4.25,4,4,3.75,3.33333333333333,3.33333333333333,3.25,4,3,3.25,3.66666666666667,3.66666666666667,2.9,4.1,3.5,3.4,3.5,2,2,2,3,2,2,1,3,2.25,2,5,5,5,5,4,6,5,6,5,5,5,6,5,5,6,5.33333333333333,5,5.4,5.2,-1.89741961764647,0.0570706295846575,-1.71897210903213,-1.25765021433279,0.442782129089096,-1.29620081609346,0.517771807725554,0.582481864024051,-1.58332642446264,-0.710821264573636,-1.08000329583809,0.459548864064687,-1.65219114673226,0.100614481529362,-0.936500727081874,-0.39732413430028,0.92127681533485,0.685577439760651,-0.189820156644546,-1.07050148066327,0.00357123061984847,0.410547735301525,-0.177926512600065,0.80015318394099,0.497808655504274,-0.183908574268176,-0.0394768177603896,0.0235388983535506,0.0208246345669966,-0.798535627629547,1.18517710212653,-0.0925616986821026,0.537875735903012,0.288727972534309,-0.4630970932318,0.72218703060534,0.455097738908036,0.92302886445887,0.888056364603025,0.371352116350226,-0.92650115263836,0.0505073805422005,0.85285742770555,0.864513280307176,0.0238160492134668,0.389650143460587,0.399036169181593,0.184944390008209,1.0750993104039,0.23681703900313,-0.194043390772654,0.0306135743288604,-0.365009322489452,0.778692040158992,0.120739109331594,-0.502860736591885,0.09111241613477,-1.20277315929128,0.294600933021867,0.021739946615087,1.78141366087208,0.279974806517639,-0.576917902778203,0.758004448072981,0.267811002934351,0.919213975785692,0.228367389266005,-0.729866115537366,0.618944149001293,0.450332012139219,0.0458956535339307,0.365579648756502,0.217271575607211,-0.11637037934533,0.709611752321671,1.13378523032934,0.494926284195829,-0.421264826467113,0.476438134970254,-0.322753320271386,0.247630156757246,0.46532035723399,0.198017312729102,0.856208394069978,-0.153742992618023,-1.12737230571479,-1.46924905029733,-1.64465378818368,-0.75516007094228,-0.970908644153751,-1.75636840985164,-2.44252045183063,-0.993939627153151,-1.50344745145388,-1.90270012241445,1.02382983155513,0.50337975118734,1.11129945302838,1.31105892392677,0.251901589265677,1.97893214919372,1.15937038145768,1.7707855818969,1.34459970121253,1.15362696687156,1.74184727526289,1.04676269315617,1.82075098140988,1.28439250135699,1.04134393563841,1.6192895483697,1.79038440503235,1.98351513133981,1.95902369518706
93,"Greensboro","online",1,30,"female","prefer not to answer",2,3,0,1,4,4,4,3,2,1,2,0,1.5,3.75,1.25,3,5,4,3,5,3,5,5,3,5,5,5,4,3,5,4,5,5,3,5,2,2,1,5,3,4,4,5,3,5,3,4,3,4,5,3,5,5,5,3,3,5,3,5,5,3,4,4,4,4,3.25,2.66666666666667,4,4.5,4,4.66666666666667,4,3.66666666666667,4,3.5,4.33333333333333,3.66666666666667,4.75,3.66666666666667,5,3.3,4.4,3.9,3.8,4.5,1,1,1,2,1,3,1,1,1.25,1.5,6,6,6,6,6,6,6,6,4,6,5,6,5,6,6,6,5.6,5.6,5.73333333333333,-0.953101983864082,0.0570706295846575,-1.71897210903213,-1.25765021433279,1.30821992685415,1.44494517203861,1.40127132090805,0.582481864024051,-0.119175107217619,-0.710821264573636,-0.308572370239454,-2.05239196069568,-1.34987531988338,1.50529717820553,-0.936500727081874,0.401037443966637,0.92127681533485,0.685577439760651,0.595013183328095,1.59541919511977,0.00357123061984847,1.33000360082056,1.29338888005431,-0.0151687807382178,1.36796199642638,1.61337976517082,0.903580495404464,0.0235388983535506,0.916283920947847,1.0086765822689,1.18517710212653,0.902476562150498,1.38819399486733,0.288727972534309,1.26848334233058,-0.947385136923134,-1.20330927575684,-1.35801947874409,1.69709076455917,-0.693190617187087,0.706267272093176,0.0505073805422005,1.58926042753163,0.105858769017205,0.87722447936269,0.389650143460587,0.399036169181593,-0.809131706285916,1.0750993104039,1.25513030671659,0.675109297063191,1.12759998777969,1.50349078073036,1.49722761369626,0.120739109331594,0.269389680317081,1.12212133555454,-0.384430661672212,1.78493506477955,0.956557651063824,0.892773435611063,0.279974806517639,0.520757752950237,0.758004448072981,0.267811002934351,0.919213975785692,-0.12486274521019,1.1033256466184,0.956692859750729,0.450332012139219,0.942947063515305,0.721234058180247,0.590978685651612,0.690714509662607,1.00132595260687,1.49226144285994,1.13020479823824,1.65290168552745,0.476438134970254,1.22790508997103,0.728356871906753,0.937225436504311,0.79764720338765,1.33497251559155,1.39812289531038,-1.66008669193167,-1.9931106519788,-2.1593562109777,-1.27388024746813,-1.48888720120848,-1.1598135787014,-2.44252045183063,-2.05184566595477,-2.13171023486027,-2.25234159790087,1.74792000847735,1.16734690766144,1.80586161117111,1.96658838589016,1.51140953559406,1.97893214919372,1.84985412664716,1.7707855818969,0.567478906156901,1.91445456772243,1.74184727526289,1.04676269315617,1.82075098140988,2.0267161244531,1.04134393563841,2.26670424460305,2.43480289903116,2.18505376708559,2.55224918034934
94,"Greensboro","online",1,18,"female","high school",4,4,4,4,1,3,2,3,4,4,4,4,4,2.25,4,3,5,3,2,3,3,4,2,2,5,2,3,5,2,5,2,5,3,5,4,4,4,2,2,4,3,4,1,3,5,1,3,3,2,4,1,5,3,1,3,1,4,2,1,4,1,5,3,1,5,1.75,2.66666666666667,2,4.5,4.33333333333333,3.66666666666667,3,2.33333333333333,2.66666666666667,2.5,1.66666666666667,2,4,4,4.66666666666667,2.1,4.2,2.7,2.1,4.2,7,7,7,7,2,7,7,7,7,5.75,2,1,3,2,2,3,2,3,3,2,2,1,3,2,4,2.16666666666667,2.2,2.4,2.33333333333333,0.935533283700688,1.00093104194629,1.67166095006795,1.27730099893174,-1.28809346644101,0.531229842661255,-0.365727705456939,0.582481864024051,1.3449762100274,1.46206838305668,1.23428948095781,1.29686247231814,1.67328294860544,-0.18032205780587,1.64187438298638,0.401037443966637,0.92127681533485,-0.247328570040235,-0.189820156644546,-0.181861255402253,0.00357123061984847,0.410547735301525,-0.913584208927254,-0.830490745417426,1.36796199642638,-1.08255274398767,-0.982534130925243,1.03571152755623,0.0208246345669966,1.0086765822689,-0.530735874016257,0.902476562150498,-0.312442523061309,2.01307558628088,0.402693124549392,0.72218703060534,0.455097738908036,-0.597670031009767,-0.730012435309267,0.371352116350226,-0.110116940272592,0.0505073805422005,-1.35635157177268,0.105858769017205,0.87722447936269,-1.11980536724259,-0.513652941180561,-0.809131706285916,-0.524529421338927,0.23681703900313,-1.0631960786085,1.12759998777969,-0.365009322489452,-1.37691468045281,0.120739109331594,-1.27511115350085,0.09111241613477,-1.20277315929128,-1.19573319873581,0.021739946615087,-0.884507014910961,1.33602012934733,-0.576917902778203,-1.52663512672642,1.1965104485938,-0.700712293016962,-0.12486274521019,-1.09650446796852,0.956692859750729,0.890429205820728,-0.402630051456756,-0.701383579514734,-0.903849754525995,-0.923455268353268,-0.165530848533927,-1.37554825738486,-0.457991486867782,0.615818429530169,0.925710937683432,0.840240487410424,-0.713823273541768,0.622622050324097,-1.00124246858799,-0.699775000875138,0.932563128931861,1.53619962536961,1.15005895811002,0.928858325786415,1.31972063516111,-0.970908644153751,1.22640574589957,1.05842552912661,1.12187245045009,1.48080076972645,0.71961094373367,-1.14844069921151,-2.15248887470905,-0.277824863257094,-0.655529461963387,-1.00760635706271,0.0121968083155237,-0.912080854110751,-0.356135647755801,-0.209641888898728,-1.12885583568106,-0.565116775136626,-1.92228716210209,0.312228973690713,-0.942578367931338,-0.234376555314628,-1.45593025873872,-1.21690190029543,-1.03956440484681,-1.22956328756019
95,"Greensboro","online",1,18,"female","high school",3,3,2,2,3,3,3,2,2,1,1,2,2.5,2.75,1.5,4,5,5,2,4,3,4,4,3,3,4,5,5,2,4,3,4,4,2,4,4,5,4,2,4,3,5,4,1,4,4,4,5,4,5,1,5,5,4,3,3,4,5,4,4,1,4,4,4,4,3,2.66666666666667,3.33333333333333,4.25,4.66666666666667,4.66666666666667,4.5,4.33333333333333,4.66666666666667,3,3,2.33333333333333,4.25,3.33333333333333,4,3,4.5,4.5,2.8,3.9,1,1,1,1,1,1,1,1,1,1,5,6,3,2,4,1,4,3,3,4,4,4,4,3,5,4,4.2,2.8,3.66666666666667,-0.00878435008169721,0.0570706295846575,-0.0236555794820937,-0.412666476577946,0.442782129089096,0.531229842661255,0.517771807725554,-0.27528252477849,-0.119175107217619,-0.710821264573636,-1.08000329583809,-0.377764744188768,-0.140612012487852,0.381551020864595,-0.702102989802941,1.19939902223355,0.92127681533485,1.61848344956154,-0.189820156644546,0.706778969858759,0.00357123061984847,0.410547735301525,0.557731183727125,-0.0151687807382178,-0.372344685417831,0.71473559545132,0.903580495404464,1.03571152755623,0.0208246345669966,0.105070477319677,0.327220614055136,-0.0925616986821026,0.537875735903012,-0.573445834338975,0.402693124549392,0.72218703060534,1.28430124624048,0.92302886445887,-0.730012435309267,0.371352116350226,-0.110116940272592,0.955431281923296,0.85285742770555,-1.41145025356274,0.0238160492134668,1.14437789881218,0.399036169181593,1.17902048630233,1.0750993104039,1.25513030671659,-1.0631960786085,1.12759998777969,1.50349078073036,0.778692040158992,0.120739109331594,0.269389680317081,0.09111241613477,1.25225433356592,1.03976799890071,0.021739946615087,-0.884507014910961,0.279974806517639,0.520757752950237,0.758004448072981,0.267811002934351,0.649226264318583,-0.12486274521019,0.370048941756094,0.618944149001293,1.33052639950224,0.942947063515305,1.43254287702774,1.33839290574042,1.49779939867054,0.417897552036471,0.0583565927375398,-0.140352229846578,0.96151284819593,0.027165332257076,0.0649112822892171,0.367811835544623,1.09452712959442,1.69709203937547,0.138062211787617,0.467003362553339,-1.66008669193167,-1.9931106519788,-2.1593562109777,-1.79260042399398,-1.48888720120848,-2.35292324100188,-2.44252045183063,-2.05184566595477,-2.28877593071187,-2.60198307338728,1.02382983155513,1.16734690766144,-0.277824863257094,-0.655529461963387,0.251901589265677,-1.29896008560327,0.468886636268203,-0.356135647755801,-0.209641888898728,0.392799366020684,0.972859258463052,-0.140857248947136,1.0664899775503,-0.200254744835229,0.403483690161891,0.324460155902994,0.931159746367273,-0.636487133355261,0.253500425345508
96,"Greensboro","online",1,22,"male","high school",3,4,4,2,3,3,2,3,3,3,3,2,3.25,2.75,2.75,3,4,5,3,4,4,4,3,2,4,4,4,3,2,5,4,4,2,2,5,4,3,2,4,4,5,3,2,2,4,4,4,3,1,4,4,4,3,2,4,5,4,4,2,4,4,3,3,2,5,3.75,4,4.66666666666667,3.75,3.66666666666667,3.66666666666667,3.25,2.66666666666667,3,2,2.66666666666667,2,4.5,4,4.33333333333333,4.1,3.7,3,2.2,4.3,5,7,7,6,3,6,7,6,6.25,5.5,4,2,4,2,3,2,2,2,4,3,3,2,1,3,2,2.5,2.2,3,2.6,-0.00878435008169721,1.00093104194629,1.67166095006795,-0.412666476577946,0.442782129089096,0.531229842661255,-0.365727705456939,0.582481864024051,0.612900551404893,0.737771833846572,0.46285855535918,-0.377764744188768,0.766335468058792,0.381551020864595,0.469885696591721,0.401037443966637,0.168141776182787,1.61848344956154,0.595013183328095,0.706778969858759,0.771385813887254,0.410547735301525,-0.177926512600065,-0.830490745417426,0.497808655504274,0.71473559545132,-0.0394768177603896,-0.988633730849125,0.0208246345669966,1.0086765822689,1.18517710212653,-0.0925616986821026,-1.16276078202563,-0.573445834338975,1.26848334233058,0.72218703060534,-0.374105768424403,-0.597670031009767,0.888056364603025,0.371352116350226,1.52265148445894,-0.854416520838895,-0.619948571946605,-0.652795742272766,0.0238160492134668,1.14437789881218,0.399036169181593,-0.809131706285916,-1.32434378721034,0.23681703900313,1.54426198489904,0.0306135743288604,-0.365009322489452,-0.658379106915543,0.986036059541353,1.81389051413501,0.09111241613477,0.433911835946853,-0.450566132856974,0.021739946615087,1.78141366087208,-0.776070516312052,-0.576917902778203,-0.765088601793289,1.1965104485938,1.45918939871991,1.28805779269459,1.83660235148071,-0.05655327249758,0.0102348184577095,-0.402630051456756,-0.345729170090989,-0.530142644481593,-0.519912823849299,-0.748959249104326,-0.300119619793061,-0.457991486867782,1.30720726686169,0.925710937683432,0.45257588484982,1.68981030220577,-0.163886415126437,-0.551520050594083,-0.580083970494744,1.0877497177247,0.470770852935848,1.15005895811002,0.928858325786415,0.801000458635262,-0.452930087099021,0.629850914749325,1.05842552912661,0.592919431049281,1.00960368217166,0.544790205990462,0.299739654632917,-1.48852171823496,0.416737294885642,-0.655529461963387,-0.377852383898515,-0.643381638643875,-0.912080854110751,-1.06510939097337,0.567478906156901,-0.36802823483019,0.203871241663213,-1.32847719105044,-1.19629303402846,-0.200254744835229,-1.51009704626767,-1.13222291062205,-1.21690190029543,-0.434948497609486,-0.932950544979048
97,"Greensboro","online",1,19,"male","high school",2,3,2,3,4,3,3,3,3,4,4,3,2.5,3.25,3.5,3,2,3,4,3,1,4,2,5,5,3,5,5,3,5,2,3,3,3,5,3,3,3,3,4,2,2,3,4,5,3,2,3,3,3,2,3,3,5,3,1,3,3,3,4,1,4,4,3,4,2.25,2,2,2.75,3.33333333333333,3.33333333333333,3.25,2.66666666666667,3.66666666666667,3.25,4.33333333333333,3.33333333333333,3.75,4,4.66666666666667,2.1,3.1,3.2,3.6,4.1,7,7,7,2,1,7,7,6,5.75,5.25,4,4,3,2,6,3,5,3,3,3,2,6,4,3,6,4.33333333333333,3.8,3.6,3.8,-0.953101983864082,0.0570706295846575,-0.0236555794820937,0.432317261176896,1.30821992685415,0.531229842661255,0.517771807725554,0.582481864024051,0.612900551404893,1.46206838305668,1.23428948095781,0.459548864064687,-0.140612012487852,0.943424099535061,1.17307890842852,0.401037443966637,-1.33812830212134,-0.247328570040235,1.37984652330074,-0.181861255402253,-1.53205793591496,0.410547735301525,-0.913584208927254,1.6154751486202,1.36796199642638,-0.183908574268176,0.903580495404464,1.03571152755623,0.916283920947847,1.0086765822689,-0.530735874016257,-1.0875999595147,-0.312442523061309,0.288727972534309,1.26848334233058,-0.112599053158897,-0.374105768424403,0.162679416724552,0.0790219646468792,0.371352116350226,-0.92650115263836,-1.75934042221999,0.116454427879473,0.864513280307176,0.87722447936269,0.389650143460587,-1.42634205154272,-0.809131706285916,0.275284944532487,-0.781496228710329,-0.194043390772654,-1.06637283912197,-0.365009322489452,1.49722761369626,0.120739109331594,-1.27511115350085,-0.939896503284995,-0.384430661672212,0.294600933021867,0.021739946615087,-0.884507014910961,0.279974806517639,0.520757752950237,-0.00354207686015419,0.267811002934351,-0.160736870082744,-0.831323014162578,-1.09650446796852,-1.40754811549533,-0.429862375223799,-0.851155756447443,-0.345729170090989,-0.530142644481593,0.287172065158638,0.709611752321671,1.49226144285994,0.812565541217033,0.270124010864408,0.925710937683432,0.840240487410424,-0.713823273541768,-1.10769657366708,-0.251705105264809,1.09559045483077,0.77737654013902,1.53619962536961,1.15005895811002,0.928858325786415,-1.27388024746813,-1.48888720120848,1.22640574589957,1.05842552912661,0.592919431049281,0.695472290468464,0.369969468247254,0.299739654632917,-0.160587405286759,-0.277824863257094,-0.655529461963387,1.51140953559406,0.0121968083155237,1.15937038145768,-0.356135647755801,-0.209641888898728,-0.36802823483019,-0.565116775136626,1.04676269315617,1.0664899775503,-0.200254744835229,1.04134393563841,0.648167504019669,0.501547417034732,0.169667409627838,0.401806796636078
98,"Greensboro","online",1,19,"male","high school",2,3,2,3,3,3,3,4,3,1,3,2,2.5,3.25,2.25,3,4,2,4,4,3,4,4,5,3,3,4,4,3,3,3,4,4,2,4,2,3,4,3,4,3,3,4,4,5,3,4,4,3,4,2,4,3,3,3,4,4,4,3,4,2,4,4,3,5,2.75,2.33333333333333,3.33333333333333,4,3.66666666666667,3.66666666666667,3.5,3.66666666666667,4,3,3.66666666666667,3.33333333333333,4.25,3.33333333333333,4,2.8,3.8,3.7,3.3,3.9,3,5,6,4,4,5,5,5,4.5,4.75,3,4,3,4,5,4,4,5,4,4,3,4,3,4,3,3.66666666666667,4,3.8,3.8,-0.953101983864082,0.0570706295846575,-0.0236555794820937,0.432317261176896,0.442782129089096,0.531229842661255,0.517771807725554,1.44024625282659,0.612900551404893,-0.710821264573636,0.46285855535918,-0.377764744188768,-0.140612012487852,0.943424099535061,0.00109022203385625,0.401037443966637,0.168141776182787,-1.18023457984112,1.37984652330074,0.706778969858759,0.00357123061984847,0.410547735301525,0.557731183727125,1.6154751486202,-0.372344685417831,-0.183908574268176,-0.0394768177603896,0.0235388983535506,0.916283920947847,-0.798535627629547,0.327220614055136,-0.0925616986821026,0.537875735903012,-0.573445834338975,0.402693124549392,-0.947385136923134,-0.374105768424403,0.92302886445887,0.0790219646468792,0.371352116350226,-0.110116940272592,-0.854416520838895,0.85285742770555,0.864513280307176,0.87722447936269,0.389650143460587,0.399036169181593,0.184944390008209,0.275284944532487,0.23681703900313,-0.194043390772654,0.0306135743288604,-0.365009322489452,0.0601564666217247,0.120739109331594,1.04164009722605,0.09111241613477,0.433911835946853,0.294600933021867,0.021739946615087,0.0041332103500513,0.279974806517639,0.520757752950237,-0.00354207686015419,1.1965104485938,0.379238552851474,-0.478092879686383,0.370048941756094,0.281195438251856,0.0102348184577095,-0.402630051456756,0.00992523933275621,0.590978685651612,0.690714509662607,0.417897552036471,0.775309017798742,0.812565541217033,0.96151284819593,0.027165332257076,0.0649112822892171,0.127448477969869,-0.0065847220363304,0.497832258058376,0.736517363689584,0.467003362553339,-0.594657919497913,0.102335754747078,0.414155902992397,-0.236439894416433,0.0650484699557104,0.0332960835990834,-0.108556464525806,0.06396641164847,-0.0898561887895179,0.0203279927608379,-0.424350522289298,-0.160587405286759,-0.277824863257094,0.655529461963387,0.881655562429869,0.667775255274923,0.468886636268203,1.06181183867933,0.567478906156901,0.392799366020684,0.203871241663213,-0.140857248947136,0.312228973690713,0.542068878260879,-0.872236800791147,0.000752807786317938,0.716353581701002,0.371206045373613,0.401806796636078
99,"Greensboro","online",1,20,"female","high school",2,2,2,2,3,3,2,1,2,2,3,2,2,2.25,2.25,2,4,4,2,4,2,3,4,3,4,3,4,4,2,3,2,4,4,3,4,3,3,2,4,3,3,4,3,3,4,2,3,3,3,3,2,3,4,4,2,2,4,3,2,3,1,4,4,2,4,1.75,2.33333333333333,2.66666666666667,3.75,3,4,3.75,3.33333333333333,3.33333333333333,2.5,3.66666666666667,2.33333333333333,3.75,3,3.33333333333333,2.2,3.6,3.5,2.8,3.4,5,5,5,6,4,4,5,4,5.25,4.25,4,5,3,4,5,4,3,4,3,3,4,5,3,3,5,4,4.2,3.6,3.86666666666667,-0.953101983864082,-0.886789782776974,-0.0236555794820937,-0.412666476577946,0.442782129089096,0.531229842661255,-0.365727705456939,-1.13304691358103,-0.119175107217619,0.0134752846364677,0.46285855535918,-0.377764744188768,-0.745243666185615,-0.18032205780587,0.00109022203385625,-0.39732413430028,0.168141776182787,0.685577439760651,-0.189820156644546,0.706778969858759,-0.764243352647557,-0.508908130217515,0.557731183727125,-0.0151687807382178,0.497808655504274,-0.183908574268176,-0.0394768177603896,0.0235388983535506,0.0208246345669966,-0.798535627629547,-0.530735874016257,-0.0925616986821026,0.537875735903012,0.288727972534309,0.402693124549392,-0.112599053158897,-0.374105768424403,-0.597670031009767,0.888056364603025,-0.693190617187087,-0.110116940272592,0.0505073805422005,0.116454427879473,0.105858769017205,0.0238160492134668,-0.365077611891001,-0.513652941180561,-0.809131706285916,0.275284944532487,-0.781496228710329,-0.194043390772654,-1.06637283912197,0.569240729120455,0.778692040158992,-0.744557840878165,-0.502860736591885,0.09111241613477,-0.384430661672212,-0.450566132856974,-0.91307775783365,-0.884507014910961,0.279974806517639,0.520757752950237,-0.765088601793289,0.267811002934351,-0.700712293016962,-0.478092879686383,-0.363227763106213,-0.05655327249758,-0.869959568905309,0.0458956535339307,0.365579648756502,0.217271575607211,-0.11637037934533,-0.165530848533927,0.775309017798742,-0.140352229846578,0.270124010864408,-0.422107470456102,-0.710417922831989,-0.593641594754391,-0.321188108216544,0.198017312729102,0.138062211787617,-0.308929581410864,0.470770852935848,0.102335754747078,-0.100546519801622,0.801000458635262,0.0650484699557104,-0.563258747551158,-0.108556464525806,-0.464986607752341,0.381340898765271,-0.329313482725578,0.299739654632917,0.50337975118734,-0.277824863257094,0.655529461963387,0.881655562429869,0.667775255274923,-0.221597108921274,0.352838095461766,-0.209641888898728,-0.36802823483019,0.972859258463052,0.452952722104516,0.312228973690713,-0.200254744835229,0.403483690161891,0.324460155902994,0.931159746367273,0.169667409627838,0.475959982281363
100,"Greensboro","online",1,19,"female","high school",3,3,3,3,1,3,1,2,2,2,2,3,3,1.75,2.25,3,1,3,3,3,4,4,2,4,3,4,5,4,1,4,3,4,3,3,3,4,4,3,3,3,3,4,2,4,3,4,4,3,3,3,4,4,3,3,3,3,4,3,3,4,3,4,4,2,3,3.25,4,3.33333333333333,3.25,4,4.33333333333333,3.25,2.66666666666667,3,2.75,3.33333333333333,2.66666666666667,3,3,3.66666666666667,3.5,3.8,3,2.9,3.2,5,3,5,4,3,5,5,3,4.25,4,3,3,2,3,3,3,2,3,3,2,2,3,3,3,2,2.5,2.8,2.8,2.66666666666667,-0.00878435008169721,0.0570706295846575,0.824002685292926,0.432317261176896,-1.28809346644101,0.531229842661255,-1.24922721863943,-0.27528252477849,-0.119175107217619,0.0134752846364677,-0.308572370239454,0.459548864064687,0.464019641209911,-0.742195136476336,0.00109022203385625,0.401037443966637,-2.0912633412734,-0.247328570040235,0.595013183328095,-0.181861255402253,0.771385813887254,0.410547735301525,-0.913584208927254,0.80015318394099,-0.372344685417831,0.71473559545132,0.903580495404464,0.0235388983535506,-0.874634651813854,0.105070477319677,0.327220614055136,-0.0925616986821026,-0.312442523061309,0.288727972534309,-0.4630970932318,0.72218703060534,0.455097738908036,0.162679416724552,0.0790219646468792,-0.693190617187087,-0.110116940272592,0.0505073805422005,-0.619948571946605,0.864513280307176,-0.829592380935756,1.14437789881218,0.399036169181593,-0.809131706285916,0.275284944532487,-0.781496228710329,1.54426198489904,0.0306135743288604,-0.365009322489452,0.0601564666217247,0.120739109331594,0.269389680317081,0.09111241613477,-0.384430661672212,0.294600933021867,0.021739946615087,0.892773435611063,0.279974806517639,0.520757752950237,-0.765088601793289,-0.660888442725094,0.919213975785692,1.28805779269459,0.370048941756094,-0.732050693996453,0.450332012139219,0.494421358524617,-0.345729170090989,-0.530142644481593,-0.519912823849299,0.126183351751272,0.416832805268141,0.177287027174625,-0.766959245132874,-0.422107470456102,-0.322753320271386,0.968720229481507,-0.0065847220363304,-0.551520050594083,0.25775324216801,-0.619302758996545,0.470770852935848,-0.945387448615864,-0.100546519801622,-0.236439894416433,-0.452930087099021,0.0332960835990834,-0.108556464525806,-0.993939627153151,-0.246921884641114,-0.504134220468786,-0.424350522289298,-0.824554561760857,-0.972387021399831,0,-0.377852383898515,0.0121968083155237,-0.912080854110751,-0.356135647755801,-0.209641888898728,-1.12885583568106,-0.565116775136626,-0.734667219998788,0.312228973690713,-0.200254744835229,-1.51009704626767,-1.13222291062205,-0.572483406296617,-0.636487133355261,-0.858797359333764
101,"Greensboro","online",1,23,"female","Bachelor's degree",3,1,3,3,1,1,1,1,2,3,3,3,2.5,1,2.75,1,5,4,1,4,3,5,2,2,5,2,5,4,1,5,2,5,3,1,5,4,5,2,3,4,3,5,4,2,5,3,5,4,2,3,2,4,5,2,4,2,5,4,3,4,2,4,4,1,5,2,3,2.33333333333333,4.75,4.66666666666667,5,3.75,3,4,1.25,2.33333333333333,2,4.25,4.33333333333333,4.66666666666667,2.4,4.8,3.6,1.8,4.4,2,5,6,7,5,5,5,5,5,5,3,3,3,5,5,1,3,4,4,3,3,4,3,4,3,3.5,3.6,3.2,3.4,-0.00878435008169721,-1.8306501951386,0.824002685292926,0.432317261176896,-1.28809346644101,-1.29620081609346,-1.24922721863943,-1.13304691358103,-0.119175107217619,0.737771833846572,0.46285855535918,0.459548864064687,-0.140612012487852,-1.58500475448203,0.469885696591721,-1.1956857125672,0.92127681533485,0.685577439760651,-0.974653496617187,0.706778969858759,0.00357123061984847,1.33000360082056,-0.913584208927254,-0.830490745417426,1.36796199642638,-1.08255274398767,0.903580495404464,0.0235388983535506,-0.874634651813854,1.0086765822689,-0.530735874016257,0.902476562150498,-0.312442523061309,-1.43561964121226,1.26848334233058,0.72218703060534,1.28430124624048,-0.597670031009767,0.0790219646468792,0.371352116350226,-0.110116940272592,0.955431281923296,0.85285742770555,-0.652795742272766,0.87722447936269,0.389650143460587,1.31172527954375,0.184944390008209,-0.524529421338927,-0.781496228710329,-0.194043390772654,0.0306135743288604,1.50349078073036,-0.658379106915543,0.986036059541353,-0.502860736591885,1.12212133555454,0.433911835946853,0.294600933021867,0.021739946615087,0.0041332103500513,0.279974806517639,0.520757752950237,-1.52663512672642,1.1965104485938,-0.430724581549853,0.228367389266005,-0.729866115537366,1.29444157050017,1.33052639950224,1.39147276850599,0.365579648756502,-0.156435534437191,0.690714509662607,-1.62410184995992,-0.658595832323662,-0.457991486867782,0.96151284819593,1.37498374039661,0.840240487410424,-0.353278237179638,1.56643220886474,0.347924785393739,-1.05884809201632,1.24293630651754,-1.12737230571479,0.102335754747078,0.414155902992397,1.31972063516111,0.583027027010441,0.0332960835990834,-0.108556464525806,0.06396641164847,0.224275202913675,0.195148730504046,-0.424350522289298,-0.824554561760857,-0.277824863257094,1.31105892392677,0.881655562429869,-1.29896008560327,-0.221597108921274,0.352838095461766,0.567478906156901,-0.36802823483019,0.203871241663213,-0.140857248947136,0.312228973690713,0.542068878260879,-0.872236800791147,-0.16110086627202,0.286741252368463,-0.233409861863711,-0.0431123172356308
102,"Greensboro","online",1,21,"male","high school",4,2,1,1,3,0,2,2,0,0,2,2,2,1.75,1,4,4,3,5,3,3,2,4,4,4,3,4,4,2,5,3,3,4,4,3,2,1,1,4,4,3,3,4,5,5,2,4,5,3,4,1,4,3,5,3,4,3,4,4,4,2,4,3,5,4,2.75,2,3.33333333333333,3.75,2.33333333333333,3.33333333333333,3.75,2.66666666666667,4,4.25,4.33333333333333,3.66666666666667,3.5,3.66666666666667,4.66666666666667,2.7,3.2,3.5,4.1,3.9,4,5,5,2,4,6,5,5,4,5,6,6,4,5,3,2,3,3,4,5,2,6,2,6,5,5,3.2,4.4,4.13333333333333,0.935533283700688,-0.886789782776974,-0.871313844257114,-1.25765021433279,0.442782129089096,-2.20991614547082,-0.365727705456939,-0.27528252477849,-1.58332642446264,-1.43511781378374,-0.308572370239454,-0.377764744188768,-0.745243666185615,-0.742195136476336,-1.17089846436081,1.19939902223355,0.168141776182787,-0.247328570040235,2.16467986327338,-0.181861255402253,0.00357123061984847,-1.42836399573656,0.557731183727125,0.80015318394099,0.497808655504274,-0.183908574268176,-0.0394768177603896,0.0235388983535506,0.0208246345669966,1.0086765822689,0.327220614055136,-1.0875999595147,0.537875735903012,1.15090177940759,-0.4630970932318,-0.947385136923134,-2.03251278308928,-1.35801947874409,0.888056364603025,0.371352116350226,-0.110116940272592,-0.854416520838895,0.85285742770555,1.62316779159715,0.87722447936269,-0.365077611891001,0.399036169181593,1.17902048630233,0.275284944532487,0.23681703900313,-1.0631960786085,0.0306135743288604,-0.365009322489452,1.49722761369626,0.120739109331594,1.04164009722605,-0.939896503284995,0.433911835946853,1.03976799890071,0.021739946615087,0.0041332103500513,0.279974806517639,-0.576917902778203,1.51955097300612,0.267811002934351,0.379238552851474,-0.831323014162578,0.370048941756094,-0.05655327249758,-1.75015395626833,-0.851155756447443,0.365579648756502,-0.530142644481593,0.690714509662607,1.87646855346247,1.49226144285994,1.13020479823824,-0.0755704078013522,0.476438134970254,0.840240487410424,0.00726679918249275,-0.950394880576971,0.198017312729102,1.69404560673273,0.467003362553339,-0.0619435332810327,0.102335754747078,-0.100546519801622,-1.27388024746813,0.0650484699557104,0.629850914749325,-0.108556464525806,0.06396641164847,-0.403987580492711,0.195148730504046,1.74792000847735,1.16734690766144,0.416737294885642,1.31105892392677,-0.377852383898515,-0.643381638643875,-0.221597108921274,-0.356135647755801,0.567478906156901,1.15362696687156,-0.565116775136626,1.04676269315617,-0.442032030168873,2.0267161244531,0.403483690161891,1.29558220025302,-0.142871076964077,0.975821952610938,0.772572724862503
103,"Greensboro","online",1,22,"female","Bachelor's degree",0,2,1,1,3,4,3,3,0,0,0,0,1,3.25,0,4,5,5,3,5,4,4,5,4,5,2,5,5,2,5,1,5,5,5,5,1,3,5,2,5,4,5,1,3,5,1,2,5,3,5,1,5,5,4,3,1,5,5,4,5,1,5,5,4,5,1.75,2,2.33333333333333,4.25,4,5,5,5,3.66666666666667,3.75,3.33333333333333,3,5,4.33333333333333,5,2,4.4,4.6,3.4,4.8,5,5,2,6,1,6,6,1,4.5,3.5,6,6,3,3,6,4,6,6,6,6,4,6,3,6,6,5.5,5,5,5.13333333333333,-2.84173725142885,-0.886789782776974,-0.871313844257114,-1.25765021433279,0.442782129089096,1.44494517203861,0.517771807725554,0.582481864024051,-1.58332642446264,-1.43511781378374,-1.85143422143672,-2.05239196069568,-1.95450697358114,0.943424099535061,-2.10848941347654,1.19939902223355,0.92127681533485,1.61848344956154,0.595013183328095,1.59541919511977,0.771385813887254,0.410547735301525,1.29338888005431,0.80015318394099,1.36796199642638,-1.08255274398767,0.903580495404464,1.03571152755623,0.0208246345669966,1.0086765822689,-1.38869236208765,0.902476562150498,1.38819399486733,2.01307558628088,1.26848334233058,-1.78217122068737,-0.374105768424403,1.68337831219319,-0.730012435309267,1.43589484988754,0.706267272093176,0.955431281923296,-1.35635157177268,0.105858769017205,0.87722447936269,-1.11980536724259,-1.42634205154272,1.17902048630233,0.275284944532487,1.25513030671659,-1.0631960786085,1.12759998777969,1.50349078073036,0.778692040158992,0.120739109331594,-1.27511115350085,1.12212133555454,1.25225433356592,1.03976799890071,0.956557651063824,-0.884507014910961,1.33602012934733,1.61843340867868,0.758004448072981,1.1965104485938,-0.700712293016962,-0.831323014162578,-0.729866115537366,0.618944149001293,0.450332012139219,1.39147276850599,2.14385169587523,2.08580712582922,0.287172065158638,1.29304015289207,0.416832805268141,0.494926284195829,1.99859610419321,1.37498374039661,1.22790508997103,-0.834004952329145,0.937225436504311,1.84699951204011,0.856208394069978,1.8636826616889,0.470770852935848,0.102335754747078,-1.64465378818368,0.801000458635262,-1.48888720120848,0.629850914749325,0.4749345323004,-2.05184566595477,-0.0898561887895179,-0.853775695955203,1.74792000847735,1.16734690766144,-0.277824863257094,0,1.51140953559406,0.667775255274923,1.84985412664716,1.7707855818969,2.12172049626816,1.91445456772243,0.972859258463052,1.04676269315617,0.312228973690713,2.0267161244531,1.04134393563841,1.78114322242803,1.79038440503235,1.58043785984826,1.88487050954177
104,"Greensboro","online",1,18,"female","high school",4,4,3,4,1,2,1,1,1,1,3,3,3.75,1.25,2,4,5,2,2,3,4,5,1,2,5,4,3,2,2,4,4,5,2,3,5,4,5,1,2,5,5,3,1,3,5,4,5,2,2,5,4,4,2,3,3,4,4,2,2,2,4,3,2,3,4,4,4,4.33333333333333,4.5,4.66666666666667,3.33333333333333,2,1.33333333333333,1.66666666666667,2.5,2.33333333333333,2.33333333333333,4.25,4.33333333333333,3.66666666666667,4.1,4.2,1.7,2.4,4.1,5,6,6,6,7,7,7,7,5.75,7,5,4,1,2,3,2,1,1,3,1,1,2,2,1,3,2.33333333333333,2.2,1.8,2.13333333333333,0.935533283700688,1.00093104194629,0.824002685292926,1.27730099893174,-1.28809346644101,-0.382485486716104,-1.24922721863943,-1.13304691358103,-0.85125076584013,-0.710821264573636,0.46285855535918,0.459548864064687,1.37096712175655,-1.3040682151468,-0.233307515245076,1.19939902223355,0.92127681533485,-1.18023457984112,-0.189820156644546,-0.181861255402253,0.771385813887254,1.33000360082056,-1.64924190525444,-0.830490745417426,1.36796199642638,0.71473559545132,-0.982534130925243,-2.0008063600518,0.0208246345669966,0.105070477319677,1.18517710212653,0.902476562150498,-1.16276078202563,0.288727972534309,1.26848334233058,0.72218703060534,1.28430124624048,-1.35801947874409,-0.730012435309267,1.43589484988754,1.52265148445894,-0.854416520838895,-1.35635157177268,0.105858769017205,0.87722447936269,1.14437789881218,1.31172527954375,-1.80320780258004,-0.524529421338927,1.25513030671659,1.54426198489904,0.0306135743288604,-1.29925937409936,0.0601564666217247,0.120739109331594,1.04164009722605,0.09111241613477,-1.20277315929128,-0.450566132856974,-1.84789546228239,1.78141366087208,-0.776070516312052,-1.67459355850664,-0.00354207686015419,0.267811002934351,1.72917711018702,1.28805779269459,1.46996399904955,0.956692859750729,1.33052639950224,-0.851155756447443,-2.12400121720972,-2.0249710846592,-2.13408260186517,-0.165530848533927,-0.658595832323662,-0.140352229846578,0.96151284819593,1.37498374039661,-0.322753320271386,1.68981030220577,0.622622050324097,-2.50031719523436,-0.340701909733957,0.77737654013902,0.470770852935848,0.626197356428548,0.414155902992397,0.801000458635262,1.6189841411199,1.22640574589957,1.05842552912661,1.12187245045009,0.695472290468464,1.59371463244971,1.02382983155513,-0.160587405286759,-1.66694917954257,-0.655529461963387,-0.377852383898515,-0.643381638643875,-1.60256459930023,-1.77408313419093,-0.209641888898728,-1.88968343653194,-1.33410479193646,-1.32847719105044,-0.442032030168873,-1.68490199102745,-0.872236800791147,-1.29407658468038,-1.21690190029543,-1.64418031208413,-1.45202284449604
105,"Greensboro","online",1,18,"female","high school",4,1,2,3,2,2,2,2,3,3,3,1,2.5,2,2.5,1,5,4,2,3,3,4,4,3,3,4,4,4,1,5,2,5,2,4,5,2,4,5,2,3,3,4,5,1,3,2,3,4,2,4,1,5,2,1,3,3,4,4,1,5,1,3,4,2,5,1.5,2,3.33333333333333,4,4.33333333333333,4,3.5,3.66666666666667,4.33333333333333,2.5,2,1,4.25,3,4.33333333333333,2.2,4.1,3.8,1.9,3.9,6,5,5,5,5,6,6,6,5.25,5.75,3,2,2,2,2,4,1,1,2,2,2,1,1,2,2,1.83333333333333,1.6,2.2,1.93333333333333,0.935533283700688,-1.8306501951386,-0.0236555794820937,0.432317261176896,-0.422655668675956,-0.382485486716104,-0.365727705456939,-0.27528252477849,0.612900551404893,0.737771833846572,0.46285855535918,-1.21507835244222,-0.140612012487852,-0.461258597141103,0.235487959312789,-1.1956857125672,0.92127681533485,0.685577439760651,-0.189820156644546,-0.181861255402253,0.00357123061984847,0.410547735301525,0.557731183727125,-0.0151687807382178,-0.372344685417831,0.71473559545132,-0.0394768177603896,0.0235388983535506,-0.874634651813854,1.0086765822689,-0.530735874016257,0.902476562150498,-1.16276078202563,1.15090177940759,1.26848334233058,-0.947385136923134,0.455097738908036,1.68337831219319,-0.730012435309267,-0.693190617187087,-0.110116940272592,0.0505073805422005,1.58926042753163,-1.41145025356274,-0.829592380935756,-0.365077611891001,-0.513652941180561,0.184944390008209,-0.524529421338927,0.23681703900313,-1.0631960786085,1.12759998777969,-1.29925937409936,-1.37691468045281,0.120739109331594,0.269389680317081,0.09111241613477,0.433911835946853,-1.19573319873581,0.956557651063824,-0.884507014910961,-0.776070516312052,0.520757752950237,-0.765088601793289,1.1965104485938,-0.970700004484071,-0.831323014162578,0.370048941756094,0.281195438251856,0.890429205820728,0.0458956535339307,0.00992523933275621,0.590978685651612,1.09425695416658,-0.165530848533927,-1.01707204485426,-1.41090925793139,0.96151284819593,-0.422107470456102,0.45257588484982,-0.593641594754391,0.46532035723399,0.647739730723013,-0.939157061635925,0.467003362553339,1.00348523915273,0.102335754747078,-0.100546519801622,0.282280282109415,0.583027027010441,0.629850914749325,0.4749345323004,0.592919431049281,0.381340898765271,0.71961094373367,-0.424350522289298,-1.48852171823496,-0.972387021399831,-0.655529461963387,-1.00760635706271,0.667775255274923,-1.60256459930023,-1.77408313419093,-0.986762683954357,-1.12885583568106,-0.565116775136626,-1.92228716210209,-1.19629303402846,-0.942578367931338,-1.51009704626767,-1.7796376068554,-1.86132039429424,-1.24110304059259,-1.6744824014319
106,"Greensboro","online",1,18,"female","high school",4,4,2,4,4,3,4,4,4,4,4,4,3.5,3.75,4,3,3,2,1,3,3,2,1,4,2,4,5,4,1,4,3,4,2,2,3,3,2,2,2,3,2,5,1,1,5,1,3,3,2,4,2,5,2,1,3,2,5,1,1,5,1,3,3,2,3,2,2.66666666666667,2.66666666666667,3.25,3,5,2.5,1.66666666666667,2,1.75,2.33333333333333,1,3.25,2.66666666666667,4.66666666666667,2.4,3.7,2.1,1.7,3.5,2,4,5,3,1,7,6,7,3.5,5.25,6,5,5,3,6,3,4,5,6,6,3,6,2,6,6,5.16666666666667,4.2,5.2,4.8,0.935533283700688,1.00093104194629,-0.0236555794820937,1.27730099893174,1.30821992685415,0.531229842661255,1.40127132090805,1.44024625282659,1.3449762100274,1.46206838305668,1.23428948095781,1.29686247231814,1.06865129490767,1.50529717820553,1.64187438298638,0.401037443966637,-0.584993262969277,-1.18023457984112,-0.974653496617187,-0.181861255402253,0.00357123061984847,-1.42836399573656,-1.64924190525444,0.80015318394099,-1.24249802633994,0.71473559545132,0.903580495404464,0.0235388983535506,-0.874634651813854,0.105070477319677,0.327220614055136,-0.0925616986821026,-1.16276078202563,-0.573445834338975,-0.4630970932318,-0.112599053158897,-1.20330927575684,-0.597670031009767,-0.730012435309267,-0.693190617187087,-0.92650115263836,0.955431281923296,-1.35635157177268,-1.41145025356274,0.87722447936269,-1.11980536724259,-0.513652941180561,-0.809131706285916,-0.524529421338927,0.23681703900313,-0.194043390772654,1.12759998777969,-1.29925937409936,-1.37691468045281,0.120739109331594,-0.502860736591885,1.12212133555454,-2.02111565691034,-1.19573319873581,0.956557651063824,-0.884507014910961,-0.776070516312052,-0.576917902778203,-0.765088601793289,-0.660888442725094,-0.430724581549853,-0.12486274521019,-0.363227763106213,-0.732050693996453,-0.869959568905309,1.39147276850599,-1.41269239836223,-1.6512639746148,-1.7305401573612,-1.04067344938952,-0.658595832323662,-1.41090925793139,-0.421264826467113,-0.87138027316928,0.840240487410424,-0.353278237179638,-0.163886415126437,-1.90068730457582,-1.17853912239671,-0.153742992618023,-1.12737230571479,-0.421525846934393,-0.100546519801622,-0.75516007094228,-1.48888720120848,1.22640574589957,0.4749345323004,1.12187245045009,-0.718118972195903,0.369969468247254,1.74792000847735,0.50337975118734,1.11129945302838,0,1.51140953559406,0.0121968083155237,0.468886636268203,1.06181183867933,2.12172049626816,1.91445456772243,0.203871241663213,1.04676269315617,-0.442032030168873,2.0267161244531,1.04134393563841,1.45743587431136,0.931159746367273,1.78197649559404,1.51410458131535
107,"Greensboro","online",1,18,"female","high school",4,4,3,2,4,3,4,3,4,3,3,4,3.25,3.5,3.5,1,5,5,2,4,1,2,5,2,5,1,5,5,3,5,2,5,5,1,5,1,4,5,2,4,2,5,5,5,5,1,4,4,5,4,1,4,5,5,5,1,5,3,4,5,1,5,4,1,4,1.25,1,1.33333333333333,4.75,3.33333333333333,5,4.5,5,4.33333333333333,2.25,3,4,4.25,4.66666666666667,5,1.2,4.4,4.6,3,4.6,6,7,7,7,1,5,2,2,6.75,2.5,1,5,4,5,5,3,3,5,3,3,1,5,2,4,2,3.16666666666667,3.6,3.8,3.4,0.935533283700688,1.00093104194629,0.824002685292926,-0.412666476577946,1.30821992685415,0.531229842661255,1.40127132090805,0.582481864024051,1.3449762100274,0.737771833846572,0.46285855535918,1.29686247231814,0.766335468058792,1.22436063887029,1.17307890842852,-1.1956857125672,0.92127681533485,1.61848344956154,-0.189820156644546,0.706778969858759,-1.53205793591496,-1.42836399573656,1.29338888005431,-0.830490745417426,1.36796199642638,-1.98119691370717,0.903580495404464,1.03571152755623,0.916283920947847,1.0086765822689,-0.530735874016257,0.902476562150498,1.38819399486733,-1.43561964121226,1.26848334233058,-1.78217122068737,0.455097738908036,1.68337831219319,-0.730012435309267,0.371352116350226,-0.92650115263836,0.955431281923296,1.58926042753163,1.62316779159715,0.87722447936269,-1.11980536724259,0.399036169181593,0.184944390008209,1.87491367627531,0.23681703900313,-1.0631960786085,0.0306135743288604,1.50349078073036,1.49722761369626,1.85133300975111,-1.27511115350085,1.12212133555454,-0.384430661672212,1.03976799890071,0.956557651063824,-0.884507014910961,1.33602012934733,0.520757752950237,-1.52663512672642,0.267811002934351,-1.24068771595118,-1.89101341759116,-1.82978117283083,1.29444157050017,-0.429862375223799,1.39147276850599,1.43254287702774,2.08580712582922,1.09425695416658,-0.457245048819126,0.0583565927375398,1.44784405525944,0.96151284819593,1.82425654310979,1.22790508997103,-1.79545838262816,0.937225436504311,1.84699951204011,0.377444272548404,1.55330948410322,1.00348523915273,1.15005895811002,0.928858325786415,1.31972063516111,-1.48888720120848,0.0332960835990834,-1.85902945500442,-1.52289264655396,1.32373507387485,-1.55305864692803,-1.87253087613373,0.50337975118734,0.416737294885642,1.31105892392677,0.881655562429869,0.0121968083155237,-0.221597108921274,1.06181183867933,-0.209641888898728,-0.36802823483019,-1.33410479193646,0.452952722104516,-0.442032030168873,0.542068878260879,-1.51009704626767,-0.484808214388696,0.286741252368463,0.371206045373613,-0.0431123172356308
108,"Greensboro","online",1,20,"female","high school",4,4,2,3,3,3,3,4,0,3,4,3,3.25,3.25,2.5,1,4,2,2,5,3,4,4,4,4,3,4,4,1,5,2,4,5,1,5,4,3,2,3,4,3,4,2,4,5,2,4,4,5,4,2,4,2,5,2,1,3,4,4,3,1,3,3,5,4,1.5,3,2.33333333333333,3.75,3.66666666666667,3.66666666666667,3.5,2.66666666666667,3.33333333333333,3.25,4,3,4.5,3.33333333333333,4.33333333333333,2.2,3.7,3.2,3.4,4.1,7,7,7,6,1,5,7,7,6.75,5,6,5,5,5,3,3,6,3,5,5,3,6,1,4,6,5.66666666666667,3,4.6,4.4,0.935533283700688,1.00093104194629,-0.0236555794820937,0.432317261176896,0.442782129089096,0.531229842661255,0.517771807725554,1.44024625282659,-1.58332642446264,0.737771833846572,1.23428948095781,0.459548864064687,0.766335468058792,0.943424099535061,0.235487959312789,-1.1956857125672,0.168141776182787,-1.18023457984112,-0.189820156644546,1.59541919511977,0.00357123061984847,0.410547735301525,0.557731183727125,0.80015318394099,0.497808655504274,-0.183908574268176,-0.0394768177603896,0.0235388983535506,-0.874634651813854,1.0086765822689,-0.530735874016257,-0.0925616986821026,1.38819399486733,-1.43561964121226,1.26848334233058,0.72218703060534,-0.374105768424403,-0.597670031009767,0.0790219646468792,0.371352116350226,-0.110116940272592,0.0505073805422005,-0.619948571946605,0.864513280307176,0.87722447936269,-0.365077611891001,0.399036169181593,0.184944390008209,1.87491367627531,0.23681703900313,-0.194043390772654,0.0306135743288604,-1.29925937409936,1.49722761369626,-0.744557840878165,-1.27511115350085,-0.939896503284995,0.433911835946853,1.03976799890071,-0.91307775783365,-0.884507014910961,-0.776070516312052,-0.576917902778203,1.51955097300612,0.267811002934351,-0.970700004484071,0.228367389266005,-0.729866115537366,-0.05655327249758,0.0102348184577095,-0.402630051456756,0.00992523933275621,-0.530142644481593,-0.11637037934533,0.709611752321671,1.13378523032934,0.494926284195829,1.30720726686169,0.027165332257076,0.45257588484982,-0.593641594754391,-0.163886415126437,-0.251705105264809,0.856208394069978,0.77737654013902,1.53619962536961,1.15005895811002,0.928858325786415,0.801000458635262,-1.48888720120848,0.0332960835990834,1.05842552912661,1.12187245045009,1.32373507387485,0.195148730504046,1.74792000847735,0.50337975118734,1.11129945302838,1.31105892392677,-0.377852383898515,0.0121968083155237,1.84985412664716,-0.356135647755801,1.34459970121253,1.15362696687156,0.203871241663213,1.04676269315617,-1.19629303402846,0.542068878260879,1.04134393563841,1.94299689648637,-0.357677241630347,1.17736058835671,1.06918546744364
109,"Greensboro","online",1,21,"female","high school",4,4,3,3,2,1,1,2,2,2,3,3,3.5,1.5,2.5,4,2,4,5,4,3,3,4,3,4,3,3,5,1,3,2,4,3,4,3,2,2,2,3,3,3,4,2,2,3,1,3,5,2,3,3,4,2,1,2,4,4,4,1,5,1,4,4,2,3,2,2.66666666666667,3.33333333333333,3.25,3,3.66666666666667,4,2.66666666666667,3.66666666666667,3.25,2.33333333333333,1.33333333333333,3.25,3,3.66666666666667,2.6,3.3,3.5,2.4,3.3,3,4,5,1,2,3,3,6,3.25,3.5,2,3,2,2,1,3,2,2,3,2,2,3,2,3,3,2.33333333333333,2,2.8,2.33333333333333,0.935533283700688,1.00093104194629,0.824002685292926,0.432317261176896,-0.422655668675956,-1.29620081609346,-1.24922721863943,-0.27528252477849,-0.119175107217619,0.0134752846364677,0.46285855535918,0.459548864064687,1.06865129490767,-1.02313167581157,0.235487959312789,1.19939902223355,-1.33812830212134,0.685577439760651,2.16467986327338,0.706778969858759,0.00357123061984847,-0.508908130217515,0.557731183727125,-0.0151687807382178,0.497808655504274,-0.183908574268176,-0.982534130925243,1.03571152755623,-0.874634651813854,-0.798535627629547,-0.530735874016257,-0.0925616986821026,-0.312442523061309,1.15090177940759,-0.4630970932318,-0.947385136923134,-1.20330927575684,-0.597670031009767,0.0790219646468792,-0.693190617187087,-0.110116940272592,0.0505073805422005,-0.619948571946605,-0.652795742272766,-0.829592380935756,-1.11980536724259,-0.513652941180561,1.17902048630233,-0.524529421338927,-0.781496228710329,0.675109297063191,0.0306135743288604,-1.29925937409936,-1.37691468045281,-0.744557840878165,1.04164009722605,0.09111241613477,0.433911835946853,-1.19573319873581,0.956557651063824,-0.884507014910961,0.279974806517639,0.520757752950237,-0.765088601793289,-0.660888442725094,-0.430724581549853,-0.12486274521019,0.370048941756094,-0.732050693996453,-0.869959568905309,-0.402630051456756,0.721234058180247,-0.530142644481593,0.287172065158638,0.709611752321671,-0.658595832323662,-1.09327000091019,-0.421264826467113,-0.422107470456102,-0.322753320271386,-0.112914879604884,-0.793093187486865,0.198017312729102,-0.340701909733957,-0.464116170203705,-0.594657919497913,-0.421525846934393,-0.100546519801622,-1.79260042399398,-0.970908644153751,-1.1598135787014,-1.27553845817822,0.592919431049281,-0.8751846680475,-0.853775695955203,-1.14844069921151,-0.824554561760857,-0.972387021399831,-0.655529461963387,-1.6373603302269,0.0121968083155237,-0.912080854110751,-1.06510939097337,-0.209641888898728,-1.12885583568106,-0.565116775136626,-0.734667219998788,-0.442032030168873,-0.200254744835229,-0.872236800791147,-1.29407658468038,-1.4317080649617,-0.636487133355261,-1.22956328756019
110,"Greensboro","online",1,18,"male","high school",3,3,3,2,2,1,1,0,0,0,0,1,2.75,1,0.25,1,4,3,2,3,1,4,4,5,3,4,3,4,2,4,1,5,3,3,3,2,4,3,4,3,1,5,1,5,3,1,4,5,3,5,1,3,4,5,3,2,3,4,4,1,1,3,3,4,2,1,1.33333333333333,2.33333333333333,4,3.66666666666667,3.66666666666667,3.5,3.66666666666667,3,3,4.66666666666667,3.66666666666667,3.25,3,2.66666666666667,1.5,3.8,3.4,3.7,3,1,5,7,5,4,6,4,5,4.5,4.75,3,5,4,1,1,3,2,2,3,3,2,3,3,4,4,2.66666666666667,2.6,3.4,2.86666666666667,-0.00878435008169721,0.0570706295846575,0.824002685292926,-0.412666476577946,-0.422655668675956,-1.29620081609346,-1.24922721863943,-1.99081130238357,-1.58332642446264,-1.43511781378374,-1.85143422143672,-1.21507835244222,0.161703814361029,-1.58500475448203,-1.8740916761976,-1.1956857125672,0.168141776182787,-0.247328570040235,-0.189820156644546,-0.181861255402253,-1.53205793591496,0.410547735301525,0.557731183727125,1.6154751486202,-0.372344685417831,0.71473559545132,-0.982534130925243,0.0235388983535506,0.0208246345669966,0.105070477319677,-1.38869236208765,0.902476562150498,-0.312442523061309,0.288727972534309,-0.4630970932318,-0.947385136923134,0.455097738908036,0.162679416724552,0.888056364603025,-0.693190617187087,-1.74288536500413,0.955431281923296,-1.35635157177268,1.62316779159715,-0.829592380935756,-1.11980536724259,0.399036169181593,1.17902048630233,0.275284944532487,1.25513030671659,-1.0631960786085,-1.06637283912197,0.569240729120455,1.49722761369626,0.120739109331594,-0.502860736591885,-0.939896503284995,0.433911835946853,1.03976799890071,-2.78271316673113,-0.884507014910961,-0.776070516312052,-0.576917902778203,0.758004448072981,-1.58958788838454,-1.51067542741829,-1.53778328311497,-0.729866115537366,0.281195438251856,0.0102348184577095,-0.402630051456756,0.00992523933275621,0.590978685651612,-0.519912823849299,0.417897552036471,1.85073765539055,1.13020479823824,-0.421264826467113,-0.422107470456102,-1.4857471279532,-1.43491334626603,-0.0065847220363304,0.0481098400644648,1.21528148521116,-0.929675936582226,-1.66008669193167,0.102335754747078,0.928858325786415,0.282280282109415,0.0650484699557104,0.629850914749325,-0.692047461352012,0.06396641164847,-0.0898561887895179,0.0203279927608379,-0.424350522289298,0.50337975118734,0.416737294885642,-1.31105892392677,-1.6373603302269,0.0121968083155237,-0.912080854110751,-1.06510939097337,-0.209641888898728,-0.36802823483019,-0.565116775136626,-0.734667219998788,0.312228973690713,0.542068878260879,-0.234376555314628,-0.970369236563709,-0.787289570962887,-0.0318712261179365,-0.636337802397909
111,"Greensboro","online",1,27,"female","Bachelor's degree",3,3,1,0,4,3,4,4,2,3,3,0,1.75,3.75,2,5,4,4,5,4,4,3,5,5,5,4,5,4,2,4,3,2,5,1,5,5,2,2,5,4,5,4,5,1,5,5,5,4,2,5,1,5,5,1,4,3,4,4,1,5,2,5,3,5,4,3.75,3.33333333333333,4,4,3.33333333333333,4.33333333333333,4,4,4.33333333333333,3.25,3.66666666666667,1.33333333333333,4.5,4.33333333333333,4.66666666666667,3.7,3.9,4.1,2.8,4.5,3,5,5,5,1,4,4,5,4.5,3.5,6,6,6,3,6,2,6,6,1,3,1,6,2,3,3,4.5,4.2,3.6,4,-0.00878435008169721,0.0570706295846575,-0.871313844257114,-2.10263395208763,1.30821992685415,0.531229842661255,1.40127132090805,1.44024625282659,-0.119175107217619,0.737771833846572,0.46285855535918,-2.05239196069568,-1.0475594930345,1.50529717820553,-0.233307515245076,1.99776060050047,0.168141776182787,0.685577439760651,2.16467986327338,0.706778969858759,0.771385813887254,-0.508908130217515,1.29338888005431,1.6154751486202,1.36796199642638,0.71473559545132,0.903580495404464,0.0235388983535506,0.0208246345669966,0.105070477319677,0.327220614055136,-2.0826382203473,1.38819399486733,-1.43561964121226,1.26848334233058,1.55697311436958,-1.20330927575684,-0.597670031009767,1.69709076455917,0.371352116350226,1.52265148445894,0.0505073805422005,1.58926042753163,-1.41145025356274,0.87722447936269,1.89910565416376,1.31172527954375,0.184944390008209,-0.524529421338927,1.25513030671659,-1.0631960786085,1.12759998777969,1.50349078073036,-1.37691468045281,0.986036059541353,0.269389680317081,0.09111241613477,0.433911835946853,-1.19573319873581,0.956557651063824,0.0041332103500513,1.33602012934733,-0.576917902778203,1.51955097300612,0.267811002934351,1.45918939871991,0.581597523742199,1.1033256466184,0.281195438251856,-0.429862375223799,0.494421358524617,0.721234058180247,0.964685795696014,1.09425695416658,0.709611752321671,0.775309017798742,-1.09327000091019,1.30720726686169,1.37498374039661,0.840240487410424,1.20908358705626,0.150716971053777,1.09746214871692,0.138062211787617,1.39812289531038,-0.594657919497913,0.102335754747078,-0.100546519801622,0.282280282109415,-1.48888720120848,-0.563258747551158,-0.692047461352012,0.06396641164847,-0.0898561887895179,-0.853775695955203,1.74792000847735,1.16734690766144,1.80586161117111,0,1.51140953559406,-0.643381638643875,1.84985412664716,1.7707855818969,-1.76388347900999,-0.36802823483019,-1.33410479193646,1.04676269315617,-0.442032030168873,-0.200254744835229,-0.872236800791147,0.810021178078007,0.931159746367273,0.169667409627838,0.624266353571932
112,"Greensboro","online",1,20,"male","high school",4,3,3,3,3,2,3,3,3,2,4,3,3.25,2.75,3,2,5,2,2,5,2,4,1,3,2,4,4,5,2,3,2,2,3,3,2,2,2,2,3,4,2,2,2,2,5,2,4,4,2,4,2,3,2,4,4,3,4,2,3,4,1,4,3,5,4,1.75,2,3,3.75,3,3.33333333333333,3,1.66666666666667,3,3,3.33333333333333,2.33333333333333,3.75,3.33333333333333,4,2.2,3.4,2.6,2.9,3.7,5,6,6,6,3,6,5,5,5.75,4.75,4,3,3,4,5,4,3,4,3,4,2,6,3,4,4,4.16666666666667,3.4,4,3.73333333333333,0.935533283700688,0.0570706295846575,0.824002685292926,0.432317261176896,0.442782129089096,-0.382485486716104,0.517771807725554,0.582481864024051,0.612900551404893,0.0134752846364677,1.23428948095781,0.459548864064687,0.766335468058792,0.381551020864595,0.704283433870654,-0.39732413430028,0.92127681533485,-1.18023457984112,-0.189820156644546,1.59541919511977,-0.764243352647557,0.410547735301525,-1.64924190525444,-0.0151687807382178,-1.24249802633994,0.71473559545132,-0.0394768177603896,1.03571152755623,0.0208246345669966,-0.798535627629547,-0.530735874016257,-2.0826382203473,-0.312442523061309,0.288727972534309,-1.32888731101299,-0.947385136923134,-1.20330927575684,-0.597670031009767,0.0790219646468792,0.371352116350226,-0.92650115263836,-1.75934042221999,-0.619948571946605,-0.652795742272766,0.87722447936269,-0.365077611891001,0.399036169181593,0.184944390008209,-0.524529421338927,0.23681703900313,-0.194043390772654,-1.06637283912197,-1.29925937409936,0.778692040158992,0.986036059541353,0.269389680317081,0.09111241613477,-1.20277315929128,0.294600933021867,0.021739946615087,-0.884507014910961,0.279974806517639,-0.576917902778203,1.51955097300612,0.267811002934351,-0.700712293016962,-0.831323014162578,0.00341058932494087,-0.05655327249758,-0.869959568905309,-0.851155756447443,-0.701383579514734,-1.6512639746148,-0.519912823849299,0.417897552036471,0.416832805268141,-0.140352229846578,0.270124010864408,0.027165332257076,0.0649112822892171,-0.593641594754391,-0.635791494396758,-1.15114994125263,0.25775324216801,0.156630184967658,0.470770852935848,0.626197356428548,0.414155902992397,0.801000458635262,-0.452930087099021,0.629850914749325,-0.108556464525806,0.06396641164847,0.695472290468464,0.0203279927608379,0.299739654632917,-0.824554561760857,-0.277824863257094,0.655529461963387,0.881655562429869,0.667775255274923,-0.221597108921274,0.352838095461766,-0.209641888898728,0.392799366020684,-0.565116775136626,1.04676269315617,0.312228973690713,0.542068878260879,-0.234376555314628,0.486313829961332,0.0719350877021927,0.572744681119388,0.327653610990793
113,"Greensboro","online",1,27,"male","high school",4,3,3,2,1,2,0,3,1,1,2,2,3,1.5,1.5,1,4,3,5,1,1,3,4,4,1,3,3,4,4,2,1,3,1,2,1,4,1,3,3,3,2,4,1,4,1,3,3,5,5,3,2,4,3,5,1,3,2,5,3,2,3,3,4,5,3,2,2.33333333333333,2.66666666666667,3.25,2.66666666666667,3,3.25,3.33333333333333,3.33333333333333,4.25,4,3.66666666666667,2,1.66666666666667,1.66666666666667,2.3,3,3.3,4,1.8,2,4,4,4,6,6,5,6,3.5,5.75,4,5,2,4,2,1,5,3,2,4,3,2,5,2,5,4,3.6,1.8,3.26666666666667,0.935533283700688,0.0570706295846575,0.824002685292926,-0.412666476577946,-1.28809346644101,-0.382485486716104,-2.13272673182193,0.582481864024051,-0.85125076584013,-0.710821264573636,-0.308572370239454,-0.377764744188768,0.464019641209911,-1.02313167581157,-0.702102989802941,-1.1956857125672,0.168141776182787,-0.247328570040235,2.16467986327338,-1.95914170592428,-1.53205793591496,-0.508908130217515,0.557731183727125,0.80015318394099,-2.11265136726204,-0.183908574268176,-0.982534130925243,0.0235388983535506,1.8117432073287,-1.70214173257877,-1.38869236208765,-1.0875999595147,-2.01307904098995,-0.573445834338975,-2.19467752879418,0.72218703060534,-2.03251278308928,0.162679416724552,0.0790219646468792,-0.693190617187087,-0.92650115263836,0.0505073805422005,-1.35635157177268,0.864513280307176,-2.5364092412342,0.389650143460587,-0.513652941180561,1.17902048630233,1.87491367627531,-0.781496228710329,-0.194043390772654,0.0306135743288604,-0.365009322489452,1.49722761369626,-1.60985479108792,0.269389680317081,-1.97090542270476,1.25225433356592,0.294600933021867,-1.84789546228239,0.892773435611063,-0.776070516312052,0.520757752950237,1.51955097300612,-0.660888442725094,-0.430724581549853,-0.478092879686383,-0.363227763106213,-0.732050693996453,-1.31005676258682,-1.29968146143813,-0.345729170090989,0.217271575607211,-0.11637037934533,1.87646855346247,1.13378523032934,1.13020479823824,-2.14973691979592,-2.21919868130881,-2.648740935635,-0.473459915967015,-1.26499826675718,-0.101797632600172,1.57435457635234,-2.79191500209631,-1.12737230571479,-0.421525846934393,-0.615248942595641,-0.236439894416433,1.10100558406517,0.629850914749325,-0.108556464525806,0.592919431049281,-0.718118972195903,0.71961094373367,0.299739654632917,0.50337975118734,-0.972387021399831,0.655529461963387,-1.00760635706271,-1.29896008560327,1.15937038145768,-0.356135647755801,-0.986762683954357,0.392799366020684,0.203871241663213,-1.32847719105044,1.82075098140988,-0.942578367931338,0.403483690161891,0.324460155902994,0.286741252368463,-1.64418031208413,-0.1914186885262
114,"Greensboro","online",1,22,"male","high school",4,4,4,4,1,1,0,1,2,2,2,3,4,0.75,2.25,1,2,2,3,4,3,2,3,3,2,2,4,1,2,4,2,4,3,3,2,2,4,2,3,3,3,4,4,4,4,1,4,4,2,1,3,4,3,2,4,1,2,2,3,4,1,3,3,3,3,1.25,2.66666666666667,2,3.25,3.33333333333333,3.33333333333333,3,2.66666666666667,2.33333333333333,2.75,2.66666666666667,3,2.5,3,4,1.9,3.3,2.7,2.8,3.1,2,5,6,4,7,5,6,7,4.25,6.25,5,5,1,1,4,1,1,1,1,1,1,1,2,2,5,2.33333333333333,2.6,1.2,2.13333333333333,0.935533283700688,1.00093104194629,1.67166095006795,1.27730099893174,-1.28809346644101,-1.29620081609346,-2.13272673182193,-1.13304691358103,-0.119175107217619,0.0134752846364677,-0.308572370239454,0.459548864064687,1.67328294860544,-1.86594129381727,0.00109022203385625,-1.1956857125672,-1.33812830212134,-1.18023457984112,0.595013183328095,0.706778969858759,0.00357123061984847,-1.42836399573656,-0.177926512600065,-0.0151687807382178,-1.24249802633994,-1.08255274398767,-0.0394768177603896,-3.01297898925448,0.0208246345669966,0.105070477319677,-0.530735874016257,-0.0925616986821026,-0.312442523061309,0.288727972534309,-1.32888731101299,-0.947385136923134,0.455097738908036,-0.597670031009767,0.0790219646468792,-0.693190617187087,-0.110116940272592,0.0505073805422005,0.85285742770555,0.864513280307176,0.0238160492134668,-1.11980536724259,0.399036169181593,0.184944390008209,-0.524529421338927,-2.81812276413725,0.675109297063191,0.0306135743288604,-0.365009322489452,-0.658379106915543,0.986036059541353,-1.27511115350085,-1.97090542270476,-1.20277315929128,0.294600933021867,0.021739946615087,-0.884507014910961,-0.776070516312052,-0.576917902778203,-0.00354207686015419,-0.660888442725094,-1.24068771595118,-0.12486274521019,-1.09650446796852,-0.732050693996453,-0.429862375223799,-0.851155756447443,-0.701383579514734,-0.530142644481593,-1.32699771285724,0.126183351751272,-0.300119619793061,0.494926284195829,-1.4583480824644,-0.422107470456102,0.0649112822892171,-0.954186631116522,-0.793093187486865,-1.00124246858799,0.138062211787617,-0.774489347789386,-1.12737230571479,0.102335754747078,0.414155902992397,-0.236439894416433,1.6189841411199,0.0332960835990834,0.4749345323004,1.12187245045009,-0.246921884641114,1.06925241922009,1.02382983155513,0.50337975118734,-1.66694917954257,-1.31105892392677,0.251901589265677,-1.29896008560327,-1.60256459930023,-1.77408313419093,-1.76388347900999,-1.88968343653194,-1.33410479193646,-1.92228716210209,-0.442032030168873,-0.942578367931338,0.403483690161891,-1.29407658468038,-0.787289570962887,-2.24879621932146,-1.45202284449604
115,"Greensboro","online",1,19,"female","high school",3,3,3,3,2,2,2,2,3,3,2,2,3,2,2.5,3,4,3,4,3,3,2,3,4,3,4,4,3,2,3,3,4,3,4,3,3,4,2,3,3,3,5,3,3,3,3,4,3,2,4,3,5,3,2,3,2,4,3,3,4,3,3,3,2,3,3,3,3,3.75,3.66666666666667,4.33333333333333,3,2.66666666666667,3,3,3,2.66666666666667,3.25,3,3.33333333333333,3,3.9,2.9,2.9,3.2,5,4,7,5,5,5,5,5,5.25,5,3,3,3,3,3,4,3,3,3,3,3,5,3,3,5,3.66666666666667,3,3.6,3.33333333333333,-0.00878435008169721,0.0570706295846575,0.824002685292926,0.432317261176896,-0.422655668675956,-0.382485486716104,-0.365727705456939,-0.27528252477849,0.612900551404893,0.737771833846572,-0.308572370239454,-0.377764744188768,0.464019641209911,-0.461258597141103,0.235487959312789,0.401037443966637,0.168141776182787,-0.247328570040235,1.37984652330074,-0.181861255402253,0.00357123061984847,-1.42836399573656,-0.177926512600065,0.80015318394099,-0.372344685417831,0.71473559545132,-0.0394768177603896,-0.988633730849125,0.0208246345669966,-0.798535627629547,0.327220614055136,-0.0925616986821026,-0.312442523061309,1.15090177940759,-0.4630970932318,-0.112599053158897,0.455097738908036,-0.597670031009767,0.0790219646468792,-0.693190617187087,-0.110116940272592,0.955431281923296,0.116454427879473,0.105858769017205,-0.829592380935756,0.389650143460587,0.399036169181593,-0.809131706285916,-0.524529421338927,0.23681703900313,0.675109297063191,1.12759998777969,-0.365009322489452,-0.658379106915543,0.120739109331594,-0.502860736591885,0.09111241613477,-0.384430661672212,0.294600933021867,0.021739946615087,0.892773435611063,-0.776070516312052,-0.576917902778203,-0.765088601793289,-0.660888442725094,0.649226264318583,0.228367389266005,0.00341058932494087,-0.05655327249758,0.0102348184577095,0.494421358524617,-0.701383579514734,-0.530142644481593,-0.519912823849299,0.417897552036471,0.0583565927375398,0.177287027174625,-0.421264826467113,-0.422107470456102,-0.710417922831989,0.367811835544623,0.150716971053777,-0.70142752325872,0.25775324216801,-0.619302758996545,0.470770852935848,-0.421525846934393,0.928858325786415,0.282280282109415,0.583027027010441,0.0332960835990834,-0.108556464525806,0.06396641164847,0.381340898765271,0.195148730504046,-0.424350522289298,-0.824554561760857,-0.277824863257094,0,-0.377852383898515,0.667775255274923,-0.221597108921274,-0.356135647755801,-0.209641888898728,-0.36802823483019,0.203871241663213,0.452952722104516,0.312228973690713,-0.200254744835229,0.403483690161891,0.000752807786317938,-0.357677241630347,0.169667409627838,-0.117265502880915
116,"Greensboro","online",1,21,"female","high school",3,3,3,3,2,4,4,3,3,3,3,2,3,3.25,2.75,2,3,3,1,3,2,3,5,2,3,2,3,4,2,3,2,4,4,3,3,2,4,3,2,4,2,4,3,4,3,3,3,2,2,4,1,3,3,3,3,1,3,4,3,4,1,3,3,3,3,2,1.66666666666667,1.66666666666667,3.25,3.33333333333333,3.33333333333333,3,3.66666666666667,3.66666666666667,2.25,2.33333333333333,3,3.25,3.33333333333333,3.33333333333333,1.8,3.3,3.4,2.5,3.3,5,6,7,7,2,5,5,6,6.25,4.5,4,4,4,3,3,5,2,3,3,3,3,6,3,3,5,3.83333333333333,3.2,4.2,3.6,-0.00878435008169721,0.0570706295846575,0.824002685292926,0.432317261176896,-0.422655668675956,1.44494517203861,1.40127132090805,0.582481864024051,0.612900551404893,0.737771833846572,0.46285855535918,-0.377764744188768,0.464019641209911,0.943424099535061,0.469885696591721,-0.39732413430028,-0.584993262969277,-0.247328570040235,-0.974653496617187,-0.181861255402253,-0.764243352647557,-0.508908130217515,1.29338888005431,-0.830490745417426,-0.372344685417831,-1.08255274398767,-0.982534130925243,0.0235388983535506,0.0208246345669966,-0.798535627629547,-0.530735874016257,-0.0925616986821026,0.537875735903012,0.288727972534309,-0.4630970932318,-0.947385136923134,0.455097738908036,0.162679416724552,-0.730012435309267,0.371352116350226,-0.92650115263836,0.0505073805422005,0.116454427879473,0.864513280307176,-0.829592380935756,0.389650143460587,-0.513652941180561,-1.80320780258004,-0.524529421338927,0.23681703900313,-1.0631960786085,-1.06637283912197,-0.365009322489452,0.0601564666217247,0.120739109331594,-1.27511115350085,-0.939896503284995,0.433911835946853,0.294600933021867,0.021739946615087,-0.884507014910961,-0.776070516312052,-0.576917902778203,-0.00354207686015419,-0.660888442725094,-0.430724581549853,-1.18455314863877,-1.46314282039967,-0.732050693996453,-0.429862375223799,-0.851155756447443,-0.701383579514734,0.590978685651612,0.287172065158638,-0.457245048819126,-0.658595832323662,0.494926284195829,-0.421264826467113,0.027165332257076,-0.710417922831989,-1.0743683099039,-0.793093187486865,0.0481098400644648,-0.221010879353564,-0.464116170203705,0.470770852935848,0.626197356428548,0.928858325786415,1.31972063516111,-0.970908644153751,0.0332960835990834,-0.108556464525806,0.592919431049281,1.00960368217166,-0.15449274498237,0.299739654632917,-0.160587405286759,0.416737294885642,0,-0.377852383898515,1.32335370223432,-0.912080854110751,-0.356135647755801,-0.209641888898728,-0.36802823483019,0.203871241663213,1.04676269315617,0.312228973690713,-0.200254744835229,0.403483690161891,0.162606481844656,-0.142871076964077,0.774283316865163,0.179347239700224
117,"Greensboro","online",1,18,"female","high school",0,2,0,0,4,1,4,4,0,0,0,0,0.5,3.25,0,5,5,2,5,4,5,5,4,4,5,5,5,5,4,5,4,5,4,1,5,5,5,4,5,5,2,5,5,5,5,5,5,4,5,5,3,5,2,5,2,4,5,5,5,5,3,5,5,5,5,4.25,4.33333333333333,3.66666666666667,5,5,5,3.75,3.33333333333333,5,4,4.66666666666667,4.66666666666667,4.75,4,5,4.1,5,4,4.4,4.6,1,2,4,1,1,1,3,3,2,2,5,6,6,6,6,6,6,6,6,6,6,6,6,6,6,5.83333333333333,6,6,5.93333333333333,-2.84173725142885,-0.886789782776974,-1.71897210903213,-2.10263395208763,1.30821992685415,-1.29620081609346,1.40127132090805,1.44024625282659,-1.58332642446264,-1.43511781378374,-1.85143422143672,-2.05239196069568,-2.5591386272789,0.943424099535061,-2.10848941347654,1.99776060050047,0.92127681533485,-1.18023457984112,2.16467986327338,0.706778969858759,1.53920039715466,1.33000360082056,0.557731183727125,0.80015318394099,1.36796199642638,1.61337976517082,0.903580495404464,1.03571152755623,1.8117432073287,1.0086765822689,1.18517710212653,0.902476562150498,0.537875735903012,-1.43561964121226,1.26848334233058,1.55697311436958,1.28430124624048,0.92302886445887,1.69709076455917,1.43589484988754,-0.92650115263836,0.955431281923296,1.58926042753163,1.62316779159715,0.87722447936269,1.89910565416376,1.31172527954375,0.184944390008209,1.87491367627531,1.25513030671659,0.675109297063191,1.12759998777969,-1.29925937409936,1.49722761369626,-0.744557840878165,1.04164009722605,1.12212133555454,1.25225433356592,1.78493506477955,0.956557651063824,0.892773435611063,1.33602012934733,1.61843340867868,1.51955097300612,1.1965104485938,1.99916482165413,1.64128792717078,0.736687294187248,1.6321902812496,1.77062359318375,1.39147276850599,0.365579648756502,0.217271575607211,1.90134184317451,1.58475435317727,1.85073765539055,2.08312256930185,1.65290168552745,0.925710937683432,1.22790508997103,1.68981030220577,1.88103559504495,0.947554676052287,2.05311869787391,1.55330948410322,-1.66008669193167,-1.46924905029733,-0.615248942595641,-1.79260042399398,-1.48888720120848,-2.35292324100188,-1.27553845817822,-0.993939627153151,-1.66051314730548,-1.90270012241445,1.02382983155513,1.16734690766144,1.80586161117111,1.96658838589016,1.51140953559406,1.97893214919372,1.84985412664716,1.7707855818969,2.12172049626816,1.91445456772243,2.51083529206273,1.04676269315617,2.57501198526947,2.0267161244531,1.04134393563841,2.10485057054471,2.8644152283637,2.58813103857714,2.77470873728519
118,"Greensboro","online",1,21,"female","other",3,2,2,3,4,4,3,4,0,2,0,2,2.5,3.75,1,5,5,2,1,3,5,5,5,4,5,5,5,5,3,1,5,5,5,1,1,5,5,5,3,5,5,5,4,4,4,2,5,5,1,5,5,5,5,5,3,5,5,3,1,5,1,2,5,4,5,3.25,5,5,4.25,5,5,4.25,5,4,1.75,4,2.66666666666667,3.5,4.33333333333333,3.33333333333333,4.3,4.7,4.4,2.7,3.7,4,1,1,1,4,1,1,1,1.75,1.75,6,6,6,5,5,3,6,5,2,3,3,6,4,4,6,5.33333333333333,4.6,4.2,4.66666666666667,-0.00878435008169721,-0.886789782776974,-0.0236555794820937,0.432317261176896,1.30821992685415,1.44494517203861,0.517771807725554,1.44024625282659,-1.58332642446264,0.0134752846364677,-1.85143422143672,-0.377764744188768,-0.140612012487852,1.50529717820553,-1.17089846436081,1.99776060050047,0.92127681533485,-1.18023457984112,-0.974653496617187,-0.181861255402253,1.53920039715466,1.33000360082056,1.29338888005431,0.80015318394099,1.36796199642638,1.61337976517082,0.903580495404464,1.03571152755623,0.916283920947847,-2.605747837528,2.04313359019792,0.902476562150498,1.38819399486733,-1.43561964121226,-2.19467752879418,1.55697311436958,1.28430124624048,1.68337831219319,0.0790219646468792,1.43589484988754,1.52265148445894,0.955431281923296,0.85285742770555,0.864513280307176,0.0238160492134668,-0.365077611891001,1.31172527954375,1.17902048630233,-1.32434378721034,1.25513030671659,2.41341467273488,1.12759998777969,1.50349078073036,1.49722761369626,0.120739109331594,1.81389051413501,1.12212133555454,-0.384430661672212,-1.19573319873581,0.956557651063824,-0.884507014910961,-1.83211583914174,1.61843340867868,0.758004448072981,1.1965104485938,0.919213975785692,2.34774819612317,2.20324070391186,0.618944149001293,1.77062359318375,1.39147276850599,1.07688846760399,2.08580712582922,0.690714509662607,-1.04067344938952,1.13378523032934,0.177287027174625,-0.0755704078013522,1.37498374039661,-0.710417922831989,1.93017365978052,1.40913051577463,1.54718456671084,0.0183711814072236,0.156630184967658,-0.0619435332810327,-1.9931106519788,-2.1593562109777,-1.79260042399398,0.0650484699557104,-2.35292324100188,-2.44252045183063,-2.05184566595477,-1.81757884315708,-2.07752086015766,1.74792000847735,1.16734690766144,1.80586161117111,1.31105892392677,0.881655562429869,0.0121968083155237,1.84985412664716,1.06181183867933,-0.986762683954357,-0.36802823483019,0.203871241663213,1.04676269315617,1.0664899775503,0.542068878260879,1.04134393563841,1.6192895483697,1.36077207569981,0.774283316865163,1.36579821002478
119,"Greensboro","online",1,22,"female","high school",3,3,1,1,4,1,4,3,2,0,0,3,2,3,1.25,1,5,2,1,4,2,5,4,2,5,2,5,5,1,3,1,4,4,2,5,2,5,2,2,4,2,5,3,2,2,1,5,5,2,5,1,4,4,2,4,1,4,2,2,4,1,3,5,4,3,1,1.66666666666667,1.66666666666667,4.25,4.66666666666667,4.66666666666667,4,3.33333333333333,3.33333333333333,2.25,2,1.66666666666667,4.25,4.33333333333333,3,1.4,4.5,3.6,2,3.9,1,1,1,2,6,5,5,1,1.25,4.25,3,6,5,5,6,3,5,5,6,6,4,6,2,5,6,5.16666666666667,4.6,5,4.86666666666667,-0.00878435008169721,0.0570706295846575,-0.871313844257114,-1.25765021433279,1.30821992685415,-1.29620081609346,1.40127132090805,0.582481864024051,-0.119175107217619,-1.43511781378374,-1.85143422143672,0.459548864064687,-0.745243666185615,0.662487560199828,-0.936500727081874,-1.1956857125672,0.92127681533485,-1.18023457984112,-0.974653496617187,0.706778969858759,-0.764243352647557,1.33000360082056,0.557731183727125,-0.830490745417426,1.36796199642638,-1.08255274398767,0.903580495404464,1.03571152755623,-0.874634651813854,-0.798535627629547,-1.38869236208765,-0.0925616986821026,0.537875735903012,-0.573445834338975,1.26848334233058,-0.947385136923134,1.28430124624048,-0.597670031009767,-0.730012435309267,0.371352116350226,-0.92650115263836,0.955431281923296,0.116454427879473,-0.652795742272766,-1.68300081108498,-1.11980536724259,1.31172527954375,1.17902048630233,-0.524529421338927,1.25513030671659,-1.0631960786085,0.0306135743288604,0.569240729120455,-0.658379106915543,0.986036059541353,-1.27511115350085,0.09111241613477,-1.20277315929128,-0.450566132856974,0.021739946615087,-0.884507014910961,-0.776070516312052,1.61843340867868,0.758004448072981,-0.660888442725094,-1.51067542741829,-1.18455314863877,-1.46314282039967,0.618944149001293,1.33052639950224,0.942947063515305,0.721234058180247,0.217271575607211,-0.11637037934533,-0.457245048819126,-1.01707204485426,-0.775630743888986,0.96151284819593,1.37498374039661,-1.09808252539259,-1.55509502505341,1.09452712959442,0.347924785393739,-0.819466031255531,0.467003362553339,-1.66008669193167,-1.9931106519788,-2.1593562109777,-1.27388024746813,1.10100558406517,0.0332960835990834,-0.108556464525806,-2.05184566595477,-2.13171023486027,-0.329313482725578,-0.424350522289298,1.16734690766144,1.11129945302838,1.31105892392677,1.51140953559406,0.0121968083155237,1.15937038145768,1.06181183867933,2.12172049626816,1.91445456772243,0.972859258463052,1.04676269315617,-0.442032030168873,1.28439250135699,1.04134393563841,1.45743587431136,1.36077207569981,1.58043785984826,1.58825776696063
120,"Greensboro","online",1,19,"male","high school",3,0,4,1,1,0,0,0,1,1,1,2,2,0.25,1.25,3,3,2,3,4,2,4,2,5,5,4,4,4,5,2,2,4,2,4,3,3,3,2,4,3,2,5,2,5,2,3,3,4,4,5,1,4,4,5,4,2,4,4,5,3,1,3,4,5,3,2.25,2,2.66666666666667,3.25,3.66666666666667,4.33333333333333,3,2.66666666666667,3.33333333333333,4,4.66666666666667,5,3.75,4,2.33333333333333,2.3,3.7,3,4.5,3.4,1,7,4,4,7,4,6,7,4,6,2,6,3,3,1,1,2,3,2,3,1,2,5,3,3,2.5,3.2,2.2,2.66666666666667,-0.00878435008169721,-2.77451060750024,1.67166095006795,-1.25765021433279,-1.28809346644101,-2.20991614547082,-2.13272673182193,-1.99081130238357,-0.85125076584013,-0.710821264573636,-1.08000329583809,-0.377764744188768,-0.745243666185615,-2.42781437248773,-0.936500727081874,0.401037443966637,-0.584993262969277,-1.18023457984112,0.595013183328095,0.706778969858759,-0.764243352647557,0.410547735301525,-0.913584208927254,1.6154751486202,1.36796199642638,0.71473559545132,-0.0394768177603896,0.0235388983535506,2.70720249370955,-1.70214173257877,-0.530735874016257,-0.0925616986821026,-1.16276078202563,1.15090177940759,-0.4630970932318,-0.112599053158897,-0.374105768424403,-0.597670031009767,0.888056364603025,-0.693190617187087,-0.92650115263836,0.955431281923296,-0.619948571946605,1.62316779159715,-1.68300081108498,0.389650143460587,-0.513652941180561,0.184944390008209,1.0750993104039,1.25513030671659,-1.0631960786085,0.0306135743288604,0.569240729120455,1.49722761369626,0.986036059541353,-0.502860736591885,0.09111241613477,0.433911835946853,1.78493506477955,-0.91307775783365,-0.884507014910961,-0.776070516312052,0.520757752950237,1.51955097300612,-0.660888442725094,-0.160736870082744,-0.831323014162578,-0.363227763106213,-0.732050693996453,0.0102348184577095,0.494421358524617,-0.701383579514734,-0.530142644481593,-0.11637037934533,1.58475435317727,1.85073765539055,2.40076182632305,0.270124010864408,0.925710937683432,-1.8734117305138,-0.473459915967015,-0.163886415126437,-0.551520050594083,2.17280972825431,-0.308929581410864,-1.66008669193167,1.15005895811002,-0.615248942595641,-0.236439894416433,1.6189841411199,-0.563258747551158,0.4749345323004,1.12187245045009,-0.403987580492711,0.894431681476878,-1.14844069921151,1.16734690766144,-0.277824863257094,0,-1.6373603302269,-1.29896008560327,-0.912080854110751,-0.356135647755801,-0.986762683954357,-0.36802823483019,-1.33410479193646,-1.32847719105044,1.82075098140988,-0.200254744835229,-0.872236800791147,-1.13222291062205,-0.142871076964077,-1.24110304059259,-0.858797359333764
121,"Greensboro","online",1,18,"male","some high school",4,3,3,3,2,3,2,2,2,1,3,2,3.25,2.25,2,2,2,3,1,4,2,4,2,3,3,4,4,3,1,4,3,4,2,3,4,4,4,2,3,3,4,4,2,4,2,3,3,2,4,3,2,4,3,4,4,2,4,3,4,3,2,4,3,2,4,2.5,2.66666666666667,3.33333333333333,3.25,4,4,2.5,2.33333333333333,2.66666666666667,2.5,3.33333333333333,3,3.75,3.33333333333333,3,2.8,3.7,2.5,2.9,3.4,4,5,5,6,4,6,6,6,5,5.5,3,3,2,2,2,2,2,1,2,3,3,2,3,3,2,2.33333333333333,2.4,2.2,2.33333333333333,0.935533283700688,0.0570706295846575,0.824002685292926,0.432317261176896,-0.422655668675956,0.531229842661255,-0.365727705456939,-0.27528252477849,-0.119175107217619,-0.710821264573636,0.46285855535918,-0.377764744188768,0.766335468058792,-0.18032205780587,-0.233307515245076,-0.39732413430028,-1.33812830212134,-0.247328570040235,-0.974653496617187,0.706778969858759,-0.764243352647557,0.410547735301525,-0.913584208927254,-0.0151687807382178,-0.372344685417831,0.71473559545132,-0.0394768177603896,-0.988633730849125,-0.874634651813854,0.105070477319677,0.327220614055136,-0.0925616986821026,-1.16276078202563,0.288727972534309,0.402693124549392,0.72218703060534,0.455097738908036,-0.597670031009767,0.0790219646468792,-0.693190617187087,0.706267272093176,0.0505073805422005,-0.619948571946605,0.864513280307176,-1.68300081108498,0.389650143460587,-0.513652941180561,-1.80320780258004,1.0750993104039,-0.781496228710329,-0.194043390772654,0.0306135743288604,-0.365009322489452,0.778692040158992,0.986036059541353,-0.502860736591885,0.09111241613477,-0.384430661672212,1.03976799890071,-0.91307775783365,0.0041332103500513,0.279974806517639,-0.576917902778203,-0.765088601793289,0.267811002934351,0.109250841384365,-0.12486274521019,0.370048941756094,-0.732050693996453,0.450332012139219,0.0458956535339307,-1.41269239836223,-0.903849754525995,-0.923455268353268,-0.165530848533927,0.416832805268141,0.494926284195829,0.270124010864408,0.027165332257076,-1.09808252539259,0.127448477969869,-0.163886415126437,-1.30105741391727,0.25775324216801,-0.308929581410864,-0.0619435332810327,0.102335754747078,-0.100546519801622,0.801000458635262,0.0650484699557104,0.629850914749325,0.4749345323004,0.592919431049281,0.224275202913675,0.544790205990462,-0.424350522289298,-0.824554561760857,-0.972387021399831,-0.655529461963387,-1.00760635706271,-0.643381638643875,-0.912080854110751,-1.77408313419093,-0.986762683954357,-0.36802823483019,0.203871241663213,-1.32847719105044,0.312228973690713,-0.200254744835229,-1.51009704626767,-1.29407658468038,-1.00209573562916,-1.24110304059259,-1.22956328756019
122,"Greensboro","online",1,20,"male","high school",3,3,1,3,3,2,3,3,1,2,2,2,2.5,2.75,1.75,3,5,3,2,4,3,4,3,3,4,4,2,4,2,4,3,4,4,2,4,4,4,2,3,3,5,5,2,2,4,3,4,4,1,3,2,4,3,2,4,3,4,2,2,4,2,4,4,2,4,2.75,3,4,4.25,4,3.66666666666667,3.75,2.66666666666667,2.66666666666667,1.75,2.66666666666667,2,3.75,3.66666666666667,4,3.2,4,3.1,2.1,3.8,5,5,5,5,3,5,5,5,5,4.5,3,5,2,4,4,2,4,3,4,3,3,4,2,4,6,4,3.4,3.2,3.53333333333333,-0.00878435008169721,0.0570706295846575,-0.871313844257114,0.432317261176896,0.442782129089096,-0.382485486716104,0.517771807725554,0.582481864024051,-0.85125076584013,0.0134752846364677,-0.308572370239454,-0.377764744188768,-0.140612012487852,0.381551020864595,-0.467705252524009,0.401037443966637,0.92127681533485,-0.247328570040235,-0.189820156644546,0.706778969858759,0.00357123061984847,0.410547735301525,-0.177926512600065,-0.0151687807382178,0.497808655504274,0.71473559545132,-1.9255914440901,0.0235388983535506,0.0208246345669966,0.105070477319677,0.327220614055136,-0.0925616986821026,0.537875735903012,-0.573445834338975,0.402693124549392,0.72218703060534,0.455097738908036,-0.597670031009767,0.0790219646468792,-0.693190617187087,1.52265148445894,0.955431281923296,-0.619948571946605,-0.652795742272766,0.0238160492134668,0.389650143460587,0.399036169181593,0.184944390008209,-1.32434378721034,-0.781496228710329,-0.194043390772654,0.0306135743288604,-0.365009322489452,-0.658379106915543,0.986036059541353,0.269389680317081,0.09111241613477,-1.20277315929128,-0.450566132856974,0.021739946615087,0.0041332103500513,0.279974806517639,0.520757752950237,-0.765088601793289,0.267811002934351,0.379238552851474,0.228367389266005,1.1033256466184,0.618944149001293,0.450332012139219,-0.402630051456756,0.365579648756502,-0.530142644481593,-0.923455268353268,-1.04067344938952,-0.300119619793061,-0.457991486867782,0.270124010864408,0.476438134970254,0.0649112822892171,0.608175193119377,0.308018664143884,-0.401612577929446,-0.699775000875138,0.311816773760498,0.470770852935848,0.102335754747078,-0.100546519801622,0.282280282109415,-0.452930087099021,0.0332960835990834,-0.108556464525806,0.06396641164847,0.224275202913675,-0.15449274498237,-0.424350522289298,0.50337975118734,-0.972387021399831,0.655529461963387,0.251901589265677,-0.643381638643875,0.468886636268203,-0.356135647755801,0.567478906156901,-0.36802823483019,0.203871241663213,-0.140857248947136,-0.442032030168873,0.542068878260879,1.04134393563841,0.324460155902994,0.0719350877021927,-0.233409861863711,0.105194054054939
123,"Greensboro","online",1,21,"female","high school",4,4,3,3,2,2,2,2,3,3,3,3,3.5,2,3,3,5,2,1,4,1,5,1,4,3,3,5,3,1,5,1,5,1,3,3,2,5,1,3,4,2,5,5,1,3,3,5,1,1,5,1,5,3,1,3,2,5,2,1,3,1,4,3,2,5,2,1.33333333333333,2.33333333333333,4.75,5,5,1.75,1.66666666666667,3.33333333333333,1.75,2.66666666666667,1,4.25,3.33333333333333,3.66666666666667,1.9,4.9,2.2,1.8,3.8,7,6,7,7,4,7,7,4,6.75,5.5,5,3,3,4,6,2,3,2,3,3,3,4,3,3,5,4,3.4,3,3.46666666666667,0.935533283700688,1.00093104194629,0.824002685292926,0.432317261176896,-0.422655668675956,-0.382485486716104,-0.365727705456939,-0.27528252477849,0.612900551404893,0.737771833846572,0.46285855535918,0.459548864064687,1.06865129490767,-0.461258597141103,0.704283433870654,0.401037443966637,0.92127681533485,-1.18023457984112,-0.974653496617187,0.706778969858759,-1.53205793591496,1.33000360082056,-1.64924190525444,0.80015318394099,-0.372344685417831,-0.183908574268176,0.903580495404464,-0.988633730849125,-0.874634651813854,1.0086765822689,-1.38869236208765,0.902476562150498,-2.01307904098995,0.288727972534309,-0.4630970932318,-0.947385136923134,1.28430124624048,-1.35801947874409,0.0790219646468792,0.371352116350226,-0.92650115263836,0.955431281923296,1.58926042753163,-1.41145025356274,-0.829592380935756,0.389650143460587,1.31172527954375,-2.79728389887417,-1.32434378721034,1.25513030671659,-1.0631960786085,1.12759998777969,-0.365009322489452,-1.37691468045281,0.120739109331594,-0.502860736591885,1.12212133555454,-1.20277315929128,-1.19573319873581,-0.91307775783365,-0.884507014910961,0.279974806517639,-0.576917902778203,-0.765088601793289,1.1965104485938,-0.430724581549853,-1.53778328311497,-0.729866115537366,1.29444157050017,1.77062359318375,1.39147276850599,-2.47965562663346,-1.6512639746148,-0.11637037934533,-1.04067344938952,-0.300119619793061,-1.41090925793139,0.96151284819593,0.027165332257076,-0.322753320271386,-0.954186631116522,1.72373390195485,-1.75077983191118,-1.05884809201632,0.311816773760498,1.53619962536961,0.626197356428548,0.928858325786415,1.31972063516111,0.0650484699557104,1.22640574589957,1.05842552912661,-0.464986607752341,1.32373507387485,0.544790205990462,1.02382983155513,-0.824554561760857,-0.277824863257094,0.655529461963387,1.51140953559406,-0.643381638643875,-0.221597108921274,-1.06510939097337,-0.209641888898728,-0.36802823483019,0.203871241663213,-0.140857248947136,0.312228973690713,-0.200254744835229,0.403483690161891,0.324460155902994,0.0719350877021927,-0.434948497609486,0.0310408684096543
124,"Greensboro","online",1,19,"female","high school",3,4,1,4,3,3,3,3,4,4,4,1,3,3,3.25,1,2,3,3,4,3,4,4,2,4,3,4,4,2,5,4,4,4,5,4,4,4,3,5,3,4,4,4,4,5,2,5,4,3,3,2,4,4,3,3,1,4,3,2,5,2,5,3,1,3,2.25,3,2.66666666666667,4,4,4,3.5,3.66666666666667,3.66666666666667,3,3.33333333333333,2.66666666666667,3.5,3.33333333333333,5,2.6,4,3.6,3,3.9,7,7,7,7,2,7,6,7,7,5.5,1,5,4,1,5,4,2,5,5,4,2,3,1,5,6,2.83333333333333,3.6,4.2,3.53333333333333,-0.00878435008169721,1.00093104194629,-0.871313844257114,1.27730099893174,0.442782129089096,0.531229842661255,0.517771807725554,0.582481864024051,1.3449762100274,1.46206838305668,1.23428948095781,-1.21507835244222,0.464019641209911,0.662487560199828,0.938681171149586,-1.1956857125672,-1.33812830212134,-0.247328570040235,0.595013183328095,0.706778969858759,0.00357123061984847,0.410547735301525,0.557731183727125,-0.830490745417426,0.497808655504274,-0.183908574268176,-0.0394768177603896,0.0235388983535506,0.0208246345669966,1.0086765822689,1.18517710212653,-0.0925616986821026,0.537875735903012,2.01307558628088,0.402693124549392,0.72218703060534,0.455097738908036,0.162679416724552,1.69709076455917,-0.693190617187087,0.706267272093176,0.0505073805422005,0.85285742770555,0.864513280307176,0.87722447936269,-0.365077611891001,1.31172527954375,0.184944390008209,0.275284944532487,-0.781496228710329,-0.194043390772654,0.0306135743288604,0.569240729120455,0.0601564666217247,0.120739109331594,-1.27511115350085,0.09111241613477,-0.384430661672212,-0.450566132856974,0.956557651063824,0.0041332103500513,1.33602012934733,-0.576917902778203,-1.52663512672642,-0.660888442725094,-0.160736870082744,0.228367389266005,-0.363227763106213,0.281195438251856,0.450332012139219,0.0458956535339307,0.00992523933275621,0.590978685651612,0.287172065158638,0.417897552036471,0.416832805268141,0.177287027174625,-0.0755704078013522,0.027165332257076,1.22790508997103,-0.112914879604884,0.308018664143884,0.347924785393739,0.377444272548404,0.467003362553339,1.53619962536961,1.15005895811002,0.928858325786415,1.31972063516111,-0.970908644153751,1.22640574589957,0.4749345323004,1.12187245045009,1.48080076972645,0.544790205990462,-1.87253087613373,0.50337975118734,0.416737294885642,-1.31105892392677,0.881655562429869,0.667775255274923,-0.912080854110751,1.06181183867933,1.34459970121253,0.392799366020684,-0.565116775136626,-0.734667219998788,-1.19629303402846,1.28439250135699,1.04134393563841,-0.808515562505371,0.286741252368463,0.774283316865163,0.105194054054939
125,"Greensboro","online",1,20,"male","high school",3,3,3,1,2,2,3,1,3,2,3,3,2.5,2,2.75,2,5,1,4,2,2,4,2,4,2,2,4,2,4,3,2,4,2,1,1,4,4,2,4,2,2,2,2,4,4,1,4,2,4,2,2,4,2,4,2,4,4,4,2,4,2,2,2,2,4,1.75,2.66666666666667,2.66666666666667,3.75,4,3.33333333333333,1.75,2,2.66666666666667,2.75,4,3.33333333333333,2.25,2,3.66666666666667,2.3,3.7,2.1,3.3,2.6,5,5,4,4,3,3,4,5,4.5,3.75,3,4,4,5,4,2,4,4,4,4,3,6,2,3,5,4.5,3.4,3.8,3.8,-0.00878435008169721,0.0570706295846575,0.824002685292926,-1.25765021433279,-0.422655668675956,-0.382485486716104,0.517771807725554,-1.13304691358103,0.612900551404893,0.0134752846364677,0.46285855535918,0.459548864064687,-0.140612012487852,-0.461258597141103,0.469885696591721,-0.39732413430028,0.92127681533485,-2.11314058964201,1.37984652330074,-1.07050148066327,-0.764243352647557,0.410547735301525,-0.913584208927254,0.80015318394099,-1.24249802633994,-1.08255274398767,-0.0394768177603896,-2.0008063600518,1.8117432073287,-0.798535627629547,-0.530735874016257,-0.0925616986821026,-1.16276078202563,-1.43561964121226,-2.19467752879418,0.72218703060534,0.455097738908036,-0.597670031009767,0.888056364603025,-1.7577333507244,-0.92650115263836,-1.75934042221999,-0.619948571946605,0.864513280307176,0.0238160492134668,-1.11980536724259,0.399036169181593,-1.80320780258004,1.0750993104039,-1.79980949642379,-0.194043390772654,0.0306135743288604,-1.29925937409936,0.778692040158992,-0.744557840878165,1.04164009722605,0.09111241613477,0.433911835946853,-0.450566132856974,0.021739946615087,0.0041332103500513,-1.83211583914174,-1.67459355850664,-0.765088601793289,0.267811002934351,-0.700712293016962,-0.12486274521019,-0.363227763106213,-0.05655327249758,0.450332012139219,-0.851155756447443,-2.47965562663346,-1.2775568645704,-0.923455268353268,0.126183351751272,1.13378523032934,0.812565541217033,-1.80404250113016,-1.76992587859564,-0.322753320271386,-0.473459915967015,-0.163886415126437,-1.90068730457582,0.736517363689584,-1.55042229175359,0.470770852935848,0.102335754747078,-0.615248942595641,-0.236439894416433,-0.452930087099021,-1.1598135787014,-0.692047461352012,0.06396641164847,-0.0898561887895179,-0.678954958211994,-0.424350522289298,-0.160587405286759,0.416737294885642,1.31105892392677,0.251901589265677,-0.643381638643875,0.468886636268203,0.352838095461766,0.567478906156901,0.392799366020684,0.203871241663213,1.04676269315617,-0.442032030168873,-0.200254744835229,0.403483690161891,0.810021178078007,0.0719350877021927,0.371206045373613,0.401806796636078
126,"Greensboro","online",1,20,"female","high school",4,3,2,1,3,3,1,3,3,2,2,0,2.5,2.5,1.75,3,3,4,2,3,3,3,2,4,3,2,5,3,2,3,2,4,3,4,3,4,2,3,3,4,4,5,1,2,3,4,4,4,4,5,2,5,3,5,1,3,4,3,2,4,1,3,3,2,3,2.5,3,3,3.5,3.33333333333333,4.66666666666667,3.5,2.66666666666667,2.33333333333333,3,4,2,3.5,2.66666666666667,3.33333333333333,2.8,3.8,2.9,3,3.2,5,4,5,1,4,7,6,4,3.75,5.25,3,5,2,2,5,4,5,4,5,5,3,4,2,3,5,4,3.8,3.6,3.8,0.935533283700688,0.0570706295846575,-0.0236555794820937,-1.25765021433279,0.442782129089096,0.531229842661255,-1.24922721863943,0.582481864024051,0.612900551404893,0.0134752846364677,-0.308572370239454,-2.05239196069568,-0.140612012487852,0.100614481529362,-0.467705252524009,0.401037443966637,-0.584993262969277,0.685577439760651,-0.189820156644546,-0.181861255402253,0.00357123061984847,-0.508908130217515,-0.913584208927254,0.80015318394099,-0.372344685417831,-1.08255274398767,0.903580495404464,-0.988633730849125,0.0208246345669966,-0.798535627629547,-0.530735874016257,-0.0925616986821026,-0.312442523061309,1.15090177940759,-0.4630970932318,0.72218703060534,-1.20330927575684,0.162679416724552,0.0790219646468792,0.371352116350226,0.706267272093176,0.955431281923296,-1.35635157177268,-0.652795742272766,-0.829592380935756,1.14437789881218,0.399036169181593,0.184944390008209,1.0750993104039,1.25513030671659,-0.194043390772654,1.12759998777969,-0.365009322489452,1.49722761369626,-1.60985479108792,0.269389680317081,0.09111241613477,-0.384430661672212,-0.450566132856974,0.021739946615087,-0.884507014910961,-0.776070516312052,-0.576917902778203,-0.765088601793289,-0.660888442725094,0.109250841384365,0.228367389266005,0.00341058932494087,-0.394301983247016,-0.429862375223799,0.942947063515305,0.00992523933275621,-0.530142644481593,-1.32699771285724,0.417897552036471,1.13378523032934,-0.457991486867782,-0.0755704078013522,-0.87138027316928,-0.710417922831989,0.127448477969869,-0.0065847220363304,-0.70142752325872,0.377444272548404,-0.619302758996545,0.470770852935848,-0.421525846934393,-0.100546519801622,-1.79260042399398,0.0650484699557104,1.22640574589957,0.4749345323004,-0.464986607752341,-0.561053276344307,0.369969468247254,-0.424350522289298,0.50337975118734,-0.972387021399831,-0.655529461963387,0.881655562429869,0.667775255274923,1.15937038145768,0.352838095461766,1.34459970121253,1.15362696687156,0.203871241663213,-0.140857248947136,-0.442032030168873,-0.200254744835229,0.403483690161891,0.324460155902994,0.501547417034732,0.169667409627838,0.401806796636078
127,"Greensboro","online",1,19,"female","Bachelor's degree",4,3,3,4,2,1,1,2,3,3,4,2,3.5,1.5,3,2,4,3,1,2,3,4,4,2,3,4,4,4,1,5,3,5,1,5,3,2,4,1,2,4,4,5,2,2,4,2,4,3,2,4,4,4,3,2,2,4,4,2,2,5,4,4,3,1,4,2.75,3,4,4.25,4,4.33333333333333,2.5,2.66666666666667,2.66666666666667,2.25,2,1.66666666666667,3.25,3,4.66666666666667,3.2,4.2,2.6,2,3.6,6,6,7,7,5,7,7,7,6.5,6.5,3,5,2,3,2,3,2,1,2,2,2,4,1,2,2,2.66666666666667,2.2,2.6,2.4,0.935533283700688,0.0570706295846575,0.824002685292926,1.27730099893174,-0.422655668675956,-1.29620081609346,-1.24922721863943,-0.27528252477849,0.612900551404893,0.737771833846572,1.23428948095781,-0.377764744188768,1.06865129490767,-1.02313167581157,0.704283433870654,-0.39732413430028,0.168141776182787,-0.247328570040235,-0.974653496617187,-1.07050148066327,0.00357123061984847,0.410547735301525,0.557731183727125,-0.830490745417426,-0.372344685417831,0.71473559545132,-0.0394768177603896,0.0235388983535506,-0.874634651813854,1.0086765822689,0.327220614055136,0.902476562150498,-2.01307904098995,2.01307558628088,-0.4630970932318,-0.947385136923134,0.455097738908036,-1.35801947874409,-0.730012435309267,0.371352116350226,0.706267272093176,0.955431281923296,-0.619948571946605,-0.652795742272766,0.0238160492134668,-0.365077611891001,0.399036169181593,-0.809131706285916,-0.524529421338927,0.23681703900313,1.54426198489904,0.0306135743288604,-0.365009322489452,-0.658379106915543,-0.744557840878165,1.04164009722605,0.09111241613477,-1.20277315929128,-0.450566132856974,0.956557651063824,1.78141366087208,0.279974806517639,-0.576917902778203,-1.52663512672642,0.267811002934351,0.379238552851474,0.228367389266005,1.1033256466184,0.618944149001293,0.450332012139219,0.494421358524617,-1.41269239836223,-0.530142644481593,-0.923455268353268,-0.457245048819126,-1.01707204485426,-0.775630743888986,-0.421264826467113,-0.422107470456102,0.840240487410424,0.608175193119377,0.622622050324097,-1.15114994125263,-0.819466031255531,0.00144359617481743,1.00348523915273,0.626197356428548,0.928858325786415,1.31972063516111,0.583027027010441,1.22640574589957,1.05842552912661,1.12187245045009,1.16666937802325,1.24407315696329,-0.424350522289298,0.50337975118734,-0.972387021399831,0,-1.00760635706271,0.0121968083155237,-0.912080854110751,-1.77408313419093,-0.986762683954357,-1.12885583568106,-0.565116775136626,-0.140857248947136,-1.19629303402846,-0.942578367931338,-1.51009704626767,-0.970369236563709,-1.21690190029543,-0.838025769101036,-1.1554101019149
128,"Greensboro","online",1,20,"non-binary","high school",3,3,1,3,4,3,3,3,1,3,2,2,2.5,3.25,2,2,5,2,1,4,5,4,4,2,5,3,4,4,1,5,4,5,5,4,4,3,5,2,4,4,5,5,4,1,4,1,4,3,1,3,4,5,3,1,2,4,5,2,2,5,1,3,3,2,5,2,4,4,4.25,4.66666666666667,4.66666666666667,3.25,3,3.33333333333333,2,2.33333333333333,1.33333333333333,4,3.66666666666667,4.66666666666667,3.2,4.5,3.2,1.9,4.1,4,6,7,5,3,6,3,6,5.5,4.5,3,4,2,2,4,1,2,4,1,2,2,6,1,3,1,2.66666666666667,3,2.6,2.53333333333333,-0.00878435008169721,0.0570706295846575,-0.871313844257114,0.432317261176896,1.30821992685415,0.531229842661255,0.517771807725554,0.582481864024051,-0.85125076584013,0.737771833846572,-0.308572370239454,-0.377764744188768,-0.140612012487852,0.943424099535061,-0.233307515245076,-0.39732413430028,0.92127681533485,-1.18023457984112,-0.974653496617187,0.706778969858759,1.53920039715466,0.410547735301525,0.557731183727125,-0.830490745417426,1.36796199642638,-0.183908574268176,-0.0394768177603896,0.0235388983535506,-0.874634651813854,1.0086765822689,1.18517710212653,0.902476562150498,1.38819399486733,1.15090177940759,0.402693124549392,-0.112599053158897,1.28430124624048,-0.597670031009767,0.888056364603025,0.371352116350226,1.52265148445894,0.955431281923296,0.85285742770555,-1.41145025356274,0.0238160492134668,-1.11980536724259,0.399036169181593,-0.809131706285916,-1.32434378721034,-0.781496228710329,1.54426198489904,1.12759998777969,-0.365009322489452,-1.37691468045281,-0.744557840878165,1.04164009722605,1.12212133555454,-1.20277315929128,-0.450566132856974,0.956557651063824,-0.884507014910961,-0.776070516312052,-0.576917902778203,-0.765088601793289,1.1965104485938,-0.430724581549853,1.28805779269459,1.1033256466184,0.618944149001293,1.33052639950224,0.942947063515305,-0.345729170090989,-0.156435534437191,-0.11637037934533,-0.748959249104326,-0.658595832323662,-1.09327000091019,0.615818429530169,0.476438134970254,0.840240487410424,0.608175193119377,1.09452712959442,-0.251705105264809,-0.939157061635925,0.77737654013902,-0.0619435332810327,0.626197356428548,0.928858325786415,0.282280282109415,-0.452930087099021,0.629850914749325,-1.27553845817822,0.592919431049281,0.538406594616867,-0.15449274498237,-0.424350522289298,-0.160587405286759,-0.972387021399831,-0.655529461963387,0.251901589265677,-1.29896008560327,-0.912080854110751,0.352838095461766,-1.76388347900999,-1.12885583568106,-0.565116775136626,1.04676269315617,-1.19629303402846,-0.200254744835229,-2.14795729174418,-0.970369236563709,-0.357677241630347,-0.838025769101036,-1.00710373062433
129,"Greensboro","online",2,30,"female","other",4,4,4,1,1,3,1,1,0,0,0,2,3.25,1.5,0.5,4,4,4,1,1,5,5,1,2,1,4,2,2,2,1,5,4,1,2,1,2,4,1,1,4,5,5,1,2,1,5,5,3,4,1,3,5,3,4,1,5,5,3,2,2,5,4,3,5,3,4.75,3.33333333333333,4.66666666666667,4.25,4.66666666666667,4,2.75,1.66666666666667,2,3,2.33333333333333,2,1.5,2,1.33333333333333,4.3,4.3,2.2,2.5,1.6,2,2,4,5,5,7,7,7,3.25,6.5,3,2,1,2,5,5,3,2,2,2,1,1,1,1,1,2,2.2,2,2.13333333333333,0.935533283700688,1.00093104194629,1.67166095006795,-1.25765021433279,-1.28809346644101,0.531229842661255,-1.24922721863943,-1.13304691358103,-1.58332642446264,-1.43511781378374,-1.85143422143672,-0.377764744188768,0.766335468058792,-1.02313167581157,-1.63969393891867,1.19939902223355,0.168141776182787,0.685577439760651,-0.974653496617187,-1.95914170592428,1.53920039715466,1.33000360082056,-1.64924190525444,-0.830490745417426,-2.11265136726204,0.71473559545132,-1.9255914440901,-2.0008063600518,0.0208246345669966,-2.605747837528,2.04313359019792,-0.0925616986821026,-2.01307904098995,-0.573445834338975,-2.19467752879418,-0.947385136923134,0.455097738908036,-1.35801947874409,-1.53904683526541,0.371352116350226,1.52265148445894,0.955431281923296,-1.35635157177268,-0.652795742272766,-2.5364092412342,1.89910565416376,1.31172527954375,-0.809131706285916,1.0750993104039,-2.81812276413725,0.675109297063191,1.12759998777969,-0.365009322489452,0.778692040158992,-1.60985479108792,1.81389051413501,1.12212133555454,-0.384430661672212,-0.450566132856974,-1.84789546228239,2.67005388613309,0.279974806517639,-0.576917902778203,1.51955097300612,-0.660888442725094,2.53914024458835,0.581597523742199,1.83660235148071,0.618944149001293,1.33052639950224,0.0458956535339307,-1.05703798893848,-1.6512639746148,-1.7305401573612,0.417897552036471,-0.658595832323662,-0.457991486867782,-2.84112575712744,-1.76992587859564,-3.03640553819561,1.93017365978052,0.779923743414204,-1.75077983191118,-0.221010879353564,-3.102288179682,-1.12737230571479,-1.46924905029733,-0.615248942595641,0.282280282109415,0.583027027010441,1.22640574589957,1.05842552912661,1.12187245045009,-0.8751846680475,1.24407315696329,-0.424350522289298,-1.48852171823496,-1.66694917954257,-0.655529461963387,0.881655562429869,1.32335370223432,-0.221597108921274,-1.06510939097337,-0.986762683954357,-1.12885583568106,-1.33410479193646,-1.92228716210209,-1.19629303402846,-1.68490199102745,-2.14795729174418,-1.61778393279706,-1.21690190029543,-1.44264167633836,-1.45202284449604
130,"Greensboro","online",2,19,"male","high school",4,4,3,2,2,3,2,2,1,1,1,2,3.25,2.25,1.25,1,4,2,2,2,1,5,2,5,3,3,4,5,2,4,1,5,2,3,3,1,4,2,2,4,2,4,3,2,2,1,5,5,1,4,1,5,3,2,2,1,5,4,5,3,1,5,4,1,3,1,1,2,4.75,4.66666666666667,4.33333333333333,3.25,2.33333333333333,4,1.75,3,3,3,3,3,1.3,4.6,3.2,2.5,3,2,5,2,2,3,2,6,2,2.75,3.25,2,2,2,3,2,1,2,2,3,3,2,5,4,2,4,3.16666666666667,2.4,2.6,2.6,0.935533283700688,1.00093104194629,0.824002685292926,-0.412666476577946,-0.422655668675956,0.531229842661255,-0.365727705456939,-0.27528252477849,-0.85125076584013,-0.710821264573636,-1.08000329583809,-0.377764744188768,0.766335468058792,-0.18032205780587,-0.936500727081874,-1.1956857125672,0.168141776182787,-1.18023457984112,-0.189820156644546,-1.07050148066327,-1.53205793591496,1.33000360082056,-0.913584208927254,1.6154751486202,-0.372344685417831,-0.183908574268176,-0.0394768177603896,1.03571152755623,0.0208246345669966,0.105070477319677,-1.38869236208765,0.902476562150498,-1.16276078202563,0.288727972534309,-0.4630970932318,-1.78217122068737,0.455097738908036,-0.597670031009767,-0.730012435309267,0.371352116350226,-0.92650115263836,0.0505073805422005,0.116454427879473,-0.652795742272766,-1.68300081108498,-1.11980536724259,1.31172527954375,1.17902048630233,-1.32434378721034,0.23681703900313,-1.0631960786085,1.12759998777969,-0.365009322489452,-0.658379106915543,-0.744557840878165,-1.27511115350085,1.12212133555454,0.433911835946853,1.78493506477955,-0.91307775783365,-0.884507014910961,1.33602012934733,0.520757752950237,-1.52663512672642,-0.660888442725094,-1.51067542741829,-1.89101341759116,-1.09650446796852,1.29444157050017,1.33052639950224,0.494421358524617,-0.345729170090989,-0.903849754525995,0.690714509662607,-1.04067344938952,0.0583565927375398,0.494926284195829,-0.766959245132874,-0.422107470456102,-1.09808252539259,-1.67527670384078,1.25182882268452,-0.251705105264809,-0.221010879353564,-0.929675936582226,-1.12737230571479,0.102335754747078,-1.64465378818368,-1.27388024746813,-0.452930087099021,-1.75636840985164,0.4749345323004,-1.52289264655396,-1.18931605975069,-1.02859643369841,-1.14844069921151,-1.48852171823496,-0.972387021399831,0,-1.00760635706271,-1.29896008560327,-0.912080854110751,-1.06510939097337,-0.209641888898728,-0.36802823483019,-0.565116775136626,0.452952722104516,1.0664899775503,-0.942578367931338,-0.234376555314628,-0.484808214388696,-1.00209573562916,-0.838025769101036,-0.932950544979048
131,"Greensboro","online",2,20,"female","high school",2,3,4,4,2,3,3,1,4,4,4,4,3.25,2.25,4,1,4,5,1,2,1,1,5,2,4,2,3,4,1,5,1,2,3,2,3,2,2,5,1,5,1,2,4,5,4,1,1,5,1,5,1,2,5,2,1,1,1,5,1,4,1,2,5,3,5,1,1.33333333333333,1.33333333333333,2.25,1.66666666666667,2,4.5,5,4.33333333333333,1.75,1.66666666666667,2.33333333333333,3.75,3.33333333333333,4.33333333333333,1.2,2,4.6,1.9,3.8,7,7,7,7,6,7,7,7,7,6.75,3,6,6,6,2,4,2,2,6,6,1,6,1,6,1,4,2.4,5.6,3.86666666666667,-0.953101983864082,0.0570706295846575,1.67166095006795,1.27730099893174,-0.422655668675956,0.531229842661255,0.517771807725554,-1.13304691358103,1.3449762100274,1.46206838305668,1.23428948095781,1.29686247231814,0.766335468058792,-0.18032205780587,1.64187438298638,-1.1956857125672,0.168141776182787,1.61848344956154,-0.974653496617187,-1.07050148066327,-1.53205793591496,-2.34781986125559,1.29338888005431,-0.830490745417426,0.497808655504274,-1.08255274398767,-0.982534130925243,0.0235388983535506,-0.874634651813854,1.0086765822689,-1.38869236208765,-2.0826382203473,-0.312442523061309,-0.573445834338975,-0.4630970932318,-0.947385136923134,-1.20330927575684,1.68337831219319,-1.53904683526541,1.43589484988754,-1.74288536500413,-1.75934042221999,0.85285742770555,1.62316779159715,0.0238160492134668,-1.11980536724259,-2.33903116190487,1.17902048630233,-1.32434378721034,1.25513030671659,-1.0631960786085,-2.16335925257279,1.50349078073036,-0.658379106915543,-1.60985479108792,-1.27511115350085,-3.00191434212453,1.25225433356592,-1.19573319873581,0.021739946615087,-0.884507014910961,-1.83211583914174,1.61843340867868,-0.00354207686015419,1.1965104485938,-1.51067542741829,-1.53778328311497,-1.82978117283083,-2.0830455369942,-2.63034834363135,-2.64525857641019,1.43254287702774,2.08580712582922,1.09425695416658,-1.04067344938952,-1.37554825738486,-0.140352229846578,0.270124010864408,0.027165332257076,0.45257588484982,-1.79545838262816,-2.83801519765825,1.84699951204011,-0.939157061635925,0.311816773760498,1.53619962536961,1.15005895811002,0.928858325786415,1.31972063516111,1.10100558406517,1.22640574589957,1.05842552912661,1.12187245045009,1.48080076972645,1.4188938947065,-0.424350522289298,1.16734690766144,1.80586161117111,1.96658838589016,-1.00760635706271,0.667775255274923,-0.912080854110751,-1.06510939097337,2.12172049626816,1.91445456772243,-1.33410479193646,1.04676269315617,-1.19629303402846,2.0267161244531,-2.14795729174418,0.324460155902994,-1.00209573562916,2.18505376708559,0.475959982281363
132,"Greensboro","online",2,25,"female","high school",3,3,0,1,4,4,4,2,0,0,0,0,1.75,3.5,0,1,1,4,1,3,1,4,4,3,5,4,5,5,1,5,1,5,5,2,1,4,3,5,3,5,1,5,1,1,5,2,1,5,1,4,1,5,1,1,1,3,4,5,1,5,1,5,5,1,5,1.25,2,2.66666666666667,3,4,4.66666666666667,4.75,3.33333333333333,3.66666666666667,1.25,2.33333333333333,1,3.25,3.66666666666667,5,1.9,3.8,4,1.5,3.9,7,7,1,2,7,6,7,2,4.25,5.5,3,6,6,5,6,6,6,6,3,3,3,6,2,3,6,4.83333333333333,4.6,4.8,4.66666666666667,-0.00878435008169721,0.0570706295846575,-1.71897210903213,-1.25765021433279,1.30821992685415,1.44494517203861,1.40127132090805,-0.27528252477849,-1.58332642446264,-1.43511781378374,-1.85143422143672,-2.05239196069568,-1.0475594930345,1.22436063887029,-2.10848941347654,-1.1956857125672,-2.0912633412734,0.685577439760651,-0.974653496617187,-0.181861255402253,-1.53205793591496,0.410547735301525,0.557731183727125,-0.0151687807382178,1.36796199642638,0.71473559545132,0.903580495404464,1.03571152755623,-0.874634651813854,1.0086765822689,-1.38869236208765,0.902476562150498,1.38819399486733,-0.573445834338975,-2.19467752879418,0.72218703060534,-0.374105768424403,1.68337831219319,0.0790219646468792,1.43589484988754,-1.74288536500413,0.955431281923296,-1.35635157177268,-1.41145025356274,0.87722447936269,-0.365077611891001,-2.33903116190487,1.17902048630233,-1.32434378721034,0.23681703900313,-1.0631960786085,1.12759998777969,-2.23350942570926,-1.37691468045281,-1.60985479108792,0.269389680317081,0.09111241613477,1.25225433356592,-1.19573319873581,0.956557651063824,-0.884507014910961,1.33602012934733,1.61843340867868,-1.52663512672642,1.1965104485938,-1.24068771595118,-0.831323014162578,-0.363227763106213,-1.06979940474589,0.450332012139219,0.942947063515305,1.78819728645148,0.217271575607211,0.287172065158638,-1.62410184995992,-0.658595832323662,-1.41090925793139,-0.421264826467113,0.476438134970254,1.22790508997103,-0.954186631116522,-0.0065847220363304,0.947554676052287,-1.4179211831575,0.467003362553339,1.53619962536961,1.15005895811002,-2.1593562109777,-1.27388024746813,1.6189841411199,0.629850914749325,1.05842552912661,-1.52289264655396,-0.246921884641114,0.544790205990462,-0.424350522289298,1.16734690766144,1.80586161117111,1.31105892392677,1.51140953559406,1.97893214919372,1.84985412664716,1.7707855818969,-0.209641888898728,-0.36802823483019,0.203871241663213,1.04676269315617,-0.442032030168873,-0.200254744835229,1.04134393563841,1.13372852619468,1.36077207569981,1.37889922410249,1.36579821002478
133,"Greensboro","online",2,20,"female","high school",4,3,3,3,3,4,2,1,0,1,3,4,3.25,2.5,2,1,4,4,1,4,4,3,3,1,4,1,5,3,1,5,1,5,2,3,5,1,4,1,2,4,2,5,2,1,5,1,4,4,2,4,2,4,4,2,2,2,5,3,2,5,1,4,3,3,4,1,2.33333333333333,1.66666666666667,4.25,3.66666666666667,5,3.25,2.66666666666667,2.66666666666667,2.25,1.66666666666667,1.33333333333333,4.25,3.33333333333333,5,1.6,4.3,2.9,1.8,4.2,2,3,2,4,7,5,7,5,2.75,6,3,4,3,1,2,6,3,6,2,5,1,4,3,3,3,3.16666666666667,3.2,3.6,3.26666666666667,0.935533283700688,0.0570706295846575,0.824002685292926,0.432317261176896,0.442782129089096,1.44494517203861,-0.365727705456939,-1.13304691358103,-1.58332642446264,-0.710821264573636,0.46285855535918,1.29686247231814,0.766335468058792,0.100614481529362,-0.233307515245076,-1.1956857125672,0.168141776182787,0.685577439760651,-0.974653496617187,0.706778969858759,0.771385813887254,-0.508908130217515,-0.177926512600065,-1.64581271009663,0.497808655504274,-1.98119691370717,0.903580495404464,-0.988633730849125,-0.874634651813854,1.0086765822689,-1.38869236208765,0.902476562150498,-1.16276078202563,0.288727972534309,1.26848334233058,-1.78217122068737,0.455097738908036,-1.35801947874409,-0.730012435309267,0.371352116350226,-0.92650115263836,0.955431281923296,-0.619948571946605,-1.41145025356274,0.87722447936269,-1.11980536724259,0.399036169181593,0.184944390008209,-0.524529421338927,0.23681703900313,-0.194043390772654,0.0306135743288604,0.569240729120455,-0.658379106915543,-0.744557840878165,-0.502860736591885,1.12212133555454,-0.384430661672212,-0.450566132856974,0.956557651063824,-0.884507014910961,0.279974806517639,-0.576917902778203,-0.00354207686015419,0.267811002934351,-1.51067542741829,-0.478092879686383,-1.46314282039967,0.618944149001293,0.0102348184577095,1.39147276850599,-0.345729170090989,-0.530142644481593,-0.923455268353268,-0.457245048819126,-1.37554825738486,-1.09327000091019,0.96151284819593,0.027165332257076,1.22790508997103,-1.31473166747865,0.779923743414204,-0.70142752325872,-1.05884809201632,0.932563128931861,-1.12737230571479,-0.945387448615864,-1.64465378818368,-0.236439894416433,1.6189841411199,0.0332960835990834,1.05842552912661,0.06396641164847,-1.18931605975069,0.894431681476878,-0.424350522289298,-0.160587405286759,-0.277824863257094,-1.31105892392677,-1.00760635706271,1.97893214919372,-0.221597108921274,1.7707855818969,-0.986762683954357,1.15362696687156,-1.33410479193646,-0.140857248947136,0.312228973690713,-0.200254744835229,-0.872236800791147,-0.484808214388696,-0.142871076964077,0.169667409627838,-0.1914186885262
134,"Greensboro","online",2,19,"female","high school",2,3,1,2,1,2,1,2,1,0,2,2,2,1.5,1.25,2,4,4,1,3,3,3,2,5,1,3,3,3,1,4,2,5,4,2,3,4,2,3,2,2,2,4,4,1,4,2,3,4,2,3,3,4,3,2,3,2,4,4,2,3,2,4,3,4,1,2,3.33333333333333,2.33333333333333,4,3,3.66666666666667,3.75,2.66666666666667,3.66666666666667,2.25,3,1.33333333333333,2.5,2,3.66666666666667,2.5,3.6,3.4,2.2,2.7,3,1,1,4,3,3,2,3,2.25,2.75,5,3,4,2,3,4,4,4,4,4,3,6,3,3,6,4.5,3.2,4.2,3.86666666666667,-0.953101983864082,0.0570706295846575,-0.871313844257114,-0.412666476577946,-1.28809346644101,-0.382485486716104,-1.24922721863943,-0.27528252477849,-0.85125076584013,-1.43511781378374,-0.308572370239454,-0.377764744188768,-0.745243666185615,-1.02313167581157,-0.936500727081874,-0.39732413430028,0.168141776182787,0.685577439760651,-0.974653496617187,-0.181861255402253,0.00357123061984847,-0.508908130217515,-0.913584208927254,1.6154751486202,-2.11265136726204,-0.183908574268176,-0.982534130925243,-0.988633730849125,-0.874634651813854,0.105070477319677,-0.530735874016257,0.902476562150498,0.537875735903012,-0.573445834338975,-0.4630970932318,0.72218703060534,-1.20330927575684,0.162679416724552,-0.730012435309267,-1.7577333507244,-0.92650115263836,0.0505073805422005,0.85285742770555,-1.41145025356274,0.0238160492134668,-0.365077611891001,-0.513652941180561,0.184944390008209,-0.524529421338927,-0.781496228710329,0.675109297063191,0.0306135743288604,-0.365009322489452,-0.658379106915543,0.120739109331594,-0.502860736591885,0.09111241613477,0.433911835946853,-0.450566132856974,-0.91307775783365,0.0041332103500513,0.279974806517639,-0.576917902778203,0.758004448072981,-2.51828733404398,-0.430724581549853,0.581597523742199,-0.729866115537366,0.281195438251856,-0.869959568905309,-0.402630051456756,0.365579648756502,-0.530142644481593,0.287172065158638,-0.457245048819126,0.0583565927375398,-1.09327000091019,-1.4583480824644,-1.76992587859564,-0.322753320271386,-0.233096558392261,-0.321188108216544,0.0481098400644648,-0.580083970494744,-1.39523570296075,-0.594657919497913,-1.9931106519788,-2.1593562109777,-0.236439894416433,-0.452930087099021,-1.1598135787014,-1.85902945500442,-0.993939627153151,-1.50344745145388,-1.37823790918483,1.02382983155513,-0.824554561760857,0.416737294885642,-0.655529461963387,-0.377852383898515,0.667775255274923,0.468886636268203,0.352838095461766,0.567478906156901,0.392799366020684,0.203871241663213,1.04676269315617,0.312228973690713,-0.200254744835229,1.04134393563841,0.810021178078007,-0.142871076964077,0.774283316865163,0.475959982281363
135,"Greensboro","online",2,20,"female","high school",3,3,2,3,3,3,3,2,1,0,0,2,2.75,2.75,0.75,1,5,3,1,4,2,4,2,2,4,2,5,4,1,5,2,4,2,3,5,2,5,2,1,4,4,4,2,1,5,1,4,3,3,5,2,3,4,3,4,1,4,2,1,4,1,5,3,4,5,1.25,2,2.33333333333333,4.5,4,4.33333333333333,2.75,2.66666666666667,2.66666666666667,2.75,2,1,4.75,4,4.66666666666667,1.8,4.3,2.7,2,4.5,1,4,2,4,7,2,7,3,2.75,4.75,4,3,3,2,3,6,4,4,3,5,1,4,3,3,3,3.66666666666667,2.8,3.8,3.4,-0.00878435008169721,0.0570706295846575,-0.0236555794820937,0.432317261176896,0.442782129089096,0.531229842661255,0.517771807725554,-0.27528252477849,-0.85125076584013,-1.43511781378374,-1.85143422143672,-0.377764744188768,0.161703814361029,0.381551020864595,-1.40529620163974,-1.1956857125672,0.92127681533485,-0.247328570040235,-0.974653496617187,0.706778969858759,-0.764243352647557,0.410547735301525,-0.913584208927254,-0.830490745417426,0.497808655504274,-1.08255274398767,0.903580495404464,0.0235388983535506,-0.874634651813854,1.0086765822689,-0.530735874016257,-0.0925616986821026,-1.16276078202563,0.288727972534309,1.26848334233058,-0.947385136923134,1.28430124624048,-0.597670031009767,-1.53904683526541,0.371352116350226,0.706267272093176,0.0505073805422005,-0.619948571946605,-1.41145025356274,0.87722447936269,-1.11980536724259,0.399036169181593,-0.809131706285916,0.275284944532487,1.25513030671659,-0.194043390772654,-1.06637283912197,0.569240729120455,0.0601564666217247,0.986036059541353,-1.27511115350085,0.09111241613477,-1.20277315929128,-1.19573319873581,0.021739946615087,-0.884507014910961,1.33602012934733,-0.576917902778203,0.758004448072981,1.1965104485938,-1.24068771595118,-0.831323014162578,-0.729866115537366,0.956692859750729,0.450332012139219,0.494421358524617,-1.05703798893848,-0.530142644481593,-0.923455268353268,0.126183351751272,-1.01707204485426,-1.41090925793139,1.65290168552745,0.925710937683432,0.840240487410424,-1.0743683099039,0.779923743414204,-1.00124246858799,-0.819466031255531,1.39812289531038,-1.66008669193167,-0.421525846934393,-1.64465378818368,-0.236439894416433,1.6189841411199,-1.75636840985164,1.05842552912661,-0.993939627153151,-1.18931605975069,0.0203279927608379,0.299739654632917,-0.824554561760857,-0.277824863257094,-0.655529461963387,-0.377852383898515,1.97893214919372,0.468886636268203,0.352838095461766,-0.209641888898728,1.15362696687156,-1.33410479193646,-0.140857248947136,0.312228973690713,-0.200254744835229,-0.872236800791147,0.000752807786317938,-0.572483406296617,0.371206045373613,-0.0431123172356308
136,"Greensboro","online",2,27,"female","high school",3,3,1,0,4,4,4,4,0,0,2,0,1.75,4,0.5,2,5,4,1,3,2,4,5,3,2,4,5,4,1,5,2,5,4,3,5,2,4,2,2,3,2,4,4,3,5,1,4,5,1,4,2,4,3,1,1,1,5,4,1,4,1,5,5,2,3,1.5,2,2.33333333333333,4.75,4,4.66666666666667,4.5,3.33333333333333,4,1.75,2,1.66666666666667,3.75,2,4.66666666666667,1.9,4.5,4,1.8,3.5,6,7,7,7,2,6,7,6,6.75,5.25,5,6,5,2,5,3,5,5,6,5,5,4,2,5,6,4.5,4.6,4.6,4.6,-0.00878435008169721,0.0570706295846575,-0.871313844257114,-2.10263395208763,1.30821992685415,1.44494517203861,1.40127132090805,1.44024625282659,-1.58332642446264,-1.43511781378374,-0.308572370239454,-2.05239196069568,-1.0475594930345,1.78623371754076,-1.63969393891867,-0.39732413430028,0.92127681533485,0.685577439760651,-0.974653496617187,-0.181861255402253,-0.764243352647557,0.410547735301525,1.29338888005431,-0.0151687807382178,-1.24249802633994,0.71473559545132,0.903580495404464,0.0235388983535506,-0.874634651813854,1.0086765822689,-0.530735874016257,0.902476562150498,0.537875735903012,0.288727972534309,1.26848334233058,-0.947385136923134,0.455097738908036,-0.597670031009767,-0.730012435309267,-0.693190617187087,-0.92650115263836,0.0505073805422005,0.85285742770555,0.105858769017205,0.87722447936269,-1.11980536724259,0.399036169181593,1.17902048630233,-1.32434378721034,0.23681703900313,-0.194043390772654,0.0306135743288604,-0.365009322489452,-1.37691468045281,-1.60985479108792,-1.27511115350085,1.12212133555454,0.433911835946853,-1.19573319873581,0.021739946615087,-0.884507014910961,1.33602012934733,1.61843340867868,-0.765088601793289,-0.660888442725094,-0.970700004484071,-0.831323014162578,-0.729866115537366,1.29444157050017,0.450332012139219,0.942947063515305,1.43254287702774,0.217271575607211,0.690714509662607,-1.04067344938952,-1.01707204485426,-0.775630743888986,0.270124010864408,-1.76992587859564,0.840240487410424,-0.954186631116522,1.09452712959442,0.947554676052287,-1.05884809201632,-0.153742992618023,1.00348523915273,1.15005895811002,0.928858325786415,1.31972063516111,-0.970908644153751,0.629850914749325,1.05842552912661,0.592919431049281,1.32373507387485,0.369969468247254,1.02382983155513,1.16734690766144,1.11129945302838,-0.655529461963387,0.881655562429869,0.0121968083155237,1.15937038145768,1.06181183867933,2.12172049626816,1.15362696687156,1.74184727526289,-0.140857248947136,-0.442032030168873,1.28439250135699,1.04134393563841,0.810021178078007,1.36077207569981,1.17736058835671,1.2916450243795
137,"Greensboro","online",2,26,"male","other",3,3,1,2,3,3,3,3,2,1,3,3,2.25,3,2.25,1,3,4,1,3,5,4,5,1,4,3,5,5,2,3,3,3,4,3,3,4,2,4,1,3,4,5,2,1,3,2,2,4,3,4,2,4,5,3,3,1,3,4,1,4,2,3,3,3,3,2,3.66666666666667,2.66666666666667,2.75,3.33333333333333,4.33333333333333,3.75,4.66666666666667,3.66666666666667,2.5,1.66666666666667,1.33333333333333,3.25,3.33333333333333,3.33333333333333,2.7,3.4,4,1.9,3.3,5,5,5,5,3,5,5,5,5,4.5,4,6,5,5,3,3,4,3,3,4,5,4,3,4,4,4.16666666666667,4,3.8,4,-0.00878435008169721,0.0570706295846575,-0.871313844257114,-0.412666476577946,0.442782129089096,0.531229842661255,0.517771807725554,0.582481864024051,-0.119175107217619,-0.710821264573636,0.46285855535918,0.459548864064687,-0.442927839336733,0.662487560199828,0.00109022203385625,-1.1956857125672,-0.584993262969277,0.685577439760651,-0.974653496617187,-0.181861255402253,1.53920039715466,0.410547735301525,1.29338888005431,-1.64581271009663,0.497808655504274,-0.183908574268176,0.903580495404464,1.03571152755623,0.0208246345669966,-0.798535627629547,0.327220614055136,-1.0875999595147,0.537875735903012,0.288727972534309,-0.4630970932318,0.72218703060534,-1.20330927575684,0.92302886445887,-1.53904683526541,-0.693190617187087,0.706267272093176,0.955431281923296,-0.619948571946605,-1.41145025356274,-0.829592380935756,-0.365077611891001,-1.42634205154272,0.184944390008209,0.275284944532487,0.23681703900313,-0.194043390772654,0.0306135743288604,1.50349078073036,0.0601564666217247,0.120739109331594,-1.27511115350085,-0.939896503284995,0.433911835946853,-1.19573319873581,0.021739946615087,0.0041332103500513,-0.776070516312052,-0.576917902778203,-0.00354207686015419,-0.660888442725094,-0.430724581549853,0.934827658218393,-0.363227763106213,-1.40754811549533,-0.429862375223799,0.494421358524617,0.365579648756502,1.71210001578482,0.287172065158638,-0.165530848533927,-1.37554825738486,-1.09327000091019,-0.421264826467113,0.027165332257076,-0.710417922831989,0.00726679918249275,-0.635791494396758,0.947554676052287,-0.939157061635925,-0.464116170203705,0.470770852935848,0.102335754747078,-0.100546519801622,0.282280282109415,-0.452930087099021,0.0332960835990834,-0.108556464525806,0.06396641164847,0.224275202913675,-0.15449274498237,0.299739654632917,1.16734690766144,1.11129945302838,1.31105892392677,-0.377852383898515,0.0121968083155237,0.468886636268203,-0.356135647755801,-0.209641888898728,0.392799366020684,1.74184727526289,-0.140857248947136,0.312228973690713,0.542068878260879,-0.234376555314628,0.486313829961332,0.716353581701002,0.371206045373613,0.624266353571932
138,"Greensboro","online",2,19,"female","high school",4,4,4,4,0,1,0,0,3,1,4,4,4,0.25,3,1,1,2,4,1,5,5,1,3,3,4,4,2,2,5,3,1,2,3,3,4,1,1,5,1,2,5,1,1,5,5,2,5,1,5,3,4,1,2,1,4,3,1,1,4,1,3,3,1,5,2.5,4,3.33333333333333,1.75,3.33333333333333,4,3,1,1.33333333333333,2.25,3.33333333333333,1.33333333333333,3.5,1.66666666666667,4.66666666666667,3.2,2.9,1.9,2.3,3.3,4,6,7,7,5,7,7,7,6,6.5,3,2,1,3,3,1,1,1,1,2,1,4,1,1,1,2.33333333333333,1.6,1.6,1.73333333333333,0.935533283700688,1.00093104194629,1.67166095006795,1.27730099893174,-2.15353126420606,-1.29620081609346,-2.13272673182193,-1.99081130238357,0.612900551404893,-0.710821264573636,1.23428948095781,1.29686247231814,1.67328294860544,-2.42781437248773,0.704283433870654,-1.1956857125672,-2.0912633412734,-1.18023457984112,1.37984652330074,-1.95914170592428,1.53920039715466,1.33000360082056,-1.64924190525444,-0.0151687807382178,-0.372344685417831,0.71473559545132,-0.0394768177603896,-2.0008063600518,0.0208246345669966,1.0086765822689,0.327220614055136,-3.0776764811799,-1.16276078202563,0.288727972534309,-0.4630970932318,0.72218703060534,-2.03251278308928,-1.35801947874409,1.69709076455917,-2.82227608426171,-0.92650115263836,0.955431281923296,-1.35635157177268,-1.41145025356274,0.87722447936269,1.89910565416376,-1.42634205154272,1.17902048630233,-1.32434378721034,1.25513030671659,0.675109297063191,0.0306135743288604,-2.23350942570926,-0.658379106915543,-1.60985479108792,1.04164009722605,-0.939896503284995,-2.02111565691034,-1.19573319873581,0.021739946615087,-0.884507014910961,-0.776070516312052,-0.576917902778203,-1.52663512672642,1.1965104485938,0.109250841384365,1.28805779269459,0.370048941756094,-2.75854295849307,-0.429862375223799,0.0458956535339307,-0.701383579514734,-2.3986781947036,-2.53762504636914,-0.457245048819126,0.416832805268141,-1.09327000091019,-0.0755704078013522,-2.21919868130881,0.840240487410424,0.608175193119377,-1.42229995984729,-2.20050224990509,-0.460392940114351,-0.464116170203705,-0.0619435332810327,0.626197356428548,0.928858325786415,1.31972063516111,0.583027027010441,1.22640574589957,1.05842552912661,1.12187245045009,0.85253798632006,1.24407315696329,-0.424350522289298,-1.48852171823496,-1.66694917954257,0,-0.377852383898515,-1.29896008560327,-1.60256459930023,-1.77408313419093,-1.76388347900999,-1.12885583568106,-1.33410479193646,-0.140857248947136,-1.19629303402846,-1.68490199102745,-2.14795729174418,-1.29407658468038,-1.86132039429424,-1.84571894782991,-1.89694195836775
139,"Greensboro","online",2,30,"female","Trade School",4,3,2,3,2,2,2,2,1,1,2,4,3,2,2,2,5,4,3,2,3,4,4,2,5,2,5,3,2,5,1,5,5,2,5,3,3,5,4,3,3,4,5,3,5,2,3,4,3,5,1,3,5,4,1,1,4,3,5,5,2,4,3,4,3,1.75,2.33333333333333,2,4.25,3.33333333333333,4.33333333333333,4,4.66666666666667,3.66666666666667,3,3.33333333333333,3.33333333333333,3.75,3,5,2,4,4.1,3.2,3.9,5,7,7,7,5,7,7,5,6.5,6,4,6,3,3,3,3,3,5,5,3,6,4,2,3,6,3.83333333333333,4.4,3.6,3.93333333333333,0.935533283700688,0.0570706295846575,-0.0236555794820937,0.432317261176896,-0.422655668675956,-0.382485486716104,-0.365727705456939,-0.27528252477849,-0.85125076584013,-0.710821264573636,-0.308572370239454,1.29686247231814,0.464019641209911,-0.461258597141103,-0.233307515245076,-0.39732413430028,0.92127681533485,0.685577439760651,0.595013183328095,-1.07050148066327,0.00357123061984847,0.410547735301525,0.557731183727125,-0.830490745417426,1.36796199642638,-1.08255274398767,0.903580495404464,-0.988633730849125,0.0208246345669966,1.0086765822689,-1.38869236208765,0.902476562150498,1.38819399486733,-0.573445834338975,1.26848334233058,-0.112599053158897,-0.374105768424403,1.68337831219319,0.888056364603025,-0.693190617187087,-0.110116940272592,0.0505073805422005,1.58926042753163,0.105858769017205,0.87722447936269,-0.365077611891001,-0.513652941180561,0.184944390008209,0.275284944532487,1.25513030671659,-1.0631960786085,-1.06637283912197,1.50349078073036,0.778692040158992,-1.60985479108792,-1.27511115350085,0.09111241613477,-0.384430661672212,1.78493506477955,0.956557651063824,0.0041332103500513,0.279974806517639,-0.576917902778203,0.758004448072981,-0.660888442725094,-0.700712293016962,-0.478092879686383,-1.09650446796852,0.618944149001293,-0.429862375223799,0.494421358524617,0.721234058180247,1.71210001578482,0.287172065158638,0.417897552036471,0.416832805268141,0.812565541217033,0.270124010864408,-0.422107470456102,1.22790508997103,-0.834004952329145,0.308018664143884,1.09746214871692,0.616826333309191,0.467003362553339,0.470770852935848,1.15005895811002,0.928858325786415,1.31972063516111,0.583027027010441,1.22640574589957,1.05842552912661,0.06396641164847,1.16666937802325,0.894431681476878,0.299739654632917,1.16734690766144,-0.277824863257094,0,-0.377852383898515,0.0121968083155237,-0.221597108921274,1.06181183867933,1.34459970121253,-0.36802823483019,2.51083529206273,-0.140857248947136,-0.442032030168873,-0.200254744835229,1.04134393563841,0.162606481844656,1.14596591103354,0.169667409627838,0.550113167926647
140,"Greensboro","online",2,19,"male","high school",2,2,2,2,2,4,2,2,2,2,2,3,2,2.5,2.25,1,3,3,5,2,3,3,5,5,4,4,5,4,3,3,3,3,5,1,5,3,3,5,5,2,1,5,3,5,5,3,3,4,3,4,2,4,3,5,3,2,3,3,5,1,3,3,3,5,3,2.5,2.66666666666667,2.33333333333333,3,3.33333333333333,4.33333333333333,3.75,4.33333333333333,3.33333333333333,3.5,5,4.33333333333333,3.5,3,3,2.5,3.5,3.8,4.2,3.2,2,4,4,1,4,3,7,2,2.75,4,6,6,6,6,4,3,4,6,3,3,6,6,6,6,6,5.16666666666667,5.6,4.8,5.13333333333333,-0.953101983864082,-0.886789782776974,-0.0236555794820937,-0.412666476577946,-0.422655668675956,1.44494517203861,-0.365727705456939,-0.27528252477849,-0.119175107217619,0.0134752846364677,-0.308572370239454,0.459548864064687,-0.745243666185615,0.100614481529362,0.00109022203385625,-1.1956857125672,-0.584993262969277,-0.247328570040235,2.16467986327338,-1.07050148066327,0.00357123061984847,-0.508908130217515,1.29338888005431,1.6154751486202,0.497808655504274,0.71473559545132,0.903580495404464,0.0235388983535506,0.916283920947847,-0.798535627629547,0.327220614055136,-1.0875999595147,1.38819399486733,-1.43561964121226,1.26848334233058,-0.112599053158897,-0.374105768424403,1.68337831219319,1.69709076455917,-1.7577333507244,-1.74288536500413,0.955431281923296,0.116454427879473,1.62316779159715,0.87722447936269,0.389650143460587,-0.513652941180561,0.184944390008209,0.275284944532487,0.23681703900313,-0.194043390772654,0.0306135743288604,-0.365009322489452,1.49722761369626,0.120739109331594,-0.502860736591885,-0.939896503284995,-0.384430661672212,1.78493506477955,-2.78271316673113,0.892773435611063,-0.776070516312052,-0.576917902778203,1.51955097300612,-0.660888442725094,0.109250841384365,-0.12486274521019,-0.729866115537366,-1.06979940474589,-0.429862375223799,0.494421358524617,0.365579648756502,1.33839290574042,-0.11637037934533,1.00132595260687,2.20921386792115,1.76548331228064,-0.0755704078013522,-0.422107470456102,-1.09808252539259,-0.233096558392261,-0.478489801306651,0.647739730723013,1.81373663711313,-0.619302758996545,-1.12737230571479,-0.421525846934393,-0.615248942595641,-1.79260042399398,0.0650484699557104,-1.1598135787014,1.05842552912661,-1.52289264655396,-1.18931605975069,-0.504134220468786,1.74792000847735,1.16734690766144,1.80586161117111,1.96658838589016,0.251901589265677,0.0121968083155237,0.468886636268203,1.7707855818969,-0.209641888898728,-0.36802823483019,2.51083529206273,1.04676269315617,2.57501198526947,2.0267161244531,1.04134393563841,1.45743587431136,2.43480289903116,1.37889922410249,1.88487050954177
141,"Greensboro","online",2,19,"male","high school",1,4,1,2,4,4,3,4,3,0,3,4,2,3.75,2.5,4,2,3,4,4,5,5,5,5,3,5,4,5,3,5,5,2,3,5,4,5,2,2,3,5,5,2,3,4,5,5,5,3,5,4,5,4,5,5,5,5,2,5,4,5,5,4,2,5,5,4.75,5,5,3.25,3.66666666666667,2.66666666666667,2.75,4,4.33333333333333,4.75,4.33333333333333,3.66666666666667,4.25,4.33333333333333,5,4.9,3.2,3.6,4.3,4.5,2,7,3,2,1,1,7,1,3.5,2.5,5,4,6,6,6,2,6,5,3,3,3,6,5,5,6,5.33333333333333,4.6,4.4,4.73333333333333,-1.89741961764647,1.00093104194629,-0.871313844257114,-0.412666476577946,1.30821992685415,1.44494517203861,0.517771807725554,1.44024625282659,0.612900551404893,-1.43511781378374,0.46285855535918,1.29686247231814,-0.745243666185615,1.50529717820553,0.235487959312789,1.19939902223355,-1.33812830212134,-0.247328570040235,1.37984652330074,0.706778969858759,1.53920039715466,1.33000360082056,1.29338888005431,1.6154751486202,-0.372344685417831,1.61337976517082,-0.0394768177603896,1.03571152755623,0.916283920947847,1.0086765822689,2.04313359019792,-2.0826382203473,-0.312442523061309,2.01307558628088,0.402693124549392,1.55697311436958,-1.20330927575684,-0.597670031009767,0.0790219646468792,1.43589484988754,1.52265148445894,-1.75934042221999,0.116454427879473,0.864513280307176,0.87722447936269,1.89910565416376,1.31172527954375,-0.809131706285916,1.87491367627531,0.23681703900313,2.41341467273488,0.0306135743288604,1.50349078073036,1.49722761369626,1.85133300975111,1.81389051413501,-1.97090542270476,1.25225433356592,1.03976799890071,0.956557651063824,2.67005388613309,0.279974806517639,-1.67459355850664,1.51955097300612,1.1965104485938,2.53914024458835,2.34774819612317,2.20324070391186,-0.732050693996453,0.0102348184577095,-1.74820716642882,-1.05703798893848,0.964685795696014,1.09425695416658,2.45989695403287,1.49226144285994,1.13020479823824,0.96151284819593,1.37498374039661,1.22790508997103,2.65126373250478,-0.950394880576971,0.347924785393739,1.93342766749352,1.39812289531038,-1.12737230571479,1.15005895811002,-1.12995136538966,-1.27388024746813,-1.48888720120848,-2.35292324100188,1.05842552912661,-2.05184566595477,-0.718118972195903,-1.55305864692803,1.02382983155513,-0.160587405286759,1.80586161117111,1.96658838589016,1.51140953559406,-0.643381638643875,1.84985412664716,1.06181183867933,-0.209641888898728,-0.36802823483019,0.203871241663213,1.04676269315617,1.82075098140988,1.28439250135699,1.04134393563841,1.6192895483697,1.36077207569981,0.975821952610938,1.43995139567007
142,"Greensboro","online",2,18,"female","high school",4,3,3,4,1,2,1,1,4,2,4,4,3.5,1.25,3.5,3,4,2,1,4,4,2,2,1,4,3,4,4,1,3,4,2,2,1,4,2,2,4,2,3,4,2,2,2,2,2,4,2,2,4,3,4,3,2,3,4,4,2,2,2,3,2,4,3,3,3,3,3.66666666666667,3,2.66666666666667,3.33333333333333,2.5,3,2.66666666666667,1.75,1.66666666666667,1.66666666666667,3.75,3.33333333333333,2.33333333333333,3.2,3,2.7,1.7,3.2,4,5,7,5,6,6,7,6,5.25,6.25,3,3,2,1,4,2,3,2,4,3,2,4,4,2,2,2.66666666666667,3,2.8,2.73333333333333,0.935533283700688,0.0570706295846575,0.824002685292926,1.27730099893174,-1.28809346644101,-0.382485486716104,-1.24922721863943,-1.13304691358103,1.3449762100274,0.0134752846364677,1.23428948095781,1.29686247231814,1.06865129490767,-1.3040682151468,1.17307890842852,0.401037443966637,0.168141776182787,-1.18023457984112,-0.974653496617187,0.706778969858759,0.771385813887254,-1.42836399573656,-0.913584208927254,-1.64581271009663,0.497808655504274,-0.183908574268176,-0.0394768177603896,0.0235388983535506,-0.874634651813854,-0.798535627629547,1.18517710212653,-2.0826382203473,-1.16276078202563,-1.43561964121226,0.402693124549392,-0.947385136923134,-1.20330927575684,0.92302886445887,-0.730012435309267,-0.693190617187087,0.706267272093176,-1.75934042221999,-0.619948571946605,-0.652795742272766,-1.68300081108498,-0.365077611891001,0.399036169181593,-1.80320780258004,-0.524529421338927,0.23681703900313,0.675109297063191,0.0306135743288604,-0.365009322489452,-0.658379106915543,0.120739109331594,1.04164009722605,0.09111241613477,-1.20277315929128,-0.450566132856974,-1.84789546228239,0.892773435611063,-1.83211583914174,0.520757752950237,-0.00354207686015419,-0.660888442725094,0.649226264318583,0.228367389266005,0.736687294187248,-1.06979940474589,-1.31005676258682,-0.851155756447443,-1.41269239836223,-0.156435534437191,-0.923455268353268,-1.04067344938952,-1.37554825738486,-0.775630743888986,0.270124010864408,0.027165332257076,-1.8734117305138,0.608175193119377,-1.26499826675718,-1.00124246858799,-1.17853912239671,-0.619302758996545,-0.0619435332810327,0.102335754747078,0.928858325786415,0.282280282109415,1.10100558406517,0.629850914749325,1.05842552912661,0.592919431049281,0.381340898765271,1.06925241922009,-0.424350522289298,-0.824554561760857,-0.972387021399831,-1.31105892392677,0.251901589265677,-0.643381638643875,-0.221597108921274,-1.06510939097337,0.567478906156901,-0.36802823483019,-0.565116775136626,-0.140857248947136,1.0664899775503,-0.942578367931338,-1.51009704626767,-0.970369236563709,-0.357677241630347,-0.636487133355261,-0.784644173688478
143,"Greensboro","online",2,20,"male","high school",4,0,2,3,4,0,4,4,4,4,4,4,2.25,3,4,1,2,3,2,4,1,3,1,2,4,5,4,5,1,4,1,5,2,1,5,4,2,5,4,1,1,5,1,4,2,1,4,5,1,4,4,5,5,1,5,1,5,1,1,4,3,5,3,1,4,1.5,3,2.33333333333333,4,3.33333333333333,4.66666666666667,3.25,3.66666666666667,2.33333333333333,1.25,2.33333333333333,2,4.25,3.33333333333333,3.33333333333333,2.2,4,3.1,1.8,3.7,7,7,7,1,1,7,7,7,5.5,5.5,6,5,4,1,6,1,1,3,6,3,2,2,2,5,6,3.16666666666667,3.6,3.6,3.53333333333333,0.935533283700688,-2.77451060750024,-0.0236555794820937,0.432317261176896,1.30821992685415,-2.20991614547082,1.40127132090805,1.44024625282659,1.3449762100274,1.46206838305668,1.23428948095781,1.29686247231814,-0.442927839336733,0.662487560199828,1.64187438298638,-1.1956857125672,-1.33812830212134,-0.247328570040235,-0.189820156644546,0.706778969858759,-1.53205793591496,-0.508908130217515,-1.64924190525444,-0.830490745417426,0.497808655504274,1.61337976517082,-0.0394768177603896,1.03571152755623,-0.874634651813854,0.105070477319677,-1.38869236208765,0.902476562150498,-1.16276078202563,-1.43561964121226,1.26848334233058,0.72218703060534,-1.20330927575684,1.68337831219319,0.888056364603025,-2.82227608426171,-1.74288536500413,0.955431281923296,-1.35635157177268,0.864513280307176,-1.68300081108498,-1.11980536724259,0.399036169181593,1.17902048630233,-1.32434378721034,0.23681703900313,1.54426198489904,1.12759998777969,1.50349078073036,-1.37691468045281,1.85133300975111,-1.27511115350085,1.12212133555454,-2.02111565691034,-1.19573319873581,0.021739946615087,0.892773435611063,1.33602012934733,-0.576917902778203,-1.52663512672642,0.267811002934351,-0.970700004484071,0.228367389266005,-0.729866115537366,0.281195438251856,-0.429862375223799,0.942947063515305,-0.345729170090989,0.590978685651612,-1.32699771285724,-1.62410184995992,-0.658595832323662,-0.457991486867782,0.96151284819593,0.027165332257076,-0.710417922831989,-0.593641594754391,0.308018664143884,-0.401612577929446,-1.05884809201632,0.156630184967658,1.53619962536961,1.15005895811002,0.928858325786415,-1.79260042399398,-1.48888720120848,1.22640574589957,1.05842552912661,1.12187245045009,0.538406594616867,0.544790205990462,1.74792000847735,0.50337975118734,0.416737294885642,-1.31105892392677,1.51140953559406,-1.29896008560327,-1.60256459930023,-0.356135647755801,2.12172049626816,-0.36802823483019,-0.565116775136626,-1.32847719105044,-0.442032030168873,1.28439250135699,1.04134393563841,-0.484808214388696,0.286741252368463,0.169667409627838,0.105194054054939
144,"Greensboro","online",2,33,"male","Master's degree",4,1,0,3,3,4,4,3,0,2,3,3,2,3.5,2,1,4,3,3,4,1,3,5,4,3,3,5,5,3,3,2,4,5,3,4,2,2,3,5,3,2,4,5,2,3,2,3,5,3,2,1,3,4,4,3,2,4,4,3,5,1,3,3,4,3,1.5,1.33333333333333,2.33333333333333,3.5,2.66666666666667,4.33333333333333,4,4,4.66666666666667,3.25,4.33333333333333,2.66666666666667,3.25,3,3.66666666666667,1.7,3.5,4.2,3.4,3.3,3,6,4,6,2,4,4,4,4.75,3.5,6,6,4,3,3,3,5,5,5,5,5,6,2,5,6,5.16666666666667,4.2,4.6,4.6,0.935533283700688,-1.8306501951386,-1.71897210903213,0.432317261176896,0.442782129089096,1.44494517203861,1.40127132090805,0.582481864024051,-1.58332642446264,0.0134752846364677,0.46285855535918,0.459548864064687,-0.745243666185615,1.22436063887029,-0.233307515245076,-1.1956857125672,0.168141776182787,-0.247328570040235,0.595013183328095,0.706778969858759,-1.53205793591496,-0.508908130217515,1.29338888005431,0.80015318394099,-0.372344685417831,-0.183908574268176,0.903580495404464,1.03571152755623,0.916283920947847,-0.798535627629547,-0.530735874016257,-0.0925616986821026,1.38819399486733,0.288727972534309,0.402693124549392,-0.947385136923134,-1.20330927575684,0.162679416724552,1.69709076455917,-0.693190617187087,-0.92650115263836,0.0505073805422005,1.58926042753163,-0.652795742272766,-0.829592380935756,-0.365077611891001,-0.513652941180561,1.17902048630233,0.275284944532487,-1.79980949642379,-1.0631960786085,-1.06637283912197,0.569240729120455,0.778692040158992,0.120739109331594,-0.502860736591885,0.09111241613477,0.433911835946853,0.294600933021867,0.956557651063824,-0.884507014910961,-0.776070516312052,-0.576917902778203,0.758004448072981,-0.660888442725094,-0.970700004484071,-1.53778328311497,-0.729866115537366,-0.394301983247016,-1.31005676258682,0.494421358524617,0.721234058180247,0.964685795696014,1.49779939867054,0.709611752321671,1.49226144285994,0.177287027174625,-0.421264826467113,-0.422107470456102,-0.322753320271386,-1.19454998869128,-0.478489801306651,1.24736962138156,0.856208394069978,-0.464116170203705,-0.594657919497913,0.626197356428548,-0.615248942595641,0.801000458635262,-0.970908644153751,-0.563258747551158,-0.692047461352012,-0.464986607752341,0.0672095070620784,-0.853775695955203,1.74792000847735,1.16734690766144,0.416737294885642,0,-0.377852383898515,0.0121968083155237,1.15937038145768,1.06181183867933,1.34459970121253,1.15362696687156,1.74184727526289,1.04676269315617,-0.442032030168873,1.28439250135699,1.04134393563841,1.45743587431136,0.931159746367273,1.17736058835671,1.2916450243795
145,"Greensboro","online",2,19,"female","high school",3,3,1,1,4,4,4,4,3,3,1,2,2,4,2.25,3,2,3,1,3,3,3,5,3,4,4,2,5,2,3,3,5,1,3,3,4,3,4,1,3,3,5,5,3,4,2,3,5,3,5,3,5,3,4,3,4,5,5,2,4,2,5,4,3,3,2.5,3.33333333333333,3.66666666666667,3.75,3.66666666666667,4,3.25,4,5,2.5,2.66666666666667,2.33333333333333,3.5,3.33333333333333,3.66666666666667,3.1,3.8,4,2.5,3.5,4,5,5,4,5,5,7,5,4.5,5.5,4,6,6,3,3,4,4,4,4,6,3,6,6,3,6,4.83333333333333,4.4,4.6,4.53333333333333,-0.00878435008169721,0.0570706295846575,-0.871313844257114,-1.25765021433279,1.30821992685415,1.44494517203861,1.40127132090805,1.44024625282659,0.612900551404893,0.737771833846572,-1.08000329583809,-0.377764744188768,-0.745243666185615,1.78623371754076,0.00109022203385625,0.401037443966637,-1.33812830212134,-0.247328570040235,-0.974653496617187,-0.181861255402253,0.00357123061984847,-0.508908130217515,1.29338888005431,-0.0151687807382178,0.497808655504274,0.71473559545132,-1.9255914440901,1.03571152755623,0.0208246345669966,-0.798535627629547,0.327220614055136,0.902476562150498,-2.01307904098995,0.288727972534309,-0.4630970932318,0.72218703060534,-0.374105768424403,0.92302886445887,-1.53904683526541,-0.693190617187087,-0.110116940272592,0.955431281923296,1.58926042753163,0.105858769017205,0.0238160492134668,-0.365077611891001,-0.513652941180561,1.17902048630233,0.275284944532487,1.25513030671659,0.675109297063191,1.12759998777969,-0.365009322489452,0.778692040158992,0.120739109331594,1.04164009722605,1.12212133555454,1.25225433356592,-0.450566132856974,0.021739946615087,0.0041332103500513,1.33602012934733,0.520757752950237,-0.00354207686015419,-0.660888442725094,0.109250841384365,0.581597523742199,0.736687294187248,-0.05655327249758,0.0102348184577095,0.0458956535339307,-0.345729170090989,0.964685795696014,1.90134184317451,-0.165530848533927,-0.300119619793061,-0.140352229846578,-0.0755704078013522,0.027165332257076,-0.322753320271386,0.487993514332,-0.0065847220363304,0.947554676052287,-0.221010879353564,-0.153742992618023,-0.0619435332810327,0.102335754747078,-0.100546519801622,-0.236439894416433,0.583027027010441,0.0332960835990834,1.05842552912661,0.06396641164847,-0.0898561887895179,0.544790205990462,0.299739654632917,1.16734690766144,1.80586161117111,0,-0.377852383898515,0.667775255274923,0.468886636268203,0.352838095461766,0.567478906156901,1.91445456772243,0.203871241663213,1.04676269315617,2.57501198526947,-0.200254744835229,1.04134393563841,1.13372852619468,1.14596591103354,1.17736058835671,1.21749183873421
146,"Greensboro","online",2,22,"male","high school",4,3,2,0,4,1,1,4,4,3,4,4,2.25,2.5,3.75,2,5,2,1,1,1,2,2,3,1,2,5,3,1,5,4,4,4,4,1,2,4,2,2,2,2,5,1,1,5,2,3,2,2,2,3,5,3,2,1,2,4,4,1,5,1,5,2,3,2,2.25,2,2,4.25,3.66666666666667,4.66666666666667,2.5,2.33333333333333,2.66666666666667,2.5,2.33333333333333,1,1.5,1.33333333333333,5,2.1,4.2,2.5,2,2.5,7,7,7,1,3,5,6,7,5.5,5.25,3,4,1,1,5,1,1,1,2,1,1,6,1,3,5,2.83333333333333,2.4,2.6,2.4,0.935533283700688,0.0570706295846575,-0.0236555794820937,-2.10263395208763,1.30821992685415,-1.29620081609346,-1.24922721863943,1.44024625282659,1.3449762100274,0.737771833846572,1.23428948095781,1.29686247231814,-0.442927839336733,0.100614481529362,1.40747664570745,-0.39732413430028,0.92127681533485,-1.18023457984112,-0.974653496617187,-1.95914170592428,-1.53205793591496,-1.42836399573656,-0.913584208927254,-0.0151687807382178,-2.11265136726204,-1.08255274398767,0.903580495404464,-0.988633730849125,-0.874634651813854,1.0086765822689,1.18517710212653,-0.0925616986821026,0.537875735903012,1.15090177940759,-2.19467752879418,-0.947385136923134,0.455097738908036,-0.597670031009767,-0.730012435309267,-1.7577333507244,-0.92650115263836,0.955431281923296,-1.35635157177268,-1.41145025356274,0.87722447936269,-0.365077611891001,-0.513652941180561,-1.80320780258004,-0.524529421338927,-1.79980949642379,0.675109297063191,1.12759998777969,-0.365009322489452,-0.658379106915543,-1.60985479108792,-0.502860736591885,0.09111241613477,0.433911835946853,-1.19573319873581,0.956557651063824,-0.884507014910961,1.33602012934733,-1.67459355850664,-0.00354207686015419,-1.58958788838454,-0.160736870082744,-0.831323014162578,-1.09650446796852,0.618944149001293,0.0102348184577095,0.942947063515305,-1.41269239836223,-0.903849754525995,-0.923455268353268,-0.165530848533927,-0.658595832323662,-1.41090925793139,-2.84112575712744,-2.66847148402199,1.22790508997103,-0.713823273541768,0.622622050324097,-1.30105741391727,-0.819466031255531,-1.70560888054643,1.53619962536961,1.15005895811002,0.928858325786415,-1.79260042399398,-0.452930087099021,0.0332960835990834,0.4749345323004,1.12187245045009,0.538406594616867,0.369969468247254,-0.424350522289298,-0.160587405286759,-1.66694917954257,-1.31105892392677,0.881655562429869,-1.29896008560327,-1.60256459930023,-1.77408313419093,-0.986762683954357,-1.88968343653194,-1.33410479193646,1.04676269315617,-1.19629303402846,-0.200254744835229,0.403483690161891,-0.808515562505371,-1.00209573562916,-0.838025769101036,-1.1554101019149
147,"Greensboro","online",2,31,"male","high school",3,3,3,1,1,1,1,1,3,3,3,3,2.5,1,3,4,1,4,2,5,1,4,5,3,2,2,1,5,2,2,1,1,3,2,3,3,1,2,5,5,1,1,1,5,1,2,1,5,1,2,5,5,4,1,5,1,1,5,1,5,1,2,5,5,2,2,3,1.33333333333333,1.25,3.33333333333333,1,4.25,3.66666666666667,3.66666666666667,2.5,3,2.66666666666667,3,4,2.66666666666667,2.1,1.8,3.9,2.7,3.2,1,7,7,7,7,7,7,7,5.5,7,5,2,2,4,1,3,3,3,4,4,1,3,3,3,5,4,2,3,3.06666666666667,-0.00878435008169721,0.0570706295846575,0.824002685292926,-1.25765021433279,-1.28809346644101,-1.29620081609346,-1.24922721863943,-1.13304691358103,0.612900551404893,0.737771833846572,0.46285855535918,0.459548864064687,-0.140612012487852,-1.58500475448203,0.704283433870654,1.19939902223355,-2.0912633412734,0.685577439760651,-0.189820156644546,1.59541919511977,-1.53205793591496,0.410547735301525,1.29338888005431,-0.0151687807382178,-1.24249802633994,-1.08255274398767,-2.86864875725495,1.03571152755623,0.0208246345669966,-1.70214173257877,-1.38869236208765,-3.0776764811799,-0.312442523061309,-0.573445834338975,-0.4630970932318,-0.112599053158897,-2.03251278308928,-0.597670031009767,1.69709076455917,1.43589484988754,-1.74288536500413,-2.66426432360109,-1.35635157177268,1.62316779159715,-2.5364092412342,-0.365077611891001,-2.33903116190487,1.17902048630233,-1.32434378721034,-1.79980949642379,2.41341467273488,1.12759998777969,0.569240729120455,-1.37691468045281,1.85133300975111,-1.27511115350085,-3.00191434212453,1.25225433356592,-1.19573319873581,0.956557651063824,-0.884507014910961,-1.83211583914174,1.61843340867868,1.51955097300612,-1.58958788838454,-0.430724581549853,0.228367389266005,-1.82978117283083,-3.43404037999194,-0.429862375223799,-3.99083569138225,1.07688846760399,0.590978685651612,0.287172065158638,-0.165530848533927,0.0583565927375398,0.177287027174625,-0.766959245132874,0.925710937683432,-1.4857471279532,-0.713823273541768,-3.15261858383847,0.79764720338765,0.0183711814072236,-0.619302758996545,-1.66008669193167,1.15005895811002,0.928858325786415,1.31972063516111,1.6189841411199,1.22640574589957,1.05842552912661,1.12187245045009,0.538406594616867,1.59371463244971,1.02382983155513,-1.48852171823496,-0.972387021399831,0.655529461963387,-1.6373603302269,0.0121968083155237,-0.221597108921274,-0.356135647755801,0.567478906156901,0.392799366020684,-1.33410479193646,-0.734667219998788,0.312228973690713,-0.200254744835229,0.403483690161891,0.324460155902994,-1.4317080649617,-0.434948497609486,-0.413878245462054
148,"Greensboro","online",2,37,"female","other",4,4,0,4,4,2,2,2,0,0,4,0,3,2.5,1,1,3,1,1,4,1,1,5,1,1,1,5,3,1,1,1,3,5,3,1,1,1,3,1,3,1,3,4,2,1,1,1,5,3,5,1,5,5,1,3,5,5,2,1,3,1,3,3,5,1,1,1,2.33333333333333,2.5,2.33333333333333,4.33333333333333,3.5,4.33333333333333,3,3,1,1.33333333333333,2.75,2.33333333333333,1.66666666666667,1.4,3,3.6,1.9,2.3,1,1,1,1,7,7,7,7,1,7,2,3,3,6,6,1,1,1,6,1,1,6,1,1,6,3.66666666666667,2.4,3.4,3,0.935533283700688,1.00093104194629,-1.71897210903213,1.27730099893174,1.30821992685415,-0.382485486716104,-0.365727705456939,-0.27528252477849,-1.58332642446264,-1.43511781378374,1.23428948095781,-2.05239196069568,0.464019641209911,0.100614481529362,-1.17089846436081,-1.1956857125672,-0.584993262969277,-2.11314058964201,-0.974653496617187,0.706778969858759,-1.53205793591496,-2.34781986125559,1.29338888005431,-1.64581271009663,-2.11265136726204,-1.98119691370717,0.903580495404464,-0.988633730849125,-0.874634651813854,-2.605747837528,-1.38869236208765,-1.0875999595147,1.38819399486733,0.288727972534309,-2.19467752879418,-1.78217122068737,-2.03251278308928,0.162679416724552,-1.53904683526541,-0.693190617187087,-1.74288536500413,-0.854416520838895,0.85285742770555,-0.652795742272766,-2.5364092412342,-1.11980536724259,-2.33903116190487,1.17902048630233,0.275284944532487,1.25513030671659,-1.0631960786085,1.12759998777969,1.50349078073036,-1.37691468045281,0.120739109331594,1.81389051413501,1.12212133555454,-1.20277315929128,-1.19573319873581,-0.91307775783365,-0.884507014910961,-0.776070516312052,-0.576917902778203,1.51955097300612,-2.51828733404398,-1.51067542741829,-1.89101341759116,-0.729866115537366,-1.74529682624476,-1.75015395626833,0.494421358524617,0.00992523933275621,1.33839290574042,-0.519912823849299,0.417897552036471,-2.09250068244607,-1.09327000091019,-1.11265366379863,-1.32065307588246,-2.648740935635,-1.55509502505341,-1.26499826675718,0.347924785393739,-0.939157061635925,-2.01598205813211,-1.66008669193167,-1.9931106519788,-2.1593562109777,-1.79260042399398,1.6189841411199,1.22640574589957,1.05842552912661,1.12187245045009,-2.28877593071187,1.59371463244971,-1.14844069921151,-0.824554561760857,-0.277824863257094,1.96658838589016,1.51140953559406,-1.29896008560327,-1.60256459930023,-1.77408313419093,2.12172049626816,-1.88968343653194,-1.33410479193646,1.04676269315617,-1.19629303402846,-1.68490199102745,1.04134393563841,0.000752807786317938,-1.00209573562916,-0.0318712261179365,-0.488031431107339
149,"Greensboro","online",2,NA,NA,"high school",3,2,1,0,4,3,4,0,0,0,1,0,1.5,2.75,0.25,2,3,3,4,2,2,4,5,3,3,2,5,5,2,1,3,3,5,2,3,3,3,5,3,4,2,4,5,5,4,1,2,4,3,3,1,4,3,5,2,1,3,5,4,1,1,3,4,5,3,1.75,2,1.66666666666667,2.75,3.66666666666667,4,4,4.33333333333333,5,3.5,3.66666666666667,3.66666666666667,2.75,3,2,1.8,3.4,4.4,3.6,2.6,1,2,4,1,1,1,1,1,2,1,6,6,6,6,6,5,6,6,4,6,6,6,6,6,6,6,6,5.4,5.8,-0.00878435008169721,-0.886789782776974,-0.871313844257114,-2.10263395208763,1.30821992685415,0.531229842661255,1.40127132090805,-1.99081130238357,-1.58332642446264,-1.43511781378374,-1.08000329583809,-2.05239196069568,-1.34987531988338,0.381551020864595,-1.8740916761976,-0.39732413430028,-0.584993262969277,-0.247328570040235,1.37984652330074,-1.07050148066327,-0.764243352647557,0.410547735301525,1.29338888005431,-0.0151687807382178,-0.372344685417831,-1.08255274398767,0.903580495404464,1.03571152755623,0.0208246345669966,-2.605747837528,0.327220614055136,-1.0875999595147,1.38819399486733,-0.573445834338975,-0.4630970932318,-0.112599053158897,-0.374105768424403,1.68337831219319,0.0790219646468792,0.371352116350226,-0.92650115263836,0.0505073805422005,1.58926042753163,1.62316779159715,0.0238160492134668,-1.11980536724259,-1.42634205154272,0.184944390008209,0.275284944532487,-0.781496228710329,-1.0631960786085,0.0306135743288604,-0.365009322489452,1.49722761369626,-0.744557840878165,-1.27511115350085,-0.939896503284995,1.25225433356592,1.03976799890071,-2.78271316673113,-0.884507014910961,-0.776070516312052,0.520757752950237,1.51955097300612,-0.660888442725094,-0.700712293016962,-0.831323014162578,-1.46314282039967,-1.40754811549533,0.0102348184577095,0.0458956535339307,0.721234058180247,1.33839290574042,1.90134184317451,1.00132595260687,0.775309017798742,1.13020479823824,-1.11265366379863,-0.422107470456102,-2.2610763330744,-1.0743683099039,-0.635791494396758,1.54718456671084,1.09559045483077,-1.55042229175359,-1.66008669193167,-1.46924905029733,-0.615248942595641,-1.79260042399398,-1.48888720120848,-2.35292324100188,-2.44252045183063,-2.05184566595477,-1.66051314730548,-2.60198307338728,1.74792000847735,1.16734690766144,1.80586161117111,1.96658838589016,1.51140953559406,1.32335370223432,1.84985412664716,1.7707855818969,0.567478906156901,1.91445456772243,2.51083529206273,1.04676269315617,2.57501198526947,2.0267161244531,1.04134393563841,2.26670424460305,2.8644152283637,1.98351513133981,2.62640236599462
150,"Greensboro","online",2,37,"female","other",4,4,3,4,2,2,2,2,0,0,0,2,3.75,2,0.5,1,3,5,1,4,1,3,5,1,3,1,5,3,1,1,1,3,1,3,3,3,3,4,1,3,1,3,5,2,2,1,3,5,2,5,1,5,3,2,5,1,3,5,2,5,1,3,3,5,3,1,1.66666666666667,1,3,3.66666666666667,3.66666666666667,3.5,4,4.33333333333333,2.75,1.33333333333333,1.66666666666667,3.75,3.66666666666667,2.66666666666667,1.2,3.4,3.9,2,3.4,1,1,1,1,7,7,7,7,1,7,2,3,2,1,1,1,1,5,3,1,1,6,1,1,6,2.83333333333333,2.2,2.6,2.33333333333333,0.935533283700688,1.00093104194629,0.824002685292926,1.27730099893174,-0.422655668675956,-0.382485486716104,-0.365727705456939,-0.27528252477849,-1.58332642446264,-1.43511781378374,-1.85143422143672,-0.377764744188768,1.37096712175655,-0.461258597141103,-1.63969393891867,-1.1956857125672,-0.584993262969277,1.61848344956154,-0.974653496617187,0.706778969858759,-1.53205793591496,-0.508908130217515,1.29338888005431,-1.64581271009663,-0.372344685417831,-1.98119691370717,0.903580495404464,-0.988633730849125,-0.874634651813854,-2.605747837528,-1.38869236208765,-1.0875999595147,-2.01307904098995,0.288727972534309,-0.4630970932318,-0.112599053158897,-0.374105768424403,0.92302886445887,-1.53904683526541,-0.693190617187087,-1.74288536500413,-0.854416520838895,1.58926042753163,-0.652795742272766,-1.68300081108498,-1.11980536724259,-0.513652941180561,1.17902048630233,-0.524529421338927,1.25513030671659,-1.0631960786085,1.12759998777969,-0.365009322489452,-0.658379106915543,1.85133300975111,-1.27511115350085,-0.939896503284995,1.25225433356592,-0.450566132856974,0.956557651063824,-0.884507014910961,-0.776070516312052,-0.576917902778203,1.51955097300612,-0.660888442725094,-1.51067542741829,-1.18455314863877,-2.19641952526198,-1.06979940474589,0.0102348184577095,-0.402630051456756,0.00992523933275621,0.964685795696014,1.09425695416658,0.126183351751272,-1.73402446991547,-0.775630743888986,0.270124010864408,0.476438134970254,-1.4857471279532,-1.79545838262816,-0.635791494396758,0.79764720338765,-0.819466031255531,-0.308929581410864,-1.66008669193167,-1.9931106519788,-2.1593562109777,-1.79260042399398,1.6189841411199,1.22640574589957,1.05842552912661,1.12187245045009,-2.28877593071187,1.59371463244971,-1.14844069921151,-0.824554561760857,-0.972387021399831,-1.31105892392677,-1.6373603302269,-1.29896008560327,-1.60256459930023,1.06181183867933,-0.209641888898728,-1.88968343653194,-1.33410479193646,1.04676269315617,-1.19629303402846,-1.68490199102745,1.04134393563841,-0.808515562505371,-1.21690190029543,-0.838025769101036,-1.22956328756019
151,"Greensboro","online",2,19,"female","high school",4,4,4,4,0,0,0,0,3,3,1,3,4,0,2.5,1,5,2,2,5,5,3,1,1,5,4,5,5,2,5,3,5,2,1,5,5,5,2,1,4,5,3,1,3,5,5,5,3,3,5,4,5,3,2,5,2,5,4,2,4,4,3,3,1,5,3.25,4.66666666666667,3.66666666666667,4.5,4.33333333333333,4.33333333333333,2.5,2,3.33333333333333,1.75,1.33333333333333,2.33333333333333,5,4.66666666666667,4.66666666666667,3.8,4.4,2.6,1.8,4.8,3,7,7,6,4,7,7,6,5.75,6,3,1,1,2,4,5,3,3,1,2,2,1,6,2,1,2,3.2,2,2.46666666666667,0.935533283700688,1.00093104194629,1.67166095006795,1.27730099893174,-2.15353126420606,-2.20991614547082,-2.13272673182193,-1.99081130238357,0.612900551404893,0.737771833846572,-1.08000329583809,0.459548864064687,1.67328294860544,-2.70875091182297,0.235487959312789,-1.1956857125672,0.92127681533485,-1.18023457984112,-0.189820156644546,1.59541919511977,1.53920039715466,-0.508908130217515,-1.64924190525444,-1.64581271009663,1.36796199642638,0.71473559545132,0.903580495404464,1.03571152755623,0.0208246345669966,1.0086765822689,0.327220614055136,0.902476562150498,-1.16276078202563,-1.43561964121226,1.26848334233058,1.55697311436958,1.28430124624048,-0.597670031009767,-1.53904683526541,0.371352116350226,1.52265148445894,-0.854416520838895,-1.35635157177268,0.105858769017205,0.87722447936269,1.89910565416376,1.31172527954375,-0.809131706285916,0.275284944532487,1.25513030671659,1.54426198489904,1.12759998777969,-0.365009322489452,-0.658379106915543,1.85133300975111,-0.502860736591885,1.12212133555454,0.433911835946853,-0.450566132856974,0.021739946615087,1.78141366087208,-0.776070516312052,-0.576917902778203,-1.52663512672642,1.1965104485938,0.919213975785692,1.99451806164698,0.736687294187248,0.956692859750729,0.890429205820728,0.494421358524617,-1.41269239836223,-1.2775568645704,-0.11637037934533,-1.04067344938952,-1.73402446991547,-0.140352229846578,1.99859610419321,1.82425654310979,0.840240487410424,1.32926526584364,0.937225436504311,-1.15114994125263,-1.05884809201632,1.8636826616889,-0.594657919497913,1.15005895811002,0.928858325786415,0.801000458635262,0.0650484699557104,1.22640574589957,1.05842552912661,0.592919431049281,0.695472290468464,0.894431681476878,-0.424350522289298,-2.15248887470905,-1.66694917954257,-0.655529461963387,0.251901589265677,1.32335370223432,-0.221597108921274,-0.356135647755801,-1.76388347900999,-1.12885583568106,-0.565116775136626,-1.92228716210209,2.57501198526947,-0.942578367931338,-2.14795729174418,-1.61778393279706,-0.142871076964077,-1.44264167633836,-1.08125691626962
152,"Greensboro","online",2,27,"female","high school",3,3,0,4,3,3,3,3,2,0,0,4,2.5,3,1.5,3,4,4,1,4,3,3,3,1,5,2,5,5,1,4,2,4,3,1,5,3,4,1,2,4,4,4,5,3,5,3,2,5,1,4,1,4,2,1,3,2,4,3,2,5,1,3,4,2,4,2.25,2.33333333333333,2.66666666666667,3.25,3.66666666666667,4.33333333333333,4,2,4.33333333333333,1.25,1.33333333333333,2,4.25,4,4.66666666666667,2.4,3.7,3.5,1.5,4.3,2,5,6,5,5,5,7,5,4.5,5.5,4,6,3,3,3,6,4,3,3,2,2,5,3,3,3,3.5,3.4,4,3.53333333333333,-0.00878435008169721,0.0570706295846575,-1.71897210903213,1.27730099893174,0.442782129089096,0.531229842661255,0.517771807725554,0.582481864024051,-0.119175107217619,-1.43511781378374,-1.85143422143672,1.29686247231814,-0.140612012487852,0.662487560199828,-0.702102989802941,0.401037443966637,0.168141776182787,0.685577439760651,-0.974653496617187,0.706778969858759,0.00357123061984847,-0.508908130217515,-0.177926512600065,-1.64581271009663,1.36796199642638,-1.08255274398767,0.903580495404464,1.03571152755623,-0.874634651813854,0.105070477319677,-0.530735874016257,-0.0925616986821026,-0.312442523061309,-1.43561964121226,1.26848334233058,-0.112599053158897,0.455097738908036,-1.35801947874409,-0.730012435309267,0.371352116350226,0.706267272093176,0.0505073805422005,1.58926042753163,0.105858769017205,0.87722447936269,0.389650143460587,-1.42634205154272,1.17902048630233,-1.32434378721034,0.23681703900313,-1.0631960786085,0.0306135743288604,-1.29925937409936,-1.37691468045281,0.120739109331594,-0.502860736591885,0.09111241613477,-0.384430661672212,-0.450566132856974,0.956557651063824,-0.884507014910961,-0.776070516312052,0.520757752950237,-0.765088601793289,0.267811002934351,-0.160736870082744,-0.478092879686383,-0.363227763106213,-0.732050693996453,0.0102348184577095,0.494421358524617,0.721234058180247,-1.2775568645704,1.09425695416658,-1.62410184995992,-1.73402446991547,-0.457991486867782,0.96151284819593,0.925710937683432,0.840240487410424,-0.353278237179638,-0.163886415126437,0.198017312729102,-1.4179211831575,1.0877497177247,-1.12737230571479,0.102335754747078,0.414155902992397,0.282280282109415,0.583027027010441,0.0332960835990834,1.05842552912661,0.06396641164847,-0.0898561887895179,0.544790205990462,0.299739654632917,1.16734690766144,-0.277824863257094,0,-0.377852383898515,1.97893214919372,0.468886636268203,-0.356135647755801,-0.209641888898728,-1.12885583568106,-0.565116775136626,0.452952722104516,0.312228973690713,-0.200254744835229,-0.872236800791147,-0.16110086627202,0.0719350877021927,0.572744681119388,0.105194054054939
153,"Greensboro","online",2,28,NA,"Trade School",3,4,1,4,2,3,3,3,4,4,3,3,3,2.75,3.5,1,4,3,1,4,1,3,5,3,3,3,5,5,1,4,1,5,4,2,5,2,4,5,2,4,4,4,4,2,5,3,3,5,1,3,2,5,4,2,5,2,4,4,2,5,1,4,5,3,5,1.5,1.66666666666667,3,4,4,4.33333333333333,4.25,4.66666666666667,4.33333333333333,1.75,2.33333333333333,1.66666666666667,4.25,4,4.66666666666667,2,4.1,4.4,1.9,4.3,6,7,7,5,3,6,6,4,6.25,4.75,4,6,3,1,5,2,5,5,5,5,3,6,5,6,5,4.33333333333333,4.8,4.4,4.4,-0.00878435008169721,1.00093104194629,-0.871313844257114,1.27730099893174,-0.422655668675956,0.531229842661255,0.517771807725554,0.582481864024051,1.3449762100274,1.46206838305668,0.46285855535918,0.459548864064687,0.464019641209911,0.381551020864595,1.17307890842852,-1.1956857125672,0.168141776182787,-0.247328570040235,-0.974653496617187,0.706778969858759,-1.53205793591496,-0.508908130217515,1.29338888005431,-0.0151687807382178,-0.372344685417831,-0.183908574268176,0.903580495404464,1.03571152755623,-0.874634651813854,0.105070477319677,-1.38869236208765,0.902476562150498,0.537875735903012,-0.573445834338975,1.26848334233058,-0.947385136923134,0.455097738908036,1.68337831219319,-0.730012435309267,0.371352116350226,0.706267272093176,0.0505073805422005,0.85285742770555,-0.652795742272766,0.87722447936269,0.389650143460587,-0.513652941180561,1.17902048630233,-1.32434378721034,-0.781496228710329,-0.194043390772654,1.12759998777969,0.569240729120455,-0.658379106915543,1.85133300975111,-0.502860736591885,0.09111241613477,0.433911835946853,-0.450566132856974,0.956557651063824,-0.884507014910961,0.279974806517639,1.61843340867868,-0.00354207686015419,1.1965104485938,-0.970700004484071,-1.18455314863877,0.00341058932494087,0.281195438251856,0.450332012139219,0.494421358524617,1.07688846760399,1.71210001578482,1.09425695416658,-1.04067344938952,-0.658595832323662,-0.775630743888986,0.96151284819593,0.925710937683432,0.840240487410424,-0.834004952329145,0.46532035723399,1.54718456671084,-0.939157061635925,1.0877497177247,1.00348523915273,1.15005895811002,0.928858325786415,0.282280282109415,-0.452930087099021,0.629850914749325,0.4749345323004,-0.464986607752341,1.00960368217166,0.0203279927608379,0.299739654632917,1.16734690766144,-0.277824863257094,-1.31105892392677,0.881655562429869,-0.643381638643875,1.15937038145768,1.06181183867933,1.34459970121253,1.15362696687156,0.203871241663213,1.04676269315617,1.82075098140988,2.0267161244531,0.403483690161891,0.648167504019669,1.57557824036608,0.975821952610938,1.06918546744364
154,"Greensboro","online",2,28,NA,"Trade School",3,4,1,3,3,3,1,3,4,4,4,3,2.75,2.5,3.75,1,4,3,1,4,2,3,4,3,4,2,5,5,1,4,1,4,4,2,5,2,2,5,1,4,4,3,4,2,5,4,4,5,1,4,2,4,4,2,3,2,4,4,2,4,1,3,4,3,4,1.75,2,2.66666666666667,3.75,3,4,4,4.33333333333333,4.33333333333333,1.75,2,1.66666666666667,4.25,3.66666666666667,4.33333333333333,2.1,3.6,4.2,1.8,4.1,6,6,7,4,5,6,5,5,5.75,5.25,2,6,2,1,5,5,2,5,3,2,5,6,5,5,5,3,5.2,4.2,3.93333333333333,-0.00878435008169721,1.00093104194629,-0.871313844257114,0.432317261176896,0.442782129089096,0.531229842661255,-1.24922721863943,0.582481864024051,1.3449762100274,1.46206838305668,1.23428948095781,0.459548864064687,0.161703814361029,0.100614481529362,1.40747664570745,-1.1956857125672,0.168141776182787,-0.247328570040235,-0.974653496617187,0.706778969858759,-0.764243352647557,-0.508908130217515,0.557731183727125,-0.0151687807382178,0.497808655504274,-1.08255274398767,0.903580495404464,1.03571152755623,-0.874634651813854,0.105070477319677,-1.38869236208765,-0.0925616986821026,0.537875735903012,-0.573445834338975,1.26848334233058,-0.947385136923134,-1.20330927575684,1.68337831219319,-1.53904683526541,0.371352116350226,0.706267272093176,-0.854416520838895,0.85285742770555,-0.652795742272766,0.87722447936269,1.14437789881218,0.399036169181593,1.17902048630233,-1.32434378721034,0.23681703900313,-0.194043390772654,0.0306135743288604,0.569240729120455,-0.658379106915543,0.120739109331594,-0.502860736591885,0.09111241613477,0.433911835946853,-0.450566132856974,0.021739946615087,-0.884507014910961,-0.776070516312052,0.520757752950237,-0.00354207686015419,0.267811002934351,-0.700712293016962,-0.831323014162578,-0.363227763106213,-0.05655327249758,-0.869959568905309,0.0458956535339307,0.721234058180247,1.33839290574042,1.09425695416658,-1.04067344938952,-1.01707204485426,-0.775630743888986,0.96151284819593,0.476438134970254,0.45257588484982,-0.713823273541768,-0.321188108216544,1.24736962138156,-1.05884809201632,0.77737654013902,1.00348523915273,0.626197356428548,0.928858325786415,-0.236439894416433,0.583027027010441,0.629850914749325,-0.108556464525806,0.06396641164847,0.695472290468464,0.369969468247254,-1.14844069921151,1.16734690766144,-0.972387021399831,-1.31105892392677,0.881655562429869,1.32335370223432,-0.912080854110751,1.06181183867933,-0.209641888898728,-1.12885583568106,1.74184727526289,1.04676269315617,1.82075098140988,1.28439250135699,0.403483690161891,-0.646661888447033,2.00519056969862,0.774283316865163,0.550113167926647
155,"Greensboro","online",2,18,"non-binary","high school",3,4,3,4,1,3,2,2,3,3,3,1,3.5,2,2.5,3,5,2,1,2,3,5,4,2,5,3,3,3,1,4,2,5,2,5,4,4,4,4,4,3,2,5,4,1,2,2,5,4,1,2,3,4,3,1,1,4,5,2,1,5,2,5,3,1,4,2.25,3.33333333333333,3,5,4.33333333333333,4.33333333333333,2.75,3.66666666666667,3,2,2.33333333333333,1,3,3,3.66666666666667,2.8,4.6,3.1,1.8,3.2,5,6,7,7,6,7,7,7,6.25,6.75,4,3,1,2,2,3,3,2,2,5,2,5,1,3,5,4,2,2.8,2.86666666666667,-0.00878435008169721,1.00093104194629,0.824002685292926,1.27730099893174,-1.28809346644101,0.531229842661255,-0.365727705456939,-0.27528252477849,0.612900551404893,0.737771833846572,0.46285855535918,-1.21507835244222,1.06865129490767,-0.461258597141103,0.235487959312789,0.401037443966637,0.92127681533485,-1.18023457984112,-0.974653496617187,-1.07050148066327,0.00357123061984847,1.33000360082056,0.557731183727125,-0.830490745417426,1.36796199642638,-0.183908574268176,-0.982534130925243,-0.988633730849125,-0.874634651813854,0.105070477319677,-0.530735874016257,0.902476562150498,-1.16276078202563,2.01307558628088,0.402693124549392,0.72218703060534,0.455097738908036,0.92302886445887,0.888056364603025,-0.693190617187087,-0.92650115263836,0.955431281923296,0.85285742770555,-1.41145025356274,-1.68300081108498,-0.365077611891001,1.31172527954375,0.184944390008209,-1.32434378721034,-1.79980949642379,0.675109297063191,0.0306135743288604,-0.365009322489452,-1.37691468045281,-1.60985479108792,1.04164009722605,1.12212133555454,-1.20277315929128,-1.19573319873581,0.956557651063824,0.0041332103500513,1.33602012934733,-0.576917902778203,-1.52663512672642,0.267811002934351,-0.160736870082744,0.581597523742199,0.00341058932494087,1.6321902812496,0.890429205820728,0.494421358524617,-1.05703798893848,0.590978685651612,-0.519912823849299,-0.748959249104326,-0.658595832323662,-1.41090925793139,-0.766959245132874,-0.422107470456102,-0.322753320271386,0.127448477969869,1.25182882268452,-0.401612577929446,-1.05884809201632,-0.619302758996545,0.470770852935848,0.626197356428548,0.928858325786415,1.31972063516111,1.10100558406517,1.22640574589957,1.05842552912661,1.12187245045009,1.00960368217166,1.4188938947065,0.299739654632917,-0.824554561760857,-1.66694917954257,-0.655529461963387,-1.00760635706271,0.0121968083155237,-0.221597108921274,-1.06510939097337,-0.986762683954357,1.15362696687156,-0.565116775136626,0.452952722104516,-1.19629303402846,-0.200254744835229,0.403483690161891,0.324460155902994,-1.4317080649617,-0.636487133355261,-0.636337802397909
156,"Greensboro","online",2,41,"male","Trade School",4,4,4,4,4,4,4,4,0,0,0,4,4,4,1,5,1,5,5,1,1,5,5,1,5,5,1,5,5,5,5,5,5,5,5,5,5,1,1,1,5,5,5,5,5,5,5,5,5,5,1,5,5,5,1,5,5,5,5,5,5,5,5,5,1,5,2.33333333333333,5,4,5,3.66666666666667,5,3.66666666666667,5,5,2.33333333333333,5,3,2.33333333333333,5,4.2,4.2,4.6,4.2,3.4,1,7,7,7,7,7,7,7,5.5,7,6,1,1,1,6,1,6,6,6,6,1,6,1,6,6,5.16666666666667,3,4,4,0.935533283700688,1.00093104194629,1.67166095006795,1.27730099893174,1.30821992685415,1.44494517203861,1.40127132090805,1.44024625282659,-1.58332642446264,-1.43511781378374,-1.85143422143672,1.29686247231814,1.67328294860544,1.78623371754076,-1.17089846436081,1.99776060050047,-2.0912633412734,1.61848344956154,2.16467986327338,-1.95914170592428,-1.53205793591496,1.33000360082056,1.29338888005431,-1.64581271009663,1.36796199642638,1.61337976517082,-2.86864875725495,1.03571152755623,2.70720249370955,1.0086765822689,2.04313359019792,0.902476562150498,1.38819399486733,2.01307558628088,1.26848334233058,1.55697311436958,1.28430124624048,-1.35801947874409,-1.53904683526541,-2.82227608426171,1.52265148445894,0.955431281923296,1.58926042753163,1.62316779159715,0.87722447936269,1.89910565416376,1.31172527954375,1.17902048630233,1.87491367627531,1.25513030671659,-1.0631960786085,1.12759998777969,1.50349078073036,1.49722761369626,-1.60985479108792,1.81389051413501,1.12212133555454,1.25225433356592,1.78493506477955,0.956557651063824,2.67005388613309,1.33602012934733,1.61843340867868,1.51955097300612,-2.51828733404398,2.80912795605545,-0.478092879686383,2.20324070391186,0.281195438251856,1.77062359318375,-0.402630051456756,2.14385169587523,0.590978685651612,1.90134184317451,2.75161115431807,-0.658595832323662,2.40076182632305,-0.766959245132874,-1.32065307588246,1.22790508997103,1.80999198099314,0.622622050324097,1.84699951204011,1.81373663711313,-0.308929581410864,-1.66008669193167,1.15005895811002,0.928858325786415,1.31972063516111,1.6189841411199,1.22640574589957,1.05842552912661,1.12187245045009,0.538406594616867,1.59371463244971,1.74792000847735,-2.15248887470905,-1.66694917954257,-1.31105892392677,1.51140953559406,-1.29896008560327,1.84985412664716,1.7707855818969,2.12172049626816,1.91445456772243,-1.33410479193646,1.04676269315617,-1.19629303402846,2.0267161244531,1.04134393563841,1.45743587431136,-0.357677241630347,0.572744681119388,0.624266353571932
157,"Greensboro","online",2,18,"female","high school",4,4,4,4,1,2,1,1,3,3,3,3,4,1.25,3,2,5,4,1,4,3,4,3,3,3,3,4,4,2,4,2,4,4,2,5,3,4,2,2,4,3,4,2,2,5,2,5,4,2,3,2,5,4,2,3,2,4,4,2,5,2,4,3,2,4,2,2.66666666666667,2.66666666666667,4.5,4.33333333333333,4,3.75,3,3.33333333333333,1.75,2.33333333333333,2,4,3.33333333333333,4.66666666666667,2.4,4.3,3.4,2,4,6,7,7,6,6,7,7,6,6.5,6.5,3,5,2,3,3,2,1,3,3,2,2,2,1,1,4,2.5,2.8,2,2.46666666666667,0.935533283700688,1.00093104194629,1.67166095006795,1.27730099893174,-1.28809346644101,-0.382485486716104,-1.24922721863943,-1.13304691358103,0.612900551404893,0.737771833846572,0.46285855535918,0.459548864064687,1.67328294860544,-1.3040682151468,0.704283433870654,-0.39732413430028,0.92127681533485,0.685577439760651,-0.974653496617187,0.706778969858759,0.00357123061984847,0.410547735301525,-0.177926512600065,-0.0151687807382178,-0.372344685417831,-0.183908574268176,-0.0394768177603896,0.0235388983535506,0.0208246345669966,0.105070477319677,-0.530735874016257,-0.0925616986821026,0.537875735903012,-0.573445834338975,1.26848334233058,-0.112599053158897,0.455097738908036,-0.597670031009767,-0.730012435309267,0.371352116350226,-0.110116940272592,0.0505073805422005,-0.619948571946605,-0.652795742272766,0.87722447936269,-0.365077611891001,1.31172527954375,0.184944390008209,-0.524529421338927,-0.781496228710329,-0.194043390772654,1.12759998777969,0.569240729120455,-0.658379106915543,0.120739109331594,-0.502860736591885,0.09111241613477,0.433911835946853,-0.450566132856974,0.956557651063824,0.0041332103500513,0.279974806517639,-0.576917902778203,-0.765088601793289,0.267811002934351,-0.430724581549853,-0.12486274521019,-0.363227763106213,0.956692859750729,0.890429205820728,0.0458956535339307,0.365579648756502,-0.156435534437191,-0.11637037934533,-1.04067344938952,-0.658595832323662,-0.457991486867782,0.615818429530169,0.027165332257076,0.840240487410424,-0.353278237179638,0.779923743414204,0.0481098400644648,-0.819466031255531,0.62218995134618,1.00348523915273,1.15005895811002,0.928858325786415,0.801000458635262,1.10100558406517,1.22640574589957,1.05842552912661,0.592919431049281,1.16666937802325,1.24407315696329,-0.424350522289298,0.50337975118734,-0.972387021399831,0,-0.377852383898515,-0.643381638643875,-1.60256459930023,-0.356135647755801,-0.209641888898728,-1.12885583568106,-0.565116775136626,-1.32847719105044,-1.19629303402846,-1.68490199102745,-0.234376555314628,-1.13222291062205,-0.572483406296617,-1.44264167633836,-1.08125691626962
158,"Greensboro","online",2,18,"male","high school",3,3,2,1,1,4,2,4,3,2,4,3,2.25,2.75,3,4,2,2,2,1,5,5,2,5,4,4,4,4,2,4,4,4,2,4,3,4,4,3,2,4,4,5,2,3,4,1,4,5,2,3,4,3,4,2,2,4,3,2,1,4,1,3,2,2,3,2.5,4.33333333333333,4,3.25,4,4,2.75,3,2.66666666666667,2.5,3,2,2.5,3.33333333333333,4,3.5,3.7,2.8,2.5,3.2,3,3,3,3,2,5,4,5,3,4,2,4,4,3,2,3,4,2,2,2,3,6,2,2,6,3.83333333333333,2.6,3.4,3.13333333333333,-0.00878435008169721,0.0570706295846575,-0.0236555794820937,-1.25765021433279,-1.28809346644101,1.44494517203861,-0.365727705456939,1.44024625282659,0.612900551404893,0.0134752846364677,1.23428948095781,0.459548864064687,-0.442927839336733,0.381551020864595,0.704283433870654,1.19939902223355,-1.33812830212134,-1.18023457984112,-0.189820156644546,-1.95914170592428,1.53920039715466,1.33000360082056,-0.913584208927254,1.6154751486202,0.497808655504274,0.71473559545132,-0.0394768177603896,0.0235388983535506,0.0208246345669966,0.105070477319677,1.18517710212653,-0.0925616986821026,-1.16276078202563,1.15090177940759,-0.4630970932318,0.72218703060534,0.455097738908036,0.162679416724552,-0.730012435309267,0.371352116350226,0.706267272093176,0.955431281923296,-0.619948571946605,0.105858769017205,0.0238160492134668,-1.11980536724259,0.399036169181593,1.17902048630233,-0.524529421338927,-0.781496228710329,1.54426198489904,-1.06637283912197,0.569240729120455,-0.658379106915543,-0.744557840878165,1.04164009722605,-0.939896503284995,-1.20277315929128,-1.19573319873581,0.021739946615087,-0.884507014910961,-0.776070516312052,-1.67459355850664,-0.765088601793289,-0.660888442725094,0.109250841384365,1.64128792717078,1.1033256466184,-0.732050693996453,0.450332012139219,0.0458956535339307,-1.05703798893848,-0.156435534437191,-0.923455268353268,-0.165530848533927,0.0583565927375398,-0.457991486867782,-1.4583480824644,0.027165332257076,0.0649112822892171,0.968720229481507,-0.163886415126437,-0.851334995923357,-0.221010879353564,-0.619302758996545,-0.594657919497913,-0.945387448615864,-1.12995136538966,-0.75516007094228,-0.970908644153751,0.0332960835990834,-0.692047461352012,0.06396641164847,-1.0322503638991,-0.504134220468786,-1.14844069921151,-0.160587405286759,0.416737294885642,0,-1.00760635706271,0.0121968083155237,0.468886636268203,-1.06510939097337,-0.986762683954357,-1.12885583568106,0.203871241663213,1.04676269315617,-0.442032030168873,-0.942578367931338,1.04134393563841,0.162606481844656,-0.787289570962887,-0.0318712261179365,-0.33972505981677
159,"Greensboro","online",2,27,"female","prefer not to answer",3,4,0,3,4,4,4,3,0,1,0,2,2.5,3.75,0.75,4,5,5,3,4,5,3,5,3,5,1,4,4,2,4,2,5,4,2,5,5,5,5,2,5,5,5,1,1,5,1,4,3,2,4,1,4,4,3,5,2,5,4,2,4,1,3,5,4,4,2,3.66666666666667,2.66666666666667,4.25,4,4.66666666666667,4.25,4.66666666666667,3,2.75,2.66666666666667,1.66666666666667,4.25,5,4.33333333333333,2.7,4.3,4,2.4,4.5,4,3,5,5,3,5,6,4,4.25,4.5,1,6,6,6,6,6,6,6,6,6,1,6,4,6,6,5.16666666666667,4.6,6,5.2,-0.00878435008169721,1.00093104194629,-1.71897210903213,0.432317261176896,1.30821992685415,1.44494517203861,1.40127132090805,0.582481864024051,-1.58332642446264,-0.710821264573636,-1.85143422143672,-0.377764744188768,-0.140612012487852,1.50529717820553,-1.40529620163974,1.19939902223355,0.92127681533485,1.61848344956154,0.595013183328095,0.706778969858759,1.53920039715466,-0.508908130217515,1.29338888005431,-0.0151687807382178,1.36796199642638,-1.98119691370717,-0.0394768177603896,0.0235388983535506,0.0208246345669966,0.105070477319677,-0.530735874016257,0.902476562150498,0.537875735903012,-0.573445834338975,1.26848334233058,1.55697311436958,1.28430124624048,1.68337831219319,-0.730012435309267,1.43589484988754,1.52265148445894,0.955431281923296,-1.35635157177268,-1.41145025356274,0.87722447936269,-1.11980536724259,0.399036169181593,-0.809131706285916,-0.524529421338927,0.23681703900313,-1.0631960786085,0.0306135743288604,0.569240729120455,0.0601564666217247,1.85133300975111,-0.502860736591885,1.12212133555454,0.433911835946853,-0.450566132856974,0.021739946615087,-0.884507014910961,-0.776070516312052,1.61843340867868,0.758004448072981,0.267811002934351,-0.430724581549853,0.934827658218393,-0.363227763106213,0.618944149001293,0.450332012139219,0.942947063515305,1.07688846760399,1.71210001578482,-0.519912823849299,0.126183351751272,-0.300119619793061,-0.775630743888986,0.96151284819593,2.27352934582297,0.45257588484982,0.00726679918249275,0.779923743414204,0.947554676052287,-0.340701909733957,1.39812289531038,-0.0619435332810327,-0.945387448615864,-0.100546519801622,0.282280282109415,-0.452930087099021,0.0332960835990834,0.4749345323004,-0.464986607752341,-0.246921884641114,-0.15449274498237,-1.87253087613373,1.16734690766144,1.80586161117111,1.96658838589016,1.51140953559406,1.97893214919372,1.84985412664716,1.7707855818969,2.12172049626816,1.91445456772243,-1.33410479193646,1.04676269315617,1.0664899775503,2.0267161244531,1.04134393563841,1.45743587431136,1.36077207569981,2.58813103857714,1.95902369518706
160,"Greensboro","online",2,27,"female","prefer not to answer",1,1,1,3,1,3,1,1,1,1,1,1,1.5,1.5,1,2,4,2,3,3,2,4,2,3,3,1,3,1,4,3,4,3,2,2,3,1,4,3,3,3,2,2,3,3,4,1,4,3,4,2,5,1,3,3,3,4,3,2,4,3,2,2,4,4,1,2.25,2.66666666666667,2.33333333333333,3.25,3,2.66666666666667,2.75,2.66666666666667,2,3.25,3,3.66666666666667,2.25,3,3.33333333333333,2.4,3,2.5,3.3,2.8,4,3,5,3,5,5,5,5,3.75,5,1,1,1,6,5,5,2,2,3,4,4,4,3,3,5,3.66666666666667,3,3.2,3.26666666666667,-1.89741961764647,-1.8306501951386,-0.871313844257114,0.432317261176896,-1.28809346644101,0.531229842661255,-1.24922721863943,-1.13304691358103,-0.85125076584013,-0.710821264573636,-1.08000329583809,-1.21507835244222,-1.34987531988338,-1.02313167581157,-1.17089846436081,-0.39732413430028,0.168141776182787,-1.18023457984112,0.595013183328095,-0.181861255402253,-0.764243352647557,0.410547735301525,-0.913584208927254,-0.0151687807382178,-0.372344685417831,-1.98119691370717,-0.982534130925243,-3.01297898925448,1.8117432073287,-0.798535627629547,1.18517710212653,-1.0875999595147,-1.16276078202563,-0.573445834338975,-0.4630970932318,-1.78217122068737,0.455097738908036,0.162679416724552,0.0790219646468792,-0.693190617187087,-0.92650115263836,-1.75934042221999,0.116454427879473,0.105858769017205,0.0238160492134668,-1.11980536724259,0.399036169181593,-0.809131706285916,1.0750993104039,-1.79980949642379,2.41341467273488,-3.26034566602362,-0.365009322489452,0.0601564666217247,0.120739109331594,1.04164009722605,-0.939896503284995,-1.20277315929128,1.03976799890071,-0.91307775783365,0.0041332103500513,-1.83211583914174,0.520757752950237,0.758004448072981,-2.51828733404398,-0.160736870082744,-0.12486274521019,-0.729866115537366,-0.732050693996453,-0.869959568905309,-1.74820716642882,-1.05703798893848,-0.530142644481593,-1.7305401573612,0.709611752321671,0.0583565927375398,1.13020479823824,-1.80404250113016,-0.422107470456102,-0.710417922831989,-0.353278237179638,-1.26499826675718,-1.30105741391727,0.736517363689584,-1.24004911416791,-0.0619435332810327,-0.945387448615864,-0.100546519801622,-0.75516007094228,0.583027027010441,0.0332960835990834,-0.108556464525806,0.06396641164847,-0.561053276344307,0.195148730504046,-1.87253087613373,-2.15248887470905,-1.66694917954257,1.96658838589016,0.881655562429869,1.32335370223432,-0.912080854110751,-1.06510939097337,-0.209641888898728,0.392799366020684,0.972859258463052,-0.140857248947136,0.312228973690713,-0.200254744835229,0.403483690161891,0.000752807786317938,-0.357677241630347,-0.233409861863711,-0.1914186885262
161,"Greensboro","online",2,30,"male","high school",4,4,0,3,2,3,1,2,3,3,3,4,2.75,2,3.25,3,2,4,3,3,2,2,5,4,2,3,4,5,2,3,3,3,4,3,1,3,1,3,2,3,3,2,4,2,3,4,2,5,2,4,1,4,5,3,3,3,2,4,2,4,3,3,5,3,3,3.25,2,3,2.5,2.33333333333333,2.66666666666667,4.5,4.33333333333333,4.33333333333333,2.75,3,2,2.75,2.66666666666667,3.33333333333333,2.8,2.5,4.4,2.6,2.9,3,4,7,2,5,5,7,5,4,5.5,2,6,4,3,3,1,4,3,2,4,2,3,4,3,5,3.5,3.6,2.6,3.26666666666667,0.935533283700688,1.00093104194629,-1.71897210903213,0.432317261176896,-0.422655668675956,0.531229842661255,-1.24922721863943,-0.27528252477849,0.612900551404893,0.737771833846572,0.46285855535918,1.29686247231814,0.161703814361029,-0.461258597141103,0.938681171149586,0.401037443966637,-1.33812830212134,0.685577439760651,0.595013183328095,-0.181861255402253,-0.764243352647557,-1.42836399573656,1.29338888005431,0.80015318394099,-1.24249802633994,-0.183908574268176,-0.0394768177603896,1.03571152755623,0.0208246345669966,-0.798535627629547,0.327220614055136,-1.0875999595147,0.537875735903012,0.288727972534309,-2.19467752879418,-0.112599053158897,-2.03251278308928,0.162679416724552,-0.730012435309267,-0.693190617187087,-0.110116940272592,-1.75934042221999,0.85285742770555,-0.652795742272766,-0.829592380935756,1.14437789881218,-1.42634205154272,1.17902048630233,-0.524529421338927,0.23681703900313,-1.0631960786085,0.0306135743288604,1.50349078073036,0.0601564666217247,0.120739109331594,0.269389680317081,-1.97090542270476,0.433911835946853,-0.450566132856974,0.021739946615087,0.892773435611063,-0.776070516312052,1.61843340867868,-0.00354207686015419,-0.660888442725094,0.919213975785692,-0.831323014162578,0.00341058932494087,-1.74529682624476,-1.75015395626833,-1.74820716642882,1.43254287702774,1.33839290574042,1.09425695416658,0.126183351751272,0.0583565927375398,-0.457991486867782,-1.11265366379863,-0.87138027316928,-0.710417922831989,0.127448477969869,-2.05150673220772,1.54718456671084,-0.10131984897317,-1.08486252537507,-0.594657919497913,-0.421525846934393,0.928858325786415,-1.27388024746813,0.583027027010441,0.0332960835990834,1.05842552912661,0.06396641164847,-0.403987580492711,0.544790205990462,-1.14844069921151,1.16734690766144,0.416737294885642,0,-0.377852383898515,-1.29896008560327,0.468886636268203,-0.356135647755801,-0.986762683954357,0.392799366020684,-0.565116775136626,-0.734667219998788,1.0664899775503,-0.200254744835229,0.403483690161891,-0.16110086627202,0.286741252368463,-0.838025769101036,-0.1914186885262
162,"Greensboro","online",2,19,"male","high school",4,3,3,4,3,3,3,3,0,0,3,2,3.5,3,1.25,1,2,2,1,4,1,2,2,2,2,1,4,4,1,5,1,4,5,2,4,1,2,2,4,3,1,3,5,2,5,1,2,4,4,4,1,3,2,2,4,1,4,4,2,5,1,3,4,2,5,1,1,1,2.75,2.33333333333333,3.66666666666667,3.75,2,4.33333333333333,2.25,2.66666666666667,1.66666666666667,4.25,3,5,1,2.9,3.4,2.2,4.1,6,6,6,6,2,6,6,5,6,4.75,5,6,2,3,1,3,3,3,2,5,6,6,2,3,6,4.66666666666667,3.6,3.2,3.73333333333333,0.935533283700688,0.0570706295846575,0.824002685292926,1.27730099893174,0.442782129089096,0.531229842661255,0.517771807725554,0.582481864024051,-1.58332642446264,-1.43511781378374,0.46285855535918,-0.377764744188768,1.06865129490767,0.662487560199828,-0.936500727081874,-1.1956857125672,-1.33812830212134,-1.18023457984112,-0.974653496617187,0.706778969858759,-1.53205793591496,-1.42836399573656,-0.913584208927254,-0.830490745417426,-1.24249802633994,-1.98119691370717,-0.0394768177603896,0.0235388983535506,-0.874634651813854,1.0086765822689,-1.38869236208765,-0.0925616986821026,1.38819399486733,-0.573445834338975,0.402693124549392,-1.78217122068737,-1.20330927575684,-0.597670031009767,0.888056364603025,-0.693190617187087,-1.74288536500413,-0.854416520838895,1.58926042753163,-0.652795742272766,0.87722447936269,-1.11980536724259,-1.42634205154272,0.184944390008209,1.0750993104039,0.23681703900313,-1.0631960786085,-1.06637283912197,-1.29925937409936,-0.658379106915543,0.986036059541353,-1.27511115350085,0.09111241613477,0.433911835946853,-0.450566132856974,0.956557651063824,-0.884507014910961,-0.776070516312052,0.520757752950237,-0.765088601793289,1.1965104485938,-1.51067542741829,-1.89101341759116,-2.19641952526198,-1.40754811549533,-1.75015395626833,-0.402630051456756,0.365579648756502,-1.2775568645704,1.09425695416658,-0.457245048819126,-0.300119619793061,-0.775630743888986,0.96151284819593,-0.422107470456102,1.22790508997103,-2.03582174020291,-1.42229995984729,0.0481098400644648,-0.580083970494744,0.77737654013902,1.00348523915273,0.626197356428548,0.414155902992397,0.801000458635262,-0.970908644153751,0.629850914749325,0.4749345323004,0.06396641164847,0.85253798632006,0.0203279927608379,1.02382983155513,1.16734690766144,-0.972387021399831,0,-1.6373603302269,0.0121968083155237,-0.221597108921274,-0.356135647755801,-0.986762683954357,1.15362696687156,2.51083529206273,1.04676269315617,-0.442032030168873,-0.200254744835229,1.04134393563841,0.971874852136346,0.286741252368463,-0.233409861863711,0.327653610990793
163,"Greensboro","online",2,34,"female","high school",3,3,1,3,3,3,3,3,0,0,1,3,2.5,3,1,4,2,2,1,4,5,2,2,3,4,4,4,4,1,2,3,2,3,2,3,4,4,4,2,4,4,4,2,2,2,4,2,4,2,4,3,4,3,2,4,2,2,4,2,4,4,4,4,2,4,3.75,4,3.33333333333333,2.5,3.33333333333333,3.33333333333333,3.25,3,3.33333333333333,1.75,2.33333333333333,1.66666666666667,3.75,4,2.66666666666667,3.7,3,3.2,1.9,3.5,1,1,1,3,4,6,6,5,1.5,5.25,3,3,3,2,1,2,2,5,4,3,3,3,4,3,3,2.66666666666667,3.2,3,2.93333333333333,-0.00878435008169721,0.0570706295846575,-0.871313844257114,0.432317261176896,0.442782129089096,0.531229842661255,0.517771807725554,0.582481864024051,-1.58332642446264,-1.43511781378374,-1.08000329583809,0.459548864064687,-0.140612012487852,0.662487560199828,-1.17089846436081,1.19939902223355,-1.33812830212134,-1.18023457984112,-0.974653496617187,0.706778969858759,1.53920039715466,-1.42836399573656,-0.913584208927254,-0.0151687807382178,0.497808655504274,0.71473559545132,-0.0394768177603896,0.0235388983535506,-0.874634651813854,-1.70214173257877,0.327220614055136,-2.0826382203473,-0.312442523061309,-0.573445834338975,-0.4630970932318,0.72218703060534,0.455097738908036,0.92302886445887,-0.730012435309267,0.371352116350226,0.706267272093176,0.0505073805422005,-0.619948571946605,-0.652795742272766,-1.68300081108498,1.14437789881218,-1.42634205154272,0.184944390008209,-0.524529421338927,0.23681703900313,0.675109297063191,0.0306135743288604,-0.365009322489452,-0.658379106915543,0.986036059541353,-0.502860736591885,-1.97090542270476,0.433911835946853,-0.450566132856974,0.021739946615087,1.78141366087208,0.279974806517639,0.520757752950237,-0.765088601793289,0.267811002934351,1.45918939871991,1.28805779269459,0.370048941756094,-1.74529682624476,-0.429862375223799,-0.851155756447443,-0.345729170090989,-0.156435534437191,-0.11637037934533,-1.04067344938952,-0.658595832323662,-0.775630743888986,0.270124010864408,0.925710937683432,-1.4857471279532,1.20908358705626,-1.26499826675718,-0.251705105264809,-0.939157061635925,-0.153742992618023,-1.66008669193167,-1.9931106519788,-2.1593562109777,-0.75516007094228,0.0650484699557104,0.629850914749325,0.4749345323004,0.06396641164847,-1.97464453900867,0.369969468247254,-0.424350522289298,-0.824554561760857,-0.277824863257094,-0.655529461963387,-1.6373603302269,-0.643381638643875,-0.912080854110751,1.06181183867933,0.567478906156901,-0.36802823483019,0.203871241663213,-0.734667219998788,1.0664899775503,-0.200254744835229,-0.872236800791147,-0.970369236563709,-0.142871076964077,-0.434948497609486,-0.562184616752624
164,"Greensboro","online",2,19,"male","high school",4,3,1,0,4,3,3,3,1,0,0,2,2,3.25,0.75,1,2,5,4,4,2,1,2,4,3,4,4,5,1,4,3,2,4,4,4,4,2,5,4,4,2,5,1,2,4,3,1,5,2,5,1,4,4,2,4,1,2,5,1,5,2,4,5,2,5,2.25,2.33333333333333,2.33333333333333,2.25,2.33333333333333,3.66666666666667,4.75,3.66666666666667,3.66666666666667,3,3.33333333333333,1.33333333333333,4.5,3.66666666666667,4.33333333333333,2.3,2.7,4.1,2.6,4.2,4,1,6,3,5,2,5,2,3.5,3.5,3,5,5,2,1,3,4,5,5,3,2,3,2,5,5,3.33333333333333,3,4.2,3.53333333333333,0.935533283700688,0.0570706295846575,-0.871313844257114,-2.10263395208763,1.30821992685415,0.531229842661255,0.517771807725554,0.582481864024051,-0.85125076584013,-1.43511781378374,-1.85143422143672,-0.377764744188768,-0.745243666185615,0.943424099535061,-1.40529620163974,-1.1956857125672,-1.33812830212134,1.61848344956154,1.37984652330074,0.706778969858759,-0.764243352647557,-2.34781986125559,-0.913584208927254,0.80015318394099,-0.372344685417831,0.71473559545132,-0.0394768177603896,1.03571152755623,-0.874634651813854,0.105070477319677,0.327220614055136,-2.0826382203473,0.537875735903012,1.15090177940759,0.402693124549392,0.72218703060534,-1.20330927575684,1.68337831219319,0.888056364603025,0.371352116350226,-0.92650115263836,0.955431281923296,-1.35635157177268,-0.652795742272766,0.0238160492134668,0.389650143460587,-2.33903116190487,1.17902048630233,-0.524529421338927,1.25513030671659,-1.0631960786085,0.0306135743288604,0.569240729120455,-0.658379106915543,0.986036059541353,-1.27511115350085,-1.97090542270476,1.25225433356592,-1.19573319873581,0.956557651063824,0.0041332103500513,0.279974806517639,1.61843340867868,-0.765088601793289,1.1965104485938,-0.160736870082744,-0.478092879686383,-0.729866115537366,-2.0830455369942,-1.75015395626833,-0.402630051456756,1.78819728645148,0.590978685651612,0.287172065158638,0.417897552036471,0.416832805268141,-1.09327000091019,1.30720726686169,0.476438134970254,0.45257588484982,-0.473459915967015,-1.7369033460275,1.09746214871692,-0.10131984897317,0.932563128931861,-0.0619435332810327,-1.9931106519788,0.414155902992397,-0.75516007094228,0.583027027010441,-1.75636840985164,-0.108556464525806,-1.52289264655396,-0.718118972195903,-0.853775695955203,-0.424350522289298,0.50337975118734,1.11129945302838,-0.655529461963387,-1.6373603302269,0.0121968083155237,0.468886636268203,1.06181183867933,1.34459970121253,-0.36802823483019,-0.565116775136626,-0.734667219998788,-0.442032030168873,1.28439250135699,0.403483690161891,-0.322954540330357,-0.357677241630347,0.774283316865163,0.105194054054939
165,"Greensboro","online",2,25,"female","high school",1,0,0,2,2,2,2,2,1,3,3,3,0.75,2,2.5,3,1,4,1,2,5,3,5,5,2,3,5,4,1,3,3,4,3,3,3,3,3,5,3,3,1,5,1,2,2,3,3,4,2,3,1,1,5,2,1,1,3,5,4,4,1,3,4,3,3,2.5,3,1.66666666666667,2.75,2.33333333333333,4.33333333333333,3.75,5,3.33333333333333,2.25,3.33333333333333,2.33333333333333,2.75,2,3,2.4,3.1,4,2.6,2.6,1,1,1,1,1,3,4,1,1,2.25,3,4,3,5,4,2,5,5,3,4,1,6,6,5,6,4.83333333333333,4,3.8,4.13333333333333,-1.89741961764647,-2.77451060750024,-1.71897210903213,-0.412666476577946,-0.422655668675956,-0.382485486716104,-0.365727705456939,-0.27528252477849,-0.85125076584013,0.737771833846572,0.46285855535918,0.459548864064687,-2.25682280043002,-0.461258597141103,0.235487959312789,0.401037443966637,-2.0912633412734,0.685577439760651,-0.974653496617187,-1.07050148066327,1.53920039715466,-0.508908130217515,1.29338888005431,1.6154751486202,-1.24249802633994,-0.183908574268176,0.903580495404464,0.0235388983535506,-0.874634651813854,-0.798535627629547,0.327220614055136,-0.0925616986821026,-0.312442523061309,0.288727972534309,-0.4630970932318,-0.112599053158897,-0.374105768424403,1.68337831219319,0.0790219646468792,-0.693190617187087,-1.74288536500413,0.955431281923296,-1.35635157177268,-0.652795742272766,-1.68300081108498,0.389650143460587,-0.513652941180561,0.184944390008209,-0.524529421338927,-0.781496228710329,-1.0631960786085,-3.26034566602362,1.50349078073036,-0.658379106915543,-1.60985479108792,-1.27511115350085,-0.939896503284995,1.25225433356592,1.03976799890071,0.021739946615087,-0.884507014910961,-0.776070516312052,0.520757752950237,-0.00354207686015419,-0.660888442725094,0.109250841384365,0.228367389266005,-1.46314282039967,-1.40754811549533,-1.75015395626833,0.494421358524617,0.365579648756502,2.08580712582922,-0.11637037934533,-0.457245048819126,0.416832805268141,-0.140352229846578,-1.11265366379863,-1.76992587859564,-1.09808252539259,-0.353278237179638,-1.10769657366708,0.947554676052287,-0.10131984897317,-1.55042229175359,-1.66008669193167,-1.9931106519788,-2.1593562109777,-1.79260042399398,-1.48888720120848,-1.1598135787014,-0.692047461352012,-2.05184566595477,-2.28877593071187,-1.72787938467124,-0.424350522289298,-0.160587405286759,-0.277824863257094,1.31105892392677,0.251901589265677,-0.643381638643875,1.15937038145768,1.06181183867933,-0.209641888898728,0.392799366020684,-1.33410479193646,1.04676269315617,2.57501198526947,1.28439250135699,1.04134393563841,1.13372852619468,0.716353581701002,0.371206045373613,0.772572724862503
166,"Greensboro","online",2,27,"female","Trade School",1,4,0,3,4,3,3,3,4,4,3,3,2,3.25,3.5,5,4,4,4,5,5,5,4,2,5,4,4,5,2,5,5,5,4,2,5,5,4,4,4,5,5,5,4,4,5,4,5,5,4,4,5,4,4,5,5,5,4,4,4,5,4,5,4,4,5,4.5,5,4.66666666666667,4.75,4.33333333333333,4.33333333333333,4.25,4,4.33333333333333,3.5,3.66666666666667,3.33333333333333,4.75,5,5,4.7,4.5,4.2,3.5,4.9,5,6,6,7,4,5,6,5,6,5,4,5,4,4,5,4,5,4,4,4,2,4,3,3,5,4.33333333333333,3.8,3.8,4,-1.89741961764647,1.00093104194629,-1.71897210903213,0.432317261176896,1.30821992685415,0.531229842661255,0.517771807725554,0.582481864024051,1.3449762100274,1.46206838305668,0.46285855535918,0.459548864064687,-0.745243666185615,0.943424099535061,1.17307890842852,1.99776060050047,0.168141776182787,0.685577439760651,1.37984652330074,1.59541919511977,1.53920039715466,1.33000360082056,0.557731183727125,-0.830490745417426,1.36796199642638,0.71473559545132,-0.0394768177603896,1.03571152755623,0.0208246345669966,1.0086765822689,2.04313359019792,0.902476562150498,0.537875735903012,-0.573445834338975,1.26848334233058,1.55697311436958,0.455097738908036,0.92302886445887,0.888056364603025,1.43589484988754,1.52265148445894,0.955431281923296,0.85285742770555,0.864513280307176,0.87722447936269,1.14437789881218,1.31172527954375,1.17902048630233,1.0750993104039,0.23681703900313,2.41341467273488,0.0306135743288604,0.569240729120455,1.49722761369626,1.85133300975111,1.81389051413501,0.09111241613477,0.433911835946853,1.03976799890071,0.956557651063824,1.78141366087208,1.33602012934733,0.520757752950237,0.758004448072981,1.1965104485938,2.26915253312124,2.34774819612317,1.83660235148071,1.29444157050017,0.890429205820728,0.494421358524617,1.07688846760399,0.964685795696014,1.09425695416658,1.00132595260687,0.775309017798742,0.812565541217033,1.65290168552745,2.27352934582297,1.22790508997103,2.41090037493003,1.09452712959442,1.24736962138156,0.975899424450372,2.01886925048175,0.470770852935848,0.626197356428548,0.414155902992397,1.31972063516111,0.0650484699557104,0.0332960835990834,0.4749345323004,0.06396641164847,0.85253798632006,0.195148730504046,0.299739654632917,0.50337975118734,0.416737294885642,0.655529461963387,0.881655562429869,0.667775255274923,1.15937038145768,0.352838095461766,0.567478906156901,0.392799366020684,-0.565116775136626,-0.140857248947136,0.312228973690713,-0.200254744835229,0.403483690161891,0.648167504019669,0.501547417034732,0.371206045373613,0.624266353571932
167,"Greensboro","online",2,25,"non-binary","high school",4,3,4,3,0,1,0,0,4,4,4,4,3.5,0.25,4,3,5,3,3,4,4,4,1,3,5,2,4,4,3,5,2,5,4,1,5,3,4,1,3,5,5,4,2,3,5,1,4,3,3,2,4,4,4,4,3,4,4,4,4,5,1,3,3,2,5,1.75,3.66666666666667,3.66666666666667,4.25,4,4,3.25,2,3.33333333333333,2.25,3.33333333333333,3.33333333333333,4,4.33333333333333,5,2.9,4.1,2.9,2.9,4.4,7,7,7,7,6,7,7,7,7,6.75,3,6,1,3,1,1,1,2,3,2,1,6,3,2,5,3.33333333333333,2.6,2.6,2.66666666666667,0.935533283700688,0.0570706295846575,1.67166095006795,0.432317261176896,-2.15353126420606,-1.29620081609346,-2.13272673182193,-1.99081130238357,1.3449762100274,1.46206838305668,1.23428948095781,1.29686247231814,1.06865129490767,-2.42781437248773,1.64187438298638,0.401037443966637,0.92127681533485,-0.247328570040235,0.595013183328095,0.706778969858759,0.771385813887254,0.410547735301525,-1.64924190525444,-0.0151687807382178,1.36796199642638,-1.08255274398767,-0.0394768177603896,0.0235388983535506,0.916283920947847,1.0086765822689,-0.530735874016257,0.902476562150498,0.537875735903012,-1.43561964121226,1.26848334233058,-0.112599053158897,0.455097738908036,-1.35801947874409,0.0790219646468792,1.43589484988754,1.52265148445894,0.0505073805422005,-0.619948571946605,0.105858769017205,0.87722447936269,-1.11980536724259,0.399036169181593,-0.809131706285916,0.275284944532487,-1.79980949642379,1.54426198489904,0.0306135743288604,0.569240729120455,0.778692040158992,0.120739109331594,1.04164009722605,0.09111241613477,0.433911835946853,1.03976799890071,0.956557651063824,-0.884507014910961,-0.776070516312052,-0.576917902778203,-0.765088601793289,1.1965104485938,-0.700712293016962,0.934827658218393,0.736687294187248,0.618944149001293,0.450332012139219,0.0458956535339307,-0.345729170090989,-1.2775568645704,-0.11637037934533,-0.457245048819126,0.416832805268141,0.812565541217033,0.615818429530169,1.37498374039661,1.22790508997103,0.247630156757246,0.46532035723399,-0.70142752325872,0.25775324216801,1.24293630651754,1.53619962536961,1.15005895811002,0.928858325786415,1.31972063516111,1.10100558406517,1.22640574589957,1.05842552912661,1.12187245045009,1.48080076972645,1.4188938947065,-0.424350522289298,1.16734690766144,-1.66694917954257,0,-1.6373603302269,-1.29896008560327,-1.60256459930023,-1.06510939097337,-0.209641888898728,-1.12885583568106,-1.33410479193646,1.04676269315617,0.312228973690713,-0.942578367931338,0.403483690161891,-0.322954540330357,-0.787289570962887,-0.838025769101036,-0.858797359333764
168,"Greensboro","online",2,19,"male","high school",3,3,1,1,3,3,3,3,1,1,2,2,2,3,1.5,2,2,5,4,4,4,1,4,4,5,5,4,5,2,4,3,1,4,2,5,4,1,5,4,4,4,2,5,5,5,2,1,5,4,4,2,5,3,4,4,2,1,5,2,4,1,4,5,4,5,2,3.33333333333333,3.66666666666667,2,2.33333333333333,2.33333333333333,4.75,4,5,3.5,4,3,4.5,4.33333333333333,4.33333333333333,2.9,2.2,4.6,3.5,4.4,1,2,3,2,5,2,4,1,2,3,3,5,5,2,2,3,5,5,3,4,2,4,2,5,6,4,3.2,4,3.73333333333333,-0.00878435008169721,0.0570706295846575,-0.871313844257114,-1.25765021433279,0.442782129089096,0.531229842661255,0.517771807725554,0.582481864024051,-0.85125076584013,-0.710821264573636,-0.308572370239454,-0.377764744188768,-0.745243666185615,0.662487560199828,-0.702102989802941,-0.39732413430028,-1.33812830212134,1.61848344956154,1.37984652330074,0.706778969858759,0.771385813887254,-2.34781986125559,0.557731183727125,0.80015318394099,1.36796199642638,1.61337976517082,-0.0394768177603896,1.03571152755623,0.0208246345669966,0.105070477319677,0.327220614055136,-3.0776764811799,0.537875735903012,-0.573445834338975,1.26848334233058,0.72218703060534,-2.03251278308928,1.68337831219319,0.888056364603025,0.371352116350226,0.706267272093176,-1.75934042221999,1.58926042753163,1.62316779159715,0.87722447936269,-0.365077611891001,-2.33903116190487,1.17902048630233,1.0750993104039,0.23681703900313,-0.194043390772654,1.12759998777969,-0.365009322489452,0.778692040158992,0.986036059541353,-0.502860736591885,-3.00191434212453,1.25225433356592,-0.450566132856974,0.021739946615087,-0.884507014910961,0.279974806517639,1.61843340867868,0.758004448072981,1.1965104485938,-0.430724581549853,0.581597523742199,0.736687294187248,-2.42079424774363,-1.75015395626833,-2.1967328714195,1.78819728645148,0.964685795696014,1.90134184317451,1.00132595260687,1.13378523032934,0.494926284195829,1.30720726686169,1.37498374039661,0.45257588484982,0.247630156757246,-2.52341181147804,1.84699951204011,0.975899424450372,1.24293630651754,-1.66008669193167,-1.46924905029733,-1.12995136538966,-1.27388024746813,0.583027027010441,-1.75636840985164,-0.692047461352012,-2.05184566595477,-1.66051314730548,-1.20341717144162,-0.424350522289298,0.50337975118734,1.11129945302838,-0.655529461963387,-1.00760635706271,0.0121968083155237,1.15937038145768,1.06181183867933,-0.209641888898728,0.392799366020684,-0.565116775136626,-0.140857248947136,-0.442032030168873,1.28439250135699,1.04134393563841,0.324460155902994,-0.142871076964077,0.572744681119388,0.327653610990793
169,"Greensboro","online",2,30,"male","other",1,0,2,3,2,3,3,2,3,1,2,3,1.5,2.5,2.25,3,5,4,4,4,1,3,2,3,5,3,5,5,4,4,3,4,4,3,5,2,3,3,4,5,4,4,2,4,4,3,4,4,5,5,2,3,4,5,3,4,4,3,5,4,2,3,5,4,5,2.75,1.66666666666667,3.66666666666667,4,3,4.33333333333333,4.25,3,3.33333333333333,4,4,4.33333333333333,4.75,4.33333333333333,4,2.7,3.8,3.6,4.1,4.4,2,5,5,3,4,3,5,4,3.75,4,2,6,5,2,2,1,3,3,3,5,3,5,3,3,6,3.83333333333333,3.4,3.4,3.46666666666667,-1.89741961764647,-2.77451060750024,-0.0236555794820937,0.432317261176896,-0.422655668675956,0.531229842661255,0.517771807725554,-0.27528252477849,0.612900551404893,-0.710821264573636,-0.308572370239454,0.459548864064687,-1.34987531988338,0.100614481529362,0.00109022203385625,0.401037443966637,0.92127681533485,0.685577439760651,1.37984652330074,0.706778969858759,-1.53205793591496,-0.508908130217515,-0.913584208927254,-0.0151687807382178,1.36796199642638,-0.183908574268176,0.903580495404464,1.03571152755623,1.8117432073287,0.105070477319677,0.327220614055136,-0.0925616986821026,0.537875735903012,0.288727972534309,1.26848334233058,-0.947385136923134,-0.374105768424403,0.162679416724552,0.888056364603025,1.43589484988754,0.706267272093176,0.0505073805422005,-0.619948571946605,0.864513280307176,0.0238160492134668,0.389650143460587,0.399036169181593,0.184944390008209,1.87491367627531,1.25513030671659,-0.194043390772654,-1.06637283912197,0.569240729120455,1.49722761369626,0.120739109331594,1.04164009722605,0.09111241613477,-0.384430661672212,1.78493506477955,0.021739946615087,0.0041332103500513,-0.776070516312052,1.61843340867868,0.758004448072981,1.1965104485938,0.379238552851474,-1.18455314863877,0.736687294187248,0.281195438251856,-0.869959568905309,0.494421358524617,1.07688846760399,-0.156435534437191,-0.11637037934533,1.58475435317727,1.13378523032934,1.76548331228064,1.65290168552745,1.37498374039661,0.0649112822892171,0.00726679918249275,-0.0065847220363304,0.347924785393739,1.69404560673273,1.24293630651754,-1.12737230571479,0.102335754747078,-0.100546519801622,-0.75516007094228,0.0650484699557104,-1.1598135787014,-0.108556464525806,-0.464986607752341,-0.561053276344307,-0.504134220468786,-1.14844069921151,1.16734690766144,1.11129945302838,-0.655529461963387,-1.00760635706271,-1.29896008560327,-0.221597108921274,-0.356135647755801,-0.209641888898728,1.15362696687156,0.203871241663213,0.452952722104516,0.312228973690713,-0.200254744835229,1.04134393563841,0.162606481844656,0.0719350877021927,-0.0318712261179365,0.0310408684096543
170,"Greensboro","online",2,NA,"non-binary","some high school",4,4,2,4,1,1,1,0,3,2,4,3,3.5,0.75,3,4,5,4,1,2,3,3,2,1,1,1,4,4,1,2,4,4,1,1,1,3,4,4,1,3,3,5,1,2,1,2,2,5,1,3,2,5,3,1,2,4,4,2,1,5,1,5,4,2,3,2.75,2.66666666666667,2.66666666666667,4,4,4.33333333333333,3.5,3,2.33333333333333,1.25,1,1.33333333333333,2.25,2,2.66666666666667,2.7,4.1,3,1.2,2.3,5,4,7,5,7,7,6,7,5.25,6.75,2,4,1,1,2,3,2,2,1,2,3,2,1,3,3,2,2.4,2,2.13333333333333,0.935533283700688,1.00093104194629,-0.0236555794820937,1.27730099893174,-1.28809346644101,-1.29620081609346,-1.24922721863943,-1.99081130238357,0.612900551404893,0.0134752846364677,1.23428948095781,0.459548864064687,1.06865129490767,-1.86594129381727,0.704283433870654,1.19939902223355,0.92127681533485,0.685577439760651,-0.974653496617187,-1.07050148066327,0.00357123061984847,-0.508908130217515,-0.913584208927254,-1.64581271009663,-2.11265136726204,-1.98119691370717,-0.0394768177603896,0.0235388983535506,-0.874634651813854,-1.70214173257877,1.18517710212653,-0.0925616986821026,-2.01307904098995,-1.43561964121226,-2.19467752879418,-0.112599053158897,0.455097738908036,0.92302886445887,-1.53904683526541,-0.693190617187087,-0.110116940272592,0.955431281923296,-1.35635157177268,-0.652795742272766,-2.5364092412342,-0.365077611891001,-1.42634205154272,1.17902048630233,-1.32434378721034,-0.781496228710329,-0.194043390772654,1.12759998777969,-0.365009322489452,-1.37691468045281,-0.744557840878165,1.04164009722605,0.09111241613477,-1.20277315929128,-1.19573319873581,0.956557651063824,-0.884507014910961,1.33602012934733,0.520757752950237,-0.765088601793289,-0.660888442725094,0.379238552851474,-0.12486274521019,-0.363227763106213,0.281195438251856,0.450332012139219,0.494421358524617,0.00992523933275621,-0.156435534437191,-1.32699771285724,-1.62410184995992,-2.09250068244607,-1.09327000091019,-1.80404250113016,-1.76992587859564,-1.4857471279532,0.00726679918249275,0.46532035723399,-0.551520050594083,-1.77699427429868,-2.01598205813211,0.470770852935848,-0.421525846934393,0.928858325786415,0.282280282109415,1.6189841411199,1.22640574589957,0.4749345323004,1.12187245045009,0.381340898765271,1.4188938947065,-1.14844069921151,-0.160587405286759,-1.66694917954257,-1.31105892392677,-1.00760635706271,0.0121968083155237,-0.912080854110751,-1.06510939097337,-1.76388347900999,-1.12885583568106,0.203871241663213,-1.32847719105044,-1.19629303402846,-0.200254744835229,-0.872236800791147,-1.61778393279706,-1.00209573562916,-1.44264167633836,-1.45202284449604
171,"Greensboro","online",2,23,"female","Bachelor's degree",4,3,4,4,1,1,1,1,2,3,1,0,3.75,1,1.5,1,4,3,1,3,1,2,2,1,2,1,4,2,1,2,1,4,3,2,3,1,2,2,2,1,1,4,1,3,3,2,2,4,3,2,1,2,3,5,4,1,3,2,2,1,1,2,2,3,1,1.25,1,1,3,2,3.66666666666667,3,2.33333333333333,1.66666666666667,2.25,2.66666666666667,2,2.25,2.33333333333333,2,1.1,2.9,2.4,2.3,2.2,3,1,3,6,7,6,7,7,3.25,6.75,1,6,1,1,1,1,1,1,2,1,1,3,1,1,3,1.66666666666667,2,1.6,1.66666666666667,0.935533283700688,0.0570706295846575,1.67166095006795,1.27730099893174,-1.28809346644101,-1.29620081609346,-1.24922721863943,-1.13304691358103,-0.119175107217619,0.737771833846572,-1.08000329583809,-2.05239196069568,1.37096712175655,-1.58500475448203,-0.702102989802941,-1.1956857125672,0.168141776182787,-0.247328570040235,-0.974653496617187,-0.181861255402253,-1.53205793591496,-1.42836399573656,-0.913584208927254,-1.64581271009663,-1.24249802633994,-1.98119691370717,-0.0394768177603896,-2.0008063600518,-0.874634651813854,-1.70214173257877,-1.38869236208765,-0.0925616986821026,-0.312442523061309,-0.573445834338975,-0.4630970932318,-1.78217122068737,-1.20330927575684,-0.597670031009767,-0.730012435309267,-2.82227608426171,-1.74288536500413,0.0505073805422005,-1.35635157177268,0.105858769017205,-0.829592380935756,-0.365077611891001,-1.42634205154272,0.184944390008209,0.275284944532487,-1.79980949642379,-1.0631960786085,-2.16335925257279,-0.365009322489452,1.49722761369626,0.986036059541353,-1.27511115350085,-0.939896503284995,-1.20277315929128,-0.450566132856974,-2.78271316673113,-0.884507014910961,-1.83211583914174,-1.67459355850664,-0.00354207686015419,-2.51828733404398,-1.24068771595118,-1.89101341759116,-2.19641952526198,-1.06979940474589,-2.19025114994984,-0.402630051456756,-0.701383579514734,-0.903849754525995,-2.13408260186517,-0.457245048819126,-0.300119619793061,-0.457991486867782,-1.80404250113016,-1.32065307588246,-2.2610763330744,-1.91564006141554,-1.42229995984729,-1.4509648865819,-0.460392940114351,-2.17116864692495,-0.594657919497913,-1.9931106519788,-1.12995136538966,0.801000458635262,1.6189841411199,0.629850914749325,1.05842552912661,1.12187245045009,-0.8751846680475,1.4188938947065,-1.87253087613373,1.16734690766144,-1.66694917954257,-1.31105892392677,-1.6373603302269,-1.29896008560327,-1.60256459930023,-1.77408313419093,-0.986762683954357,-1.88968343653194,-1.33410479193646,-0.734667219998788,-1.19629303402846,-1.68490199102745,-0.872236800791147,-1.94149128091374,-1.4317080649617,-1.84571894782991,-1.97109514401304
172,"Greensboro","online",2,33,"male","high school",3,1,1,1,4,4,4,4,3,2,3,3,1.5,4,2.75,4,4,3,4,3,4,4,4,4,3,4,4,4,2,4,4,4,4,4,3,4,4,2,4,5,4,4,4,4,4,3,4,4,5,4,3,3,3,5,3,3,3,4,4,4,4,4,4,5,5,3.75,3.66666666666667,3.66666666666667,4,3.66666666666667,3.66666666666667,3.75,3,4,4.5,4.33333333333333,3.33333333333333,3.75,3.66666666666667,4,3.7,3.8,3.6,4.1,3.8,5,5,5,4,2,2,1,1,4.75,1.5,5,6,5,3,4,4,5,5,3,2,4,6,2,4,5,4.33333333333333,4.2,4.4,4.2,-0.00878435008169721,-1.8306501951386,-0.871313844257114,-1.25765021433279,1.30821992685415,1.44494517203861,1.40127132090805,1.44024625282659,0.612900551404893,0.0134752846364677,0.46285855535918,0.459548864064687,-1.34987531988338,1.78623371754076,0.469885696591721,1.19939902223355,0.168141776182787,-0.247328570040235,1.37984652330074,-0.181861255402253,0.771385813887254,0.410547735301525,0.557731183727125,0.80015318394099,-0.372344685417831,0.71473559545132,-0.0394768177603896,0.0235388983535506,0.0208246345669966,0.105070477319677,1.18517710212653,-0.0925616986821026,0.537875735903012,1.15090177940759,-0.4630970932318,0.72218703060534,0.455097738908036,-0.597670031009767,0.888056364603025,1.43589484988754,0.706267272093176,0.0505073805422005,0.85285742770555,0.864513280307176,0.0238160492134668,0.389650143460587,0.399036169181593,0.184944390008209,1.87491367627531,0.23681703900313,0.675109297063191,-1.06637283912197,-0.365009322489452,1.49722761369626,0.120739109331594,0.269389680317081,-0.939896503284995,0.433911835946853,1.03976799890071,0.021739946615087,1.78141366087208,0.279974806517639,0.520757752950237,1.51955097300612,1.1965104485938,1.45918939871991,0.934827658218393,0.736687294187248,0.281195438251856,0.0102348184577095,-0.402630051456756,0.365579648756502,-0.156435534437191,0.690714509662607,2.16818275374767,1.49226144285994,0.812565541217033,0.270124010864408,0.476438134970254,0.0649112822892171,1.20908358705626,-0.0065847220363304,0.347924785393739,1.69404560673273,0.311816773760498,0.470770852935848,0.102335754747078,-0.100546519801622,-0.236439894416433,-0.970908644153751,-1.75636840985164,-2.44252045183063,-2.05184566595477,0.0672095070620784,-2.25234159790087,1.02382983155513,1.16734690766144,1.11129945302838,0,0.251901589265677,0.667775255274923,1.15937038145768,1.06181183867933,-0.209641888898728,-1.12885583568106,0.972859258463052,1.04676269315617,-0.442032030168873,0.542068878260879,0.403483690161891,0.648167504019669,0.931159746367273,0.975821952610938,0.846725910507787
173,"Greensboro","online",2,19,"female","high school",4,2,1,3,2,2,3,2,3,2,1,0,2.5,2.25,1.5,2,1,2,1,3,5,5,3,2,3,4,3,5,1,3,4,5,4,1,3,4,5,5,1,3,4,4,1,1,4,3,2,5,1,3,5,5,5,1,1,2,4,5,1,4,3,4,5,4,3,3,4.66666666666667,3.33333333333333,3,5,3.66666666666667,4,4.33333333333333,3.66666666666667,1.75,1.33333333333333,1,3,2.33333333333333,3.66666666666667,3.6,3.8,4,1.4,3,4,2,6,1,3,5,7,4,3.25,4.75,5,5,6,2,5,3,3,4,5,2,2,1,5,3,3,2.66666666666667,4.2,3.6,3.6,0.935533283700688,-0.886789782776974,-0.871313844257114,0.432317261176896,-0.422655668675956,-0.382485486716104,0.517771807725554,-0.27528252477849,0.612900551404893,0.0134752846364677,-1.08000329583809,-2.05239196069568,-0.140612012487852,-0.18032205780587,-0.702102989802941,-0.39732413430028,-2.0912633412734,-1.18023457984112,-0.974653496617187,-0.181861255402253,1.53920039715466,1.33000360082056,-0.177926512600065,-0.830490745417426,-0.372344685417831,0.71473559545132,-0.982534130925243,1.03571152755623,-0.874634651813854,-0.798535627629547,1.18517710212653,0.902476562150498,0.537875735903012,-1.43561964121226,-0.4630970932318,0.72218703060534,1.28430124624048,1.68337831219319,-1.53904683526541,-0.693190617187087,0.706267272093176,0.0505073805422005,-1.35635157177268,-1.41145025356274,0.0238160492134668,0.389650143460587,-1.42634205154272,1.17902048630233,-1.32434378721034,-0.781496228710329,2.41341467273488,1.12759998777969,1.50349078073036,-1.37691468045281,-1.60985479108792,-0.502860736591885,0.09111241613477,1.25225433356592,-1.19573319873581,0.021739946615087,0.892773435611063,0.279974806517639,1.61843340867868,0.758004448072981,-0.660888442725094,0.649226264318583,1.99451806164698,0.370048941756094,-1.06979940474589,1.77062359318375,-0.402630051456756,0.721234058180247,1.33839290574042,0.287172065158638,-1.04067344938952,-1.73402446991547,-1.41090925793139,-0.766959245132874,-1.32065307588246,-0.322753320271386,1.08890190826888,-0.0065847220363304,0.947554676052287,-1.53761221353789,-0.929675936582226,-0.0619435332810327,-1.46924905029733,0.414155902992397,-1.79260042399398,-0.452930087099021,0.0332960835990834,1.05842552912661,-0.464986607752341,-0.8751846680475,0.0203279927608379,1.02382983155513,0.50337975118734,1.80586161117111,-0.655529461963387,0.881655562429869,0.0121968083155237,-0.221597108921274,0.352838095461766,1.34459970121253,-1.12885583568106,-0.565116775136626,-1.92228716210209,1.82075098140988,-0.200254744835229,-0.872236800791147,-0.970369236563709,0.931159746367273,0.169667409627838,0.179347239700224
174,"Greensboro","online",2,19,"male","high school",3,3,2,1,2,2,2,2,1,0,3,3,2.25,2,1.75,1,2,3,4,4,2,2,4,5,3,3,5,4,4,3,2,1,4,5,2,1,1,1,4,3,2,2,1,5,2,1,3,4,5,5,1,2,2,5,4,2,2,5,5,2,1,4,5,5,3,1.25,1.33333333333333,2.33333333333333,2.5,1.66666666666667,3,4,2.33333333333333,3.33333333333333,4.75,4.66666666666667,4.66666666666667,3.5,3.33333333333333,2.33333333333333,1.6,2.4,3.3,4.7,3.1,2,5,6,4,4,4,4,5,4.25,4.25,3,2,2,1,2,2,3,2,5,5,3,6,4,3,3,3.5,2.6,3.6,3.06666666666667,-0.00878435008169721,0.0570706295846575,-0.0236555794820937,-1.25765021433279,-0.422655668675956,-0.382485486716104,-0.365727705456939,-0.27528252477849,-0.85125076584013,-1.43511781378374,0.46285855535918,0.459548864064687,-0.442927839336733,-0.461258597141103,-0.467705252524009,-1.1956857125672,-1.33812830212134,-0.247328570040235,1.37984652330074,0.706778969858759,-0.764243352647557,-1.42836399573656,0.557731183727125,1.6154751486202,-0.372344685417831,-0.183908574268176,0.903580495404464,0.0235388983535506,1.8117432073287,-0.798535627629547,-0.530735874016257,-3.0776764811799,0.537875735903012,2.01307558628088,-1.32888731101299,-1.78217122068737,-2.03251278308928,-1.35801947874409,0.888056364603025,-0.693190617187087,-0.92650115263836,-1.75934042221999,-1.35635157177268,1.62316779159715,-1.68300081108498,-1.11980536724259,-0.513652941180561,0.184944390008209,1.87491367627531,1.25513030671659,-1.0631960786085,-2.16335925257279,-1.29925937409936,1.49722761369626,0.986036059541353,-0.502860736591885,-1.97090542270476,1.25225433356592,1.78493506477955,-1.84789546228239,-0.884507014910961,0.279974806517639,1.61843340867868,1.51955097300612,-0.660888442725094,-1.24068771595118,-1.53778328311497,-0.729866115537366,-1.74529682624476,-2.63034834363135,-1.29968146143813,0.721234058180247,-0.903849754525995,-0.11637037934533,2.45989695403287,1.85073765539055,2.08312256930185,-0.0755704078013522,0.027165332257076,-1.8734117305138,-1.31473166747865,-2.20880842529783,-0.101797632600172,2.41219178901509,-0.774489347789386,-1.12737230571479,0.102335754747078,0.414155902992397,-0.236439894416433,0.0650484699557104,-0.563258747551158,-0.692047461352012,0.06396641164847,-0.246921884641114,-0.329313482725578,-0.424350522289298,-1.48852171823496,-0.972387021399831,-1.31105892392677,-1.00760635706271,-0.643381638643875,-0.221597108921274,-1.06510939097337,1.34459970121253,1.15362696687156,0.203871241663213,1.04676269315617,1.0664899775503,-0.200254744835229,-0.872236800791147,-0.16110086627202,-0.787289570962887,0.169667409627838,-0.413878245462054
175,"Greensboro","online",2,27,"female","high school",3,3,1,3,4,4,4,3,2,4,3,2,2.5,3.75,2.75,4,4,3,2,3,4,3,3,3,4,3,4,4,3,4,3,4,3,3,3,4,3,3,3,3,4,4,3,3,4,3,3,3,2,4,3,3,3,2,3,2,4,3,2,3,2,3,4,4,3,3,3.66666666666667,3,3.5,3,4,3.25,3,3.33333333333333,2.75,2.66666666666667,2.66666666666667,3.25,3.33333333333333,3.66666666666667,3.2,3.5,3.2,2.7,3.4,6,5,4,6,6,6,5,6,5.25,5.75,3,4,3,3,4,3,3,3,4,4,2,5,4,4,5,3.83333333333333,3.4,3.8,3.6,-0.00878435008169721,0.0570706295846575,-0.871313844257114,0.432317261176896,1.30821992685415,1.44494517203861,1.40127132090805,0.582481864024051,-0.119175107217619,1.46206838305668,0.46285855535918,-0.377764744188768,-0.140612012487852,1.50529717820553,0.469885696591721,1.19939902223355,0.168141776182787,-0.247328570040235,-0.189820156644546,-0.181861255402253,0.771385813887254,-0.508908130217515,-0.177926512600065,-0.0151687807382178,0.497808655504274,-0.183908574268176,-0.0394768177603896,0.0235388983535506,0.916283920947847,0.105070477319677,0.327220614055136,-0.0925616986821026,-0.312442523061309,0.288727972534309,-0.4630970932318,0.72218703060534,-0.374105768424403,0.162679416724552,0.0790219646468792,-0.693190617187087,0.706267272093176,0.0505073805422005,0.116454427879473,0.105858769017205,0.0238160492134668,0.389650143460587,-0.513652941180561,-0.809131706285916,-0.524529421338927,0.23681703900313,0.675109297063191,-1.06637283912197,-0.365009322489452,-0.658379106915543,0.120739109331594,-0.502860736591885,0.09111241613477,-0.384430661672212,-0.450566132856974,-0.91307775783365,0.0041332103500513,-0.776070516312052,0.520757752950237,0.758004448072981,-0.660888442725094,0.649226264318583,0.934827658218393,0.00341058932494087,-0.394301983247016,-0.869959568905309,0.0458956535339307,-0.345729170090989,-0.156435534437191,-0.11637037934533,0.126183351751272,-0.300119619793061,0.177287027174625,-0.421264826467113,0.027165332257076,-0.322753320271386,0.608175193119377,-0.478489801306651,-0.251705105264809,0.0183711814072236,-0.308929581410864,1.00348523915273,0.102335754747078,-0.615248942595641,0.801000458635262,1.10100558406517,0.629850914749325,-0.108556464525806,0.592919431049281,0.381340898765271,0.71961094373367,-0.424350522289298,-0.160587405286759,-0.277824863257094,0,0.251901589265677,0.0121968083155237,-0.221597108921274,-0.356135647755801,0.567478906156901,0.392799366020684,-0.565116775136626,0.452952722104516,1.0664899775503,0.542068878260879,0.403483690161891,0.162606481844656,0.0719350877021927,0.371206045373613,0.179347239700224
176,"Greensboro","online",2,22,"female","Bachelor's degree",2,1,1,1,3,3,3,3,2,1,2,2,1.25,3,1.75,1,2,4,1,3,3,4,5,4,5,3,4,4,3,4,1,3,5,3,3,3,1,3,2,5,2,5,3,1,5,1,1,2,3,4,1,4,3,3,2,1,4,3,1,3,3,4,3,1,4,1.5,2.33333333333333,2,2.5,3,4.33333333333333,3.5,3.66666666666667,3.33333333333333,2,3,1.66666666666667,3.5,4,4,1.9,3.2,3.5,2.2,3.8,5,4,4,3,2,4,3,2,4,2.75,5,6,6,4,4,2,6,3,4,6,2,6,3,3,5,5.33333333333333,3.6,4.2,4.33333333333333,-0.953101983864082,-1.8306501951386,-0.871313844257114,-1.25765021433279,0.442782129089096,0.531229842661255,0.517771807725554,0.582481864024051,-0.119175107217619,-0.710821264573636,-0.308572370239454,-0.377764744188768,-1.65219114673226,0.662487560199828,-0.467705252524009,-1.1956857125672,-1.33812830212134,0.685577439760651,-0.974653496617187,-0.181861255402253,0.00357123061984847,0.410547735301525,1.29338888005431,0.80015318394099,1.36796199642638,-0.183908574268176,-0.0394768177603896,0.0235388983535506,0.916283920947847,0.105070477319677,-1.38869236208765,-1.0875999595147,1.38819399486733,0.288727972534309,-0.4630970932318,-0.112599053158897,-2.03251278308928,0.162679416724552,-0.730012435309267,1.43589484988754,-0.92650115263836,0.955431281923296,0.116454427879473,-1.41145025356274,0.87722447936269,-1.11980536724259,-2.33903116190487,-1.80320780258004,0.275284944532487,0.23681703900313,-1.0631960786085,0.0306135743288604,-0.365009322489452,0.0601564666217247,-0.744557840878165,-1.27511115350085,0.09111241613477,-0.384430661672212,-1.19573319873581,-0.91307775783365,0.892773435611063,0.279974806517639,-0.576917902778203,-1.52663512672642,0.267811002934351,-0.970700004484071,-0.478092879686383,-1.09650446796852,-1.74529682624476,-0.869959568905309,0.494421358524617,0.00992523933275621,0.590978685651612,-0.11637037934533,-0.748959249104326,0.0583565927375398,-0.775630743888986,-0.0755704078013522,0.925710937683432,0.0649112822892171,-0.954186631116522,-0.950394880576971,0.198017312729102,-0.580083970494744,0.311816773760498,0.470770852935848,-0.421525846934393,-0.615248942595641,-0.75516007094228,-0.970908644153751,-0.563258747551158,-1.27553845817822,-1.52289264655396,-0.403987580492711,-1.37823790918483,1.02382983155513,1.16734690766144,1.80586161117111,0.655529461963387,0.251901589265677,-0.643381638643875,1.84985412664716,-0.356135647755801,0.567478906156901,1.91445456772243,-0.565116775136626,1.04676269315617,0.312228973690713,-0.200254744835229,0.403483690161891,1.6192895483697,0.286741252368463,0.774283316865163,0.995032281798356
177,"Greensboro","online",2,20,"male","high school",4,3,2,3,2,3,3,2,3,3,3,3,3,2.5,3,3,2,4,3,4,3,4,2,4,4,4,4,4,2,4,3,4,3,2,4,4,1,2,2,4,3,4,2,3,4,4,4,4,2,4,2,5,3,2,4,4,3,4,3,4,2,4,3,2,4,3,3,3.66666666666667,3.5,3.33333333333333,3.66666666666667,3.5,2.33333333333333,3.33333333333333,2.25,2.66666666666667,2.66666666666667,4,4,4,3.2,3.5,3.1,2.5,4,4,5,5,5,5,5,5,5,4.75,5,2,3,3,3,5,3,2,3,3,2,2,2,2,2,5,2.66666666666667,3,2.6,2.8,0.935533283700688,0.0570706295846575,-0.0236555794820937,0.432317261176896,-0.422655668675956,0.531229842661255,0.517771807725554,-0.27528252477849,0.612900551404893,0.737771833846572,0.46285855535918,0.459548864064687,0.464019641209911,0.100614481529362,0.704283433870654,0.401037443966637,-1.33812830212134,0.685577439760651,0.595013183328095,0.706778969858759,0.00357123061984847,0.410547735301525,-0.913584208927254,0.80015318394099,0.497808655504274,0.71473559545132,-0.0394768177603896,0.0235388983535506,0.0208246345669966,0.105070477319677,0.327220614055136,-0.0925616986821026,-0.312442523061309,-0.573445834338975,0.402693124549392,0.72218703060534,-2.03251278308928,-0.597670031009767,-0.730012435309267,0.371352116350226,-0.110116940272592,0.0505073805422005,-0.619948571946605,0.105858769017205,0.0238160492134668,1.14437789881218,0.399036169181593,0.184944390008209,-0.524529421338927,0.23681703900313,-0.194043390772654,1.12759998777969,-0.365009322489452,-0.658379106915543,0.986036059541353,1.04164009722605,-0.939896503284995,0.433911835946853,0.294600933021867,0.021739946615087,0.0041332103500513,0.279974806517639,-0.576917902778203,-0.765088601793289,0.267811002934351,0.649226264318583,0.228367389266005,0.736687294187248,-0.394301983247016,-0.429862375223799,-0.402630051456756,0.00992523933275621,-0.903849754525995,-0.11637037934533,-0.457245048819126,-0.300119619793061,0.177287027174625,0.615818429530169,0.925710937683432,0.0649112822892171,0.608175193119377,-0.478489801306651,-0.401612577929446,-0.221010879353564,0.62218995134618,-0.0619435332810327,0.102335754747078,-0.100546519801622,0.282280282109415,0.583027027010441,0.0332960835990834,-0.108556464525806,0.06396641164847,0.0672095070620784,0.195148730504046,-1.14844069921151,-0.824554561760857,-0.277824863257094,0,0.881655562429869,0.0121968083155237,-0.912080854110751,-0.356135647755801,-0.209641888898728,-1.12885583568106,-0.565116775136626,-1.32847719105044,-0.442032030168873,-0.942578367931338,0.403483690161891,-0.970369236563709,-0.357677241630347,-0.838025769101036,-0.710490988043194
178,"Greensboro","online",2,18,"female","high school",2,3,1,4,2,3,1,1,4,4,4,3,2.5,1.75,3.75,4,5,3,1,3,3,5,4,2,3,3,2,4,1,4,2,5,3,5,3,5,3,4,3,4,4,5,2,1,2,3,5,4,1,3,3,5,3,1,1,3,5,1,1,5,2,5,3,1,5,2.75,3.66666666666667,3.33333333333333,5,4.33333333333333,4,3.25,3.66666666666667,2.33333333333333,2,2,1,3.5,2.66666666666667,3.66666666666667,3.2,4.5,3.1,1.7,3.3,7,7,7,7,6,7,7,6,7,6.5,5,2,2,1,1,2,2,2,1,2,2,4,1,2,3,2.83333333333333,1.6,2.2,2.13333333333333,-0.953101983864082,0.0570706295846575,-0.871313844257114,1.27730099893174,-0.422655668675956,0.531229842661255,-1.24922721863943,-1.13304691358103,1.3449762100274,1.46206838305668,1.23428948095781,0.459548864064687,-0.140612012487852,-0.742195136476336,1.40747664570745,1.19939902223355,0.92127681533485,-0.247328570040235,-0.974653496617187,-0.181861255402253,0.00357123061984847,1.33000360082056,0.557731183727125,-0.830490745417426,-0.372344685417831,-0.183908574268176,-1.9255914440901,0.0235388983535506,-0.874634651813854,0.105070477319677,-0.530735874016257,0.902476562150498,-0.312442523061309,2.01307558628088,-0.4630970932318,1.55697311436958,-0.374105768424403,0.92302886445887,0.0790219646468792,0.371352116350226,0.706267272093176,0.955431281923296,-0.619948571946605,-1.41145025356274,-1.68300081108498,0.389650143460587,1.31172527954375,0.184944390008209,-1.32434378721034,-0.781496228710329,0.675109297063191,1.12759998777969,-0.365009322489452,-1.37691468045281,-1.60985479108792,0.269389680317081,1.12212133555454,-2.02111565691034,-1.19573319873581,0.956557651063824,0.0041332103500513,1.33602012934733,-0.576917902778203,-1.52663512672642,1.1965104485938,0.379238552851474,0.934827658218393,0.370048941756094,1.6321902812496,0.890429205820728,0.0458956535339307,-0.345729170090989,0.590978685651612,-1.32699771285724,-0.748959249104326,-1.01707204485426,-1.41090925793139,-0.0755704078013522,-0.87138027316928,-0.322753320271386,0.608175193119377,1.09452712959442,-0.401612577929446,-1.17853912239671,-0.464116170203705,1.53619962536961,1.15005895811002,0.928858325786415,1.31972063516111,1.10100558406517,1.22640574589957,1.05842552912661,0.592919431049281,1.48080076972645,1.24407315696329,1.02382983155513,-1.48852171823496,-0.972387021399831,-1.31105892392677,-1.6373603302269,-0.643381638643875,-0.912080854110751,-1.06510939097337,-1.76388347900999,-1.12885583568106,-0.565116775136626,-0.140857248947136,-1.19629303402846,-0.942578367931338,-0.872236800791147,-0.808515562505371,-1.86132039429424,-1.24110304059259,-1.45202284449604
179,"Greensboro","online",2,27,"female","high school",3,3,3,3,2,3,3,3,3,3,3,3,3,2.75,3,1,3,4,2,3,3,3,4,5,3,3,4,4,2,4,3,5,5,2,3,2,2,4,5,5,5,1,5,5,5,1,2,4,2,4,3,4,5,2,2,4,4,4,2,4,1,1,3,3,4,1.5,2.66666666666667,4,2.75,3,3,4,4.33333333333333,4.33333333333333,2.25,4,3,3.5,3.33333333333333,4.33333333333333,2.6,2.9,4.2,3,3.7,5,7,7,4,4,4,5,5,5.75,4.5,6,6,4,4,6,3,4,4,3,2,2,6,2,2,4,4.33333333333333,4,3.6,3.86666666666667,-0.00878435008169721,0.0570706295846575,0.824002685292926,0.432317261176896,-0.422655668675956,0.531229842661255,0.517771807725554,0.582481864024051,0.612900551404893,0.737771833846572,0.46285855535918,0.459548864064687,0.464019641209911,0.381551020864595,0.704283433870654,-1.1956857125672,-0.584993262969277,0.685577439760651,-0.189820156644546,-0.181861255402253,0.00357123061984847,-0.508908130217515,0.557731183727125,1.6154751486202,-0.372344685417831,-0.183908574268176,-0.0394768177603896,0.0235388983535506,0.0208246345669966,0.105070477319677,0.327220614055136,0.902476562150498,1.38819399486733,-0.573445834338975,-0.4630970932318,-0.947385136923134,-1.20330927575684,0.92302886445887,1.69709076455917,1.43589484988754,1.52265148445894,-2.66426432360109,1.58926042753163,1.62316779159715,0.87722447936269,-1.11980536724259,-1.42634205154272,0.184944390008209,-0.524529421338927,0.23681703900313,0.675109297063191,0.0306135743288604,1.50349078073036,-0.658379106915543,-0.744557840878165,1.04164009722605,0.09111241613477,0.433911835946853,-0.450566132856974,0.021739946615087,-0.884507014910961,-2.88816116197143,-0.576917902778203,-0.00354207686015419,0.267811002934351,-0.970700004484071,-0.12486274521019,1.1033256466184,-1.40754811549533,-0.869959568905309,-1.29968146143813,0.721234058180247,1.33839290574042,1.09425695416658,-0.457245048819126,1.13378523032934,0.494926284195829,-0.0755704078013522,0.027165332257076,0.45257588484982,-0.112914879604884,-1.42229995984729,1.24736962138156,0.377444272548404,0.156630184967658,0.470770852935848,1.15005895811002,0.928858325786415,-0.236439894416433,0.0650484699557104,-0.563258747551158,-0.108556464525806,0.06396641164847,0.695472290468464,-0.15449274498237,1.74792000847735,1.16734690766144,0.416737294885642,0.655529461963387,1.51140953559406,0.0121968083155237,0.468886636268203,0.352838095461766,-0.209641888898728,-1.12885583568106,-0.565116775136626,1.04676269315617,-0.442032030168873,-0.942578367931338,-0.234376555314628,0.648167504019669,0.716353581701002,0.169667409627838,0.475959982281363
180,"Greensboro","online",2,18,"female","high school",3,3,2,3,3,1,3,3,1,1,1,1,2.75,2.5,1,4,4,5,1,4,4,4,2,2,2,4,2,4,1,4,2,5,2,4,4,4,5,5,1,5,3,4,4,1,4,3,4,5,1,5,1,4,2,1,3,2,4,5,1,4,1,5,5,2,4,2.5,3,3,4.5,4.33333333333333,3.33333333333333,4.25,3,4.33333333333333,2,1.33333333333333,1,4.25,3.33333333333333,4,2.8,4.1,3.9,1.5,3.9,2,3,3,3,7,3,5,6,2.75,5.25,2,5,5,2,2,5,2,2,2,3,3,1,1,1,1,1.83333333333333,2.6,2.8,2.46666666666667,-0.00878435008169721,0.0570706295846575,-0.0236555794820937,0.432317261176896,0.442782129089096,-1.29620081609346,0.517771807725554,0.582481864024051,-0.85125076584013,-0.710821264573636,-1.08000329583809,-1.21507835244222,0.161703814361029,0.100614481529362,-1.17089846436081,1.19939902223355,0.168141776182787,1.61848344956154,-0.974653496617187,0.706778969858759,0.771385813887254,0.410547735301525,-0.913584208927254,-0.830490745417426,-1.24249802633994,0.71473559545132,-1.9255914440901,0.0235388983535506,-0.874634651813854,0.105070477319677,-0.530735874016257,0.902476562150498,-1.16276078202563,1.15090177940759,0.402693124549392,0.72218703060534,1.28430124624048,1.68337831219319,-1.53904683526541,1.43589484988754,-0.110116940272592,0.0505073805422005,0.85285742770555,-1.41145025356274,0.0238160492134668,0.389650143460587,0.399036169181593,1.17902048630233,-1.32434378721034,1.25513030671659,-1.0631960786085,0.0306135743288604,-1.29925937409936,-1.37691468045281,0.120739109331594,-0.502860736591885,0.09111241613477,1.25225433356592,-1.19573319873581,0.021739946615087,-0.884507014910961,1.33602012934733,1.61843340867868,-0.765088601793289,0.267811002934351,0.109250841384365,0.228367389266005,0.00341058932494087,0.956692859750729,0.890429205820728,-0.851155756447443,1.07688846760399,-0.156435534437191,1.09425695416658,-0.748959249104326,-1.73402446991547,-1.41090925793139,0.96151284819593,0.027165332257076,0.0649112822892171,0.127448477969869,0.46532035723399,0.79764720338765,-1.4179211831575,0.467003362553339,-1.12737230571479,-0.945387448615864,-1.12995136538966,-0.75516007094228,1.6189841411199,-1.1598135787014,-0.108556464525806,0.592919431049281,-1.18931605975069,0.369969468247254,-1.14844069921151,0.50337975118734,1.11129945302838,-0.655529461963387,-1.00760635706271,1.32335370223432,-0.912080854110751,-1.06510939097337,-0.986762683954357,-0.36802823483019,0.203871241663213,-1.92228716210209,-1.19629303402846,-1.68490199102745,-2.14795729174418,-1.7796376068554,-0.787289570962887,-0.636487133355261,-1.08125691626962
181,"Greensboro","online",2,20,"male","some high school",3,4,2,3,4,2,2,2,2,1,2,2,3,2.5,1.75,4,5,3,1,3,3,3,4,4,2,4,5,3,1,4,3,5,2,3,3,3,4,5,2,2,3,4,4,3,4,3,3,5,1,2,1,4,3,2,2,4,4,3,1,2,1,3,3,2,2,2.75,2.33333333333333,3.66666666666667,4,3.66666666666667,4.33333333333333,3.25,4,3.33333333333333,1.75,2.66666666666667,1.66666666666667,2.5,2,3.33333333333333,2.9,4,3.5,2,2.6,5,7,7,5,4,7,7,7,6,6.25,3,3,3,5,5,4,4,4,3,4,3,5,3,3,6,4.5,3.6,3.6,3.86666666666667,-0.00878435008169721,1.00093104194629,-0.0236555794820937,0.432317261176896,1.30821992685415,-0.382485486716104,-0.365727705456939,-0.27528252477849,-0.119175107217619,-0.710821264573636,-0.308572370239454,-0.377764744188768,0.464019641209911,0.100614481529362,-0.467705252524009,1.19939902223355,0.92127681533485,-0.247328570040235,-0.974653496617187,-0.181861255402253,0.00357123061984847,-0.508908130217515,0.557731183727125,0.80015318394099,-1.24249802633994,0.71473559545132,0.903580495404464,-0.988633730849125,-0.874634651813854,0.105070477319677,0.327220614055136,0.902476562150498,-1.16276078202563,0.288727972534309,-0.4630970932318,-0.112599053158897,0.455097738908036,1.68337831219319,-0.730012435309267,-1.7577333507244,-0.110116940272592,0.0505073805422005,0.85285742770555,0.105858769017205,0.0238160492134668,0.389650143460587,-0.513652941180561,1.17902048630233,-1.32434378721034,-1.79980949642379,-1.0631960786085,0.0306135743288604,-0.365009322489452,-0.658379106915543,-0.744557840878165,1.04164009722605,0.09111241613477,-0.384430661672212,-1.19573319873581,-1.84789546228239,-0.884507014910961,-0.776070516312052,-0.576917902778203,-0.765088601793289,-1.58958788838454,0.379238552851474,-0.478092879686383,0.736687294187248,0.281195438251856,0.0102348184577095,0.494421358524617,-0.345729170090989,0.964685795696014,-0.11637037934533,-1.04067344938952,-0.300119619793061,-0.775630743888986,-1.4583480824644,-1.76992587859564,-0.710417922831989,0.247630156757246,0.308018664143884,0.198017312729102,-0.819466031255531,-1.55042229175359,0.470770852935848,1.15005895811002,0.928858325786415,0.282280282109415,0.0650484699557104,1.22640574589957,1.05842552912661,1.12187245045009,0.85253798632006,1.06925241922009,-0.424350522289298,-0.824554561760857,-0.277824863257094,1.31105892392677,0.881655562429869,0.667775255274923,0.468886636268203,0.352838095461766,-0.209641888898728,0.392799366020684,0.203871241663213,0.452952722104516,0.312228973690713,-0.200254744835229,1.04134393563841,0.810021178078007,0.286741252368463,0.169667409627838,0.475959982281363
182,"Greensboro","online",2,18,"non-binary","high school",3,2,3,3,1,3,1,3,2,2,3,3,2.75,2,2.5,2,2,5,2,5,1,4,2,4,2,5,5,5,1,5,1,5,3,4,3,2,2,2,2,3,2,5,3,1,5,1,2,3,1,3,1,4,3,1,4,2,5,5,1,5,1,5,4,1,4,1.25,1.33333333333333,3,3.5,3.33333333333333,5,3.75,2.33333333333333,4.33333333333333,2,2.33333333333333,1,3.75,3,5,1.8,3.9,3.5,1.8,3.9,4,5,7,4,7,6,6,4,5,5.75,3,4,3,3,3,2,3,3,3,3,4,4,2,3,4,3.33333333333333,3.2,3,3.13333333333333,-0.00878435008169721,-0.886789782776974,0.824002685292926,0.432317261176896,-1.28809346644101,0.531229842661255,-1.24922721863943,0.582481864024051,-0.119175107217619,0.0134752846364677,0.46285855535918,0.459548864064687,0.161703814361029,-0.461258597141103,0.235487959312789,-0.39732413430028,-1.33812830212134,1.61848344956154,-0.189820156644546,1.59541919511977,-1.53205793591496,0.410547735301525,-0.913584208927254,0.80015318394099,-1.24249802633994,1.61337976517082,0.903580495404464,1.03571152755623,-0.874634651813854,1.0086765822689,-1.38869236208765,0.902476562150498,-0.312442523061309,1.15090177940759,-0.4630970932318,-0.947385136923134,-1.20330927575684,-0.597670031009767,-0.730012435309267,-0.693190617187087,-0.92650115263836,0.955431281923296,0.116454427879473,-1.41145025356274,0.87722447936269,-1.11980536724259,-1.42634205154272,-0.809131706285916,-1.32434378721034,-0.781496228710329,-1.0631960786085,0.0306135743288604,-0.365009322489452,-1.37691468045281,0.986036059541353,-0.502860736591885,1.12212133555454,1.25225433356592,-1.19573319873581,0.956557651063824,-0.884507014910961,1.33602012934733,0.520757752950237,-1.52663512672642,0.267811002934351,-1.24068771595118,-1.53778328311497,0.00341058932494087,-0.394301983247016,-0.429862375223799,1.39147276850599,0.365579648756502,-0.903849754525995,1.09425695416658,-0.748959249104326,-0.658595832323662,-1.41090925793139,0.270124010864408,-0.422107470456102,1.22790508997103,-1.0743683099039,0.150716971053777,0.198017312729102,-1.05884809201632,0.467003362553339,-0.0619435332810327,0.102335754747078,0.928858325786415,-0.236439894416433,1.6189841411199,0.629850914749325,0.4749345323004,-0.464986607752341,0.224275202913675,0.71961094373367,-0.424350522289298,-0.160587405286759,-0.277824863257094,0,-0.377852383898515,-0.643381638643875,-0.221597108921274,-0.356135647755801,-0.209641888898728,-0.36802823483019,0.972859258463052,-0.140857248947136,-0.442032030168873,-0.200254744835229,-0.234376555314628,-0.322954540330357,-0.142871076964077,-0.434948497609486,-0.33972505981677
183,"Greensboro","online",2,28,"female","high school",1,2,1,1,3,4,4,4,4,4,4,4,1.25,3.75,4,1,5,4,2,1,1,5,3,2,2,5,5,5,1,5,1,5,5,1,5,5,5,5,5,4,1,5,1,4,5,3,5,3,4,3,3,5,3,5,1,1,3,3,5,3,3,3,3,5,4,2,3,2.33333333333333,4.5,5,4.33333333333333,3.75,3.66666666666667,3,3,4,3.33333333333333,3.25,2.33333333333333,4.33333333333333,2.4,4.6,3.5,3.4,3.3,5,7,5,1,1,5,4,1,4.5,2.75,6,5,6,6,6,4,6,6,6,4,1,1,1,1,6,4.83333333333333,3.8,3.6,4.33333333333333,-1.89741961764647,-0.886789782776974,-0.871313844257114,-1.25765021433279,0.442782129089096,1.44494517203861,1.40127132090805,1.44024625282659,1.3449762100274,1.46206838305668,1.23428948095781,1.29686247231814,-1.65219114673226,1.50529717820553,1.64187438298638,-1.1956857125672,0.92127681533485,0.685577439760651,-0.189820156644546,-1.95914170592428,-1.53205793591496,1.33000360082056,-0.177926512600065,-0.830490745417426,-1.24249802633994,1.61337976517082,0.903580495404464,1.03571152755623,-0.874634651813854,1.0086765822689,-1.38869236208765,0.902476562150498,1.38819399486733,-1.43561964121226,1.26848334233058,1.55697311436958,1.28430124624048,1.68337831219319,1.69709076455917,0.371352116350226,-1.74288536500413,0.955431281923296,-1.35635157177268,0.864513280307176,0.87722447936269,0.389650143460587,1.31172527954375,-0.809131706285916,1.0750993104039,-0.781496228710329,0.675109297063191,1.12759998777969,-0.365009322489452,1.49722761369626,-1.60985479108792,-1.27511115350085,-0.939896503284995,-0.384430661672212,1.78493506477955,-0.91307775783365,0.892773435611063,-0.776070516312052,-0.576917902778203,1.51955097300612,0.267811002934351,-0.430724581549853,0.228367389266005,-0.729866115537366,0.956692859750729,1.77062359318375,0.494421358524617,0.365579648756502,0.590978685651612,-0.519912823849299,0.417897552036471,1.13378523032934,0.812565541217033,-0.421264826467113,-1.32065307588246,0.45257588484982,-0.353278237179638,1.25182882268452,0.198017312729102,0.856208394069978,-0.464116170203705,0.470770852935848,1.15005895811002,-0.100546519801622,-1.79260042399398,-1.48888720120848,0.0332960835990834,-0.692047461352012,-2.05184566595477,-0.0898561887895179,-1.37823790918483,1.74792000847735,0.50337975118734,1.80586161117111,1.96658838589016,1.51140953559406,0.667775255274923,1.84985412664716,1.7707855818969,2.12172049626816,0.392799366020684,-1.33410479193646,-1.92228716210209,-1.19629303402846,-1.68490199102745,1.04134393563841,1.13372852619468,0.501547417034732,0.169667409627838,0.995032281798356
184,"Greensboro","online",2,26,"female","high school",3,4,1,3,3,4,4,4,1,1,1,3,2.75,3.75,1.5,1,5,3,1,4,3,3,4,2,5,3,2,4,1,5,1,5,4,1,5,1,3,2,1,4,3,4,2,1,4,1,3,5,1,4,1,5,2,1,4,1,5,2,1,5,1,4,5,1,4,1,1.66666666666667,2.33333333333333,4.25,3.66666666666667,3.66666666666667,4.25,2.66666666666667,2.66666666666667,1,1.33333333333333,1,4.25,4.33333333333333,4.66666666666667,1.6,3.9,3.3,1.1,4.4,3,4,1,5,5,5,5,5,3.25,5,5,2,5,2,6,2,5,5,5,5,5,6,2,5,6,4.83333333333333,4,4.6,4.4,-0.00878435008169721,1.00093104194629,-0.871313844257114,0.432317261176896,0.442782129089096,1.44494517203861,1.40127132090805,1.44024625282659,-0.85125076584013,-0.710821264573636,-1.08000329583809,0.459548864064687,0.161703814361029,1.50529717820553,-0.702102989802941,-1.1956857125672,0.92127681533485,-0.247328570040235,-0.974653496617187,0.706778969858759,0.00357123061984847,-0.508908130217515,0.557731183727125,-0.830490745417426,1.36796199642638,-0.183908574268176,-1.9255914440901,0.0235388983535506,-0.874634651813854,1.0086765822689,-1.38869236208765,0.902476562150498,0.537875735903012,-1.43561964121226,1.26848334233058,-1.78217122068737,-0.374105768424403,-0.597670031009767,-1.53904683526541,0.371352116350226,-0.110116940272592,0.0505073805422005,-0.619948571946605,-1.41145025356274,0.0238160492134668,-1.11980536724259,-0.513652941180561,1.17902048630233,-1.32434378721034,0.23681703900313,-1.0631960786085,1.12759998777969,-1.29925937409936,-1.37691468045281,0.986036059541353,-1.27511115350085,1.12212133555454,-1.20277315929128,-1.19573319873581,0.956557651063824,-0.884507014910961,0.279974806517639,1.61843340867868,-1.52663512672642,0.267811002934351,-1.51067542741829,-1.18455314863877,-0.729866115537366,0.618944149001293,0.0102348184577095,-0.402630051456756,1.07688846760399,-0.530142644481593,-0.923455268353268,-1.91581605024512,-1.73402446991547,-1.41090925793139,0.96151284819593,1.37498374039661,0.840240487410424,-1.31473166747865,0.150716971053777,-0.101797632600172,-1.89668530467907,1.24293630651754,-0.594657919497913,-0.421525846934393,-2.1593562109777,0.282280282109415,0.583027027010441,0.0332960835990834,-0.108556464525806,0.06396641164847,-0.8751846680475,0.195148730504046,1.02382983155513,-1.48852171823496,1.11129945302838,-0.655529461963387,1.51140953559406,-0.643381638643875,1.15937038145768,1.06181183867933,1.34459970121253,1.15362696687156,1.74184727526289,1.04676269315617,-0.442032030168873,1.28439250135699,1.04134393563841,1.13372852619468,0.716353581701002,1.17736058835671,1.06918546744364
185,"Greensboro","online",2,18,"male","high school",1,3,3,3,3,3,3,3,1,2,1,3,2.5,3,1.75,3,4,4,3,4,4,4,4,4,4,4,4,4,2,2,3,4,4,2,4,4,4,3,4,3,3,3,2,4,2,4,4,3,3,4,2,4,3,4,4,4,4,4,3,4,2,3,3,4,4,3,3.33333333333333,3.66666666666667,3.75,4,3.66666666666667,3.5,3.33333333333333,3.33333333333333,3,4,3,4,3.66666666666667,2.66666666666667,3.3,3.8,3.4,3.3,3.5,2,5,5,3,2,2,2,3,3.75,2.25,3,5,5,2,2,2,3,2,3,2,2,3,2,2,4,2.83333333333333,2.6,3,2.8,-1.89741961764647,0.0570706295846575,0.824002685292926,0.432317261176896,0.442782129089096,0.531229842661255,0.517771807725554,0.582481864024051,-0.85125076584013,0.0134752846364677,-1.08000329583809,0.459548864064687,-0.140612012487852,0.662487560199828,-0.467705252524009,0.401037443966637,0.168141776182787,0.685577439760651,0.595013183328095,0.706778969858759,0.771385813887254,0.410547735301525,0.557731183727125,0.80015318394099,0.497808655504274,0.71473559545132,-0.0394768177603896,0.0235388983535506,0.0208246345669966,-1.70214173257877,0.327220614055136,-0.0925616986821026,0.537875735903012,-0.573445834338975,0.402693124549392,0.72218703060534,0.455097738908036,0.162679416724552,0.888056364603025,-0.693190617187087,-0.110116940272592,-0.854416520838895,-0.619948571946605,0.864513280307176,-1.68300081108498,1.14437789881218,0.399036169181593,-0.809131706285916,0.275284944532487,0.23681703900313,-0.194043390772654,0.0306135743288604,-0.365009322489452,0.778692040158992,0.986036059541353,1.04164009722605,0.09111241613477,0.433911835946853,0.294600933021867,0.021739946615087,0.0041332103500513,-0.776070516312052,-0.576917902778203,0.758004448072981,0.267811002934351,0.649226264318583,0.581597523742199,0.736687294187248,-0.05655327249758,0.450332012139219,-0.402630051456756,0.00992523933275621,0.217271575607211,-0.11637037934533,0.417897552036471,1.13378523032934,0.494926284195829,0.615818429530169,0.476438134970254,-1.4857471279532,0.728356871906753,-0.0065847220363304,0.0481098400644648,0.736517363689584,-0.153742992618023,-1.12737230571479,0.102335754747078,-0.100546519801622,-0.75516007094228,-0.970908644153751,-1.75636840985164,-1.85902945500442,-0.993939627153151,-0.561053276344307,-1.72787938467124,-0.424350522289298,0.50337975118734,1.11129945302838,-0.655529461963387,-1.00760635706271,-0.643381638643875,-0.221597108921274,-1.06510939097337,-0.209641888898728,-1.12885583568106,-0.565116775136626,-0.734667219998788,-0.442032030168873,-0.942578367931338,-0.234376555314628,-0.808515562505371,-0.787289570962887,-0.434948497609486,-0.710490988043194
186,"Greensboro","online",2,30,"female","high school",3,1,1,3,4,4,4,4,1,1,1,3,2,4,1.5,4,4,4,4,2,3,4,2,4,5,4,4,4,5,5,5,4,3,4,4,5,4,2,5,3,4,2,3,4,5,4,4,2,4,5,4,4,4,4,4,4,4,2,4,5,4,4,4,5,5,4.25,4,4,4,4,3.33333333333333,3.25,2.66666666666667,3,4.25,4.33333333333333,4.33333333333333,4,4,5,4.1,3.8,3,4.3,4.3,3,5,5,2,2,5,3,4,3.75,3.5,4,5,4,4,6,1,3,4,4,4,2,4,4,4,6,4.16666666666667,4.2,3.4,3.93333333333333,-0.00878435008169721,-1.8306501951386,-0.871313844257114,0.432317261176896,1.30821992685415,1.44494517203861,1.40127132090805,1.44024625282659,-0.85125076584013,-0.710821264573636,-1.08000329583809,0.459548864064687,-0.745243666185615,1.78623371754076,-0.702102989802941,1.19939902223355,0.168141776182787,0.685577439760651,1.37984652330074,-1.07050148066327,0.00357123061984847,0.410547735301525,-0.913584208927254,0.80015318394099,1.36796199642638,0.71473559545132,-0.0394768177603896,0.0235388983535506,2.70720249370955,1.0086765822689,2.04313359019792,-0.0925616986821026,-0.312442523061309,1.15090177940759,0.402693124549392,1.55697311436958,0.455097738908036,-0.597670031009767,1.69709076455917,-0.693190617187087,0.706267272093176,-1.75934042221999,0.116454427879473,0.864513280307176,0.87722447936269,1.14437789881218,0.399036169181593,-1.80320780258004,1.0750993104039,1.25513030671659,1.54426198489904,0.0306135743288604,0.569240729120455,0.778692040158992,0.986036059541353,1.04164009722605,0.09111241613477,-1.20277315929128,1.03976799890071,0.956557651063824,1.78141366087208,0.279974806517639,0.520757752950237,1.51955097300612,1.1965104485938,1.99916482165413,1.28805779269459,1.1033256466184,0.281195438251856,0.450332012139219,-0.851155756447443,-0.345729170090989,-0.530142644481593,-0.519912823849299,1.87646855346247,1.49226144285994,1.76548331228064,0.615818429530169,0.925710937683432,1.22790508997103,1.68981030220577,-0.0065847220363304,-0.551520050594083,1.93342766749352,1.0877497177247,-0.594657919497913,0.102335754747078,-0.100546519801622,-1.27388024746813,-0.970908644153751,0.0332960835990834,-1.27553845817822,-0.464986607752341,-0.561053276344307,-0.853775695955203,0.299739654632917,0.50337975118734,0.416737294885642,0.655529461963387,1.51140953559406,-1.29896008560327,-0.221597108921274,0.352838095461766,0.567478906156901,0.392799366020684,-0.565116775136626,-0.140857248947136,1.0664899775503,0.542068878260879,1.04134393563841,0.486313829961332,0.931159746367273,-0.0318712261179365,0.550113167926647
187,"Greensboro","online",2,18,"female","high school",4,3,2,3,0,2,1,0,4,0,2,3,3,0.75,2.25,5,5,4,2,3,5,1,5,5,3,2,3,4,2,5,2,5,5,1,5,2,4,1,2,5,5,3,5,2,5,1,2,5,1,4,1,4,3,3,1,4,4,5,1,5,3,1,4,3,5,2.75,2.66666666666667,3.66666666666667,3.25,3,3.33333333333333,4.5,3,4.66666666666667,1.75,3.33333333333333,1.66666666666667,4.25,3,5,3,3.2,4.1,2.2,4.1,2,3,7,7,4,7,7,6,4.75,6,5,4,3,6,1,3,2,5,2,2,1,2,1,2,5,3.66666666666667,2.4,2.4,2.93333333333333,0.935533283700688,0.0570706295846575,-0.0236555794820937,0.432317261176896,-2.15353126420606,-0.382485486716104,-1.24922721863943,-1.99081130238357,1.3449762100274,-1.43511781378374,-0.308572370239454,0.459548864064687,0.464019641209911,-1.86594129381727,0.00109022203385625,1.99776060050047,0.92127681533485,0.685577439760651,-0.189820156644546,-0.181861255402253,1.53920039715466,-2.34781986125559,1.29338888005431,1.6154751486202,-0.372344685417831,-1.08255274398767,-0.982534130925243,0.0235388983535506,0.0208246345669966,1.0086765822689,-0.530735874016257,0.902476562150498,1.38819399486733,-1.43561964121226,1.26848334233058,-0.947385136923134,0.455097738908036,-1.35801947874409,-0.730012435309267,1.43589484988754,1.52265148445894,-0.854416520838895,1.58926042753163,-0.652795742272766,0.87722447936269,-1.11980536724259,-1.42634205154272,1.17902048630233,-1.32434378721034,0.23681703900313,-1.0631960786085,0.0306135743288604,-0.365009322489452,0.0601564666217247,-1.60985479108792,1.04164009722605,0.09111241613477,1.25225433356592,-1.19573319873581,0.956557651063824,0.892773435611063,-2.88816116197143,0.520757752950237,-0.00354207686015419,1.1965104485938,0.379238552851474,-0.12486274521019,0.736687294187248,-0.732050693996453,-0.869959568905309,-0.851155756447443,1.43254287702774,-0.156435534437191,1.49779939867054,-1.04067344938952,0.416832805268141,-0.775630743888986,0.96151284819593,-0.422107470456102,1.22790508997103,0.367811835544623,-0.950394880576971,1.09746214871692,-0.580083970494744,0.77737654013902,-1.12737230571479,-0.945387448615864,0.928858325786415,1.31972063516111,0.0650484699557104,1.22640574589957,1.05842552912661,0.592919431049281,0.0672095070620784,0.894431681476878,1.02382983155513,-0.160587405286759,-0.277824863257094,1.96658838589016,-1.6373603302269,0.0121968083155237,-0.912080854110751,1.06181183867933,-0.986762683954357,-1.12885583568106,-1.33410479193646,-1.32847719105044,-1.19629303402846,-0.942578367931338,0.403483690161891,0.000752807786317938,-1.00209573562916,-1.03956440484681,-0.562184616752624
188,"Greensboro","online",2,19,"male","high school",2,2,2,1,3,2,3,1,3,3,3,2,1.75,2.25,2.75,3,3,3,2,3,3,3,3,3,3,3,3,4,2,2,3,3,3,3,4,3,3,3,3,2,4,3,4,3,3,3,3,3,3,3,3,3,3,3,3,3,3,4,3,4,3,3,3,3,3,3,3,3.33333333333333,3,3,3,3,3,4,2.75,3,2.66666666666667,3.25,2.66666666666667,3,3.1,3,3.3,2.8,3,4,3,5,3,3,3,3,4,3.75,3.25,4,4,4,5,4,2,4,4,4,4,5,5,2,4,5,4.5,3.8,3.8,4,-0.953101983864082,-0.886789782776974,-0.0236555794820937,-1.25765021433279,0.442782129089096,-0.382485486716104,0.517771807725554,-1.13304691358103,0.612900551404893,0.737771833846572,0.46285855535918,-0.377764744188768,-1.0475594930345,-0.18032205780587,0.469885696591721,0.401037443966637,-0.584993262969277,-0.247328570040235,-0.189820156644546,-0.181861255402253,0.00357123061984847,-0.508908130217515,-0.177926512600065,-0.0151687807382178,-0.372344685417831,-0.183908574268176,-0.982534130925243,0.0235388983535506,0.0208246345669966,-1.70214173257877,0.327220614055136,-1.0875999595147,-0.312442523061309,0.288727972534309,0.402693124549392,-0.112599053158897,-0.374105768424403,0.162679416724552,0.0790219646468792,-1.7577333507244,0.706267272093176,-0.854416520838895,0.85285742770555,0.105858769017205,-0.829592380935756,0.389650143460587,-0.513652941180561,-0.809131706285916,0.275284944532487,-0.781496228710329,0.675109297063191,-1.06637283912197,-0.365009322489452,0.0601564666217247,0.120739109331594,0.269389680317081,-0.939896503284995,0.433911835946853,0.294600933021867,0.021739946615087,0.892773435611063,-0.776070516312052,-0.576917902778203,-0.00354207686015419,-0.660888442725094,0.649226264318583,0.228367389266005,0.370048941756094,-1.06979940474589,-0.869959568905309,-1.29968146143813,-0.701383579514734,-0.156435534437191,0.690714509662607,0.126183351751272,0.0583565927375398,0.177287027174625,-0.421264826467113,-0.87138027316928,-1.09808252539259,0.487993514332,-1.26499826675718,-0.101797632600172,0.138062211787617,-0.929675936582226,-0.0619435332810327,-0.945387448615864,-0.100546519801622,-0.75516007094228,-0.452930087099021,-1.1598135787014,-1.27553845817822,-0.464986607752341,-0.561053276344307,-1.02859643369841,0.299739654632917,-0.160587405286759,0.416737294885642,1.31105892392677,0.251901589265677,-0.643381638643875,0.468886636268203,0.352838095461766,0.567478906156901,0.392799366020684,1.74184727526289,0.452952722104516,-0.442032030168873,0.542068878260879,0.403483690161891,0.810021178078007,0.501547417034732,0.371206045373613,0.624266353571932
189,"Greensboro","online",2,28,"female","high school",2,3,3,3,4,0,4,4,0,0,0,0,2.75,3,0,4,5,4,2,4,4,4,2,4,5,5,5,5,2,5,5,5,5,1,5,5,5,5,5,5,5,5,5,5,5,5,5,3,3,5,3,5,5,3,5,3,5,5,5,5,3,5,4,1,5,4.25,4,4.33333333333333,5,4.66666666666667,5,4,4,5,1.75,4,4,4.75,5,5,4.2,4.9,4.3,3.1,4.9,1,4,4,4,1,1,1,1,3.25,1,3,6,5,4,6,4,4,3,5,6,2,6,3,6,6,4.83333333333333,4,5.2,4.6,-0.953101983864082,0.0570706295846575,0.824002685292926,0.432317261176896,1.30821992685415,-2.20991614547082,1.40127132090805,1.44024625282659,-1.58332642446264,-1.43511781378374,-1.85143422143672,-2.05239196069568,0.161703814361029,0.662487560199828,-2.10848941347654,1.19939902223355,0.92127681533485,0.685577439760651,-0.189820156644546,0.706778969858759,0.771385813887254,0.410547735301525,-0.913584208927254,0.80015318394099,1.36796199642638,1.61337976517082,0.903580495404464,1.03571152755623,0.0208246345669966,1.0086765822689,2.04313359019792,0.902476562150498,1.38819399486733,-1.43561964121226,1.26848334233058,1.55697311436958,1.28430124624048,1.68337831219319,1.69709076455917,1.43589484988754,1.52265148445894,0.955431281923296,1.58926042753163,1.62316779159715,0.87722447936269,1.89910565416376,1.31172527954375,-0.809131706285916,0.275284944532487,1.25513030671659,0.675109297063191,1.12759998777969,1.50349078073036,0.0601564666217247,1.85133300975111,0.269389680317081,1.12212133555454,1.25225433356592,1.78493506477955,0.956557651063824,0.892773435611063,1.33602012934733,0.520757752950237,-1.52663512672642,1.1965104485938,1.99916482165413,1.28805779269459,1.46996399904955,1.6321902812496,1.33052639950224,1.39147276850599,0.721234058180247,0.964685795696014,1.90134184317451,-1.04067344938952,1.13378523032934,1.44784405525944,1.65290168552745,2.27352934582297,1.22790508997103,1.80999198099314,1.72373390195485,1.3972770940462,0.497135302928798,2.01886925048175,-1.66008669193167,-0.421525846934393,-0.615248942595641,-0.236439894416433,-1.48888720120848,-2.35292324100188,-2.44252045183063,-2.05184566595477,-0.8751846680475,-2.60198307338728,-0.424350522289298,1.16734690766144,1.11129945302838,0.655529461963387,1.51140953559406,0.667775255274923,0.468886636268203,-0.356135647755801,1.34459970121253,1.91445456772243,-0.565116775136626,1.04676269315617,0.312228973690713,2.0267161244531,1.04134393563841,1.13372852619468,0.716353581701002,1.78197649559404,1.2916450243795
190,"Greensboro","online",2,18,"female","high school",3,2,3,3,2,2,3,2,0,0,0,2,2.75,2.25,0.5,3,1,4,1,3,1,3,5,5,1,2,5,5,1,4,2,4,5,3,4,1,3,4,2,4,2,5,5,3,5,1,3,3,2,1,1,5,3,1,4,1,5,5,1,5,1,5,3,3,5,1.75,1,1.66666666666667,3.25,3.66666666666667,5,3.75,4,5,2.25,2.66666666666667,1.66666666666667,3.25,3,4.66666666666667,1.5,3.9,4.2,2.2,3.6,1,2,5,3,2,4,6,3,2.75,3.75,3,2,3,6,6,6,3,5,3,3,1,6,3,2,6,4.5,3.4,4,3.86666666666667,-0.00878435008169721,-0.886789782776974,0.824002685292926,0.432317261176896,-0.422655668675956,-0.382485486716104,0.517771807725554,-0.27528252477849,-1.58332642446264,-1.43511781378374,-1.85143422143672,-0.377764744188768,0.161703814361029,-0.18032205780587,-1.63969393891867,0.401037443966637,-2.0912633412734,0.685577439760651,-0.974653496617187,-0.181861255402253,-1.53205793591496,-0.508908130217515,1.29338888005431,1.6154751486202,-2.11265136726204,-1.08255274398767,0.903580495404464,1.03571152755623,-0.874634651813854,0.105070477319677,-0.530735874016257,-0.0925616986821026,1.38819399486733,0.288727972534309,0.402693124549392,-1.78217122068737,-0.374105768424403,0.92302886445887,-0.730012435309267,0.371352116350226,-0.92650115263836,0.955431281923296,1.58926042753163,0.105858769017205,0.87722447936269,-1.11980536724259,-0.513652941180561,-0.809131706285916,-0.524529421338927,-2.81812276413725,-1.0631960786085,1.12759998777969,-0.365009322489452,-1.37691468045281,0.986036059541353,-1.27511115350085,1.12212133555454,1.25225433356592,-1.19573319873581,0.956557651063824,-0.884507014910961,1.33602012934733,-0.576917902778203,-0.00354207686015419,1.1965104485938,-0.700712293016962,-1.89101341759116,-1.46314282039967,-0.732050693996453,0.0102348184577095,1.39147276850599,0.365579648756502,0.964685795696014,1.90134184317451,-0.457245048819126,-0.300119619793061,-0.775630743888986,-0.421264826467113,-0.422107470456102,0.840240487410424,-1.43491334626603,0.150716971053777,1.24736962138156,-0.580083970494744,0.00144359617481743,-1.66008669193167,-1.46924905029733,-0.100546519801622,-0.75516007094228,-0.970908644153751,-0.563258747551158,0.4749345323004,-0.993939627153151,-1.18931605975069,-0.678954958211994,-0.424350522289298,-1.48852171823496,-0.277824863257094,1.96658838589016,1.51140953559406,1.97893214919372,-0.221597108921274,1.06181183867933,-0.209641888898728,-0.36802823483019,-1.33410479193646,1.04676269315617,0.312228973690713,-0.942578367931338,1.04134393563841,0.810021178078007,0.0719350877021927,0.572744681119388,0.475959982281363
191,"Greensboro","online",2,18,"male","high school",4,4,2,3,3,3,3,2,1,2,4,3,3.25,2.75,2.5,1,5,3,1,4,1,3,2,4,5,2,5,5,1,5,3,5,2,1,5,3,5,2,5,3,5,3,2,3,5,1,4,3,2,4,2,5,2,2,4,1,5,4,4,5,1,3,3,1,5,1.5,2,2.66666666666667,4.25,4.33333333333333,4.33333333333333,2.75,2,3.66666666666667,1.25,3.66666666666667,2.66666666666667,4.5,4,5,2,4.3,2.8,2.4,4.5,5,6,5,4,3,4,4,2,5,3.25,2,5,3,3,2,2,2,3,3,2,2,6,2,3,6,3.5,2.8,3.4,3.06666666666667,0.935533283700688,1.00093104194629,-0.0236555794820937,0.432317261176896,0.442782129089096,0.531229842661255,0.517771807725554,-0.27528252477849,-0.85125076584013,0.0134752846364677,1.23428948095781,0.459548864064687,0.766335468058792,0.381551020864595,0.235487959312789,-1.1956857125672,0.92127681533485,-0.247328570040235,-0.974653496617187,0.706778969858759,-1.53205793591496,-0.508908130217515,-0.913584208927254,0.80015318394099,1.36796199642638,-1.08255274398767,0.903580495404464,1.03571152755623,-0.874634651813854,1.0086765822689,0.327220614055136,0.902476562150498,-1.16276078202563,-1.43561964121226,1.26848334233058,-0.112599053158897,1.28430124624048,-0.597670031009767,1.69709076455917,-0.693190617187087,1.52265148445894,-0.854416520838895,-0.619948571946605,0.105858769017205,0.87722447936269,-1.11980536724259,0.399036169181593,-0.809131706285916,-0.524529421338927,0.23681703900313,-0.194043390772654,1.12759998777969,-1.29925937409936,-0.658379106915543,0.986036059541353,-1.27511115350085,1.12212133555454,0.433911835946853,1.03976799890071,0.956557651063824,-0.884507014910961,-0.776070516312052,-0.576917902778203,-1.52663512672642,1.1965104485938,-0.970700004484071,-0.831323014162578,-0.363227763106213,0.618944149001293,0.890429205820728,0.494421358524617,-1.05703798893848,-1.2775568645704,0.287172065158638,-1.62410184995992,0.775309017798742,0.177287027174625,1.30720726686169,0.925710937683432,1.22790508997103,-0.834004952329145,0.779923743414204,-0.851334995923357,-0.340701909733957,1.39812289531038,0.470770852935848,0.626197356428548,-0.100546519801622,-0.236439894416433,-0.452930087099021,-0.563258747551158,-0.692047461352012,-1.52289264655396,0.224275202913675,-1.02859643369841,-1.14844069921151,0.50337975118734,-0.277824863257094,0,-1.00760635706271,-0.643381638643875,-0.912080854110751,-0.356135647755801,-0.209641888898728,-1.12885583568106,-0.565116775136626,1.04676269315617,-0.442032030168873,-0.200254744835229,1.04134393563841,-0.16110086627202,-0.572483406296617,-0.0318712261179365,-0.413878245462054
192,"Greensboro","online",2,18,"female","high school",4,4,2,3,2,1,2,2,0,0,1,1,3.25,1.75,0.5,1,4,1,1,3,2,3,2,2,2,1,4,3,1,2,2,3,4,2,2,2,3,2,4,4,2,4,4,4,3,2,4,3,4,3,1,4,3,4,2,2,4,4,2,4,1,3,3,4,2,1.5,1.66666666666667,1.66666666666667,3.5,3.33333333333333,4,2.75,2.33333333333333,3.66666666666667,2.75,3.33333333333333,2.33333333333333,2.5,2.66666666666667,3,1.6,3.6,2.9,2.8,2.7,2,1,2,2,6,4,6,6,1.75,5.5,3,5,3,2,5,6,4,5,2,4,2,5,2,3,5,3.83333333333333,3.8,3.8,3.73333333333333,0.935533283700688,1.00093104194629,-0.0236555794820937,0.432317261176896,-0.422655668675956,-1.29620081609346,-0.365727705456939,-0.27528252477849,-1.58332642446264,-1.43511781378374,-1.08000329583809,-1.21507835244222,0.766335468058792,-0.742195136476336,-1.63969393891867,-1.1956857125672,0.168141776182787,-2.11314058964201,-0.974653496617187,-0.181861255402253,-0.764243352647557,-0.508908130217515,-0.913584208927254,-0.830490745417426,-1.24249802633994,-1.98119691370717,-0.0394768177603896,-0.988633730849125,-0.874634651813854,-1.70214173257877,-0.530735874016257,-1.0875999595147,0.537875735903012,-0.573445834338975,-1.32888731101299,-0.947385136923134,-0.374105768424403,-0.597670031009767,0.888056364603025,0.371352116350226,-0.92650115263836,0.0505073805422005,0.85285742770555,0.864513280307176,-0.829592380935756,-0.365077611891001,0.399036169181593,-0.809131706285916,1.0750993104039,-0.781496228710329,-1.0631960786085,0.0306135743288604,-0.365009322489452,0.778692040158992,-0.744557840878165,-0.502860736591885,0.09111241613477,0.433911835946853,-0.450566132856974,0.021739946615087,-0.884507014910961,-0.776070516312052,-0.576917902778203,0.758004448072981,-1.58958788838454,-0.970700004484071,-1.18455314863877,-1.46314282039967,-0.394301983247016,-0.429862375223799,0.0458956535339307,-1.05703798893848,-0.903849754525995,0.287172065158638,0.126183351751272,0.416832805268141,-0.140352229846578,-1.4583480824644,-0.87138027316928,-1.09808252539259,-1.31473166747865,-0.321188108216544,-0.70142752325872,0.138062211787617,-1.39523570296075,-1.12737230571479,-1.9931106519788,-1.64465378818368,-1.27388024746813,1.10100558406517,-0.563258747551158,0.4749345323004,0.592919431049281,-1.81757884315708,0.544790205990462,-0.424350522289298,0.50337975118734,-0.277824863257094,-0.655529461963387,0.881655562429869,1.97893214919372,0.468886636268203,1.06181183867933,-0.986762683954357,0.392799366020684,-0.565116775136626,0.452952722104516,-0.442032030168873,-0.200254744835229,0.403483690161891,0.162606481844656,0.501547417034732,0.371206045373613,0.327653610990793
193,"Greensboro","online",2,19,"male","high school",3,0,3,3,4,2,3,3,3,4,4,3,2.25,3,3.5,1,5,4,2,3,2,4,4,3,5,4,5,4,2,5,2,4,4,2,1,2,4,2,4,4,5,3,2,2,5,2,3,4,5,4,1,3,2,4,3,2,3,2,2,4,1,3,4,4,5,1.5,1.66666666666667,3.66666666666667,3.75,3.66666666666667,3.66666666666667,4,2.66666666666667,2.66666666666667,3.25,3.66666666666667,2,3.25,4,4.66666666666667,2.2,3.7,3.2,3,3.9,5,7,7,6,3,3,4,5,6.25,3.75,5,4,4,3,5,3,3,4,3,3,3,6,5,4,6,4.33333333333333,4.2,4,4.06666666666667,-0.00878435008169721,-2.77451060750024,0.824002685292926,0.432317261176896,1.30821992685415,-0.382485486716104,0.517771807725554,0.582481864024051,0.612900551404893,1.46206838305668,1.23428948095781,0.459548864064687,-0.442927839336733,0.662487560199828,1.17307890842852,-1.1956857125672,0.92127681533485,0.685577439760651,-0.189820156644546,-0.181861255402253,-0.764243352647557,0.410547735301525,0.557731183727125,-0.0151687807382178,1.36796199642638,0.71473559545132,0.903580495404464,0.0235388983535506,0.0208246345669966,1.0086765822689,-0.530735874016257,-0.0925616986821026,0.537875735903012,-0.573445834338975,-2.19467752879418,-0.947385136923134,0.455097738908036,-0.597670031009767,0.888056364603025,0.371352116350226,1.52265148445894,-0.854416520838895,-0.619948571946605,-0.652795742272766,0.87722447936269,-0.365077611891001,-0.513652941180561,0.184944390008209,1.87491367627531,0.23681703900313,-1.0631960786085,-1.06637283912197,-1.29925937409936,0.778692040158992,0.120739109331594,-0.502860736591885,-0.939896503284995,-1.20277315929128,-0.450566132856974,0.021739946615087,-0.884507014910961,-0.776070516312052,0.520757752950237,0.758004448072981,1.1965104485938,-0.970700004484071,-1.18455314863877,0.736687294187248,-0.05655327249758,0.0102348184577095,-0.402630051456756,0.721234058180247,-0.530142644481593,-0.923455268353268,0.709611752321671,0.775309017798742,-0.457991486867782,-0.421264826467113,0.925710937683432,0.840240487410424,-0.593641594754391,-0.163886415126437,-0.251705105264809,0.377444272548404,0.467003362553339,0.470770852935848,1.15005895811002,0.928858325786415,0.801000458635262,-0.452930087099021,-1.1598135787014,-0.692047461352012,0.06396641164847,1.00960368217166,-0.678954958211994,1.02382983155513,-0.160587405286759,0.416737294885642,0,0.881655562429869,0.0121968083155237,-0.221597108921274,0.352838095461766,-0.209641888898728,-0.36802823483019,0.203871241663213,1.04676269315617,1.82075098140988,0.542068878260879,1.04134393563841,0.648167504019669,0.931159746367273,0.572744681119388,0.698419539217217
194,"Greensboro","online",2,20,"female","high school",3,2,1,2,2,2,2,1,1,0,3,0,2,1.75,1,1,5,3,3,1,5,4,2,5,3,3,5,5,3,2,3,5,5,3,4,3,4,4,4,3,3,5,5,5,4,4,4,4,5,3,4,3,5,5,1,2,5,1,2,3,3,5,3,5,1,2.75,4,2.66666666666667,4.75,3.66666666666667,5,3.75,3.66666666666667,3.66666666666667,4,4.66666666666667,3.33333333333333,2.25,2.33333333333333,3,3.1,4.5,3.7,4,2.5,3,3,5,1,3,2,5,2,3,3,6,6,6,6,6,6,6,4,3,5,2,6,3,6,6,5.83333333333333,4.2,5.4,5.13333333333333,-0.00878435008169721,-0.886789782776974,-0.871313844257114,-0.412666476577946,-0.422655668675956,-0.382485486716104,-0.365727705456939,-1.13304691358103,-0.85125076584013,-1.43511781378374,0.46285855535918,-2.05239196069568,-0.745243666185615,-0.742195136476336,-1.17089846436081,-1.1956857125672,0.92127681533485,-0.247328570040235,0.595013183328095,-1.95914170592428,1.53920039715466,0.410547735301525,-0.913584208927254,1.6154751486202,-0.372344685417831,-0.183908574268176,0.903580495404464,1.03571152755623,0.916283920947847,-1.70214173257877,0.327220614055136,0.902476562150498,1.38819399486733,0.288727972534309,0.402693124549392,-0.112599053158897,0.455097738908036,0.92302886445887,0.888056364603025,-0.693190617187087,-0.110116940272592,0.955431281923296,1.58926042753163,1.62316779159715,0.0238160492134668,1.14437789881218,0.399036169181593,0.184944390008209,1.87491367627531,-0.781496228710329,1.54426198489904,-1.06637283912197,1.50349078073036,1.49722761369626,-1.60985479108792,-0.502860736591885,1.12212133555454,-2.02111565691034,-0.450566132856974,-0.91307775783365,0.892773435611063,1.33602012934733,-0.576917902778203,1.51955097300612,-2.51828733404398,0.379238552851474,1.28805779269459,-0.363227763106213,1.29444157050017,0.0102348184577095,1.39147276850599,0.365579648756502,0.590978685651612,0.287172065158638,1.58475435317727,1.85073765539055,0.812565541217033,-1.80404250113016,-1.32065307588246,-1.09808252539259,0.487993514332,1.09452712959442,0.497832258058376,1.57435457635234,-1.70560888054643,-0.594657919497913,-0.945387448615864,-0.100546519801622,-1.79260042399398,-0.452930087099021,-1.75636840985164,-0.108556464525806,-1.52289264655396,-1.0322503638991,-1.20341717144162,1.74792000847735,1.16734690766144,1.80586161117111,1.96658838589016,1.51140953559406,1.97893214919372,1.84985412664716,0.352838095461766,-0.209641888898728,1.15362696687156,-0.565116775136626,1.04676269315617,0.312228973690713,2.0267161244531,1.04134393563841,2.10485057054471,0.931159746367273,1.98351513133981,1.88487050954177
195,"Greensboro","online",2,18,"non-binary","high school",2,2,3,3,1,3,1,2,2,2,2,3,2.5,1.75,2.25,1,2,4,1,3,1,5,3,4,2,1,5,5,1,5,1,5,1,5,2,1,5,4,5,4,1,5,2,1,4,1,4,1,1,4,1,5,2,1,4,1,5,5,1,5,1,5,4,1,5,1,1,1,4,5,5,2.5,3,4,2,3.33333333333333,1,3.5,3.33333333333333,4.66666666666667,1,4.6,3.1,2.1,3.8,4,6,4,6,6,6,6,6,5,6,4,5,1,1,1,1,3,4,3,3,3,3,1,1,4,3,2.8,1.8,2.53333333333333,-0.953101983864082,-0.886789782776974,0.824002685292926,0.432317261176896,-1.28809346644101,0.531229842661255,-1.24922721863943,-0.27528252477849,-0.119175107217619,0.0134752846364677,-0.308572370239454,0.459548864064687,-0.140612012487852,-0.742195136476336,0.00109022203385625,-1.1956857125672,-1.33812830212134,0.685577439760651,-0.974653496617187,-0.181861255402253,-1.53205793591496,1.33000360082056,-0.177926512600065,0.80015318394099,-1.24249802633994,-1.98119691370717,0.903580495404464,1.03571152755623,-0.874634651813854,1.0086765822689,-1.38869236208765,0.902476562150498,-2.01307904098995,2.01307558628088,-1.32888731101299,-1.78217122068737,1.28430124624048,0.92302886445887,1.69709076455917,0.371352116350226,-1.74288536500413,0.955431281923296,-0.619948571946605,-1.41145025356274,0.0238160492134668,-1.11980536724259,0.399036169181593,-2.79728389887417,-1.32434378721034,0.23681703900313,-1.0631960786085,1.12759998777969,-1.29925937409936,-1.37691468045281,0.986036059541353,-1.27511115350085,1.12212133555454,1.25225433356592,-1.19573319873581,0.956557651063824,-0.884507014910961,1.33602012934733,0.520757752950237,-1.52663512672642,1.1965104485938,-1.51067542741829,-1.89101341759116,-2.19641952526198,0.281195438251856,1.77062359318375,1.39147276850599,-1.41269239836223,-0.156435534437191,0.690714509662607,-0.748959249104326,0.416832805268141,-1.41090925793139,-0.0755704078013522,0.027165332257076,0.840240487410424,-2.03582174020291,1.25182882268452,-0.401612577929446,-0.699775000875138,0.311816773760498,-0.0619435332810327,0.626197356428548,-0.615248942595641,0.801000458635262,1.10100558406517,0.629850914749325,0.4749345323004,0.592919431049281,0.224275202913675,0.894431681476878,0.299739654632917,0.50337975118734,-1.66694917954257,-1.31105892392677,-1.6373603302269,-1.29896008560327,-0.221597108921274,0.352838095461766,-0.209641888898728,-0.36802823483019,0.203871241663213,-0.734667219998788,-1.19629303402846,-1.68490199102745,-0.234376555314628,-0.646661888447033,-0.572483406296617,-1.64418031208413,-1.00710373062433
196,"Greensboro","online",2,19,"male","high school",4,4,0,4,0,0,0,0,0,0,4,4,3,0,2,5,4,1,4,4,5,5,1,4,5,5,1,5,3,4,3,5,5,2,5,5,5,1,1,5,5,5,1,2,5,5,5,1,3,5,5,5,5,5,5,5,5,1,1,5,5,5,1,5,5,4.5,5,5,4.75,5,3.66666666666667,2,2.33333333333333,2.33333333333333,3.5,3.33333333333333,2,4.75,5,4.66666666666667,4.8,4.5,2.2,3,4.8,1,1,1,1,7,7,7,7,1,7,3,2,5,1,2,1,5,2,1,1,3,4,2,2,2,2.66666666666667,2.2,2.6,2.4,0.935533283700688,1.00093104194629,-1.71897210903213,1.27730099893174,-2.15353126420606,-2.20991614547082,-2.13272673182193,-1.99081130238357,-1.58332642446264,-1.43511781378374,1.23428948095781,1.29686247231814,0.464019641209911,-2.70875091182297,-0.233307515245076,1.99776060050047,0.168141776182787,-2.11314058964201,1.37984652330074,0.706778969858759,1.53920039715466,1.33000360082056,-1.64924190525444,0.80015318394099,1.36796199642638,1.61337976517082,-2.86864875725495,1.03571152755623,0.916283920947847,0.105070477319677,0.327220614055136,0.902476562150498,1.38819399486733,-0.573445834338975,1.26848334233058,1.55697311436958,1.28430124624048,-1.35801947874409,-1.53904683526541,1.43589484988754,1.52265148445894,0.955431281923296,-1.35635157177268,-0.652795742272766,0.87722447936269,1.89910565416376,1.31172527954375,-2.79728389887417,0.275284944532487,1.25513030671659,2.41341467273488,1.12759998777969,1.50349078073036,1.49722761369626,1.85133300975111,1.81389051413501,1.12212133555454,-2.02111565691034,-1.19573319873581,0.956557651063824,2.67005388613309,1.33602012934733,-2.77226921423508,1.51955097300612,1.1965104485938,2.26915253312124,2.34774819612317,2.20324070391186,1.29444157050017,1.77062359318375,-0.402630051456756,-2.12400121720972,-0.903849754525995,-1.32699771285724,1.00132595260687,0.416832805268141,-0.457991486867782,1.65290168552745,2.27352934582297,0.840240487410424,2.5310820537174,1.09452712959442,-1.75077983191118,0.377444272548404,1.8636826616889,-1.66008669193167,-1.9931106519788,-2.1593562109777,-1.79260042399398,1.6189841411199,1.22640574589957,1.05842552912661,1.12187245045009,-2.28877593071187,1.59371463244971,-0.424350522289298,-1.48852171823496,1.11129945302838,-1.31105892392677,-1.00760635706271,-1.29896008560327,1.15937038145768,-1.06510939097337,-1.76388347900999,-1.88968343653194,0.203871241663213,-0.140857248947136,-0.442032030168873,-0.942578367931338,-1.51009704626767,-0.970369236563709,-1.21690190029543,-0.838025769101036,-1.1554101019149
197,"Greensboro","online",2,24,"female","high school",0,0,0,0,4,1,4,4,0,0,0,0,0,3.25,0,1,1,5,2,3,1,5,5,2,3,4,5,5,2,4,5,4,5,3,3,2,4,4,4,4,2,4,2,4,5,1,5,5,5,4,1,4,5,5,1,3,5,5,4,5,2,5,4,5,5,2.25,1.33333333333333,3,3.75,4.33333333333333,4.66666666666667,4.75,4.66666666666667,4,3.75,3.66666666666667,3.33333333333333,3.75,2.66666666666667,4.66666666666667,2.2,4.2,4.5,3.6,3.7,1,1,1,1,1,2,1,2,1,1.5,6,4,6,3,6,3,6,6,6,6,4,6,6,4,6,5.5,5.2,5,5.2,-2.84173725142885,-2.77451060750024,-1.71897210903213,-2.10263395208763,1.30821992685415,-1.29620081609346,1.40127132090805,1.44024625282659,-1.58332642446264,-1.43511781378374,-1.85143422143672,-2.05239196069568,-3.16377028097667,0.943424099535061,-2.10848941347654,-1.1956857125672,-2.0912633412734,1.61848344956154,-0.189820156644546,-0.181861255402253,-1.53205793591496,1.33000360082056,1.29338888005431,-0.830490745417426,-0.372344685417831,0.71473559545132,0.903580495404464,1.03571152755623,0.0208246345669966,0.105070477319677,2.04313359019792,-0.0925616986821026,1.38819399486733,0.288727972534309,-0.4630970932318,-0.947385136923134,0.455097738908036,0.92302886445887,0.888056364603025,0.371352116350226,-0.92650115263836,0.0505073805422005,-0.619948571946605,0.864513280307176,0.87722447936269,-1.11980536724259,1.31172527954375,1.17902048630233,1.87491367627531,0.23681703900313,-1.0631960786085,0.0306135743288604,1.50349078073036,1.49722761369626,-1.60985479108792,0.269389680317081,1.12212133555454,1.25225433356592,1.03976799890071,0.956557651063824,0.0041332103500513,1.33602012934733,0.520757752950237,1.51955097300612,1.1965104485938,-0.160736870082744,-1.53778328311497,0.00341058932494087,-0.05655327249758,0.890429205820728,0.942947063515305,1.78819728645148,1.71210001578482,0.690714509662607,1.29304015289207,0.775309017798742,0.812565541217033,0.270124010864408,-0.87138027316928,0.840240487410424,-0.593641594754391,0.622622050324097,1.69709203937547,1.09559045483077,0.156630184967658,-1.66008669193167,-1.9931106519788,-2.1593562109777,-1.79260042399398,-1.48888720120848,-1.75636840985164,-2.44252045183063,-1.52289264655396,-2.28877593071187,-2.25234159790087,1.74792000847735,-0.160587405286759,1.80586161117111,0,1.51140953559406,0.0121968083155237,1.84985412664716,1.7707855818969,2.12172049626816,1.91445456772243,0.972859258463052,1.04676269315617,2.57501198526947,0.542068878260879,1.04134393563841,1.78114322242803,2.00519056969862,1.58043785984826,1.95902369518706
198,"Greensboro","online",2,18,"female","high school",3,2,1,1,3,2,1,1,3,2,3,3,1.75,1.75,2.75,2,5,3,1,3,4,4,4,2,4,3,5,4,2,3,4,4,4,3,3,4,4,3,2,3,3,5,3,2,2,3,4,5,2,4,3,4,3,2,2,3,4,5,1,4,4,3,3,3,3,3.25,3.66666666666667,3,4,4,4.66666666666667,3.75,3.33333333333333,4,2.25,2,1.66666666666667,3.25,3,3,3.3,4.2,3.7,2,3.1,4,5,6,4,3,5,5,5,4.75,4.5,3,4,4,2,4,3,4,4,3,4,4,3,3,3,4,3.33333333333333,3.8,3.2,3.46666666666667,-0.00878435008169721,-0.886789782776974,-0.871313844257114,-1.25765021433279,0.442782129089096,-0.382485486716104,-1.24922721863943,-1.13304691358103,0.612900551404893,0.0134752846364677,0.46285855535918,0.459548864064687,-1.0475594930345,-0.742195136476336,0.469885696591721,-0.39732413430028,0.92127681533485,-0.247328570040235,-0.974653496617187,-0.181861255402253,0.771385813887254,0.410547735301525,0.557731183727125,-0.830490745417426,0.497808655504274,-0.183908574268176,0.903580495404464,0.0235388983535506,0.0208246345669966,-0.798535627629547,1.18517710212653,-0.0925616986821026,0.537875735903012,0.288727972534309,-0.4630970932318,0.72218703060534,0.455097738908036,0.162679416724552,-0.730012435309267,-0.693190617187087,-0.110116940272592,0.955431281923296,0.116454427879473,-0.652795742272766,-1.68300081108498,0.389650143460587,0.399036169181593,1.17902048630233,-0.524529421338927,0.23681703900313,0.675109297063191,0.0306135743288604,-0.365009322489452,-0.658379106915543,-0.744557840878165,0.269389680317081,0.09111241613477,1.25225433356592,-1.19573319873581,0.021739946615087,1.78141366087208,-0.776070516312052,-0.576917902778203,-0.00354207686015419,-0.660888442725094,0.919213975785692,0.934827658218393,0.00341058932494087,0.281195438251856,0.450332012139219,0.942947063515305,0.365579648756502,0.217271575607211,0.690714509662607,-0.457245048819126,-1.01707204485426,-0.775630743888986,-0.421264826467113,-0.422107470456102,-1.09808252539259,0.728356871906753,0.622622050324097,0.497832258058376,-0.819466031255531,-0.774489347789386,-0.0619435332810327,0.102335754747078,0.414155902992397,-0.236439894416433,-0.452930087099021,0.0332960835990834,-0.108556464525806,0.06396641164847,0.0672095070620784,-0.15449274498237,-0.424350522289298,-0.160587405286759,0.416737294885642,-0.655529461963387,0.251901589265677,0.0121968083155237,0.468886636268203,0.352838095461766,-0.209641888898728,0.392799366020684,0.972859258463052,-0.734667219998788,0.312228973690713,-0.200254744835229,-0.234376555314628,-0.322954540330357,0.501547417034732,-0.233409861863711,0.0310408684096543
199,"Greensboro","online",2,18,"male","high school",4,4,3,3,4,1,1,4,2,3,3,4,3.5,2.5,3,2,2,1,1,2,1,2,2,2,3,1,5,5,1,5,2,3,3,5,4,1,2,1,1,3,1,3,2,1,5,3,3,3,1,4,4,2,3,1,2,4,3,1,1,5,1,3,4,1,3,2,2,2,2.75,2,3.66666666666667,2.75,2,2.66666666666667,2,1.33333333333333,1,3.25,2.66666666666667,5,2,2.8,2.5,1.5,3.6,7,7,7,5,7,7,7,7,6.5,7,1,3,1,2,1,1,1,1,2,4,3,2,1,1,2,2,1.8,1.4,1.73333333333333,0.935533283700688,1.00093104194629,0.824002685292926,0.432317261176896,1.30821992685415,-1.29620081609346,-1.24922721863943,1.44024625282659,-0.119175107217619,0.737771833846572,0.46285855535918,1.29686247231814,1.06865129490767,0.100614481529362,0.704283433870654,-0.39732413430028,-1.33812830212134,-2.11314058964201,-0.974653496617187,-1.07050148066327,-1.53205793591496,-1.42836399573656,-0.913584208927254,-0.830490745417426,-0.372344685417831,-1.98119691370717,0.903580495404464,1.03571152755623,-0.874634651813854,1.0086765822689,-0.530735874016257,-1.0875999595147,-0.312442523061309,2.01307558628088,0.402693124549392,-1.78217122068737,-1.20330927575684,-1.35801947874409,-1.53904683526541,-0.693190617187087,-1.74288536500413,-0.854416520838895,-0.619948571946605,-1.41145025356274,0.87722447936269,0.389650143460587,-0.513652941180561,-0.809131706285916,-1.32434378721034,0.23681703900313,1.54426198489904,-2.16335925257279,-0.365009322489452,-1.37691468045281,-0.744557840878165,1.04164009722605,-0.939896503284995,-2.02111565691034,-1.19573319873581,0.956557651063824,-0.884507014910961,-0.776070516312052,0.520757752950237,-1.52663512672642,-0.660888442725094,-0.430724581549853,-0.831323014162578,-1.09650446796852,-1.40754811549533,-2.19025114994984,-0.402630051456756,-1.05703798893848,-1.2775568645704,-0.923455268353268,-0.748959249104326,-1.73402446991547,-1.41090925793139,-0.421264826467113,-0.87138027316928,1.22790508997103,-0.834004952329145,-1.5796016529374,-1.30105741391727,-1.4179211831575,0.00144359617481743,1.53619962536961,1.15005895811002,0.928858325786415,0.282280282109415,1.6189841411199,1.22640574589957,1.05842552912661,1.12187245045009,1.16666937802325,1.59371463244971,-1.87253087613373,-0.824554561760857,-1.66694917954257,-0.655529461963387,-1.6373603302269,-1.29896008560327,-1.60256459930023,-1.77408313419093,-0.986762683954357,0.392799366020684,0.203871241663213,-1.32847719105044,-1.19629303402846,-1.68490199102745,-1.51009704626767,-1.61778393279706,-1.64651422962797,-2.04725758357568,-1.89694195836775
200,"Greensboro","online",2,20,"male","high school",3,3,2,1,3,3,4,4,2,1,2,2,2.25,3.5,1.75,5,5,4,4,5,2,4,2,4,5,4,4,4,2,5,3,5,3,4,5,4,4,3,2,5,3,5,2,4,5,2,4,2,2,4,2,4,3,2,5,4,5,4,4,4,1,5,3,3,5,2.75,2.66666666666667,3.66666666666667,4.75,4,4.66666666666667,3,2.66666666666667,3.33333333333333,3.25,2.66666666666667,3.33333333333333,4.75,5,4.66666666666667,3,4.5,3,3.1,4.8,5,5,5,5,2,5,5,5,5,4.25,3,3,4,4,6,3,3,3,4,3,5,4,2,3,6,3.83333333333333,3.8,3.6,3.73333333333333,-0.00878435008169721,0.0570706295846575,-0.0236555794820937,-1.25765021433279,0.442782129089096,0.531229842661255,1.40127132090805,1.44024625282659,-0.119175107217619,-0.710821264573636,-0.308572370239454,-0.377764744188768,-0.442927839336733,1.22436063887029,-0.467705252524009,1.99776060050047,0.92127681533485,0.685577439760651,1.37984652330074,1.59541919511977,-0.764243352647557,0.410547735301525,-0.913584208927254,0.80015318394099,1.36796199642638,0.71473559545132,-0.0394768177603896,0.0235388983535506,0.0208246345669966,1.0086765822689,0.327220614055136,0.902476562150498,-0.312442523061309,1.15090177940759,1.26848334233058,0.72218703060534,0.455097738908036,0.162679416724552,-0.730012435309267,1.43589484988754,-0.110116940272592,0.955431281923296,-0.619948571946605,0.864513280307176,0.87722447936269,-0.365077611891001,0.399036169181593,-1.80320780258004,-0.524529421338927,0.23681703900313,-0.194043390772654,0.0306135743288604,-0.365009322489452,-0.658379106915543,1.85133300975111,1.04164009722605,1.12212133555454,0.433911835946853,1.03976799890071,0.021739946615087,-0.884507014910961,1.33602012934733,-0.576917902778203,-0.00354207686015419,1.1965104485938,0.379238552851474,-0.12486274521019,0.736687294187248,1.29444157050017,0.450332012139219,0.942947063515305,-0.701383579514734,-0.530142644481593,-0.11637037934533,0.709611752321671,-0.300119619793061,0.812565541217033,1.65290168552745,2.27352934582297,0.840240487410424,0.367811835544623,1.09452712959442,-0.551520050594083,0.497135302928798,1.8636826616889,0.470770852935848,0.102335754747078,-0.100546519801622,0.282280282109415,-0.970908644153751,0.0332960835990834,-0.108556464525806,0.06396641164847,0.224275202913675,-0.329313482725578,-0.424350522289298,-0.824554561760857,0.416737294885642,0.655529461963387,1.51140953559406,0.0121968083155237,-0.221597108921274,-0.356135647755801,0.567478906156901,-0.36802823483019,1.74184727526289,-0.140857248947136,-0.442032030168873,-0.200254744835229,1.04134393563841,0.162606481844656,0.501547417034732,0.169667409627838,0.327653610990793
201,"Greensboro","online",2,18,"male","high school",3,2,3,3,1,4,3,4,4,3,2,4,2.75,3,3.25,4,4,2,3,2,3,5,5,4,2,5,4,4,1,2,3,4,4,3,3,5,4,2,1,2,4,1,1,5,4,5,5,4,4,2,1,5,1,5,3,5,5,2,5,4,1,5,4,4,2,3.25,3,4.66666666666667,4.5,4.66666666666667,3.33333333333333,3.5,2.66666666666667,2.33333333333333,3.5,3.33333333333333,3.66666666666667,2.25,2.33333333333333,3.33333333333333,3.6,4.2,2.9,3.5,2.6,1,4,4,4,2,5,5,7,3.25,4.75,2,1,1,6,6,3,2,4,4,5,4,6,1,3,6,4.5,3.2,3.4,3.6,-0.00878435008169721,-0.886789782776974,0.824002685292926,0.432317261176896,-1.28809346644101,1.44494517203861,0.517771807725554,1.44024625282659,1.3449762100274,0.737771833846572,-0.308572370239454,1.29686247231814,0.161703814361029,0.662487560199828,0.938681171149586,1.19939902223355,0.168141776182787,-1.18023457984112,0.595013183328095,-1.07050148066327,0.00357123061984847,1.33000360082056,1.29338888005431,0.80015318394099,-1.24249802633994,1.61337976517082,-0.0394768177603896,0.0235388983535506,-0.874634651813854,-1.70214173257877,0.327220614055136,-0.0925616986821026,0.537875735903012,0.288727972534309,-0.4630970932318,1.55697311436958,0.455097738908036,-0.597670031009767,-1.53904683526541,-1.7577333507244,0.706267272093176,-2.66426432360109,-1.35635157177268,1.62316779159715,0.0238160492134668,1.89910565416376,1.31172527954375,0.184944390008209,1.0750993104039,-1.79980949642379,-1.0631960786085,1.12759998777969,-2.23350942570926,1.49722761369626,0.120739109331594,1.81389051413501,1.12212133555454,-1.20277315929128,1.78493506477955,0.021739946615087,-0.884507014910961,1.33602012934733,0.520757752950237,0.758004448072981,-1.58958788838454,0.919213975785692,0.228367389266005,1.83660235148071,0.956692859750729,1.33052639950224,-0.851155756447443,0.00992523933275621,-0.530142644481593,-1.32699771285724,1.00132595260687,0.416832805268141,1.13020479823824,-1.80404250113016,-1.32065307588246,-0.710417922831989,1.08890190826888,0.622622050324097,-0.70142752325872,0.975899424450372,-1.55042229175359,-1.66008669193167,-0.421525846934393,-0.615248942595641,-0.236439894416433,-0.970908644153751,0.0332960835990834,-0.108556464525806,1.12187245045009,-0.8751846680475,0.0203279927608379,-1.14844069921151,-2.15248887470905,-1.66694917954257,1.96658838589016,1.51140953559406,0.0121968083155237,-0.912080854110751,0.352838095461766,0.567478906156901,1.15362696687156,0.972859258463052,1.04676269315617,-1.19629303402846,-0.200254744835229,1.04134393563841,0.810021178078007,-0.142871076964077,-0.0318712261179365,0.179347239700224
202,"Greensboro","online",2,21,"male","Trade School",4,4,2,4,3,1,3,1,0,0,3,4,3.5,2,1.75,3,5,5,2,2,5,4,1,2,5,2,2,4,1,1,3,5,4,1,2,4,4,1,5,4,4,5,1,2,2,1,4,5,1,5,4,5,5,1,3,5,5,4,1,4,3,2,5,3,3,2.5,4.33333333333333,3.66666666666667,4,4.33333333333333,4,4.75,2.33333333333333,3,1.75,2.66666666666667,1.33333333333333,3,4,2.33333333333333,3.4,4.1,3.5,1.9,3.1,5,3,7,4,7,7,7,7,4.75,7,3,3,2,1,3,1,1,3,3,2,2,2,3,3,4,2.16666666666667,2.8,2.2,2.4,0.935533283700688,1.00093104194629,-0.0236555794820937,1.27730099893174,0.442782129089096,-1.29620081609346,0.517771807725554,-1.13304691358103,-1.58332642446264,-1.43511781378374,0.46285855535918,1.29686247231814,1.06865129490767,-0.461258597141103,-0.467705252524009,0.401037443966637,0.92127681533485,1.61848344956154,-0.189820156644546,-1.07050148066327,1.53920039715466,0.410547735301525,-1.64924190525444,-0.830490745417426,1.36796199642638,-1.08255274398767,-1.9255914440901,0.0235388983535506,-0.874634651813854,-2.605747837528,0.327220614055136,0.902476562150498,0.537875735903012,-1.43561964121226,-1.32888731101299,0.72218703060534,0.455097738908036,-1.35801947874409,1.69709076455917,0.371352116350226,0.706267272093176,0.955431281923296,-1.35635157177268,-0.652795742272766,-1.68300081108498,-1.11980536724259,0.399036169181593,1.17902048630233,-1.32434378721034,1.25513030671659,1.54426198489904,1.12759998777969,1.50349078073036,-1.37691468045281,0.120739109331594,1.81389051413501,1.12212133555454,0.433911835946853,-1.19573319873581,0.021739946615087,0.892773435611063,-1.83211583914174,1.61843340867868,-0.00354207686015419,-0.660888442725094,0.109250841384365,1.64128792717078,0.736687294187248,0.281195438251856,0.890429205820728,0.0458956535339307,1.78819728645148,-0.903849754525995,-0.519912823849299,-1.04067344938952,-0.300119619793061,-1.09327000091019,-0.766959245132874,0.925710937683432,-1.8734117305138,0.84853855069413,0.46532035723399,0.198017312729102,-0.939157061635925,-0.774489347789386,0.470770852935848,-0.945387448615864,0.928858325786415,-0.236439894416433,1.6189841411199,1.22640574589957,1.05842552912661,1.12187245045009,0.0672095070620784,1.59371463244971,-0.424350522289298,-0.824554561760857,-0.972387021399831,-1.31105892392677,-0.377852383898515,-1.29896008560327,-1.60256459930023,-0.356135647755801,-0.209641888898728,-1.12885583568106,-0.565116775136626,-1.32847719105044,0.312228973690713,-0.200254744835229,-0.234376555314628,-1.45593025873872,-0.572483406296617,-1.24110304059259,-1.1554101019149
203,"Greensboro","online",2,27,"female","high school",3,3,3,3,0,1,0,1,1,1,1,0,3,0.5,0.75,2,5,4,1,5,4,4,4,1,4,4,4,5,1,5,4,4,4,1,3,4,4,4,5,4,4,2,5,2,5,4,5,4,1,5,4,4,4,1,5,4,4,4,1,5,2,5,4,2,5,3,4,4,4.75,4,3.33333333333333,4,4,4.66666666666667,1.25,2.33333333333333,1.33333333333333,4.5,4.33333333333333,5,3.6,4.1,4.2,1.6,4.6,3,6,7,6,5,6,7,5,5.5,5.75,2,3,3,4,4,1,3,4,2,4,2,3,1,3,2,3,2.8,2.4,2.73333333333333,-0.00878435008169721,0.0570706295846575,0.824002685292926,0.432317261176896,-2.15353126420606,-1.29620081609346,-2.13272673182193,-1.13304691358103,-0.85125076584013,-0.710821264573636,-1.08000329583809,-2.05239196069568,0.464019641209911,-2.1468778331525,-1.40529620163974,-0.39732413430028,0.92127681533485,0.685577439760651,-0.974653496617187,1.59541919511977,0.771385813887254,0.410547735301525,0.557731183727125,-1.64581271009663,0.497808655504274,0.71473559545132,-0.0394768177603896,1.03571152755623,-0.874634651813854,1.0086765822689,1.18517710212653,-0.0925616986821026,0.537875735903012,-1.43561964121226,-0.4630970932318,0.72218703060534,0.455097738908036,0.92302886445887,1.69709076455917,0.371352116350226,0.706267272093176,-1.75934042221999,1.58926042753163,-0.652795742272766,0.87722447936269,1.14437789881218,1.31172527954375,0.184944390008209,-1.32434378721034,1.25513030671659,1.54426198489904,0.0306135743288604,0.569240729120455,-1.37691468045281,1.85133300975111,1.04164009722605,0.09111241613477,0.433911835946853,-1.19573319873581,0.956557651063824,0.0041332103500513,1.33602012934733,0.520757752950237,-0.765088601793289,1.1965104485938,0.649226264318583,1.28805779269459,1.1033256466184,1.29444157050017,0.450332012139219,-0.851155756447443,0.721234058180247,0.964685795696014,1.49779939867054,-1.62410184995992,-0.658595832323662,-1.09327000091019,1.30720726686169,1.37498374039661,1.22790508997103,1.08890190826888,0.46532035723399,1.24736962138156,-1.29823015277711,1.55330948410322,-0.594657919497913,0.626197356428548,0.928858325786415,0.801000458635262,0.583027027010441,0.629850914749325,1.05842552912661,0.06396641164847,0.538406594616867,0.71961094373367,-1.14844069921151,-0.824554561760857,-0.277824863257094,0.655529461963387,0.251901589265677,-1.29896008560327,-0.221597108921274,0.352838095461766,-0.986762683954357,0.392799366020684,-0.565116775136626,-0.734667219998788,-1.19629303402846,-0.200254744835229,-1.51009704626767,-0.646661888447033,-0.572483406296617,-1.03956440484681,-0.784644173688478
204,"Greensboro","online",2,18,"female","high school",3,2,0,4,4,4,4,4,4,4,4,4,2.25,4,4,1,1,3,1,1,3,5,2,2,2,2,4,5,1,3,3,5,4,2,2,3,4,3,3,3,3,5,3,3,5,1,5,5,1,3,1,4,3,2,1,1,5,5,1,5,1,5,3,3,3,1.5,2.33333333333333,2,4,4.33333333333333,4.66666666666667,3.75,2.66666666666667,4.33333333333333,1.75,2.33333333333333,1.66666666666667,2.25,2,4.33333333333333,1.9,4.3,3.6,1.9,2.8,4,4,6,2,1,4,4,4,4,3.25,6,6,6,4,4,4,5,4,6,6,5,6,3,6,6,5.5,4.4,5.6,5.13333333333333,-0.00878435008169721,-0.886789782776974,-1.71897210903213,1.27730099893174,1.30821992685415,1.44494517203861,1.40127132090805,1.44024625282659,1.3449762100274,1.46206838305668,1.23428948095781,1.29686247231814,-0.442927839336733,1.78623371754076,1.64187438298638,-1.1956857125672,-2.0912633412734,-0.247328570040235,-0.974653496617187,-1.95914170592428,0.00357123061984847,1.33000360082056,-0.913584208927254,-0.830490745417426,-1.24249802633994,-1.08255274398767,-0.0394768177603896,1.03571152755623,-0.874634651813854,-0.798535627629547,0.327220614055136,0.902476562150498,0.537875735903012,-0.573445834338975,-1.32888731101299,-0.112599053158897,0.455097738908036,0.162679416724552,0.0790219646468792,-0.693190617187087,-0.110116940272592,0.955431281923296,0.116454427879473,0.105858769017205,0.87722447936269,-1.11980536724259,1.31172527954375,1.17902048630233,-1.32434378721034,-0.781496228710329,-1.0631960786085,0.0306135743288604,-0.365009322489452,-0.658379106915543,-1.60985479108792,-1.27511115350085,1.12212133555454,1.25225433356592,-1.19573319873581,0.956557651063824,-0.884507014910961,1.33602012934733,-0.576917902778203,-0.00354207686015419,-0.660888442725094,-0.970700004484071,-0.478092879686383,-1.09650446796852,0.281195438251856,0.890429205820728,0.942947063515305,0.365579648756502,-0.530142644481593,1.09425695416658,-1.04067344938952,-0.658595832323662,-0.775630743888986,-1.80404250113016,-1.76992587859564,0.45257588484982,-0.954186631116522,0.779923743414204,0.347924785393739,-0.939157061635925,-1.24004911416791,-0.0619435332810327,-0.421525846934393,0.414155902992397,-1.27388024746813,-1.48888720120848,-0.563258747551158,-0.692047461352012,-0.464986607752341,-0.403987580492711,-1.02859643369841,1.74792000847735,1.16734690766144,1.80586161117111,0.655529461963387,0.251901589265677,0.667775255274923,1.15937038145768,0.352838095461766,2.12172049626816,1.91445456772243,1.74184727526289,1.04676269315617,0.312228973690713,2.0267161244531,1.04134393563841,1.78114322242803,1.14596591103354,2.18505376708559,1.88487050954177
205,"Greensboro","online",2,21,"female","other",0,0,0,0,4,0,4,0,0,0,0,0,0,2,0,1,5,1,5,1,5,1,5,1,5,1,5,1,5,1,5,1,5,1,5,1,5,1,5,1,5,1,5,5,5,1,5,1,5,1,5,1,5,5,1,1,1,1,5,1,5,1,1,5,1,3,3.66666666666667,2.33333333333333,3,2.33333333333333,2.33333333333333,2,3.66666666666667,2.33333333333333,4,3.66666666666667,5,2,2.33333333333333,2.33333333333333,3,2.6,2.6,4.2,2.2,4,4,4,4,4,4,4,4,4,4,1,1,1,1,1,1,1,1,1,1,1,1,1,1,1,1,1,1,1,-2.84173725142885,-2.77451060750024,-1.71897210903213,-2.10263395208763,1.30821992685415,-2.20991614547082,1.40127132090805,-1.99081130238357,-1.58332642446264,-1.43511781378374,-1.85143422143672,-2.05239196069568,-3.16377028097667,-0.461258597141103,-2.10848941347654,-1.1956857125672,0.92127681533485,-2.11314058964201,2.16467986327338,-1.95914170592428,1.53920039715466,-2.34781986125559,1.29338888005431,-1.64581271009663,1.36796199642638,-1.98119691370717,0.903580495404464,-3.01297898925448,2.70720249370955,-2.605747837528,2.04313359019792,-3.0776764811799,1.38819399486733,-1.43561964121226,1.26848334233058,-1.78217122068737,1.28430124624048,-1.35801947874409,1.69709076455917,-2.82227608426171,1.52265148445894,-2.66426432360109,1.58926042753163,1.62316779159715,0.87722447936269,-1.11980536724259,1.31172527954375,-2.79728389887417,1.87491367627531,-2.81812276413725,2.41341467273488,-3.26034566602362,1.50349078073036,1.49722761369626,-1.60985479108792,-1.27511115350085,-3.00191434212453,-2.02111565691034,1.78493506477955,-2.78271316673113,2.67005388613309,-2.88816116197143,-2.77226921423508,1.51955097300612,-2.51828733404398,0.649226264318583,0.934827658218393,-0.729866115537366,-1.06979940474589,-1.75015395626833,-2.1967328714195,-2.12400121720972,0.590978685651612,-1.32699771285724,1.58475435317727,0.775309017798742,2.40076182632305,-2.14973691979592,-1.32065307588246,-1.8734117305138,0.367811835544623,-1.89420503911761,-1.15114994125263,1.81373663711313,-2.17116864692495,-0.0619435332810327,-0.421525846934393,-0.615248942595641,-0.236439894416433,0.0650484699557104,-0.563258747551158,-0.692047461352012,-0.464986607752341,-0.403987580492711,-0.504134220468786,-1.87253087613373,-2.15248887470905,-1.66694917954257,-1.31105892392677,-1.6373603302269,-1.29896008560327,-1.60256459930023,-1.77408313419093,-1.76388347900999,-1.88968343653194,-1.33410479193646,-1.92228716210209,-1.19629303402846,-1.68490199102745,-2.14795729174418,-2.58890597714709,-2.50573888829305,-2.45033485506723,-2.71262700046588
206,"Greensboro","online",2,21,"female","other",3,3,3,3,2,3,3,3,3,3,3,4,3,2.75,3.25,2,4,3,2,2,2,3,4,2,2,2,3,4,2,3,2,4,3,3,3,1,3,4,3,4,4,4,4,2,3,2,2,5,2,3,2,2,4,3,2,4,4,4,2,4,2,3,3,2,4,2,1.66666666666667,3.33333333333333,3.25,2.66666666666667,3.66666666666667,3.5,4,4,2.25,2.66666666666667,2,3,2.66666666666667,3.33333333333333,2.3,3.2,3.8,2.3,3,6,6,6,6,1,5,6,1,6,3.25,4,3,3,4,4,1,5,4,3,4,3,6,4,5,5,4.66666666666667,3.6,3.6,3.86666666666667,-0.00878435008169721,0.0570706295846575,0.824002685292926,0.432317261176896,-0.422655668675956,0.531229842661255,0.517771807725554,0.582481864024051,0.612900551404893,0.737771833846572,0.46285855535918,1.29686247231814,0.464019641209911,0.381551020864595,0.938681171149586,-0.39732413430028,0.168141776182787,-0.247328570040235,-0.189820156644546,-1.07050148066327,-0.764243352647557,-0.508908130217515,0.557731183727125,-0.830490745417426,-1.24249802633994,-1.08255274398767,-0.982534130925243,0.0235388983535506,0.0208246345669966,-0.798535627629547,-0.530735874016257,-0.0925616986821026,-0.312442523061309,0.288727972534309,-0.4630970932318,-1.78217122068737,-0.374105768424403,0.92302886445887,0.0790219646468792,0.371352116350226,0.706267272093176,0.0505073805422005,0.85285742770555,-0.652795742272766,-0.829592380935756,-0.365077611891001,-1.42634205154272,1.17902048630233,-0.524529421338927,-0.781496228710329,-0.194043390772654,-2.16335925257279,0.569240729120455,0.0601564666217247,-0.744557840878165,1.04164009722605,0.09111241613477,0.433911835946853,-0.450566132856974,0.021739946615087,0.0041332103500513,-0.776070516312052,-0.576917902778203,-0.765088601793289,0.267811002934351,-0.430724581549853,-1.18455314863877,0.370048941756094,-0.732050693996453,-1.31005676258682,-0.402630051456756,0.00992523933275621,0.964685795696014,0.690714509662607,-0.457245048819126,-0.300119619793061,-0.457991486867782,-0.766959245132874,-0.87138027316928,-0.710417922831989,-0.473459915967015,-0.950394880576971,0.647739730723013,-0.460392940114351,-0.929675936582226,1.00348523915273,0.626197356428548,0.414155902992397,0.801000458635262,-1.48888720120848,0.0332960835990834,0.4749345323004,-2.05184566595477,0.85253798632006,-1.02859643369841,0.299739654632917,-0.824554561760857,-0.277824863257094,0.655529461963387,0.251901589265677,-1.29896008560327,1.15937038145768,0.352838095461766,-0.209641888898728,0.392799366020684,0.203871241663213,1.04676269315617,1.0664899775503,1.28439250135699,0.403483690161891,0.971874852136346,0.286741252368463,0.169667409627838,0.475959982281363
207,"Greensboro","online",2,NA,"female","high school",3,3,3,2,1,3,2,1,0,0,0,4,2.75,1.75,1,3,2,5,3,3,5,4,1,1,4,4,3,5,4,2,4,2,2,5,2,4,1,1,4,5,5,4,1,1,4,1,2,4,1,5,2,2,4,1,1,3,2,5,1,1,2,2,5,5,5,2.5,3.66666666666667,4,2,2.33333333333333,3,4,2,3.66666666666667,3.5,2,2,3.75,3.33333333333333,2.33333333333333,3.3,2.4,3.3,2.6,3.2,1,1,1,1,7,5,7,6,1,6.25,3,6,2,3,2,2,4,3,3,4,2,5,3,4,3,3.66666666666667,3.2,3.2,3.26666666666667,-0.00878435008169721,0.0570706295846575,0.824002685292926,-0.412666476577946,-1.28809346644101,0.531229842661255,-0.365727705456939,-1.13304691358103,-1.58332642446264,-1.43511781378374,-1.85143422143672,1.29686247231814,0.161703814361029,-0.742195136476336,-1.17089846436081,0.401037443966637,-1.33812830212134,1.61848344956154,0.595013183328095,-0.181861255402253,1.53920039715466,0.410547735301525,-1.64924190525444,-1.64581271009663,0.497808655504274,0.71473559545132,-0.982534130925243,1.03571152755623,1.8117432073287,-1.70214173257877,1.18517710212653,-2.0826382203473,-1.16276078202563,2.01307558628088,-1.32888731101299,0.72218703060534,-2.03251278308928,-1.35801947874409,0.888056364603025,1.43589484988754,1.52265148445894,0.0505073805422005,-1.35635157177268,-1.41145025356274,0.0238160492134668,-1.11980536724259,-1.42634205154272,0.184944390008209,-1.32434378721034,1.25513030671659,-0.194043390772654,-2.16335925257279,0.569240729120455,-1.37691468045281,-1.60985479108792,0.269389680317081,-1.97090542270476,1.25225433356592,-1.19573319873581,-2.78271316673113,0.0041332103500513,-1.83211583914174,1.61843340867868,1.51955097300612,1.1965104485938,0.109250841384365,0.934827658218393,1.1033256466184,-2.42079424774363,-1.75015395626833,-1.29968146143813,0.721234058180247,-1.2775568645704,0.287172065158638,1.00132595260687,-1.01707204485426,-0.457991486867782,0.270124010864408,0.027165332257076,-1.8734117305138,0.728356871906753,-2.20880842529783,-0.101797632600172,-0.10131984897317,-0.619302758996545,-1.66008669193167,-1.9931106519788,-2.1593562109777,-1.79260042399398,1.6189841411199,0.0332960835990834,1.05842552912661,0.592919431049281,-2.28877593071187,1.06925241922009,-0.424350522289298,1.16734690766144,-0.972387021399831,0,-1.00760635706271,-0.643381638643875,0.468886636268203,-0.356135647755801,-0.209641888898728,0.392799366020684,-0.565116775136626,0.452952722104516,0.312228973690713,0.542068878260879,-0.872236800791147,0.000752807786317938,-0.142871076964077,-0.233409861863711,-0.1914186885262
208,"Greensboro","online",2,35,"male","Trade School",3,3,2,1,3,2,1,3,3,2,2,3,2.25,2.25,2.5,3,3,4,4,2,3,4,2,4,3,3,4,4,4,4,4,3,4,3,3,3,2,3,3,4,3,2,4,4,2,3,3,4,3,3,2,3,4,4,2,3,2,3,4,2,3,3,4,4,4,3.25,2.66666666666667,3,3,3,2.66666666666667,4,3,3.66666666666667,3.5,3.66666666666667,4,3,3,2.66666666666667,3,2.9,3.6,3.7,2.9,3,3,3,3,5,3,5,3,3,4,3,3,3,5,3,4,4,5,3,4,3,3,4,4,4,3.83333333333333,3.6,3.4,3.66666666666667,-0.00878435008169721,0.0570706295846575,-0.0236555794820937,-1.25765021433279,0.442782129089096,-0.382485486716104,-1.24922721863943,0.582481864024051,0.612900551404893,0.0134752846364677,-0.308572370239454,0.459548864064687,-0.442927839336733,-0.18032205780587,0.235487959312789,0.401037443966637,-0.584993262969277,0.685577439760651,1.37984652330074,-1.07050148066327,0.00357123061984847,0.410547735301525,-0.913584208927254,0.80015318394099,-0.372344685417831,-0.183908574268176,-0.0394768177603896,0.0235388983535506,1.8117432073287,0.105070477319677,1.18517710212653,-1.0875999595147,0.537875735903012,0.288727972534309,-0.4630970932318,-0.112599053158897,-1.20330927575684,0.162679416724552,0.0790219646468792,0.371352116350226,-0.110116940272592,-1.75934042221999,0.85285742770555,0.864513280307176,-1.68300081108498,0.389650143460587,-0.513652941180561,0.184944390008209,0.275284944532487,-0.781496228710329,-0.194043390772654,-1.06637283912197,0.569240729120455,0.778692040158992,-0.744557840878165,0.269389680317081,-1.97090542270476,-0.384430661672212,1.03976799890071,-1.84789546228239,0.892773435611063,-0.776070516312052,0.520757752950237,0.758004448072981,0.267811002934351,0.919213975785692,-0.12486274521019,0.00341058932494087,-1.06979940474589,-0.869959568905309,-1.74820716642882,0.721234058180247,-0.156435534437191,0.287172065158638,1.00132595260687,0.775309017798742,1.44784405525944,-0.766959245132874,-0.422107470456102,-1.4857471279532,0.367811835544623,-1.42229995984729,0.347924785393739,1.21528148521116,-1.08486252537507,-0.594657919497913,-0.945387448615864,-1.12995136538966,-0.75516007094228,0.583027027010441,-1.1598135787014,-0.108556464525806,-0.993939627153151,-1.0322503638991,-0.504134220468786,-0.424350522289298,-0.824554561760857,-0.277824863257094,1.31105892392677,-0.377852383898515,0.667775255274923,0.468886636268203,1.06181183867933,-0.209641888898728,0.392799366020684,0.203871241663213,-0.734667219998788,1.0664899775503,0.542068878260879,-0.234376555314628,0.162606481844656,0.286741252368463,-0.0318712261179365,0.253500425345508
209,"Greensboro","online",2,35,"male","Trade School",3,4,3,2,4,3,3,3,0,0,0,0,3,3.25,0,2,5,5,5,4,1,5,5,4,4,4,5,5,4,5,3,4,5,4,4,4,1,5,4,5,4,2,5,5,5,3,5,5,5,4,3,5,5,5,2,5,4,5,4,1,3,5,5,4,5,2.75,2.66666666666667,4.33333333333333,4.75,3.66666666666667,3.66666666666667,5,5,5,4.5,4.33333333333333,4.33333333333333,4.25,3.66666666666667,3.66666666666667,3.2,4.1,5,4.4,3.9,1,1,4,7,5,5,5,7,3.25,5.5,5,6,6,5,3,1,5,5,5,6,3,4,1,5,6,5.16666666666667,3.6,4.2,4.4,-0.00878435008169721,1.00093104194629,0.824002685292926,-0.412666476577946,1.30821992685415,0.531229842661255,0.517771807725554,0.582481864024051,-1.58332642446264,-1.43511781378374,-1.85143422143672,-2.05239196069568,0.464019641209911,0.943424099535061,-2.10848941347654,-0.39732413430028,0.92127681533485,1.61848344956154,2.16467986327338,0.706778969858759,-1.53205793591496,1.33000360082056,1.29338888005431,0.80015318394099,0.497808655504274,0.71473559545132,0.903580495404464,1.03571152755623,1.8117432073287,1.0086765822689,0.327220614055136,-0.0925616986821026,1.38819399486733,1.15090177940759,0.402693124549392,0.72218703060534,-2.03251278308928,1.68337831219319,0.888056364603025,1.43589484988754,0.706267272093176,-1.75934042221999,1.58926042753163,1.62316779159715,0.87722447936269,0.389650143460587,1.31172527954375,1.17902048630233,1.87491367627531,0.23681703900313,0.675109297063191,1.12759998777969,1.50349078073036,1.49722761369626,-0.744557840878165,1.81389051413501,0.09111241613477,1.25225433356592,1.03976799890071,-2.78271316673113,0.892773435611063,1.33602012934733,1.61843340867868,0.758004448072981,1.1965104485938,0.379238552851474,-0.12486274521019,1.46996399904955,1.29444157050017,0.0102348184577095,-0.402630051456756,2.14385169587523,2.08580712582922,1.90134184317451,2.16818275374767,1.49226144285994,1.76548331228064,0.96151284819593,0.476438134970254,-0.322753320271386,0.608175193119377,0.46532035723399,2.44662940269866,2.05311869787391,0.467003362553339,-1.66008669193167,-1.9931106519788,-0.615248942595641,1.31972063516111,0.583027027010441,0.0332960835990834,-0.108556464525806,1.12187245045009,-0.8751846680475,0.544790205990462,1.02382983155513,1.16734690766144,1.80586161117111,1.31105892392677,-0.377852383898515,-1.29896008560327,1.15937038145768,1.06181183867933,1.34459970121253,1.91445456772243,0.203871241663213,-0.140857248947136,-1.19629303402846,1.28439250135699,1.04134393563841,1.45743587431136,0.286741252368463,0.774283316865163,1.06918546744364
210,"Greensboro","online",2,35,"female","high school",2,3,1,2,3,3,3,3,2,1,2,2,2,3,1.75,2,5,4,4,4,3,4,3,4,4,3,5,5,3,5,1,5,4,4,3,3,5,3,4,4,4,5,3,5,4,1,5,5,3,4,2,4,5,5,3,3,5,4,4,5,1,3,5,5,3,1.25,2.66666666666667,3.33333333333333,4.5,4.33333333333333,5,4.5,3.66666666666667,4,4,4.33333333333333,4,3.5,3.66666666666667,4.66666666666667,2.3,4.6,4.1,4.1,3.9,3,5,5,4,3,3,5,3,4.25,3.5,5,5,5,4,4,4,4,4,5,4,2,3,3,4,5,4.16666666666667,3.6,4.2,4.06666666666667,-0.953101983864082,0.0570706295846575,-0.871313844257114,-0.412666476577946,0.442782129089096,0.531229842661255,0.517771807725554,0.582481864024051,-0.119175107217619,-0.710821264573636,-0.308572370239454,-0.377764744188768,-0.745243666185615,0.662487560199828,-0.467705252524009,-0.39732413430028,0.92127681533485,0.685577439760651,1.37984652330074,0.706778969858759,0.00357123061984847,0.410547735301525,-0.177926512600065,0.80015318394099,0.497808655504274,-0.183908574268176,0.903580495404464,1.03571152755623,0.916283920947847,1.0086765822689,-1.38869236208765,0.902476562150498,0.537875735903012,1.15090177940759,-0.4630970932318,-0.112599053158897,1.28430124624048,0.162679416724552,0.888056364603025,0.371352116350226,0.706267272093176,0.955431281923296,0.116454427879473,1.62316779159715,0.0238160492134668,-1.11980536724259,1.31172527954375,1.17902048630233,0.275284944532487,0.23681703900313,-0.194043390772654,0.0306135743288604,1.50349078073036,1.49722761369626,0.120739109331594,0.269389680317081,1.12212133555454,0.433911835946853,1.03976799890071,0.956557651063824,-0.884507014910961,-0.776070516312052,1.61843340867868,1.51955097300612,-0.660888442725094,-1.24068771595118,-0.12486274521019,0.370048941756094,0.956692859750729,0.890429205820728,1.39147276850599,1.43254287702774,0.590978685651612,0.690714509662607,1.58475435317727,1.49226144285994,1.44784405525944,-0.0755704078013522,0.476438134970254,0.840240487410424,-0.473459915967015,1.25182882268452,1.09746214871692,1.69404560673273,0.467003362553339,-0.594657919497913,0.102335754747078,-0.100546519801622,-0.236439894416433,-0.452930087099021,-1.1598135787014,-0.108556464525806,-0.993939627153151,-0.246921884641114,-0.853775695955203,1.02382983155513,0.50337975118734,1.11129945302838,0.655529461963387,0.251901589265677,0.667775255274923,0.468886636268203,0.352838095461766,1.34459970121253,0.392799366020684,-0.565116775136626,-0.734667219998788,0.312228973690713,0.542068878260879,0.403483690161891,0.486313829961332,0.286741252368463,0.774283316865163,0.698419539217217
211,"Greensboro","online",2,29,"female","Trade School",3,3,1,3,3,3,3,1,1,1,1,3,2.5,2.5,1.5,4,4,4,2,4,1,4,4,2,2,4,4,5,4,5,1,5,2,1,2,4,2,4,2,5,2,5,4,2,5,2,2,5,4,1,1,5,5,2,2,1,4,4,1,5,4,4,5,1,5,2.75,2,2.33333333333333,3.75,3.66666666666667,4.33333333333333,4,4.33333333333333,4.33333333333333,2,2,2.33333333333333,3,3,5,2.4,3.9,4.2,2.1,3.6,3,3,1,6,6,3,3,5,3.25,4.25,1,5,2,2,2,2,4,5,5,4,4,6,3,5,6,3.83333333333333,3.8,4,3.73333333333333,-0.00878435008169721,0.0570706295846575,-0.871313844257114,0.432317261176896,0.442782129089096,0.531229842661255,0.517771807725554,-1.13304691358103,-0.85125076584013,-0.710821264573636,-1.08000329583809,0.459548864064687,-0.140612012487852,0.100614481529362,-0.702102989802941,1.19939902223355,0.168141776182787,0.685577439760651,-0.189820156644546,0.706778969858759,-1.53205793591496,0.410547735301525,0.557731183727125,-0.830490745417426,-1.24249802633994,0.71473559545132,-0.0394768177603896,1.03571152755623,1.8117432073287,1.0086765822689,-1.38869236208765,0.902476562150498,-1.16276078202563,-1.43561964121226,-1.32888731101299,0.72218703060534,-1.20330927575684,0.92302886445887,-0.730012435309267,1.43589484988754,-0.92650115263836,0.955431281923296,0.85285742770555,-0.652795742272766,0.87722447936269,-0.365077611891001,-1.42634205154272,1.17902048630233,1.0750993104039,-2.81812276413725,-1.0631960786085,1.12759998777969,1.50349078073036,-0.658379106915543,-0.744557840878165,-1.27511115350085,0.09111241613477,0.433911835946853,-1.19573319873581,0.956557651063824,1.78141366087208,0.279974806517639,1.61843340867868,-1.52663512672642,1.1965104485938,0.379238552851474,-0.831323014162578,-0.729866115537366,-0.05655327249758,0.0102348184577095,0.494421358524617,0.721234058180247,1.33839290574042,1.09425695416658,-0.748959249104326,-1.01707204485426,-0.140352229846578,-0.766959245132874,-0.422107470456102,1.22790508997103,-0.353278237179638,0.150716971053777,1.24736962138156,-0.699775000875138,0.00144359617481743,-0.594657919497913,-0.945387448615864,-2.1593562109777,0.801000458635262,1.10100558406517,-1.1598135787014,-1.27553845817822,0.06396641164847,-0.8751846680475,-0.329313482725578,-1.87253087613373,0.50337975118734,-0.972387021399831,-0.655529461963387,-1.00760635706271,-0.643381638643875,0.468886636268203,1.06181183867933,1.34459970121253,0.392799366020684,0.972859258463052,1.04676269315617,0.312228973690713,1.28439250135699,1.04134393563841,0.162606481844656,0.501547417034732,0.572744681119388,0.327653610990793
212,"Greensboro","online",2,NA,NA,"prefer not to answer",0,0,0,0,4,0,4,0,0,0,0,0,0,2,0,1,5,1,5,1,5,1,5,1,5,1,5,1,5,1,5,1,5,1,5,3,5,3,4,4,1,3,4,2,3,1,4,3,2,4,3,2,5,4,3,1,2,3,2,5,2,3,2,5,3,2.25,3.66666666666667,1,3.25,2.66666666666667,3.33333333333333,2.75,4.33333333333333,2.66666666666667,3.25,3,3,3.25,4,3,2.3,3.1,3.2,3.1,3.4,3,2,5,4,4,2,5,2,3.5,3.25,1,1,1,1,1,1,1,1,1,1,1,1,1,1,1,1,1,1,1,-2.84173725142885,-2.77451060750024,-1.71897210903213,-2.10263395208763,1.30821992685415,-2.20991614547082,1.40127132090805,-1.99081130238357,-1.58332642446264,-1.43511781378374,-1.85143422143672,-2.05239196069568,-3.16377028097667,-0.461258597141103,-2.10848941347654,-1.1956857125672,0.92127681533485,-2.11314058964201,2.16467986327338,-1.95914170592428,1.53920039715466,-2.34781986125559,1.29338888005431,-1.64581271009663,1.36796199642638,-1.98119691370717,0.903580495404464,-3.01297898925448,2.70720249370955,-2.605747837528,2.04313359019792,-3.0776764811799,1.38819399486733,-1.43561964121226,1.26848334233058,-0.112599053158897,1.28430124624048,0.162679416724552,0.888056364603025,0.371352116350226,-1.74288536500413,-0.854416520838895,0.85285742770555,-0.652795742272766,-0.829592380935756,-1.11980536724259,0.399036169181593,-0.809131706285916,-0.524529421338927,0.23681703900313,0.675109297063191,-2.16335925257279,1.50349078073036,0.778692040158992,0.120739109331594,-1.27511115350085,-1.97090542270476,-0.384430661672212,-0.450566132856974,0.956557651063824,0.0041332103500513,-0.776070516312052,-1.67459355850664,1.51955097300612,-0.660888442725094,-0.160736870082744,0.934827658218393,-2.19641952526198,-0.732050693996453,-1.31005676258682,-0.851155756447443,-1.05703798893848,1.33839290574042,-0.923455268353268,0.709611752321671,0.0583565927375398,0.494926284195829,-0.421264826467113,0.925710937683432,-1.09808252539259,-0.473459915967015,-1.10769657366708,-0.251705105264809,0.497135302928798,-0.308929581410864,-0.594657919497913,-1.46924905029733,-0.100546519801622,-0.236439894416433,0.0650484699557104,-1.75636840985164,-0.108556464525806,-1.52289264655396,-0.718118972195903,-1.02859643369841,-1.87253087613373,-2.15248887470905,-1.66694917954257,-1.31105892392677,-1.6373603302269,-1.29896008560327,-1.60256459930023,-1.77408313419093,-1.76388347900999,-1.88968343653194,-1.33410479193646,-1.92228716210209,-1.19629303402846,-1.68490199102745,-2.14795729174418,-2.58890597714709,-2.50573888829305,-2.45033485506723,-2.71262700046588
213,"Greensboro","online",2,23,"female","prefer not to answer",3,3,4,3,3,3,3,3,4,3,4,4,3.25,3,3.75,4,5,5,1,2,4,5,4,2,4,2,5,5,1,5,2,5,4,2,3,5,4,2,2,5,4,5,4,2,5,5,5,5,2,5,3,4,2,2,2,4,5,4,2,5,3,5,5,2,5,3.5,4,3.33333333333333,5,4.33333333333333,5,4.75,2.66666666666667,4.33333333333333,1.75,2,1.66666666666667,3.75,3.66666666666667,5,3.6,4.8,4,1.8,4.1,2,5,6,7,4,6,6,5,5,5.25,3,4,3,4,6,2,2,4,1,3,2,1,1,3,1,2.33333333333333,3.4,2,2.66666666666667,-0.00878435008169721,0.0570706295846575,1.67166095006795,0.432317261176896,0.442782129089096,0.531229842661255,0.517771807725554,0.582481864024051,1.3449762100274,0.737771833846572,1.23428948095781,1.29686247231814,0.766335468058792,0.662487560199828,1.40747664570745,1.19939902223355,0.92127681533485,1.61848344956154,-0.974653496617187,-1.07050148066327,0.771385813887254,1.33000360082056,0.557731183727125,-0.830490745417426,0.497808655504274,-1.08255274398767,0.903580495404464,1.03571152755623,-0.874634651813854,1.0086765822689,-0.530735874016257,0.902476562150498,0.537875735903012,-0.573445834338975,-0.4630970932318,1.55697311436958,0.455097738908036,-0.597670031009767,-0.730012435309267,1.43589484988754,0.706267272093176,0.955431281923296,0.85285742770555,-0.652795742272766,0.87722447936269,1.89910565416376,1.31172527954375,1.17902048630233,-0.524529421338927,1.25513030671659,0.675109297063191,0.0306135743288604,-1.29925937409936,-0.658379106915543,-0.744557840878165,1.04164009722605,1.12212133555454,0.433911835946853,-0.450566132856974,0.956557651063824,0.892773435611063,1.33602012934733,1.61843340867868,-0.765088601793289,1.1965104485938,1.1892016872528,1.28805779269459,0.370048941756094,1.6321902812496,0.890429205820728,1.39147276850599,1.78819728645148,-0.530142644481593,1.09425695416658,-1.04067344938952,-1.01707204485426,-0.775630743888986,0.270124010864408,0.476438134970254,1.22790508997103,1.08890190826888,1.56643220886474,0.947554676052287,-1.05884809201632,0.77737654013902,-1.12737230571479,0.102335754747078,0.414155902992397,1.31972063516111,0.0650484699557104,0.629850914749325,0.4749345323004,0.06396641164847,0.224275202913675,0.369969468247254,-0.424350522289298,-0.160587405286759,-0.277824863257094,0.655529461963387,1.51140953559406,-0.643381638643875,-0.912080854110751,0.352838095461766,-1.76388347900999,-0.36802823483019,-0.565116775136626,-1.92228716210209,-1.19629303402846,-0.200254744835229,-2.14795729174418,-1.29407658468038,0.0719350877021927,-1.44264167633836,-0.858797359333764
214,"Greensboro","online",2,34,"male","prefer not to answer",0,3,2,1,2,2,2,2,3,3,3,3,1.5,2,3,1,2,4,2,4,2,4,3,2,4,4,3,4,2,5,3,4,4,3,5,3,4,4,3,5,3,4,2,3,5,3,4,4,3,4,1,4,4,4,3,4,4,5,4,5,3,4,5,3,5,2.5,2,3.66666666666667,3.5,4,3.66666666666667,4.25,3.66666666666667,3.66666666666667,2.75,3,3,4.5,4,5,2.7,3.7,3.9,2.9,4.5,4,6,6,5,3,5,5,5,5.25,4.5,3,5,5,3,5,5,6,5,2,2,3,6,3,4,6,4.33333333333333,4.2,4.4,4.2,-2.84173725142885,0.0570706295846575,-0.0236555794820937,-1.25765021433279,-0.422655668675956,-0.382485486716104,-0.365727705456939,-0.27528252477849,0.612900551404893,0.737771833846572,0.46285855535918,0.459548864064687,-1.34987531988338,-0.461258597141103,0.704283433870654,-1.1956857125672,-1.33812830212134,0.685577439760651,-0.189820156644546,0.706778969858759,-0.764243352647557,0.410547735301525,-0.177926512600065,-0.830490745417426,0.497808655504274,0.71473559545132,-0.982534130925243,0.0235388983535506,0.0208246345669966,1.0086765822689,0.327220614055136,-0.0925616986821026,0.537875735903012,0.288727972534309,1.26848334233058,-0.112599053158897,0.455097738908036,0.92302886445887,0.0790219646468792,1.43589484988754,-0.110116940272592,0.0505073805422005,-0.619948571946605,0.105858769017205,0.87722447936269,0.389650143460587,0.399036169181593,0.184944390008209,0.275284944532487,0.23681703900313,-1.0631960786085,0.0306135743288604,0.569240729120455,0.778692040158992,0.120739109331594,1.04164009722605,0.09111241613477,1.25225433356592,1.03976799890071,0.956557651063824,0.892773435611063,0.279974806517639,1.61843340867868,-0.00354207686015419,1.1965104485938,0.109250841384365,-0.831323014162578,0.736687294187248,-0.394301983247016,0.450332012139219,-0.402630051456756,1.07688846760399,0.590978685651612,0.287172065158638,0.126183351751272,0.0583565927375398,0.494926284195829,1.30720726686169,0.925710937683432,1.22790508997103,0.00726679918249275,-0.163886415126437,0.79764720338765,0.25775324216801,1.39812289531038,-0.0619435332810327,0.626197356428548,0.414155902992397,0.282280282109415,-0.452930087099021,0.0332960835990834,-0.108556464525806,0.06396641164847,0.381340898765271,-0.15449274498237,-0.424350522289298,0.50337975118734,1.11129945302838,0,0.881655562429869,1.32335370223432,1.84985412664716,1.06181183867933,-0.986762683954357,-1.12885583568106,0.203871241663213,1.04676269315617,0.312228973690713,0.542068878260879,1.04134393563841,0.648167504019669,0.931159746367273,0.975821952610938,0.846725910507787
215,"Greensboro","online",2,NA,"female","high school",1,1,2,1,2,2,2,1,3,1,3,2,1.25,1.75,2.25,5,5,4,1,3,2,3,3,3,3,3,5,5,1,3,3,4,3,3,3,3,4,5,1,4,1,3,3,2,3,3,3,5,1,3,1,5,3,1,3,2,3,5,1,3,1,5,3,3,3,3,2,2,4.25,4,3.66666666666667,3.75,3.66666666666667,4.33333333333333,2,1.66666666666667,1.33333333333333,3,3.33333333333333,3,2.4,4,3.9,1.7,3.1,6,4,7,4,7,7,7,7,5.25,7,4,3,1,2,2,1,3,2,2,3,1,6,3,2,2,3.33333333333333,2.2,2.4,2.46666666666667,-1.89741961764647,-1.8306501951386,-0.0236555794820937,-1.25765021433279,-0.422655668675956,-0.382485486716104,-0.365727705456939,-1.13304691358103,0.612900551404893,-0.710821264573636,0.46285855535918,-0.377764744188768,-1.65219114673226,-0.742195136476336,0.00109022203385625,1.99776060050047,0.92127681533485,0.685577439760651,-0.974653496617187,-0.181861255402253,-0.764243352647557,-0.508908130217515,-0.177926512600065,-0.0151687807382178,-0.372344685417831,-0.183908574268176,0.903580495404464,1.03571152755623,-0.874634651813854,-0.798535627629547,0.327220614055136,-0.0925616986821026,-0.312442523061309,0.288727972534309,-0.4630970932318,-0.112599053158897,0.455097738908036,1.68337831219319,-1.53904683526541,0.371352116350226,-1.74288536500413,-0.854416520838895,0.116454427879473,-0.652795742272766,-0.829592380935756,0.389650143460587,-0.513652941180561,1.17902048630233,-1.32434378721034,-0.781496228710329,-1.0631960786085,1.12759998777969,-0.365009322489452,-1.37691468045281,0.120739109331594,-0.502860736591885,-0.939896503284995,1.25225433356592,-1.19573319873581,-0.91307775783365,-0.884507014910961,1.33602012934733,-0.576917902778203,-0.00354207686015419,-0.660888442725094,0.649226264318583,-0.831323014162578,-1.09650446796852,0.618944149001293,0.450332012139219,-0.402630051456756,0.365579648756502,0.590978685651612,1.09425695416658,-0.748959249104326,-1.37554825738486,-1.09327000091019,-0.766959245132874,0.027165332257076,-1.09808252539259,-0.353278237179638,0.308018664143884,0.79764720338765,-1.17853912239671,-0.774489347789386,1.00348523915273,-0.421525846934393,0.928858325786415,-0.236439894416433,1.6189841411199,1.22640574589957,1.05842552912661,1.12187245045009,0.381340898765271,1.59371463244971,0.299739654632917,-0.824554561760857,-1.66694917954257,-0.655529461963387,-1.00760635706271,-1.29896008560327,-0.221597108921274,-1.06510939097337,-0.986762683954357,-0.36802823483019,-1.33410479193646,1.04676269315617,0.312228973690713,-0.942578367931338,-1.51009704626767,-0.322954540330357,-1.21690190029543,-1.03956440484681,-1.08125691626962
