"subject","location","type","id","BMW3_UN_01","BMW3_UN_02","BMW3_UN_03","BMW3_UN_04","BMW3_ME_01","BMW3_ME_02","BMW3_ME_03","BMW3_ME_04","BMW3_IN_01","BMW3_IN_02","BMW3_IN_03","BMW3_IN_04","BMW3_UN","BMW3_ME","BMW3_IN","ACS_sum","ACS_Item1_R","ACS_Item2_R","ACS_Item3_R","ACS_Item4","ACS_Item5","ACS_Item6_R","ACS_Item7_R","ACS_Item8_R","ACS_Item9","ACS_Item10","ACS_Item11_R","ACS_Item12_R","ACS_Item13","ACS_Item14","ACS_Item15_R","ACS_Item16_R","ACS_Item17","ACS_Item18","ACS_Item19","ACS_Item20_R","ACS_FOC","ACS_SHIF","BMW3_UN_01_z","BMW3_UN_02_z","BMW3_UN_03_z","BMW3_UN_04_z","BMW3_ME_01_z","BMW3_ME_02_z","BMW3_ME_03_z","BMW3_ME_04_z","BMW3_IN_01_z","BMW3_IN_02_z","BMW3_IN_03_z","BMW3_IN_04_z","BMW3_UN_z","BMW3_ME_z","BMW3_IN_z","ACS_sum_z","ACS_Item1_R_z","ACS_Item2_R_z","ACS_Item3_R_z","ACS_Item4_z","ACS_Item5_z","ACS_Item6_R_z","ACS_Item7_R_z","ACS_Item8_R_z","ACS_Item9_z","ACS_Item10_z","ACS_Item11_R_z","ACS_Item12_R_z","ACS_Item13_z","ACS_Item14_z","ACS_Item15_R_z","ACS_Item16_R_z","ACS_Item17_z","ACS_Item18_z","ACS_Item19_z","ACS_Item20_R_z","ACS_FOC_z","ACS_SHIF_z"
1,"Heidelberg","lab",4,4,4,3,2,4,4,0,4,3,4,0,3,3.25,3,2.5,57,3,3,3,3,2,3,2,2,1,4,3,4,4,3,3,3,2,2,3,4,2.44444444444444,3.18181818181818,1.39641826659618,1.39727062802617,0.844830855744117,-0.354306186253517,1.19591848569397,0.991575666225303,-2.74834159023747,1.26064306202538,0.713840017720661,1.47330109405514,-2.19711267345378,0.240852686192106,1.10908321733619,0.239632977138195,0.147555140470845,0.638718013432886,0.891389835659053,0,0.234952637466807,0.97268846000106,-0.38603608791325,1.00310391147368,-0.913691929401382,-0.499790949980904,-1.46428794377054,1.87962551234489,0.233272347672903,1.1249980888141,1.19073237253343,0.961361142670521,0.540817362246531,-0.203540575502824,-0.747785444505228,-0.283004608050685,0.753715529501529,0.972124370741034,-0.0889512741522486,1.17202304285939
2,"Heidelberg","lab",4,3,3,1,1,4,4,3,3,0,3,3,3,2,3.5,2.25,59,3,3,4,2,3,3,3,2,3,3,2,2,3,4,4,4,3,3,3,2,2.88888888888889,3,0.411215195071269,0.551554195273488,-0.988292699172365,-1.32443026766195,1.19591848569397,0.991575666225303,0.24275572405883,0.287663517509148,-1.64285669150066,0.736650547027571,0.30455027156785,0.240852686192106,-0.420228173475101,0.873145445434573,-0.115527668120584,0.902461537830666,0.891389835659053,0,1.52159803311837,-0.118620543902568,0.900750871797584,1.00310391147368,0.433417966510912,-0.499790949980904,0.516807509566074,0.414154773906502,-1.04417146101204,-1.07712582971563,-0.151760008264064,2.02954019008221,1.52802365841083,1.06171165059581,0.673624904554296,1.10191155900586,0.753715529501529,-1.68964473962132,0.897014656210033,0.721621539337823
3,"Heidelberg","lab",4,4,2,3,4,1,3,1,1,1,1,3,1,3.25,1.5,1.5,51,2,3,3,1,3,3,3,4,1,3,3,4,3,1,2,3,2,1,2,4,2.55555555555556,2.54545454545455,1.39641826659618,-0.294162237479194,0.844830855744117,1.58594197656336,-1.69946311124933,-0.0220350148050064,-1.7513091521387,-1.65829557152332,-0.857291121760219,-0.736650547027571,0.30455027156785,-1.43781755090439,1.10908321733619,-1.66090442775094,-0.904776093894872,-0.152512559760455,-0.573036322923677,0,0.234952637466807,-1.2099295478062,0.900750871797584,1.00310391147368,0.433417966510912,1.68976940231639,-1.46428794377054,0.414154773906502,0.233272347672903,1.1249980888141,-0.151760008264064,-1.17499695215286,-0.446388933917771,-0.203540575502824,-0.747785444505228,-1.66792077510723,-0.633121044781284,0.972124370741034,0.157540208438321,-0.404382219466108
4,"Heidelberg","lab",4,1,2,1,1,3,3,3,2,0,1,2,1,1.25,2.75,1,51,3,3,3,3,2,3,3,3,1,3,3,3,4,1,1,3,2,2,2,3,2.66666666666667,2.45454545454545,-1.55919094797856,-0.294162237479194,-0.988292699172365,-1.32443026766195,0.230791286712872,-0.0220350148050064,0.24275572405883,-0.685316027007087,-1.64285669150066,-0.736650547027571,-0.529337376772693,-1.43781755090439,-1.33781500796187,-0.077123257009994,-1.43094171107773,-0.152512559760455,0.891389835659053,0,0.234952637466807,0.97268846000106,-0.38603608791325,1.00310391147368,0.433417966510912,0.594989226167744,-1.46428794377054,0.414154773906502,0.233272347672903,0.0239361295492363,1.19073237253343,-1.17499695215286,-1.43359523008207,-0.203540575502824,-0.747785444505228,-0.283004608050685,-0.633121044781284,-0.358760184440144,0.404031691028892,-0.629582971226893
5,"Heidelberg","lab",4,1,0,1,1,3,4,3,3,1,2,2,3,0.75,3.25,2,69,2,4,4,3,3,2,3,4,4,4,3,4,4,3,4,4,4,3,3,4,3.22222222222222,3.63636363636364,-1.55919094797856,-1.98559510298456,-0.988292699172365,-1.32443026766195,0.230791286712872,0.991575666225303,0.24275572405883,0.287663517509148,-0.857291121760219,0,-0.529337376772693,0.240852686192106,-1.94953956428639,0.556389211286384,-0.378610476712013,2.22117915981957,-0.573036322923677,1.49836512213001,1.52159803311837,0.97268846000106,0.900750871797584,-0.150465586721052,0.433417966510912,1.68976940231639,1.50735523623438,1.87962551234489,0.233272347672903,1.1249980888141,1.19073237253343,0.961361142670521,1.52802365841083,1.06171165059581,2.09503525361382,1.10191155900586,0.753715529501529,0.972124370741034,1.63648910398174,2.29802680166333
6,"Heidelberg","lab",4,4,4,4,2,4,1,1,4,0,0,2,0,3.5,2.5,0.5,60,1,3,2,4,2,1,4,4,4,2,3,4,4,2,4,3,3,4,2,4,2.77777777777778,3.18181818181818,1.39641826659618,1.39727062802617,1.76139263320236,-0.354306186253517,1.19591848569397,-2.04925637686562,-1.7513091521387,1.26064306202538,-1.64285669150066,-1.47330109405514,-0.529337376772693,-2.27715266945263,1.41494549549844,-0.393879491158183,-1.95710732826059,1.03433330002956,-2.03746248150641,0,-1.05169275818476,2.06399746390469,-0.38603608791325,-1.30403508491578,1.78052786242321,1.68976940231639,1.50735523623438,-1.05131596453189,0.233272347672903,1.1249980888141,1.19073237253343,-0.106817904741169,1.52802365841083,-0.203540575502824,0.673624904554296,2.4868277260624,-0.633121044781284,0.972124370741034,0.650523173619462,1.17202304285939
7,"Heidelberg","lab",4,3,1,1,3,3,3,3,3,2,3,3,3,2,3,2.75,49,2,2,3,1,2,1,3,2,4,3,3,3,3,1,2,4,3,2,2,3,2.22222222222222,2.63636363636364,0.411215195071269,-1.13987867023188,-0.988292699172365,0.615817895154921,0.230791286712872,-0.0220350148050064,0.24275572405883,0.287663517509148,-0.0717255520197794,0.736650547027571,0.30455027156785,0.240852686192106,-0.420228173475101,0.239632977138195,0.410637949062275,-0.416256084158236,-0.573036322923677,-1.49836512213001,0.234952637466807,-1.2099295478062,-0.38603608791325,-1.30403508491578,0.433417966510912,-0.499790949980904,1.50735523623438,0.414154773906502,0.233272347672903,0.0239361295492363,-0.151760008264064,-1.17499695215286,-0.446388933917771,1.06171165059581,0.673624904554296,-0.283004608050685,-0.633121044781284,-0.358760184440144,-0.58193423933339,-0.179181467705322
8,"Heidelberg","lab",4,3,2,3,4,3,4,3,2,2,1,3,3,3,3,2.25,48,3,3,3,1,2,1,2,3,3,2,3,3,3,1,1,4,2,2,2,4,2.33333333333333,2.45454545454545,0.411215195071269,-0.294162237479194,0.844830855744117,1.58594197656336,0.230791286712872,0.991575666225303,0.24275572405883,-0.685316027007087,-0.0717255520197794,-0.736650547027571,0.30455027156785,0.240852686192106,0.803220939173928,0.239632977138195,-0.115527668120584,-0.548127846357126,0.891389835659053,0,0.234952637466807,-1.2099295478062,-0.38603608791325,-1.30403508491578,-0.913691929401382,0.594989226167744,0.516807509566074,-1.05131596453189,0.233272347672903,0.0239361295492363,-0.151760008264064,-1.17499695215286,-1.43359523008207,1.06171165059581,-0.747785444505228,-0.283004608050685,-0.633121044781284,0.972124370741034,-0.335442756742819,-0.629582971226893
9,"Heidelberg","lab",4,3,2,1,1,3,3,3,3,2,3,3,4,1.75,3,3,59,3,3,3,3,3,2,3,3,2,3,3,4,4,3,3,3,2,2,3,4,2.77777777777778,3.09090909090909,0.411215195071269,-0.294162237479194,-0.988292699172365,-1.32443026766195,0.230791286712872,-0.0220350148050064,0.24275572405883,0.287663517509148,-0.0717255520197794,0.736650547027571,0.30455027156785,1.08018780474035,-0.726090451637359,0.239632977138195,0.673720757653704,0.902461537830666,0.891389835659053,0,0.234952637466807,0.97268846000106,0.900750871797584,-0.150465586721052,0.433417966510912,0.594989226167744,-0.473740217102234,0.414154773906502,0.233272347672903,1.1249980888141,1.19073237253343,0.961361142670521,0.540817362246531,-0.203540575502824,-0.747785444505228,-0.283004608050685,0.753715529501529,0.972124370741034,0.650523173619462,0.946822291098609
10,"Heidelberg","lab",4,3,3,1,2,2,3,2,1,4,3,4,4,2.25,2,3.75,66,3,4,3,4,4,3,3,2,4,3,3,4,4,3,3,4,3,2,3,4,3.33333333333333,3.27272727272727,0.411215195071269,0.551554195273488,-0.988292699172365,-0.354306186253517,-0.734335912268229,-0.0220350148050064,-0.754276714039937,-1.65829557152332,1.4994055874611,0.736650547027571,1.13843791990839,1.08018780474035,-0.114365895312844,-1.02739195945456,1.46296918342799,1.8255638732229,0.891389835659053,1.49836512213001,0.234952637466807,2.06399746390469,2.18753783150842,1.00310391147368,0.433417966510912,-0.499790949980904,1.50735523623438,0.414154773906502,0.233272347672903,1.1249980888141,1.19073237253343,0.961361142670521,0.540817362246531,1.06171165059581,0.673624904554296,-0.283004608050685,0.753715529501529,0.972124370741034,1.88298058657232,1.39722379462018
11,"Heidelberg","lab",4,1,1,0,1,3,4,4,4,2,2,3,0,0.75,3.75,1.75,53,2,4,3,2,3,3,3,2,2,2,4,2,3,1,1,4,4,3,2,3,2.66666666666667,2.63636363636364,-1.55919094797856,-1.13987867023188,-1.90485447663061,-1.32443026766195,0.230791286712872,0.991575666225303,1.2397881621576,1.26064306202538,-0.0717255520197794,0,0.30455027156785,-2.27715266945263,-1.94953956428639,1.18990167958276,-0.641693285303443,0.111230964637325,-0.573036322923677,1.49836512213001,0.234952637466807,-0.118620543902568,0.900750871797584,1.00310391147368,0.433417966510912,-0.499790949980904,-0.473740217102234,-1.05131596453189,1.51071615635785,-1.07712582971563,-0.151760008264064,-1.17499695215286,-1.43359523008207,1.06171165059581,2.09503525361382,1.10191155900586,-0.633121044781284,-0.358760184440144,0.404031691028892,-0.179181467705322
12,"Heidelberg","lab",4,3,3,2,2,3,3,3,3,1,2,2,3,2.5,3,2,54,3,3,2,1,3,3,3,4,4,3,3,3,2,1,2,3,2,3,3,3,2.88888888888889,2.54545454545455,0.411215195071269,0.551554195273488,-0.0717309217141236,-0.354306186253517,0.230791286712872,-0.0220350148050064,0.24275572405883,0.287663517509148,-0.857291121760219,0,-0.529337376772693,0.240852686192106,0.191496382849413,0.239632977138195,-0.378610476712013,0.243102726836215,0.891389835659053,0,-1.05169275818476,-1.2099295478062,0.900750871797584,1.00310391147368,0.433417966510912,1.68976940231639,1.50735523623438,0.414154773906502,0.233272347672903,0.0239361295492363,-1.49425238906156,-1.17499695215286,-0.446388933917771,-0.203540575502824,-0.747785444505228,1.10191155900586,0.753715529501529,-0.358760184440144,0.897014656210033,-0.404382219466108
13,"Heidelberg","lab",4,3,3,4,3,2,3,3,3,3,3,3,3,3.25,2.75,3,57,3,3,2,2,3,3,4,2,4,2,1,2,4,2,4,4,3,3,3,3,2.88888888888889,2.81818181818182,0.411215195071269,0.551554195273488,1.76139263320236,0.615817895154921,-0.734335912268229,-0.0220350148050064,0.24275572405883,0.287663517509148,0.713840017720661,0.736650547027571,0.30455027156785,0.240852686192106,1.10908321733619,-0.077123257009994,0.673720757653704,0.638718013432886,0.891389835659053,0,-1.05169275818476,-0.118620543902568,0.900750871797584,1.00310391147368,1.78052786242321,-0.499790949980904,1.50735523623438,-1.05131596453189,-2.32161526969699,-1.07712582971563,1.19073237253343,-0.106817904741169,1.52802365841083,1.06171165059581,0.673624904554296,1.10191155900586,0.753715529501529,-0.358760184440144,0.897014656210033,0.271220035816251
14,"Heidelberg","lab",4,4,4,4,3,2,3,2,3,3,3,3,3,3.75,2.5,3,49,2,3,2,3,2,2,3,2,3,3,3,3,4,2,1,3,2,2,2,2,2.44444444444444,2.45454545454545,1.39641826659618,1.39727062802617,1.76139263320236,0.615817895154921,-0.734335912268229,-0.0220350148050064,-0.754276714039937,0.287663517509148,0.713840017720661,0.736650547027571,0.30455027156785,0.240852686192106,1.7208077736607,-0.393879491158183,0.673720757653704,-0.416256084158236,-0.573036322923677,0,-1.05169275818476,0.97268846000106,-0.38603608791325,-0.150465586721052,0.433417966510912,-0.499790949980904,0.516807509566074,0.414154773906502,0.233272347672903,0.0239361295492363,1.19073237253343,-0.106817904741169,-1.43359523008207,-0.203540575502824,-0.747785444505228,-0.283004608050685,-0.633121044781284,-1.68964473962132,-0.0889512741522486,-0.629582971226893
15,"Heidelberg","lab",4,2,1,3,1,4,3,4,4,2,2,4,4,1.75,3.75,3,53,2,3,3,2,1,2,3,3,1,3,3,4,4,2,2,3,4,3,1,4,2.22222222222222,3,-0.573987876453645,-1.13987867023188,0.844830855744117,-1.32443026766195,1.19591848569397,-0.0220350148050064,1.2397881621576,1.26064306202538,-0.0717255520197794,0,1.13843791990839,1.08018780474035,-0.726090451637359,1.18990167958276,0.673720757653704,0.111230964637325,-0.573036322923677,0,0.234952637466807,-0.118620543902568,-1.67282304762408,-0.150465586721052,0.433417966510912,0.594989226167744,-1.46428794377054,0.414154773906502,0.233272347672903,1.1249980888141,1.19073237253343,-0.106817904741169,-0.446388933917771,-0.203540575502824,2.09503525361382,1.10191155900586,-2.0199576190641,0.972124370741034,-0.58193423933339,0.721621539337823
16,"Heidelberg","lab",4,4,3,3,3,3,4,4,3,3,3,3,1,3.25,3.5,2.5,60,3,3,4,2,2,2,2,3,3,2,4,4,4,3,4,4,2,2,3,4,2.66666666666667,3.27272727272727,1.39641826659618,0.551554195273488,0.844830855744117,0.615817895154921,0.230791286712872,0.991575666225303,1.2397881621576,0.287663517509148,0.713840017720661,0.736650547027571,0.30455027156785,-1.43781755090439,1.10908321733619,0.873145445434573,0.147555140470845,1.03433330002956,0.891389835659053,0,1.52159803311837,-0.118620543902568,-0.38603608791325,-0.150465586721052,-0.913691929401382,0.594989226167744,0.516807509566074,-1.05131596453189,1.51071615635785,1.1249980888141,1.19073237253343,0.961361142670521,1.52802365841083,1.06171165059581,-0.747785444505228,-0.283004608050685,0.753715529501529,0.972124370741034,0.404031691028892,1.39722379462018
17,"Heidelberg","lab",4,3,1,2,4,3,3,3,2,4,4,4,4,2.5,2.75,4,54,2,3,3,3,2,1,3,2,3,2,3,4,4,3,1,4,3,3,2,3,2.44444444444444,2.90909090909091,0.411215195071269,-1.13987867023188,-0.0717309217141236,1.58594197656336,0.230791286712872,-0.0220350148050064,0.24275572405883,-0.685316027007087,1.4994055874611,1.47330109405514,1.13843791990839,1.08018780474035,0.191496382849413,-0.077123257009994,1.72605199201942,0.243102726836215,-0.573036322923677,0,0.234952637466807,0.97268846000106,-0.38603608791325,-1.30403508491578,0.433417966510912,-0.499790949980904,0.516807509566074,-1.05131596453189,0.233272347672903,1.1249980888141,1.19073237253343,0.961361142670521,-1.43359523008207,1.06171165059581,0.673624904554296,1.10191155900586,-0.633121044781284,-0.358760184440144,-0.0889512741522486,0.496420787577037
18,"Heidelberg","lab",4,3,3,2,2,3,3,3,3,3,3,4,3,2.5,3,3.25,56,2,3,4,2,3,3,3,2,2,3,3,4,3,1,3,3,3,3,3,3,2.66666666666667,2.90909090909091,0.411215195071269,0.551554195273488,-0.0717309217141236,-0.354306186253517,0.230791286712872,-0.0220350148050064,0.24275572405883,0.287663517509148,0.713840017720661,0.736650547027571,1.13843791990839,0.240852686192106,0.191496382849413,0.239632977138195,0.936803566245133,0.506846251233995,-0.573036322923677,0,1.52159803311837,-0.118620543902568,0.900750871797584,1.00310391147368,0.433417966510912,-0.499790949980904,-0.473740217102234,0.414154773906502,0.233272347672903,1.1249980888141,-0.151760008264064,-1.17499695215286,0.540817362246531,-0.203540575502824,0.673624904554296,1.10191155900586,0.753715529501529,-0.358760184440144,0.404031691028892,0.496420787577037
19,"Heidelberg","lab",4,3,3,4,4,3,3,3,3,2,1,2,0,3.5,3,1.25,44,1,3,3,2,1,2,3,3,3,2,3,3,2,1,1,3,2,1,2,3,2.33333333333333,2.09090909090909,0.411215195071269,0.551554195273488,1.76139263320236,1.58594197656336,0.230791286712872,-0.0220350148050064,0.24275572405883,0.287663517509148,-0.0717255520197794,-0.736650547027571,-0.529337376772693,-2.27715266945263,1.41494549549844,0.239632977138195,-1.1678589024863,-1.07561489515269,-2.03746248150641,0,0.234952637466807,-0.118620543902568,-1.67282304762408,-0.150465586721052,0.433417966510912,0.594989226167744,0.516807509566074,-1.05131596453189,0.233272347672903,0.0239361295492363,-1.49425238906156,-1.17499695215286,-1.43359523008207,-0.203540575502824,-0.747785444505228,-1.66792077510723,-0.633121044781284,-0.358760184440144,-0.335442756742819,-1.53038597827004
20,"Heidelberg","lab",4,2,3,1,3,3,4,2,0,0,0,1,0,2.25,2.25,0.25,56,3,4,3,4,2,2,3,4,2,4,4,3,2,1,2,2,3,2,3,3,3,2.63636363636364,-0.573987876453645,0.551554195273488,-0.988292699172365,0.615817895154921,0.230791286712872,0.991575666225303,-0.754276714039937,-2.63127511603956,-1.64285669150066,-1.47330109405514,-1.36322502511324,-2.27715266945263,-0.114365895312844,-0.710635725306372,-2.22019013685202,0.506846251233995,0.891389835659053,1.49836512213001,0.234952637466807,2.06399746390469,-0.38603608791325,-0.150465586721052,0.433417966510912,1.68976940231639,-0.473740217102234,1.87962551234489,1.51071615635785,0.0239361295492363,-1.49425238906156,-1.17499695215286,-0.446388933917771,-1.46879280160146,0.673624904554296,-0.283004608050685,0.753715529501529,-0.358760184440144,1.1435061388006,-0.179181467705322
21,"Heidelberg","lab",4,1,1,1,1,3,4,4,3,2,0,3,3,1,3.5,2,55,2,3,3,2,3,2,3,3,3,3,3,3,3,1,3,4,3,2,3,3,2.66666666666667,2.81818181818182,-1.55919094797856,-1.13987867023188,-0.988292699172365,-1.32443026766195,0.230791286712872,0.991575666225303,1.2397881621576,0.287663517509148,-0.0717255520197794,-1.47330109405514,0.30455027156785,0.240852686192106,-1.64367728612413,0.873145445434573,-0.378610476712013,0.374974489035105,-0.573036322923677,0,0.234952637466807,-0.118620543902568,0.900750871797584,-0.150465586721052,0.433417966510912,0.594989226167744,0.516807509566074,0.414154773906502,0.233272347672903,0.0239361295492363,-0.151760008264064,-1.17499695215286,0.540817362246531,1.06171165059581,0.673624904554296,-0.283004608050685,0.753715529501529,-0.358760184440144,0.404031691028892,0.271220035816251
22,"Heidelberg","lab",4,1,1,2,3,4,4,4,4,0,0,0,4,1.75,4,1,47,2,3,3,2,2,1,3,1,3,3,3,1,4,1,1,2,4,2,3,3,2.22222222222222,2.45454545454545,-1.55919094797856,-1.13987867023188,-0.0717309217141236,0.615817895154921,1.19591848569397,0.991575666225303,1.2397881621576,1.26064306202538,-1.64285669150066,-1.47330109405514,-2.19711267345378,1.08018780474035,-0.726090451637359,1.50665791373095,-1.43094171107773,-0.679999608556016,-0.573036322923677,0,0.234952637466807,-0.118620543902568,-0.38603608791325,-1.30403508491578,0.433417966510912,-1.59457112612955,0.516807509566074,0.414154773906502,0.233272347672903,-2.17818778898049,1.19073237253343,-1.17499695215286,-1.43359523008207,-1.46879280160146,2.09503525361382,-0.283004608050685,0.753715529501529,-0.358760184440144,-0.58193423933339,-0.629582971226893
23,"Heidelberg","lab",4,1,3,1,1,4,3,4,4,1,0,3,3,1.5,3.75,1.75,61,3,4,3,4,3,2,4,4,2,3,3,4,4,2,2,4,3,3,2,2,3.22222222222222,2.90909090909091,-1.55919094797856,0.551554195273488,-0.988292699172365,-1.32443026766195,1.19591848569397,-0.0220350148050064,1.2397881621576,1.26064306202538,-0.857291121760219,-1.47330109405514,0.30455027156785,0.240852686192106,-1.03195272979962,1.18990167958276,-0.641693285303443,1.16620506222845,0.891389835659053,1.49836512213001,0.234952637466807,2.06399746390469,0.900750871797584,-0.150465586721052,1.78052786242321,1.68976940231639,-0.473740217102234,0.414154773906502,0.233272347672903,1.1249980888141,1.19073237253343,-0.106817904741169,-0.446388933917771,1.06171165059581,0.673624904554296,1.10191155900586,-0.633121044781284,-1.68964473962132,1.63648910398174,0.496420787577037
24,"Heidelberg","lab",4,1,1,2,1,3,1,2,2,0,1,0,3,1.25,2,1,60,3,4,3,3,3,3,3,2,4,3,4,3,2,2,4,3,2,2,3,4,3.11111111111111,2.90909090909091,-1.55919094797856,-1.13987867023188,-0.0717309217141236,-1.32443026766195,0.230791286712872,-2.04925637686562,-0.754276714039937,-0.685316027007087,-1.64285669150066,-0.736650547027571,-2.19711267345378,0.240852686192106,-1.33781500796187,-1.02739195945456,-1.43094171107773,1.03433330002956,0.891389835659053,1.49836512213001,0.234952637466807,0.97268846000106,0.900750871797584,1.00310391147368,0.433417966510912,-0.499790949980904,1.50735523623438,0.414154773906502,1.51071615635785,0.0239361295492363,-1.49425238906156,-0.106817904741169,1.52802365841083,-0.203540575502824,-0.747785444505228,-0.283004608050685,0.753715529501529,0.972124370741034,1.38999762139117,0.496420787577037
25,"Heidelberg","lab",4,4,4,4,4,0,1,1,3,4,4,4,1,4,1.25,3.25,42,3,1,1,2,2,2,2,1,2,3,2,2,4,2,2,2,3,2,2,2,1.77777777777778,2.36363636363636,1.39641826659618,1.39727062802617,1.76139263320236,1.58594197656336,-2.66459031023043,-2.04925637686562,-1.7513091521387,0.287663517509148,1.4994055874611,1.47330109405514,1.13843791990839,-1.43781755090439,2.02667005182296,-1.97766066189913,0.936803566245133,-1.33935841955047,0.891389835659053,-2.99673024426002,-2.33833815383632,-0.118620543902568,-0.38603608791325,-0.150465586721052,-0.913691929401382,-1.59457112612955,-0.473740217102234,0.414154773906502,-1.04417146101204,-1.07712582971563,1.19073237253343,-0.106817904741169,-0.446388933917771,-1.46879280160146,0.673624904554296,-0.283004608050685,-0.633121044781284,-1.68964473962132,-1.56790016969567,-0.854783722987679
26,"Heidelberg","lab",4,2,1,1,3,4,4,3,3,1,1,2,4,1.75,3.5,2,55,2,4,3,1,2,2,3,2,3,3,3,2,4,3,4,3,3,2,2,4,2.44444444444444,3,-0.573987876453645,-1.13987867023188,-0.988292699172365,0.615817895154921,1.19591848569397,0.991575666225303,0.24275572405883,0.287663517509148,-0.857291121760219,-0.736650547027571,-0.529337376772693,1.08018780474035,-0.726090451637359,0.873145445434573,-0.378610476712013,0.374974489035105,-0.573036322923677,1.49836512213001,0.234952637466807,-1.2099295478062,-0.38603608791325,-0.150465586721052,0.433417966510912,-0.499790949980904,0.516807509566074,0.414154773906502,0.233272347672903,-1.07712582971563,1.19073237253343,0.961361142670521,1.52802365841083,-0.203540575502824,0.673624904554296,-0.283004608050685,-0.633121044781284,0.972124370741034,-0.0889512741522486,0.721621539337823
27,"Heidelberg","lab",4,1,3,1,1,3,3,2,3,1,2,1,3,1.5,2.75,1.75,56,3,4,4,1,2,3,3,2,2,3,3,4,3,3,3,2,3,2,3,3,2.66666666666667,2.90909090909091,-1.55919094797856,0.551554195273488,-0.988292699172365,-1.32443026766195,0.230791286712872,-0.0220350148050064,-0.754276714039937,0.287663517509148,-0.857291121760219,0,-1.36322502511324,0.240852686192106,-1.03195272979962,-0.077123257009994,-0.641693285303443,0.506846251233995,0.891389835659053,1.49836512213001,1.52159803311837,-1.2099295478062,-0.38603608791325,1.00310391147368,0.433417966510912,-0.499790949980904,-0.473740217102234,0.414154773906502,0.233272347672903,1.1249980888141,-0.151760008264064,0.961361142670521,0.540817362246531,-1.46879280160146,0.673624904554296,-0.283004608050685,0.753715529501529,-0.358760184440144,0.404031691028892,0.496420787577037
28,"Heidelberg","lab",4,3,3,2,2,4,4,3,3,4,4,4,4,2.5,3.5,4,47,3,3,3,2,2,2,2,2,1,3,3,1,3,1,3,3,2,2,3,3,2.22222222222222,2.45454545454545,0.411215195071269,0.551554195273488,-0.0717309217141236,-0.354306186253517,1.19591848569397,0.991575666225303,0.24275572405883,0.287663517509148,1.4994055874611,1.47330109405514,1.13843791990839,1.08018780474035,0.191496382849413,0.873145445434573,1.72605199201942,-0.679999608556016,0.891389835659053,0,0.234952637466807,-0.118620543902568,-0.38603608791325,-0.150465586721052,-0.913691929401382,-0.499790949980904,-1.46428794377054,0.414154773906502,0.233272347672903,-2.17818778898049,-0.151760008264064,-1.17499695215286,0.540817362246531,-0.203540575502824,-0.747785444505228,-0.283004608050685,0.753715529501529,-0.358760184440144,-0.58193423933339,-0.629582971226893
29,"Heidelberg","lab",4,3,3,2,3,3,4,3,2,3,2,3,2,2.75,3,2.5,58,2,3,3,3,3,3,3,2,2,4,3,3,3,2,3,4,3,2,4,3,2.66666666666667,3.09090909090909,0.411215195071269,0.551554195273488,-0.0717309217141236,0.615817895154921,0.230791286712872,0.991575666225303,0.24275572405883,-0.685316027007087,0.713840017720661,0,0.30455027156785,-0.598482432356141,0.49735866101167,0.239632977138195,0.147555140470845,0.770589775631776,-0.573036322923677,0,0.234952637466807,0.97268846000106,0.900750871797584,1.00310391147368,0.433417966510912,-0.499790949980904,-0.473740217102234,1.87962551234489,0.233272347672903,0.0239361295492363,-0.151760008264064,-0.106817904741169,0.540817362246531,1.06171165059581,0.673624904554296,-0.283004608050685,2.14055210378434,-0.358760184440144,0.404031691028892,0.946822291098609
30,"Heidelberg","lab",4,3,3,3,3,3,3,3,3,3,3,3,3,3,3,3,41,1,1,1,2,1,1,1,1,1,4,3,3,4,3,1,3,2,2,2,4,1.11111111111111,2.81818181818182,0.411215195071269,0.551554195273488,0.844830855744117,0.615817895154921,0.230791286712872,-0.0220350148050064,0.24275572405883,0.287663517509148,0.713840017720661,0.736650547027571,0.30455027156785,0.240852686192106,0.803220939173928,0.239632977138195,0.673720757653704,-1.47123018174936,-2.03746248150641,-2.99673024426002,-2.33833815383632,-0.118620543902568,-1.67282304762408,-1.30403508491578,-2.26080182531368,-1.59457112612955,-1.46428794377054,1.87962551234489,0.233272347672903,0.0239361295492363,1.19073237253343,0.961361142670521,-1.43359523008207,-0.203540575502824,-0.747785444505228,-0.283004608050685,-0.633121044781284,0.972124370741034,-3.04684906523909,0.271220035816251
31,"Heidelberg","lab",4,3,2,3,3,3,1,3,3,3,4,3,1,2.75,2.5,2.75,55,3,2,3,3,2,3,1,2,2,3,4,3,3,3,3,4,2,1,4,4,2.33333333333333,3.09090909090909,0.411215195071269,-0.294162237479194,0.844830855744117,0.615817895154921,0.230791286712872,-2.04925637686562,0.24275572405883,0.287663517509148,0.713840017720661,1.47330109405514,0.30455027156785,-1.43781755090439,0.49735866101167,-0.393879491158183,0.410637949062275,0.374974489035105,0.891389835659053,-1.49836512213001,0.234952637466807,0.97268846000106,-0.38603608791325,1.00310391147368,-2.26080182531368,-0.499790949980904,-0.473740217102234,0.414154773906502,1.51071615635785,0.0239361295492363,-0.151760008264064,0.961361142670521,0.540817362246531,1.06171165059581,-0.747785444505228,-1.66792077510723,2.14055210378434,0.972124370741034,-0.335442756742819,0.946822291098609
32,"Heidelberg","lab",4,1,1,1,1,4,3,3,3,3,3,3,1,1,3.25,2.5,53,2,4,3,2,2,1,4,4,3,3,4,1,4,1,1,4,2,3,2,3,2.77777777777778,2.54545454545455,-1.55919094797856,-1.13987867023188,-0.988292699172365,-1.32443026766195,1.19591848569397,-0.0220350148050064,0.24275572405883,0.287663517509148,0.713840017720661,0.736650547027571,0.30455027156785,-1.43781755090439,-1.64367728612413,0.556389211286384,0.147555140470845,0.111230964637325,-0.573036322923677,1.49836512213001,0.234952637466807,-0.118620543902568,-0.38603608791325,-1.30403508491578,1.78052786242321,1.68976940231639,0.516807509566074,0.414154773906502,1.51071615635785,-2.17818778898049,1.19073237253343,-1.17499695215286,-1.43359523008207,1.06171165059581,-0.747785444505228,1.10191155900586,-0.633121044781284,-0.358760184440144,0.650523173619462,-0.404382219466108
33,"Heidelberg","lab",4,3,3,3,4,2,3,2,1,3,3,3,3,3.25,2,3,42,3,2,2,3,2,2,3,1,2,2,2,1,3,1,3,3,2,1,2,2,2.22222222222222,2,0.411215195071269,0.551554195273488,0.844830855744117,1.58594197656336,-0.734335912268229,-0.0220350148050064,-0.754276714039937,-1.65829557152332,0.713840017720661,0.736650547027571,0.30455027156785,0.240852686192106,1.10908321733619,-1.02739195945456,0.673720757653704,-1.33935841955047,0.891389835659053,-1.49836512213001,-1.05169275818476,0.97268846000106,-0.38603608791325,-0.150465586721052,0.433417966510912,-1.59457112612955,-0.473740217102234,-1.05131596453189,-1.04417146101204,-2.17818778898049,-0.151760008264064,-1.17499695215286,0.540817362246531,-0.203540575502824,-0.747785444505228,-1.66792077510723,-0.633121044781284,-1.68964473962132,-0.58193423933339,-1.75558673003082
34,"Heidelberg","lab",4,3,3,1,2,3,1,2,2,3,4,3,3,2.25,2,3.25,50,3,3,4,2,2,3,3,2,4,2,3,3,2,1,1,3,2,2,2,3,2.88888888888889,2.18181818181818,0.411215195071269,0.551554195273488,-0.988292699172365,-0.354306186253517,0.230791286712872,-2.04925637686562,-0.754276714039937,-0.685316027007087,0.713840017720661,1.47330109405514,0.30455027156785,0.240852686192106,-0.114365895312844,-1.02739195945456,0.936803566245133,-0.284384321959345,0.891389835659053,0,1.52159803311837,-0.118620543902568,-0.38603608791325,1.00310391147368,0.433417966510912,-0.499790949980904,1.50735523623438,-1.05131596453189,0.233272347672903,0.0239361295492363,-1.49425238906156,-1.17499695215286,-1.43359523008207,-0.203540575502824,-0.747785444505228,-0.283004608050685,-0.633121044781284,-0.358760184440144,0.897014656210033,-1.30518522650925
35,"Heidelberg","lab",4,3,3,3,3,1,2,1,3,3,1,2,4,3,1.75,2.5,50,2,2,2,4,2,3,3,2,3,2,3,3,3,2,2,4,1,2,2,3,2.55555555555556,2.45454545454545,0.411215195071269,0.551554195273488,0.844830855744117,0.615817895154921,-1.69946311124933,-1.03564569583532,-1.7513091521387,0.287663517509148,0.713840017720661,-0.736650547027571,-0.529337376772693,1.08018780474035,0.803220939173928,-1.34414819360275,0.147555140470845,-0.284384321959345,-0.573036322923677,-1.49836512213001,-1.05169275818476,2.06399746390469,-0.38603608791325,1.00310391147368,0.433417966510912,-0.499790949980904,0.516807509566074,-1.05131596453189,0.233272347672903,0.0239361295492363,-0.151760008264064,-0.106817904741169,-0.446388933917771,1.06171165059581,-2.16919579356475,-0.283004608050685,-0.633121044781284,-0.358760184440144,0.157540208438321,-0.629582971226893
36,"Heidelberg","lab",4,2,1,1,1,4,0,4,3,2,1,3,3,1.25,2.75,2.25,65,3,3,3,4,2,3,3,3,2,3,4,3,4,4,4,4,3,3,3,4,2.88888888888889,3.54545454545455,-0.573987876453645,-1.13987867023188,-0.988292699172365,-1.32443026766195,1.19591848569397,-3.06286705789593,1.2397881621576,0.287663517509148,-0.0717255520197794,-0.736650547027571,0.30455027156785,0.240852686192106,-1.33781500796187,-0.077123257009994,-0.115527668120584,1.69369211102401,0.891389835659053,0,0.234952637466807,2.06399746390469,-0.38603608791325,1.00310391147368,0.433417966510912,0.594989226167744,-0.473740217102234,0.414154773906502,1.51071615635785,0.0239361295492363,1.19073237253343,2.02954019008221,1.52802365841083,1.06171165059581,0.673624904554296,1.10191155900586,0.753715529501529,0.972124370741034,0.897014656210033,2.07282604990254
37,"Heidelberg","lab",4,2,3,3,3,2,4,3,3,4,4,4,3,2.75,3,3.75,45,3,2,2,2,1,2,2,2,2,2,2,4,2,1,2,4,2,2,3,3,2,2.45454545454545,-0.573987876453645,0.551554195273488,0.844830855744117,0.615817895154921,-0.734335912268229,0.991575666225303,0.24275572405883,0.287663517509148,1.4994055874611,1.47330109405514,1.13843791990839,0.240852686192106,0.49735866101167,0.239632977138195,1.46296918342799,-0.943743132953796,0.891389835659053,-1.49836512213001,-1.05169275818476,-0.118620543902568,-1.67282304762408,-0.150465586721052,-0.913691929401382,-0.499790949980904,-0.473740217102234,-1.05131596453189,-1.04417146101204,1.1249980888141,-1.49425238906156,-1.17499695215286,-0.446388933917771,1.06171165059581,-0.747785444505228,-0.283004608050685,0.753715529501529,-0.358760184440144,-1.07491720451453,-0.629582971226893
38,"Heidelberg","lab",4,3,3,3,3,2,3,2,2,2,3,3,4,3,2.25,3,38,1,2,2,2,1,1,2,2,3,2,2,1,2,1,2,3,2,1,2,4,1.77777777777778,2,0.411215195071269,0.551554195273488,0.844830855744117,0.615817895154921,-0.734335912268229,-0.0220350148050064,-0.754276714039937,-0.685316027007087,-0.0717255520197794,0.736650547027571,0.30455027156785,1.08018780474035,0.803220939173928,-0.710635725306372,0.673720757653704,-1.86684546834603,-2.03746248150641,-1.49836512213001,-1.05169275818476,-0.118620543902568,-1.67282304762408,-1.30403508491578,-0.913691929401382,-0.499790949980904,0.516807509566074,-1.05131596453189,-1.04417146101204,-2.17818778898049,-1.49425238906156,-1.17499695215286,-0.446388933917771,-0.203540575502824,-0.747785444505228,-1.66792077510723,-0.633121044781284,0.972124370741034,-1.56790016969567,-1.75558673003082
39,"Heidelberg","lab",4,1,1,1,2,3,3,3,3,3,3,4,4,1.25,3,3.5,68,3,4,4,4,1,2,4,4,3,3,4,4,4,3,4,4,3,3,4,3,3.22222222222222,3.54545454545455,-1.55919094797856,-1.13987867023188,-0.988292699172365,-0.354306186253517,0.230791286712872,-0.0220350148050064,0.24275572405883,0.287663517509148,0.713840017720661,0.736650547027571,1.13843791990839,1.08018780474035,-1.33781500796187,0.239632977138195,1.19988637483656,2.08930739762068,0.891389835659053,1.49836512213001,1.52159803311837,2.06399746390469,-1.67282304762408,-0.150465586721052,1.78052786242321,1.68976940231639,0.516807509566074,0.414154773906502,1.51071615635785,1.1249980888141,1.19073237253343,0.961361142670521,1.52802365841083,1.06171165059581,0.673624904554296,1.10191155900586,2.14055210378434,-0.358760184440144,1.63648910398174,2.07282604990254
40,"Heidelberg","lab",4,3,0,1,1,3,3,3,3,3,0,1,3,1.25,3,1.75,57,3,4,4,3,2,2,3,4,2,3,2,4,3,1,3,3,3,2,3,3,3,2.72727272727273,0.411215195071269,-1.98559510298456,-0.988292699172365,-1.32443026766195,0.230791286712872,-0.0220350148050064,0.24275572405883,0.287663517509148,0.713840017720661,-1.47330109405514,-1.36322502511324,0.240852686192106,-1.33781500796187,0.239632977138195,-0.641693285303443,0.638718013432886,0.891389835659053,1.49836512213001,1.52159803311837,0.97268846000106,-0.38603608791325,-0.150465586721052,0.433417966510912,1.68976940231639,-0.473740217102234,0.414154773906502,-1.04417146101204,1.1249980888141,-0.151760008264064,-1.17499695215286,0.540817362246531,-0.203540575502824,0.673624904554296,-0.283004608050685,0.753715529501529,-0.358760184440144,1.1435061388006,0.0460192840554642
41,"Heidelberg","lab",4,1,1,1,3,4,3,4,3,1,1,3,3,1.5,3.5,2,58,2,3,3,1,3,3,3,4,2,4,3,3,4,4,1,3,3,2,4,3,2.66666666666667,3.09090909090909,-1.55919094797856,-1.13987867023188,-0.988292699172365,0.615817895154921,1.19591848569397,-0.0220350148050064,1.2397881621576,0.287663517509148,-0.857291121760219,-0.736650547027571,0.30455027156785,0.240852686192106,-1.03195272979962,0.873145445434573,-0.378610476712013,0.770589775631776,-0.573036322923677,0,0.234952637466807,-1.2099295478062,0.900750871797584,1.00310391147368,0.433417966510912,1.68976940231639,-0.473740217102234,1.87962551234489,0.233272347672903,0.0239361295492363,1.19073237253343,2.02954019008221,-1.43359523008207,-0.203540575502824,0.673624904554296,-0.283004608050685,2.14055210378434,-0.358760184440144,0.404031691028892,0.946822291098609
42,"Heidelberg","lab",4,1,4,3,3,2,3,1,1,1,1,3,4,2.75,1.75,2.25,58,3,3,3,3,2,2,3,3,3,3,3,4,4,3,3,3,2,2,3,3,2.77777777777778,3,-1.55919094797856,1.39727062802617,0.844830855744117,0.615817895154921,-0.734335912268229,-0.0220350148050064,-1.7513091521387,-1.65829557152332,-0.857291121760219,-0.736650547027571,0.30455027156785,1.08018780474035,0.49735866101167,-1.34414819360275,-0.115527668120584,0.770589775631776,0.891389835659053,0,0.234952637466807,0.97268846000106,-0.38603608791325,-0.150465586721052,0.433417966510912,0.594989226167744,0.516807509566074,0.414154773906502,0.233272347672903,1.1249980888141,1.19073237253343,0.961361142670521,0.540817362246531,-0.203540575502824,-0.747785444505228,-0.283004608050685,0.753715529501529,-0.358760184440144,0.650523173619462,0.721621539337823
43,"Heidelberg","lab",4,2,3,1,1,3,3,3,3,1,0,2,4,1.75,3,1.75,57,1,4,3,2,3,1,3,2,3,3,4,3,3,2,3,4,3,3,3,4,2.44444444444444,3.18181818181818,-0.573987876453645,0.551554195273488,-0.988292699172365,-1.32443026766195,0.230791286712872,-0.0220350148050064,0.24275572405883,0.287663517509148,-0.857291121760219,-1.47330109405514,-0.529337376772693,1.08018780474035,-0.726090451637359,0.239632977138195,-0.641693285303443,0.638718013432886,-2.03746248150641,1.49836512213001,0.234952637466807,-0.118620543902568,0.900750871797584,-1.30403508491578,0.433417966510912,-0.499790949980904,0.516807509566074,0.414154773906502,1.51071615635785,0.0239361295492363,-0.151760008264064,-0.106817904741169,0.540817362246531,1.06171165059581,0.673624904554296,1.10191155900586,0.753715529501529,0.972124370741034,-0.0889512741522486,1.17202304285939
44,"Heidelberg","lab",4,3,0,1,3,4,4,4,4,1,0,3,0,1.75,4,1,42,3,4,3,1,3,1,1,1,1,1,3,4,3,1,1,4,2,1,1,3,2,2.18181818181818,0.411215195071269,-1.98559510298456,-0.988292699172365,0.615817895154921,1.19591848569397,0.991575666225303,1.2397881621576,1.26064306202538,-0.857291121760219,-1.47330109405514,0.30455027156785,-2.27715266945263,-0.726090451637359,1.50665791373095,-1.43094171107773,-1.33935841955047,0.891389835659053,1.49836512213001,0.234952637466807,-1.2099295478062,0.900750871797584,-1.30403508491578,-2.26080182531368,-1.59457112612955,-1.46428794377054,-2.51678670297028,0.233272347672903,1.1249980888141,-0.151760008264064,-1.17499695215286,-1.43359523008207,1.06171165059581,-0.747785444505228,-1.66792077510723,-2.0199576190641,-0.358760184440144,-1.07491720451453,-1.30518522650925
45,"Heidelberg","lab",4,3,4,2,3,1,1,1,1,1,2,3,3,3,1,2.25,45,2,3,3,2,2,2,2,3,3,2,2,1,4,1,2,3,2,2,2,2,2.44444444444444,2.09090909090909,0.411215195071269,1.39727062802617,-0.0717309217141236,0.615817895154921,-1.69946311124933,-2.04925637686562,-1.7513091521387,-1.65829557152332,-0.857291121760219,0,0.30455027156785,0.240852686192106,0.803220939173928,-2.29441689604732,-0.115527668120584,-0.943743132953796,-0.573036322923677,0,0.234952637466807,-0.118620543902568,-0.38603608791325,-0.150465586721052,-0.913691929401382,0.594989226167744,0.516807509566074,-1.05131596453189,-1.04417146101204,-2.17818778898049,1.19073237253343,-1.17499695215286,-0.446388933917771,-0.203540575502824,-0.747785444505228,-0.283004608050685,-0.633121044781284,-1.68964473962132,-0.0889512741522486,-1.53038597827004
46,"Heidelberg","lab",4,3,1,3,3,3,4,4,4,4,4,4,4,2.5,3.75,4,54,2,2,3,2,2,1,3,2,1,3,2,4,4,4,3,4,3,2,3,4,2,3.27272727272727,0.411215195071269,-1.13987867023188,0.844830855744117,0.615817895154921,0.230791286712872,0.991575666225303,1.2397881621576,1.26064306202538,1.4994055874611,1.47330109405514,1.13843791990839,1.08018780474035,0.191496382849413,1.18990167958276,1.72605199201942,0.243102726836215,-0.573036322923677,-1.49836512213001,0.234952637466807,-0.118620543902568,-0.38603608791325,-1.30403508491578,0.433417966510912,-0.499790949980904,-1.46428794377054,0.414154773906502,-1.04417146101204,1.1249980888141,1.19073237253343,2.02954019008221,0.540817362246531,1.06171165059581,0.673624904554296,-0.283004608050685,0.753715529501529,0.972124370741034,-1.07491720451453,1.39722379462018
47,"Heidelberg","lab",4,1,4,3,2,3,3,2,1,2,1,2,4,2.5,2.25,2.25,59,3,3,3,3,3,2,3,3,3,4,3,4,4,1,3,3,2,2,3,4,2.88888888888889,3,-1.55919094797856,1.39727062802617,0.844830855744117,-0.354306186253517,0.230791286712872,-0.0220350148050064,-0.754276714039937,-1.65829557152332,-0.0717255520197794,-0.736650547027571,-0.529337376772693,1.08018780474035,0.191496382849413,-0.710635725306372,-0.115527668120584,0.902461537830666,0.891389835659053,0,0.234952637466807,0.97268846000106,0.900750871797584,-0.150465586721052,0.433417966510912,0.594989226167744,0.516807509566074,1.87962551234489,0.233272347672903,1.1249980888141,1.19073237253343,-1.17499695215286,0.540817362246531,-0.203540575502824,-0.747785444505228,-0.283004608050685,0.753715529501529,0.972124370741034,0.897014656210033,0.721621539337823
48,"Heidelberg","lab",4,3,3,3,3,3,3,3,3,4,4,4,4,3,3,4,46,2,2,4,2,2,1,1,2,3,3,3,3,2,1,4,4,2,1,1,3,2.11111111111111,2.45454545454545,0.411215195071269,0.551554195273488,0.844830855744117,0.615817895154921,0.230791286712872,-0.0220350148050064,0.24275572405883,0.287663517509148,1.4994055874611,1.47330109405514,1.13843791990839,1.08018780474035,0.803220939173928,0.239632977138195,1.72605199201942,-0.811871370754906,-0.573036322923677,-1.49836512213001,1.52159803311837,-0.118620543902568,-0.38603608791325,-1.30403508491578,-2.26080182531368,-0.499790949980904,0.516807509566074,0.414154773906502,0.233272347672903,0.0239361295492363,-1.49425238906156,-1.17499695215286,1.52802365841083,1.06171165059581,-0.747785444505228,-1.66792077510723,-2.0199576190641,-0.358760184440144,-0.82842572192396,-0.629582971226893
49,"Heidelberg","lab",4,4,3,2,1,2,1,1,1,4,3,3,4,2.5,1.25,3.5,58,3,4,3,3,3,3,3,4,2,2,3,2,2,2,3,4,2,3,3,4,3.11111111111111,2.72727272727273,1.39641826659618,0.551554195273488,-0.0717309217141236,-1.32443026766195,-0.734335912268229,-2.04925637686562,-1.7513091521387,-1.65829557152332,1.4994055874611,0.736650547027571,0.30455027156785,1.08018780474035,0.191496382849413,-1.97766066189913,1.19988637483656,0.770589775631776,0.891389835659053,1.49836512213001,0.234952637466807,0.97268846000106,0.900750871797584,1.00310391147368,0.433417966510912,1.68976940231639,-0.473740217102234,-1.05131596453189,0.233272347672903,-1.07712582971563,-1.49425238906156,-0.106817904741169,0.540817362246531,1.06171165059581,-0.747785444505228,1.10191155900586,0.753715529501529,0.972124370741034,1.38999762139117,0.0460192840554642
50,"Heidelberg","lab",4,3,3,3,3,2,3,2,2,2,2,2,1,3,2.25,1.75,43,2,2,2,2,3,1,2,1,3,2,3,3,2,3,1,3,1,1,3,3,2,2.27272727272727,0.411215195071269,0.551554195273488,0.844830855744117,0.615817895154921,-0.734335912268229,-0.0220350148050064,-0.754276714039937,-0.685316027007087,-0.0717255520197794,0,-0.529337376772693,-1.43781755090439,0.803220939173928,-0.710635725306372,-0.641693285303443,-1.20748665735158,-0.573036322923677,-1.49836512213001,-1.05169275818476,-0.118620543902568,0.900750871797584,-1.30403508491578,-0.913691929401382,-1.59457112612955,0.516807509566074,-1.05131596453189,0.233272347672903,0.0239361295492363,-1.49425238906156,0.961361142670521,-1.43359523008207,-0.203540575502824,-2.16919579356475,-1.66792077510723,0.753715529501529,-0.358760184440144,-1.07491720451453,-1.07998447474847
51,"Heidelberg","lab",4,3,0,1,1,3,3,3,3,2,1,3,1,1.25,3,1.75,52,3,3,3,2,3,3,4,3,1,2,3,4,2,1,1,3,3,3,2,3,2.77777777777778,2.45454545454545,0.411215195071269,-1.98559510298456,-0.988292699172365,-1.32443026766195,0.230791286712872,-0.0220350148050064,0.24275572405883,0.287663517509148,-0.0717255520197794,-0.736650547027571,0.30455027156785,-1.43781755090439,-1.33781500796187,0.239632977138195,-0.641693285303443,-0.0206407975615652,0.891389835659053,0,0.234952637466807,-0.118620543902568,0.900750871797584,1.00310391147368,1.78052786242321,0.594989226167744,-1.46428794377054,-1.05131596453189,0.233272347672903,1.1249980888141,-1.49425238906156,-1.17499695215286,-1.43359523008207,-0.203540575502824,0.673624904554296,1.10191155900586,-0.633121044781284,-0.358760184440144,0.650523173619462,-0.629582971226893
52,"Heidelberg","lab",4,1,3,1,1,4,4,3,3,1,0,1,0,1.5,3.5,0.5,61,3,3,4,2,3,2,3,4,1,3,3,4,3,3,4,3,3,3,3,4,2.77777777777778,3.27272727272727,-1.55919094797856,0.551554195273488,-0.988292699172365,-1.32443026766195,1.19591848569397,0.991575666225303,0.24275572405883,0.287663517509148,-0.857291121760219,-1.47330109405514,-1.36322502511324,-2.27715266945263,-1.03195272979962,0.873145445434573,-1.95710732826059,1.16620506222845,0.891389835659053,0,1.52159803311837,-0.118620543902568,0.900750871797584,-0.150465586721052,0.433417966510912,1.68976940231639,-1.46428794377054,0.414154773906502,0.233272347672903,1.1249980888141,-0.151760008264064,0.961361142670521,1.52802365841083,-0.203540575502824,0.673624904554296,1.10191155900586,0.753715529501529,0.972124370741034,0.650523173619462,1.39722379462018
53,"Heidelberg","lab",4,1,3,1,3,0,3,1,1,2,2,2,3,2,1.25,2.25,51,2,3,2,3,3,1,2,3,3,2,2,3,2,3,2,4,3,2,2,4,2.44444444444444,2.63636363636364,-1.55919094797856,0.551554195273488,-0.988292699172365,0.615817895154921,-2.66459031023043,-0.0220350148050064,-1.7513091521387,-1.65829557152332,-0.0717255520197794,0,-0.529337376772693,0.240852686192106,-0.420228173475101,-1.97766066189913,-0.115527668120584,-0.152512559760455,-0.573036322923677,0,-1.05169275818476,0.97268846000106,0.900750871797584,-1.30403508491578,-0.913691929401382,0.594989226167744,0.516807509566074,-1.05131596453189,-1.04417146101204,0.0239361295492363,-1.49425238906156,0.961361142670521,-0.446388933917771,1.06171165059581,0.673624904554296,-0.283004608050685,-0.633121044781284,0.972124370741034,-0.0889512741522486,-0.179181467705322
54,"Heidelberg","lab",4,1,2,1,4,4,4,3,4,3,3,3,4,2,3.75,3.25,61,3,3,4,4,4,3,2,2,4,3,3,4,4,2,3,2,2,2,3,4,3.22222222222222,2.90909090909091,-1.55919094797856,-0.294162237479194,-0.988292699172365,1.58594197656336,1.19591848569397,0.991575666225303,0.24275572405883,1.26064306202538,0.713840017720661,0.736650547027571,0.30455027156785,1.08018780474035,-0.420228173475101,1.18990167958276,0.936803566245133,1.16620506222845,0.891389835659053,0,1.52159803311837,2.06399746390469,2.18753783150842,1.00310391147368,-0.913691929401382,-0.499790949980904,1.50735523623438,0.414154773906502,0.233272347672903,1.1249980888141,1.19073237253343,-0.106817904741169,0.540817362246531,-1.46879280160146,-0.747785444505228,-0.283004608050685,0.753715529501529,0.972124370741034,1.63648910398174,0.496420787577037
55,"Heidelberg","lab",4,1,1,1,1,4,4,3,3,2,3,3,4,1,3.5,3,58,3,3,4,2,3,2,3,2,2,4,3,4,3,2,2,4,3,2,4,3,2.66666666666667,3.09090909090909,-1.55919094797856,-1.13987867023188,-0.988292699172365,-1.32443026766195,1.19591848569397,0.991575666225303,0.24275572405883,0.287663517509148,-0.0717255520197794,0.736650547027571,0.30455027156785,1.08018780474035,-1.64367728612413,0.873145445434573,0.673720757653704,0.770589775631776,0.891389835659053,0,1.52159803311837,-0.118620543902568,0.900750871797584,-0.150465586721052,0.433417966510912,-0.499790949980904,-0.473740217102234,1.87962551234489,0.233272347672903,1.1249980888141,-0.151760008264064,-0.106817904741169,-0.446388933917771,1.06171165059581,0.673624904554296,-0.283004608050685,2.14055210378434,-0.358760184440144,0.404031691028892,0.946822291098609
56,"Heidelberg","lab",4,1,1,1,2,4,3,3,3,1,1,2,1,1.25,3.25,1.25,64,3,4,3,3,3,3,3,2,3,4,4,3,3,2,4,4,3,3,3,4,3,3.36363636363636,-1.55919094797856,-1.13987867023188,-0.988292699172365,-0.354306186253517,1.19591848569397,-0.0220350148050064,0.24275572405883,0.287663517509148,-0.857291121760219,-0.736650547027571,-0.529337376772693,-1.43781755090439,-1.33781500796187,0.556389211286384,-1.1678589024863,1.56182034882512,0.891389835659053,1.49836512213001,0.234952637466807,0.97268846000106,0.900750871797584,1.00310391147368,0.433417966510912,-0.499790949980904,0.516807509566074,1.87962551234489,1.51071615635785,0.0239361295492363,-0.151760008264064,-0.106817904741169,1.52802365841083,1.06171165059581,0.673624904554296,1.10191155900586,0.753715529501529,0.972124370741034,1.1435061388006,1.62242454638097
57,"Heidelberg","lab",4,4,3,3,3,3,4,3,3,3,2,3,3,3.25,3.25,2.75,62,3,3,4,2,4,3,3,2,3,3,4,4,3,2,3,4,3,3,3,3,3,3.18181818181818,1.39641826659618,0.551554195273488,0.844830855744117,0.615817895154921,0.230791286712872,0.991575666225303,0.24275572405883,0.287663517509148,0.713840017720661,0,0.30455027156785,0.240852686192106,1.10908321733619,0.556389211286384,0.410637949062275,1.29807682442734,0.891389835659053,0,1.52159803311837,-0.118620543902568,2.18753783150842,1.00310391147368,0.433417966510912,-0.499790949980904,0.516807509566074,0.414154773906502,1.51071615635785,1.1249980888141,-0.151760008264064,-0.106817904741169,0.540817362246531,1.06171165059581,0.673624904554296,1.10191155900586,0.753715529501529,-0.358760184440144,1.1435061388006,1.17202304285939
58,"Heidelberg","lab",4,3,1,1,3,4,4,3,3,3,1,3,3,2,3.5,2.5,51,2,3,4,1,2,2,2,4,1,2,2,4,3,2,2,4,3,2,2,4,2.33333333333333,2.72727272727273,0.411215195071269,-1.13987867023188,-0.988292699172365,0.615817895154921,1.19591848569397,0.991575666225303,0.24275572405883,0.287663517509148,0.713840017720661,-0.736650547027571,0.30455027156785,0.240852686192106,-0.420228173475101,0.873145445434573,0.147555140470845,-0.152512559760455,-0.573036322923677,0,1.52159803311837,-1.2099295478062,-0.38603608791325,-0.150465586721052,-0.913691929401382,1.68976940231639,-1.46428794377054,-1.05131596453189,-1.04417146101204,1.1249980888141,-0.151760008264064,-0.106817904741169,-0.446388933917771,1.06171165059581,0.673624904554296,-0.283004608050685,-0.633121044781284,0.972124370741034,-0.335442756742819,0.0460192840554642
59,"Heidelberg","lab",4,3,2,3,3,2,2,2,3,1,1,3,1,2.75,2.25,1.5,42,2,2,3,2,2,1,2,1,2,3,3,4,3,1,1,3,1,1,2,3,1.88888888888889,2.27272727272727,0.411215195071269,-0.294162237479194,0.844830855744117,0.615817895154921,-0.734335912268229,-1.03564569583532,-0.754276714039937,0.287663517509148,-0.857291121760219,-0.736650547027571,0.30455027156785,-1.43781755090439,0.49735866101167,-0.710635725306372,-0.904776093894872,-1.33935841955047,-0.573036322923677,-1.49836512213001,0.234952637466807,-0.118620543902568,-0.38603608791325,-1.30403508491578,-0.913691929401382,-1.59457112612955,-0.473740217102234,0.414154773906502,0.233272347672903,1.1249980888141,-0.151760008264064,-1.17499695215286,-1.43359523008207,-0.203540575502824,-2.16919579356475,-1.66792077510723,-0.633121044781284,-0.358760184440144,-1.3214086871051,-1.07998447474847
60,"Heidelberg","lab",4,3,3,4,3,3,3,3,3,1,1,2,1,3.25,3,1.25,39,2,2,1,2,1,2,1,1,3,2,2,1,4,3,2,2,1,2,2,3,1.66666666666667,2.18181818181818,0.411215195071269,0.551554195273488,1.76139263320236,0.615817895154921,0.230791286712872,-0.0220350148050064,0.24275572405883,0.287663517509148,-0.857291121760219,-0.736650547027571,-0.529337376772693,-1.43781755090439,1.10908321733619,0.239632977138195,-1.1678589024863,-1.73497370614714,-0.573036322923677,-1.49836512213001,-2.33833815383632,-0.118620543902568,-1.67282304762408,-0.150465586721052,-2.26080182531368,-1.59457112612955,0.516807509566074,-1.05131596453189,-1.04417146101204,-2.17818778898049,1.19073237253343,0.961361142670521,-0.446388933917771,-1.46879280160146,-2.16919579356475,-0.283004608050685,-0.633121044781284,-0.358760184440144,-1.81439165228624,-1.30518522650925
61,"Heidelberg","lab",4,2,1,1,1,4,3,3,3,3,3,2,4,1.25,3.25,3,48,3,3,3,1,1,1,3,2,2,3,3,3,3,1,1,4,3,2,2,4,2.11111111111111,2.63636363636364,-0.573987876453645,-1.13987867023188,-0.988292699172365,-1.32443026766195,1.19591848569397,-0.0220350148050064,0.24275572405883,0.287663517509148,0.713840017720661,0.736650547027571,-0.529337376772693,1.08018780474035,-1.33781500796187,0.556389211286384,0.673720757653704,-0.548127846357126,0.891389835659053,0,0.234952637466807,-1.2099295478062,-1.67282304762408,-1.30403508491578,0.433417966510912,-0.499790949980904,-0.473740217102234,0.414154773906502,0.233272347672903,0.0239361295492363,-0.151760008264064,-1.17499695215286,-1.43359523008207,1.06171165059581,0.673624904554296,-0.283004608050685,-0.633121044781284,0.972124370741034,-0.82842572192396,-0.179181467705322
62,"Heidelberg","lab",4,1,1,1,4,4,0,4,3,3,3,4,4,1.75,2.75,3.5,59,2,3,3,2,3,1,3,4,3,3,2,4,4,4,4,3,3,2,3,3,2.66666666666667,3.18181818181818,-1.55919094797856,-1.13987867023188,-0.988292699172365,1.58594197656336,1.19591848569397,-3.06286705789593,1.2397881621576,0.287663517509148,0.713840017720661,0.736650547027571,1.13843791990839,1.08018780474035,-0.726090451637359,-0.077123257009994,1.19988637483656,0.902461537830666,-0.573036322923677,0,0.234952637466807,-0.118620543902568,0.900750871797584,-1.30403508491578,0.433417966510912,1.68976940231639,0.516807509566074,0.414154773906502,-1.04417146101204,1.1249980888141,1.19073237253343,2.02954019008221,1.52802365841083,-0.203540575502824,0.673624904554296,-0.283004608050685,0.753715529501529,-0.358760184440144,0.404031691028892,1.17202304285939
63,"Heidelberg","lab",4,2,3,1,1,2,2,1,4,2,1,1,4,1.75,2.25,2,51,2,3,2,1,3,3,3,2,3,2,3,3,3,2,3,3,2,3,2,3,2.44444444444444,2.63636363636364,-0.573987876453645,0.551554195273488,-0.988292699172365,-1.32443026766195,-0.734335912268229,-1.03564569583532,-1.7513091521387,1.26064306202538,-0.0717255520197794,-0.736650547027571,-1.36322502511324,1.08018780474035,-0.726090451637359,-0.710635725306372,-0.378610476712013,-0.152512559760455,-0.573036322923677,0,-1.05169275818476,-1.2099295478062,0.900750871797584,1.00310391147368,0.433417966510912,-0.499790949980904,0.516807509566074,-1.05131596453189,0.233272347672903,0.0239361295492363,-0.151760008264064,-0.106817904741169,0.540817362246531,-0.203540575502824,-0.747785444505228,1.10191155900586,-0.633121044781284,-0.358760184440144,-0.0889512741522486,-0.179181467705322
64,"Heidelberg","lab",4,3,1,1,1,2,3,3,3,1,1,1,2,1.5,2.75,1.25,48,2,3,3,1,1,2,3,4,3,1,3,4,3,2,2,3,2,2,2,2,2.44444444444444,2.36363636363636,0.411215195071269,-1.13987867023188,-0.988292699172365,-1.32443026766195,-0.734335912268229,-0.0220350148050064,0.24275572405883,0.287663517509148,-0.857291121760219,-0.736650547027571,-1.36322502511324,-0.598482432356141,-1.03195272979962,-0.077123257009994,-1.1678589024863,-0.548127846357126,-0.573036322923677,0,0.234952637466807,-1.2099295478062,-1.67282304762408,-0.150465586721052,0.433417966510912,1.68976940231639,0.516807509566074,-2.51678670297028,0.233272347672903,1.1249980888141,-0.151760008264064,-0.106817904741169,-0.446388933917771,-0.203540575502824,-0.747785444505228,-0.283004608050685,-0.633121044781284,-1.68964473962132,-0.0889512741522486,-0.854783722987679
65,"Heidelberg","lab",4,3,1,1,3,3,4,3,3,4,3,3,4,2,3.25,3.5,53,2,2,2,3,2,2,2,3,3,3,2,3,3,3,4,2,3,2,3,4,2.33333333333333,2.90909090909091,0.411215195071269,-1.13987867023188,-0.988292699172365,0.615817895154921,0.230791286712872,0.991575666225303,0.24275572405883,0.287663517509148,1.4994055874611,0.736650547027571,0.30455027156785,1.08018780474035,-0.420228173475101,0.556389211286384,1.19988637483656,0.111230964637325,-0.573036322923677,-1.49836512213001,-1.05169275818476,0.97268846000106,-0.38603608791325,-0.150465586721052,-0.913691929401382,0.594989226167744,0.516807509566074,0.414154773906502,-1.04417146101204,0.0239361295492363,-0.151760008264064,0.961361142670521,1.52802365841083,-1.46879280160146,0.673624904554296,-0.283004608050685,0.753715529501529,0.972124370741034,-0.335442756742819,0.496420787577037
66,"Heidelberg","lab",4,4,3,2,1,3,3,3,3,2,2,2,1,2.5,3,1.75,57,2,3,4,2,3,3,3,4,2,3,3,2,2,2,3,3,4,3,3,3,2.88888888888889,2.81818181818182,1.39641826659618,0.551554195273488,-0.0717309217141236,-1.32443026766195,0.230791286712872,-0.0220350148050064,0.24275572405883,0.287663517509148,-0.0717255520197794,0,-0.529337376772693,-1.43781755090439,0.191496382849413,0.239632977138195,-0.641693285303443,0.638718013432886,-0.573036322923677,0,1.52159803311837,-0.118620543902568,0.900750871797584,1.00310391147368,0.433417966510912,1.68976940231639,-0.473740217102234,0.414154773906502,0.233272347672903,-1.07712582971563,-1.49425238906156,-0.106817904741169,0.540817362246531,-0.203540575502824,2.09503525361382,1.10191155900586,0.753715529501529,-0.358760184440144,0.897014656210033,0.271220035816251
67,"Heidelberg","lab",4,3,4,3,3,2,3,3,3,2,3,3,4,3.25,2.75,3,42,1,2,2,2,3,3,2,2,4,2,1,3,3,2,2,1,1,2,2,2,2.33333333333333,1.90909090909091,0.411215195071269,1.39727062802617,0.844830855744117,0.615817895154921,-0.734335912268229,-0.0220350148050064,0.24275572405883,0.287663517509148,-0.0717255520197794,0.736650547027571,0.30455027156785,1.08018780474035,1.10908321733619,-0.077123257009994,0.673720757653704,-1.33935841955047,-2.03746248150641,-1.49836512213001,-1.05169275818476,-0.118620543902568,0.900750871797584,1.00310391147368,-0.913691929401382,-0.499790949980904,1.50735523623438,-1.05131596453189,-2.32161526969699,0.0239361295492363,-0.151760008264064,-0.106817904741169,-0.446388933917771,-2.73404502770009,-2.16919579356475,-0.283004608050685,-0.633121044781284,-1.68964473962132,-0.335442756742819,-1.98078748179161
68,"Heidelberg","lab",4,4,3,2,3,3,3,3,2,2,0,0,0,3,2.75,0.5,48,2,3,3,1,2,1,3,2,1,3,3,2,2,2,4,2,4,3,2,3,2,2.72727272727273,1.39641826659618,0.551554195273488,-0.0717309217141236,0.615817895154921,0.230791286712872,-0.0220350148050064,0.24275572405883,-0.685316027007087,-0.0717255520197794,-1.47330109405514,-2.19711267345378,-2.27715266945263,0.803220939173928,-0.077123257009994,-1.95710732826059,-0.548127846357126,-0.573036322923677,0,0.234952637466807,-1.2099295478062,-0.38603608791325,-1.30403508491578,0.433417966510912,-0.499790949980904,-1.46428794377054,0.414154773906502,0.233272347672903,-1.07712582971563,-1.49425238906156,-0.106817904741169,1.52802365841083,-1.46879280160146,2.09503525361382,1.10191155900586,-0.633121044781284,-0.358760184440144,-1.07491720451453,0.0460192840554642
69,"Heidelberg","lab",4,2,1,1,2,2,4,2,3,0,0,3,3,1.5,2.75,1.5,51,2,3,3,2,2,2,3,2,1,3,3,3,3,2,3,3,3,2,2,4,2.22222222222222,2.81818181818182,-0.573987876453645,-1.13987867023188,-0.988292699172365,-0.354306186253517,-0.734335912268229,0.991575666225303,-0.754276714039937,0.287663517509148,-1.64285669150066,-1.47330109405514,0.30455027156785,0.240852686192106,-1.03195272979962,-0.077123257009994,-0.904776093894872,-0.152512559760455,-0.573036322923677,0,0.234952637466807,-0.118620543902568,-0.38603608791325,-0.150465586721052,0.433417966510912,-0.499790949980904,-1.46428794377054,0.414154773906502,0.233272347672903,0.0239361295492363,-0.151760008264064,-0.106817904741169,0.540817362246531,-0.203540575502824,0.673624904554296,-0.283004608050685,-0.633121044781284,0.972124370741034,-0.58193423933339,0.271220035816251
70,"Heidelberg","lab",4,3,3,3,3,3,3,3,2,3,3,4,2,3,2.75,3,50,2,3,3,3,1,1,3,4,3,2,3,2,2,3,3,3,3,2,2,2,2.55555555555556,2.45454545454545,0.411215195071269,0.551554195273488,0.844830855744117,0.615817895154921,0.230791286712872,-0.0220350148050064,0.24275572405883,-0.685316027007087,0.713840017720661,0.736650547027571,1.13843791990839,-0.598482432356141,0.803220939173928,-0.077123257009994,0.673720757653704,-0.284384321959345,-0.573036322923677,0,0.234952637466807,0.97268846000106,-1.67282304762408,-1.30403508491578,0.433417966510912,1.68976940231639,0.516807509566074,-1.05131596453189,0.233272347672903,-1.07712582971563,-1.49425238906156,0.961361142670521,0.540817362246531,-0.203540575502824,0.673624904554296,-0.283004608050685,-0.633121044781284,-1.68964473962132,0.157540208438321,-0.629582971226893
71,"Heidelberg","lab",4,1,1,1,2,2,3,3,2,1,1,1,0,1.25,2.5,0.75,47,2,3,3,2,3,2,3,1,2,2,2,4,4,2,2,2,2,2,2,2,2.33333333333333,2.36363636363636,-1.55919094797856,-1.13987867023188,-0.988292699172365,-0.354306186253517,-0.734335912268229,-0.0220350148050064,0.24275572405883,-0.685316027007087,-0.857291121760219,-0.736650547027571,-1.36322502511324,-2.27715266945263,-1.33781500796187,-0.393879491158183,-1.69402451966916,-0.679999608556016,-0.573036322923677,0,0.234952637466807,-0.118620543902568,0.900750871797584,-0.150465586721052,0.433417966510912,-1.59457112612955,-0.473740217102234,-1.05131596453189,-1.04417146101204,1.1249980888141,1.19073237253343,-0.106817904741169,-0.446388933917771,-1.46879280160146,-0.747785444505228,-0.283004608050685,-0.633121044781284,-1.68964473962132,-0.335442756742819,-0.854783722987679
72,"Heidelberg","lab",4,3,1,2,3,3,3,3,3,4,3,3,1,2.25,3,2.75,47,2,2,1,3,1,1,2,3,2,3,2,4,4,1,3,4,1,1,3,4,1.88888888888889,2.72727272727273,0.411215195071269,-1.13987867023188,-0.0717309217141236,0.615817895154921,0.230791286712872,-0.0220350148050064,0.24275572405883,0.287663517509148,1.4994055874611,0.736650547027571,0.30455027156785,-1.43781755090439,-0.114365895312844,0.239632977138195,0.410637949062275,-0.679999608556016,-0.573036322923677,-1.49836512213001,-2.33833815383632,0.97268846000106,-1.67282304762408,-1.30403508491578,-0.913691929401382,0.594989226167744,-0.473740217102234,0.414154773906502,-1.04417146101204,1.1249980888141,1.19073237253343,-1.17499695215286,0.540817362246531,1.06171165059581,-2.16919579356475,-1.66792077510723,0.753715529501529,0.972124370741034,-1.3214086871051,0.0460192840554642
73,"Heidelberg","lab",4,3,3,3,3,3,4,3,3,3,1,1,3,3,3.25,2,52,3,3,3,3,3,3,2,3,2,2,1,3,3,1,3,3,3,2,2,4,2.77777777777778,2.45454545454545,0.411215195071269,0.551554195273488,0.844830855744117,0.615817895154921,0.230791286712872,0.991575666225303,0.24275572405883,0.287663517509148,0.713840017720661,-0.736650547027571,-1.36322502511324,0.240852686192106,0.803220939173928,0.556389211286384,-0.378610476712013,-0.0206407975615652,0.891389835659053,0,0.234952637466807,0.97268846000106,0.900750871797584,1.00310391147368,-0.913691929401382,0.594989226167744,-0.473740217102234,-1.05131596453189,-2.32161526969699,0.0239361295492363,-0.151760008264064,-1.17499695215286,0.540817362246531,-0.203540575502824,0.673624904554296,-0.283004608050685,-0.633121044781284,0.972124370741034,0.650523173619462,-0.629582971226893
74,"Heidelberg","lab",4,4,4,2,2,3,3,3,3,4,3,4,4,3,3,3.75,46,3,3,3,2,3,3,3,2,1,3,1,1,3,2,1,1,2,3,2,4,2.55555555555556,2.09090909090909,1.39641826659618,1.39727062802617,-0.0717309217141236,-0.354306186253517,0.230791286712872,-0.0220350148050064,0.24275572405883,0.287663517509148,1.4994055874611,0.736650547027571,1.13843791990839,1.08018780474035,0.803220939173928,0.239632977138195,1.46296918342799,-0.811871370754906,0.891389835659053,0,0.234952637466807,-0.118620543902568,0.900750871797584,1.00310391147368,0.433417966510912,-0.499790949980904,-1.46428794377054,0.414154773906502,-2.32161526969699,-2.17818778898049,-0.151760008264064,-0.106817904741169,-1.43359523008207,-2.73404502770009,-0.747785444505228,1.10191155900586,-0.633121044781284,0.972124370741034,0.157540208438321,-1.53038597827004
75,"Heidelberg","lab",4,3,1,1,1,3,4,3,3,4,4,4,3,1.5,3.25,3.75,51,3,3,3,1,1,2,3,4,3,3,2,4,3,3,3,3,2,2,1,2,2.55555555555556,2.54545454545455,0.411215195071269,-1.13987867023188,-0.988292699172365,-1.32443026766195,0.230791286712872,0.991575666225303,0.24275572405883,0.287663517509148,1.4994055874611,1.47330109405514,1.13843791990839,0.240852686192106,-1.03195272979962,0.556389211286384,1.46296918342799,-0.152512559760455,0.891389835659053,0,0.234952637466807,-1.2099295478062,-1.67282304762408,-0.150465586721052,0.433417966510912,1.68976940231639,0.516807509566074,0.414154773906502,-1.04417146101204,1.1249980888141,-0.151760008264064,0.961361142670521,0.540817362246531,-0.203540575502824,-0.747785444505228,-0.283004608050685,-2.0199576190641,-1.68964473962132,0.157540208438321,-0.404382219466108
76,"Heidelberg","lab",4,3,4,1,1,3,4,4,4,3,3,3,2,2.25,3.75,2.75,48,3,3,2,3,4,1,2,2,4,1,2,3,3,1,2,4,2,1,2,3,2.66666666666667,2.18181818181818,0.411215195071269,1.39727062802617,-0.988292699172365,-1.32443026766195,0.230791286712872,0.991575666225303,1.2397881621576,1.26064306202538,0.713840017720661,0.736650547027571,0.30455027156785,-0.598482432356141,-0.114365895312844,1.18990167958276,0.410637949062275,-0.548127846357126,0.891389835659053,0,-1.05169275818476,0.97268846000106,2.18753783150842,-1.30403508491578,-0.913691929401382,-0.499790949980904,1.50735523623438,-2.51678670297028,-1.04417146101204,0.0239361295492363,-0.151760008264064,-1.17499695215286,-0.446388933917771,1.06171165059581,-0.747785444505228,-1.66792077510723,-0.633121044781284,-0.358760184440144,0.404031691028892,-1.30518522650925
77,"Heidelberg","lab",4,1,2,2,3,4,4,4,4,4,4,4,4,2,4,4,66,3,3,3,4,3,3,4,3,3,4,4,3,3,2,4,2,4,3,4,4,3.22222222222222,3.36363636363636,-1.55919094797856,-0.294162237479194,-0.0717309217141236,0.615817895154921,1.19591848569397,0.991575666225303,1.2397881621576,1.26064306202538,1.4994055874611,1.47330109405514,1.13843791990839,1.08018780474035,-0.420228173475101,1.50665791373095,1.72605199201942,1.8255638732229,0.891389835659053,0,0.234952637466807,2.06399746390469,0.900750871797584,1.00310391147368,1.78052786242321,0.594989226167744,0.516807509566074,1.87962551234489,1.51071615635785,0.0239361295492363,-0.151760008264064,-0.106817904741169,1.52802365841083,-1.46879280160146,2.09503525361382,1.10191155900586,2.14055210378434,0.972124370741034,1.63648910398174,1.62242454638097
78,"Heidelberg","lab",4,4,3,4,4,1,3,3,3,4,4,4,4,3.75,2.5,4,31,1,1,1,1,1,4,1,2,1,1,1,3,2,1,2,1,1,1,1,4,1.44444444444444,1.63636363636364,1.39641826659618,0.551554195273488,1.76139263320236,1.58594197656336,-1.69946311124933,-0.0220350148050064,0.24275572405883,0.287663517509148,1.4994055874611,1.47330109405514,1.13843791990839,1.08018780474035,1.7208077736607,-0.393879491158183,1.72605199201942,-2.78994780373826,-2.03746248150641,-2.99673024426002,-2.33833815383632,-1.2099295478062,-1.67282304762408,2.1566734096684,-2.26080182531368,-0.499790949980904,-1.46428794377054,-2.51678670297028,-2.32161526969699,0.0239361295492363,-1.49425238906156,-1.17499695215286,-0.446388933917771,-2.73404502770009,-2.16919579356475,-1.66792077510723,-2.0199576190641,0.972124370741034,-2.30737461746738,-2.65638973707397
79,"Heidelberg","lab",4,3,3,2,1,4,1,3,3,1,1,3,4,2.25,2.75,2.25,54,2,3,2,2,2,2,3,2,2,3,2,4,4,3,4,3,3,2,3,3,2.22222222222222,3.09090909090909,0.411215195071269,0.551554195273488,-0.0717309217141236,-1.32443026766195,1.19591848569397,-2.04925637686562,0.24275572405883,0.287663517509148,-0.857291121760219,-0.736650547027571,0.30455027156785,1.08018780474035,-0.114365895312844,-0.077123257009994,-0.115527668120584,0.243102726836215,-0.573036322923677,0,-1.05169275818476,-0.118620543902568,-0.38603608791325,-0.150465586721052,0.433417966510912,-0.499790949980904,-0.473740217102234,0.414154773906502,-1.04417146101204,1.1249980888141,1.19073237253343,0.961361142670521,1.52802365841083,-0.203540575502824,0.673624904554296,-0.283004608050685,0.753715529501529,-0.358760184440144,-0.58193423933339,0.946822291098609
80,"Heidelberg","lab",4,3,3,1,1,2,3,3,3,2,0,3,3,2,2.75,2,58,3,3,3,1,2,2,4,2,2,3,4,3,4,3,4,4,3,2,3,3,2.44444444444444,3.27272727272727,0.411215195071269,0.551554195273488,-0.988292699172365,-1.32443026766195,-0.734335912268229,-0.0220350148050064,0.24275572405883,0.287663517509148,-0.0717255520197794,-1.47330109405514,0.30455027156785,0.240852686192106,-0.420228173475101,-0.077123257009994,-0.378610476712013,0.770589775631776,0.891389835659053,0,0.234952637466807,-1.2099295478062,-0.38603608791325,-0.150465586721052,1.78052786242321,-0.499790949980904,-0.473740217102234,0.414154773906502,1.51071615635785,0.0239361295492363,1.19073237253343,0.961361142670521,1.52802365841083,1.06171165059581,0.673624904554296,-0.283004608050685,0.753715529501529,-0.358760184440144,-0.0889512741522486,1.39722379462018
81,"Heidelberg","lab",4,3,3,3,3,3,3,4,3,1,1,1,1,3,3.25,1,47,2,3,3,2,2,3,2,3,1,2,3,3,2,2,3,2,2,2,2,3,2.33333333333333,2.36363636363636,0.411215195071269,0.551554195273488,0.844830855744117,0.615817895154921,0.230791286712872,-0.0220350148050064,1.2397881621576,0.287663517509148,-0.857291121760219,-0.736650547027571,-1.36322502511324,-1.43781755090439,0.803220939173928,0.556389211286384,-1.43094171107773,-0.679999608556016,-0.573036322923677,0,0.234952637466807,-0.118620543902568,-0.38603608791325,1.00310391147368,-0.913691929401382,0.594989226167744,-1.46428794377054,-1.05131596453189,0.233272347672903,0.0239361295492363,-1.49425238906156,-0.106817904741169,0.540817362246531,-1.46879280160146,-0.747785444505228,-0.283004608050685,-0.633121044781284,-0.358760184440144,-0.335442756742819,-0.854783722987679
82,"Heidelberg","lab",4,3,0,1,3,3,4,4,3,3,0,4,3,1.75,3.5,2.5,50,2,3,2,4,1,3,1,1,2,3,3,3,4,3,3,4,2,1,3,2,2.11111111111111,2.81818181818182,0.411215195071269,-1.98559510298456,-0.988292699172365,0.615817895154921,0.230791286712872,0.991575666225303,1.2397881621576,0.287663517509148,0.713840017720661,-1.47330109405514,1.13843791990839,0.240852686192106,-0.726090451637359,0.873145445434573,0.147555140470845,-0.284384321959345,-0.573036322923677,0,-1.05169275818476,2.06399746390469,-1.67282304762408,1.00310391147368,-2.26080182531368,-1.59457112612955,-0.473740217102234,0.414154773906502,0.233272347672903,0.0239361295492363,1.19073237253343,0.961361142670521,0.540817362246531,1.06171165059581,-0.747785444505228,-1.66792077510723,0.753715529501529,-1.68964473962132,-0.82842572192396,0.271220035816251
83,"Heidelberg","lab",4,3,3,1,3,3,2,2,3,1,1,2,3,2.5,2.5,1.75,51,3,3,3,2,2,3,3,3,2,2,3,3,2,2,3,3,2,2,2,3,2.66666666666667,2.45454545454545,0.411215195071269,0.551554195273488,-0.988292699172365,0.615817895154921,0.230791286712872,-1.03564569583532,-0.754276714039937,0.287663517509148,-0.857291121760219,-0.736650547027571,-0.529337376772693,0.240852686192106,0.191496382849413,-0.393879491158183,-0.641693285303443,-0.152512559760455,0.891389835659053,0,0.234952637466807,-0.118620543902568,-0.38603608791325,1.00310391147368,0.433417966510912,0.594989226167744,-0.473740217102234,-1.05131596453189,0.233272347672903,0.0239361295492363,-1.49425238906156,-0.106817904741169,0.540817362246531,-0.203540575502824,-0.747785444505228,-0.283004608050685,-0.633121044781284,-0.358760184440144,0.404031691028892,-0.629582971226893
84,"Heidelberg","lab",4,4,2,3,4,1,3,1,0,3,4,4,4,3.25,1.25,3.75,43,3,2,3,2,3,2,1,1,2,3,3,2,2,1,1,2,3,2,3,2,2.11111111111111,2.18181818181818,1.39641826659618,-0.294162237479194,0.844830855744117,1.58594197656336,-1.69946311124933,-0.0220350148050064,-1.7513091521387,-2.63127511603956,0.713840017720661,1.47330109405514,1.13843791990839,1.08018780474035,1.10908321733619,-1.97766066189913,1.46296918342799,-1.20748665735158,0.891389835659053,-1.49836512213001,0.234952637466807,-0.118620543902568,0.900750871797584,-0.150465586721052,-2.26080182531368,-1.59457112612955,-0.473740217102234,0.414154773906502,0.233272347672903,-1.07712582971563,-1.49425238906156,-1.17499695215286,-1.43359523008207,-1.46879280160146,0.673624904554296,-0.283004608050685,0.753715529501529,-1.68964473962132,-0.82842572192396,-1.30518522650925
85,"Heidelberg","lab",4,3,2,1,2,3,4,4,3,1,0,3,1,2,3.5,1.25,53,2,3,3,2,3,1,3,4,3,3,3,3,3,1,1,3,3,2,3,4,2.66666666666667,2.63636363636364,0.411215195071269,-0.294162237479194,-0.988292699172365,-0.354306186253517,0.230791286712872,0.991575666225303,1.2397881621576,0.287663517509148,-0.857291121760219,-1.47330109405514,0.30455027156785,-1.43781755090439,-0.420228173475101,0.873145445434573,-1.1678589024863,0.111230964637325,-0.573036322923677,0,0.234952637466807,-0.118620543902568,0.900750871797584,-1.30403508491578,0.433417966510912,1.68976940231639,0.516807509566074,0.414154773906502,0.233272347672903,0.0239361295492363,-0.151760008264064,-1.17499695215286,-1.43359523008207,-0.203540575502824,0.673624904554296,-0.283004608050685,0.753715529501529,0.972124370741034,0.404031691028892,-0.179181467705322
86,"Heidelberg","lab",4,4,4,4,4,3,3,3,3,2,1,3,2,4,3,2,45,1,3,2,2,1,1,2,3,2,2,2,4,2,2,3,3,2,2,2,4,1.88888888888889,2.54545454545455,1.39641826659618,1.39727062802617,1.76139263320236,1.58594197656336,0.230791286712872,-0.0220350148050064,0.24275572405883,0.287663517509148,-0.0717255520197794,-0.736650547027571,0.30455027156785,-0.598482432356141,2.02667005182296,0.239632977138195,-0.378610476712013,-0.943743132953796,-2.03746248150641,0,-1.05169275818476,-0.118620543902568,-1.67282304762408,-1.30403508491578,-0.913691929401382,0.594989226167744,-0.473740217102234,-1.05131596453189,-1.04417146101204,1.1249980888141,-1.49425238906156,-0.106817904741169,0.540817362246531,-0.203540575502824,-0.747785444505228,-0.283004608050685,-0.633121044781284,0.972124370741034,-1.3214086871051,-0.404382219466108
87,"Heidelberg","lab",4,1,3,1,2,3,4,3,3,1,0,1,3,1.75,3.25,1.25,55,2,3,3,4,2,1,3,3,2,3,3,3,3,2,3,3,3,3,3,3,2.55555555555556,2.90909090909091,-1.55919094797856,0.551554195273488,-0.988292699172365,-0.354306186253517,0.230791286712872,0.991575666225303,0.24275572405883,0.287663517509148,-0.857291121760219,-1.47330109405514,-1.36322502511324,0.240852686192106,-0.726090451637359,0.556389211286384,-1.1678589024863,0.374974489035105,-0.573036322923677,0,0.234952637466807,2.06399746390469,-0.38603608791325,-1.30403508491578,0.433417966510912,0.594989226167744,-0.473740217102234,0.414154773906502,0.233272347672903,0.0239361295492363,-0.151760008264064,-0.106817904741169,0.540817362246531,-0.203540575502824,0.673624904554296,1.10191155900586,0.753715529501529,-0.358760184440144,0.157540208438321,0.496420787577037
88,"Heidelberg","lab",4,1,3,1,2,4,4,3,3,1,3,3,2,1.75,3.5,2.25,54,2,3,3,2,1,2,3,3,4,3,3,3,3,3,2,3,3,2,3,3,2.55555555555556,2.81818181818182,-1.55919094797856,0.551554195273488,-0.988292699172365,-0.354306186253517,1.19591848569397,0.991575666225303,0.24275572405883,0.287663517509148,-0.857291121760219,0.736650547027571,0.30455027156785,-0.598482432356141,-0.726090451637359,0.873145445434573,-0.115527668120584,0.243102726836215,-0.573036322923677,0,0.234952637466807,-0.118620543902568,-1.67282304762408,-0.150465586721052,0.433417966510912,0.594989226167744,1.50735523623438,0.414154773906502,0.233272347672903,0.0239361295492363,-0.151760008264064,0.961361142670521,-0.446388933917771,-0.203540575502824,0.673624904554296,-0.283004608050685,0.753715529501529,-0.358760184440144,0.157540208438321,0.271220035816251
89,"Heidelberg","lab",4,3,3,1,3,4,3,3,4,4,4,3,3,2.5,3.5,3.5,55,3,3,3,3,2,3,2,1,3,3,3,3,2,3,4,3,3,2,2,4,2.55555555555556,2.90909090909091,0.411215195071269,0.551554195273488,-0.988292699172365,0.615817895154921,1.19591848569397,-0.0220350148050064,0.24275572405883,1.26064306202538,1.4994055874611,1.47330109405514,0.30455027156785,0.240852686192106,0.191496382849413,0.873145445434573,1.19988637483656,0.374974489035105,0.891389835659053,0,0.234952637466807,0.97268846000106,-0.38603608791325,1.00310391147368,-0.913691929401382,-1.59457112612955,0.516807509566074,0.414154773906502,0.233272347672903,0.0239361295492363,-1.49425238906156,0.961361142670521,1.52802365841083,-0.203540575502824,0.673624904554296,-0.283004608050685,-0.633121044781284,0.972124370741034,0.157540208438321,0.496420787577037
90,"Heidelberg","lab",4,3,3,1,1,4,4,4,4,1,1,1,4,2,4,1.75,63,3,3,3,3,3,2,3,3,4,3,3,4,2,4,3,3,4,3,3,4,3,3.27272727272727,0.411215195071269,0.551554195273488,-0.988292699172365,-1.32443026766195,1.19591848569397,0.991575666225303,1.2397881621576,1.26064306202538,-0.857291121760219,-0.736650547027571,-1.36322502511324,1.08018780474035,-0.420228173475101,1.50665791373095,-0.641693285303443,1.42994858662623,0.891389835659053,0,0.234952637466807,0.97268846000106,0.900750871797584,-0.150465586721052,0.433417966510912,0.594989226167744,1.50735523623438,0.414154773906502,0.233272347672903,1.1249980888141,-1.49425238906156,2.02954019008221,0.540817362246531,-0.203540575502824,2.09503525361382,1.10191155900586,0.753715529501529,0.972124370741034,1.1435061388006,1.39722379462018
91,"Heidelberg","lab",4,1,1,3,3,2,4,3,3,2,1,3,3,2,3,2.25,54,3,3,3,3,2,2,3,3,2,2,2,3,3,4,3,3,2,2,2,4,2.66666666666667,2.72727272727273,-1.55919094797856,-1.13987867023188,0.844830855744117,0.615817895154921,-0.734335912268229,0.991575666225303,0.24275572405883,0.287663517509148,-0.0717255520197794,-0.736650547027571,0.30455027156785,0.240852686192106,-0.420228173475101,0.239632977138195,-0.115527668120584,0.243102726836215,0.891389835659053,0,0.234952637466807,0.97268846000106,-0.38603608791325,-0.150465586721052,0.433417966510912,0.594989226167744,-0.473740217102234,-1.05131596453189,-1.04417146101204,0.0239361295492363,-0.151760008264064,2.02954019008221,0.540817362246531,-0.203540575502824,-0.747785444505228,-0.283004608050685,-0.633121044781284,0.972124370741034,0.404031691028892,0.0460192840554642
92,"Heidelberg","lab",4,1,1,0,0,3,4,4,4,1,0,0,3,0.5,3.75,1,59,3,4,3,2,3,2,4,2,2,2,4,4,4,2,3,4,3,2,2,4,2.77777777777778,3.09090909090909,-1.55919094797856,-1.13987867023188,-1.90485447663061,-2.29455434907039,0.230791286712872,0.991575666225303,1.2397881621576,1.26064306202538,-0.857291121760219,-1.47330109405514,-2.19711267345378,0.240852686192106,-2.25540184244865,1.18990167958276,-1.43094171107773,0.902461537830666,0.891389835659053,1.49836512213001,0.234952637466807,-0.118620543902568,0.900750871797584,-0.150465586721052,1.78052786242321,-0.499790949980904,-0.473740217102234,-1.05131596453189,1.51071615635785,1.1249980888141,1.19073237253343,-0.106817904741169,0.540817362246531,1.06171165059581,0.673624904554296,-0.283004608050685,-0.633121044781284,0.972124370741034,0.650523173619462,0.946822291098609
93,"Heidelberg","lab",4,3,2,1,1,1,3,3,2,1,1,3,2,1.75,2.25,1.75,60,2,4,3,2,3,2,3,4,4,4,3,3,3,4,3,2,4,2,3,2,3,3,0.411215195071269,-0.294162237479194,-0.988292699172365,-1.32443026766195,-1.69946311124933,-0.0220350148050064,0.24275572405883,-0.685316027007087,-0.857291121760219,-0.736650547027571,0.30455027156785,-0.598482432356141,-0.726090451637359,-0.710635725306372,-0.641693285303443,1.03433330002956,-0.573036322923677,1.49836512213001,0.234952637466807,-0.118620543902568,0.900750871797584,-0.150465586721052,0.433417966510912,1.68976940231639,1.50735523623438,1.87962551234489,0.233272347672903,0.0239361295492363,-0.151760008264064,2.02954019008221,0.540817362246531,-1.46879280160146,2.09503525361382,-0.283004608050685,0.753715529501529,-1.68964473962132,1.1435061388006,0.721621539337823
94,"Heidelberg","lab",4,3,4,3,3,1,3,3,3,2,2,2,3,3.25,2.5,2.25,45,2,3,3,1,2,1,2,3,2,2,2,2,3,2,3,2,2,2,2,4,2.11111111111111,2.36363636363636,0.411215195071269,1.39727062802617,0.844830855744117,0.615817895154921,-1.69946311124933,-0.0220350148050064,0.24275572405883,0.287663517509148,-0.0717255520197794,0,-0.529337376772693,0.240852686192106,1.10908321733619,-0.393879491158183,-0.115527668120584,-0.943743132953796,-0.573036322923677,0,0.234952637466807,-1.2099295478062,-0.38603608791325,-1.30403508491578,-0.913691929401382,0.594989226167744,-0.473740217102234,-1.05131596453189,-1.04417146101204,-1.07712582971563,-0.151760008264064,-0.106817904741169,0.540817362246531,-1.46879280160146,-0.747785444505228,-0.283004608050685,-0.633121044781284,0.972124370741034,-0.82842572192396,-0.854783722987679
95,"Heidelberg","lab",4,3,1,3,1,4,3,3,3,2,3,3,1,2,3.25,2.25,46,2,3,3,1,2,2,3,4,2,2,2,3,2,2,2,4,2,1,1,3,2.44444444444444,2.18181818181818,0.411215195071269,-1.13987867023188,0.844830855744117,-1.32443026766195,1.19591848569397,-0.0220350148050064,0.24275572405883,0.287663517509148,-0.0717255520197794,0.736650547027571,0.30455027156785,-1.43781755090439,-0.420228173475101,0.556389211286384,-0.115527668120584,-0.811871370754906,-0.573036322923677,0,0.234952637466807,-1.2099295478062,-0.38603608791325,-0.150465586721052,0.433417966510912,1.68976940231639,-0.473740217102234,-1.05131596453189,-1.04417146101204,0.0239361295492363,-1.49425238906156,-0.106817904741169,-0.446388933917771,1.06171165059581,-0.747785444505228,-1.66792077510723,-2.0199576190641,-0.358760184440144,-0.0889512741522486,-1.30518522650925
96,"Heidelberg","lab",4,3,4,2,3,4,3,4,4,4,3,3,3,3,3.75,3.25,53,2,3,3,2,3,3,3,2,2,2,3,4,3,2,2,3,2,3,2,4,2.55555555555556,2.72727272727273,0.411215195071269,1.39727062802617,-0.0717309217141236,0.615817895154921,1.19591848569397,-0.0220350148050064,1.2397881621576,1.26064306202538,1.4994055874611,0.736650547027571,0.30455027156785,0.240852686192106,0.803220939173928,1.18990167958276,0.936803566245133,0.111230964637325,-0.573036322923677,0,0.234952637466807,-0.118620543902568,0.900750871797584,1.00310391147368,0.433417966510912,-0.499790949980904,-0.473740217102234,-1.05131596453189,0.233272347672903,1.1249980888141,-0.151760008264064,-0.106817904741169,-0.446388933917771,-0.203540575502824,-0.747785444505228,1.10191155900586,-0.633121044781284,0.972124370741034,0.157540208438321,0.0460192840554642
97,"Heidelberg","lab",4,3,3,2,3,3,4,3,3,4,4,4,3,2.75,3.25,3.75,55,3,3,2,1,2,2,3,3,3,4,3,3,4,2,3,4,2,3,2,3,2.44444444444444,3,0.411215195071269,0.551554195273488,-0.0717309217141236,0.615817895154921,0.230791286712872,0.991575666225303,0.24275572405883,0.287663517509148,1.4994055874611,1.47330109405514,1.13843791990839,0.240852686192106,0.49735866101167,0.556389211286384,1.46296918342799,0.374974489035105,0.891389835659053,0,-1.05169275818476,-1.2099295478062,-0.38603608791325,-0.150465586721052,0.433417966510912,0.594989226167744,0.516807509566074,1.87962551234489,0.233272347672903,0.0239361295492363,1.19073237253343,-0.106817904741169,0.540817362246531,1.06171165059581,-0.747785444505228,1.10191155900586,-0.633121044781284,-0.358760184440144,-0.0889512741522486,0.721621539337823
98,"Heidelberg","lab",4,4,2,2,3,1,1,1,1,1,1,3,3,2.75,1,2,37,1,2,2,2,1,1,1,2,1,3,2,1,2,2,2,4,1,1,2,4,1.44444444444444,2.18181818181818,1.39641826659618,-0.294162237479194,-0.0717309217141236,0.615817895154921,-1.69946311124933,-2.04925637686562,-1.7513091521387,-1.65829557152332,-0.857291121760219,-0.736650547027571,0.30455027156785,0.240852686192106,0.49735866101167,-2.29441689604732,-0.378610476712013,-1.99871723054492,-2.03746248150641,-1.49836512213001,-1.05169275818476,-0.118620543902568,-1.67282304762408,-1.30403508491578,-2.26080182531368,-0.499790949980904,-1.46428794377054,0.414154773906502,-1.04417146101204,-2.17818778898049,-1.49425238906156,-0.106817904741169,-0.446388933917771,1.06171165059581,-2.16919579356475,-1.66792077510723,-0.633121044781284,0.972124370741034,-2.30737461746738,-1.30518522650925
99,"Heidelberg","lab",4,4,2,1,1,0,0,0,0,3,3,4,2,2,0,3,49,3,3,4,1,4,2,3,1,1,3,1,1,4,3,1,4,2,1,4,3,2.44444444444444,2.45454545454545,1.39641826659618,-0.294162237479194,-0.988292699172365,-1.32443026766195,-2.66459031023043,-3.06286705789593,-2.74834159023747,-2.63127511603956,0.713840017720661,0.736650547027571,1.13843791990839,-0.598482432356141,-0.420228173475101,-3.56144183264007,0.673720757653704,-0.416256084158236,0.891389835659053,0,1.52159803311837,-1.2099295478062,2.18753783150842,-0.150465586721052,0.433417966510912,-1.59457112612955,-1.46428794377054,0.414154773906502,-2.32161526969699,-2.17818778898049,1.19073237253343,0.961361142670521,-1.43359523008207,1.06171165059581,-0.747785444505228,-1.66792077510723,2.14055210378434,-0.358760184440144,-0.0889512741522486,-0.629582971226893
100,"Heidelberg","lab",4,4,4,4,4,0,1,1,1,4,4,4,3,4,0.75,3.75,32,2,2,1,1,1,1,2,1,3,1,1,1,2,1,1,1,2,2,2,4,1.55555555555556,1.63636363636364,1.39641826659618,1.39727062802617,1.76139263320236,1.58594197656336,-2.66459031023043,-2.04925637686562,-1.7513091521387,-1.65829557152332,1.4994055874611,1.47330109405514,1.13843791990839,0.240852686192106,2.02667005182296,-2.61117313019551,1.46296918342799,-2.65807604153937,-0.573036322923677,-1.49836512213001,-2.33833815383632,-1.2099295478062,-1.67282304762408,-1.30403508491578,-0.913691929401382,-1.59457112612955,0.516807509566074,-2.51678670297028,-2.32161526969699,-2.17818778898049,-1.49425238906156,-1.17499695215286,-1.43359523008207,-2.73404502770009,-0.747785444505228,-0.283004608050685,-0.633121044781284,0.972124370741034,-2.06088313487681,-2.65638973707397
101,"Heidelberg","lab",4,3,3,3,3,3,3,3,2,0,1,1,0,3,2.75,0.5,48,3,3,3,2,2,1,3,2,1,3,3,4,3,1,2,1,3,2,3,3,2.22222222222222,2.54545454545455,0.411215195071269,0.551554195273488,0.844830855744117,0.615817895154921,0.230791286712872,-0.0220350148050064,0.24275572405883,-0.685316027007087,-1.64285669150066,-0.736650547027571,-1.36322502511324,-2.27715266945263,0.803220939173928,-0.077123257009994,-1.95710732826059,-0.548127846357126,0.891389835659053,0,0.234952637466807,-0.118620543902568,-0.38603608791325,-1.30403508491578,0.433417966510912,-0.499790949980904,-1.46428794377054,0.414154773906502,0.233272347672903,1.1249980888141,-0.151760008264064,-1.17499695215286,-0.446388933917771,-2.73404502770009,0.673624904554296,-0.283004608050685,0.753715529501529,-0.358760184440144,-0.58193423933339,-0.404382219466108
102,"Heidelberg","lab",4,2,4,1,2,3,1,3,4,4,3,4,4,2.25,2.75,3.75,57,2,3,4,3,2,1,3,3,3,3,3,2,4,3,3,3,2,3,3,4,2.66666666666667,3,-0.573987876453645,1.39727062802617,-0.988292699172365,-0.354306186253517,0.230791286712872,-2.04925637686562,0.24275572405883,1.26064306202538,1.4994055874611,0.736650547027571,1.13843791990839,1.08018780474035,-0.114365895312844,-0.077123257009994,1.46296918342799,0.638718013432886,-0.573036322923677,0,1.52159803311837,0.97268846000106,-0.38603608791325,-1.30403508491578,0.433417966510912,0.594989226167744,0.516807509566074,0.414154773906502,0.233272347672903,-1.07712582971563,1.19073237253343,0.961361142670521,0.540817362246531,-0.203540575502824,-0.747785444505228,1.10191155900586,0.753715529501529,0.972124370741034,0.404031691028892,0.721621539337823
103,"Heidelberg","lab",4,4,4,4,4,1,4,0,1,0,0,3,3,4,1.5,1.5,43,2,2,3,1,2,2,1,1,4,3,3,3,4,1,3,2,2,1,2,1,2,2.27272727272727,1.39641826659618,1.39727062802617,1.76139263320236,1.58594197656336,-1.69946311124933,0.991575666225303,-2.74834159023747,-1.65829557152332,-1.64285669150066,-1.47330109405514,0.30455027156785,0.240852686192106,2.02667005182296,-1.66090442775094,-0.904776093894872,-1.20748665735158,-0.573036322923677,-1.49836512213001,0.234952637466807,-1.2099295478062,-0.38603608791325,-0.150465586721052,-2.26080182531368,-1.59457112612955,1.50735523623438,0.414154773906502,0.233272347672903,0.0239361295492363,1.19073237253343,-1.17499695215286,0.540817362246531,-1.46879280160146,-0.747785444505228,-1.66792077510723,-0.633121044781284,-3.0205292948025,-1.07491720451453,-1.07998447474847
104,"Heidelberg","lab",4,3,3,3,3,3,1,3,3,0,0,1,4,3,2.5,1.25,52,1,3,2,1,3,2,2,3,4,2,1,4,4,3,2,4,2,3,2,4,2.33333333333333,2.81818181818182,0.411215195071269,0.551554195273488,0.844830855744117,0.615817895154921,0.230791286712872,-2.04925637686562,0.24275572405883,0.287663517509148,-1.64285669150066,-1.47330109405514,-1.36322502511324,1.08018780474035,0.803220939173928,-0.393879491158183,-1.1678589024863,-0.0206407975615652,-2.03746248150641,0,-1.05169275818476,-1.2099295478062,0.900750871797584,-0.150465586721052,-0.913691929401382,0.594989226167744,1.50735523623438,-1.05131596453189,-2.32161526969699,1.1249980888141,1.19073237253343,0.961361142670521,-0.446388933917771,1.06171165059581,-0.747785444505228,1.10191155900586,-0.633121044781284,0.972124370741034,-0.335442756742819,0.271220035816251
105,"Heidelberg","lab",4,3,3,3,2,3,3,3,3,2,2,3,3,2.75,3,2.5,56,3,3,3,3,3,3,3,2,2,3,3,3,3,2,2,3,3,3,2,4,2.77777777777778,2.81818181818182,0.411215195071269,0.551554195273488,0.844830855744117,-0.354306186253517,0.230791286712872,-0.0220350148050064,0.24275572405883,0.287663517509148,-0.0717255520197794,0,0.30455027156785,0.240852686192106,0.49735866101167,0.239632977138195,0.147555140470845,0.506846251233995,0.891389835659053,0,0.234952637466807,0.97268846000106,0.900750871797584,1.00310391147368,0.433417966510912,-0.499790949980904,-0.473740217102234,0.414154773906502,0.233272347672903,0.0239361295492363,-0.151760008264064,-0.106817904741169,-0.446388933917771,-0.203540575502824,0.673624904554296,1.10191155900586,-0.633121044781284,0.972124370741034,0.650523173619462,0.271220035816251
106,"Heidelberg","lab",4,3,3,3,3,3,3,3,3,3,1,3,3,3,3,2.5,48,2,3,2,1,2,2,3,2,3,2,2,4,3,2,1,4,3,2,2,3,2.22222222222222,2.54545454545455,0.411215195071269,0.551554195273488,0.844830855744117,0.615817895154921,0.230791286712872,-0.0220350148050064,0.24275572405883,0.287663517509148,0.713840017720661,-0.736650547027571,0.30455027156785,0.240852686192106,0.803220939173928,0.239632977138195,0.147555140470845,-0.548127846357126,-0.573036322923677,0,-1.05169275818476,-1.2099295478062,-0.38603608791325,-0.150465586721052,0.433417966510912,-0.499790949980904,0.516807509566074,-1.05131596453189,-1.04417146101204,1.1249980888141,-0.151760008264064,-0.106817904741169,-1.43359523008207,1.06171165059581,0.673624904554296,-0.283004608050685,-0.633121044781284,-0.358760184440144,-0.58193423933339,-0.404382219466108
107,"Heidelberg","lab",4,1,1,3,3,4,4,4,3,0,0,3,4,2,3.75,1.75,42,1,3,2,2,1,1,3,4,1,2,2,2,3,1,2,2,2,2,2,4,2,2.18181818181818,-1.55919094797856,-1.13987867023188,0.844830855744117,0.615817895154921,1.19591848569397,0.991575666225303,1.2397881621576,0.287663517509148,-1.64285669150066,-1.47330109405514,0.30455027156785,1.08018780474035,-0.420228173475101,1.18990167958276,-0.641693285303443,-1.33935841955047,-2.03746248150641,0,-1.05169275818476,-0.118620543902568,-1.67282304762408,-1.30403508491578,0.433417966510912,1.68976940231639,-1.46428794377054,-1.05131596453189,-1.04417146101204,-1.07712582971563,-0.151760008264064,-1.17499695215286,-0.446388933917771,-1.46879280160146,-0.747785444505228,-0.283004608050685,-0.633121044781284,0.972124370741034,-1.07491720451453,-1.30518522650925
108,"Heidelberg","lab",4,3,1,1,1,4,3,4,2,2,3,4,3,1.5,3.25,3,47,1,3,2,2,2,1,4,2,4,2,4,3,3,1,1,4,2,2,1,3,2.33333333333333,2.36363636363636,0.411215195071269,-1.13987867023188,-0.988292699172365,-1.32443026766195,1.19591848569397,-0.0220350148050064,1.2397881621576,-0.685316027007087,-0.0717255520197794,0.736650547027571,1.13843791990839,0.240852686192106,-1.03195272979962,0.556389211286384,0.673720757653704,-0.679999608556016,-2.03746248150641,0,-1.05169275818476,-0.118620543902568,-0.38603608791325,-1.30403508491578,1.78052786242321,-0.499790949980904,1.50735523623438,-1.05131596453189,1.51071615635785,0.0239361295492363,-0.151760008264064,-1.17499695215286,-1.43359523008207,1.06171165059581,-0.747785444505228,-0.283004608050685,-2.0199576190641,-0.358760184440144,-0.335442756742819,-0.854783722987679
109,"Heidelberg","lab",4,2,1,1,1,4,3,1,3,0,0,0,0,1.25,2.75,0,53,3,3,3,1,2,3,3,3,1,3,3,4,3,2,3,4,3,2,2,2,2.44444444444444,2.81818181818182,-0.573987876453645,-1.13987867023188,-0.988292699172365,-1.32443026766195,1.19591848569397,-0.0220350148050064,-1.7513091521387,0.287663517509148,-1.64285669150066,-1.47330109405514,-2.19711267345378,-2.27715266945263,-1.33781500796187,-0.077123257009994,-2.48327294544345,0.111230964637325,0.891389835659053,0,0.234952637466807,-1.2099295478062,-0.38603608791325,1.00310391147368,0.433417966510912,0.594989226167744,-1.46428794377054,0.414154773906502,0.233272347672903,1.1249980888141,-0.151760008264064,-0.106817904741169,0.540817362246531,1.06171165059581,0.673624904554296,-0.283004608050685,-0.633121044781284,-1.68964473962132,-0.0889512741522486,0.271220035816251
110,"Heidelberg","lab",4,4,3,2,3,2,3,3,1,4,1,4,2,3,2.25,2.75,51,2,3,3,1,3,1,3,3,4,3,3,2,3,3,2,2,3,2,3,2,2.55555555555556,2.54545454545455,1.39641826659618,0.551554195273488,-0.0717309217141236,0.615817895154921,-0.734335912268229,-0.0220350148050064,0.24275572405883,-1.65829557152332,1.4994055874611,-0.736650547027571,1.13843791990839,-0.598482432356141,0.803220939173928,-0.710635725306372,0.410637949062275,-0.152512559760455,-0.573036322923677,0,0.234952637466807,-1.2099295478062,0.900750871797584,-1.30403508491578,0.433417966510912,0.594989226167744,1.50735523623438,0.414154773906502,0.233272347672903,-1.07712582971563,-0.151760008264064,0.961361142670521,-0.446388933917771,-1.46879280160146,0.673624904554296,-0.283004608050685,0.753715529501529,-1.68964473962132,0.157540208438321,-0.404382219466108
111,"Heidelberg","lab",4,3,3,2,1,4,4,3,4,1,3,4,3,2.25,3.75,2.75,57,2,3,3,3,2,3,2,2,4,2,3,4,4,3,3,4,2,2,2,4,2.66666666666667,3,0.411215195071269,0.551554195273488,-0.0717309217141236,-1.32443026766195,1.19591848569397,0.991575666225303,0.24275572405883,1.26064306202538,-0.857291121760219,0.736650547027571,1.13843791990839,0.240852686192106,-0.114365895312844,1.18990167958276,0.410637949062275,0.638718013432886,-0.573036322923677,0,0.234952637466807,0.97268846000106,-0.38603608791325,1.00310391147368,-0.913691929401382,-0.499790949980904,1.50735523623438,-1.05131596453189,0.233272347672903,1.1249980888141,1.19073237253343,0.961361142670521,0.540817362246531,1.06171165059581,-0.747785444505228,-0.283004608050685,-0.633121044781284,0.972124370741034,0.404031691028892,0.721621539337823
112,"Heidelberg","lab",4,4,1,1,3,1,1,1,1,3,3,3,3,2.25,1,3,55,3,3,3,1,1,3,3,4,4,3,4,3,3,1,2,3,3,3,3,2,2.77777777777778,2.72727272727273,1.39641826659618,-1.13987867023188,-0.988292699172365,0.615817895154921,-1.69946311124933,-2.04925637686562,-1.7513091521387,-1.65829557152332,0.713840017720661,0.736650547027571,0.30455027156785,0.240852686192106,-0.114365895312844,-2.29441689604732,0.673720757653704,0.374974489035105,0.891389835659053,0,0.234952637466807,-1.2099295478062,-1.67282304762408,1.00310391147368,0.433417966510912,1.68976940231639,1.50735523623438,0.414154773906502,1.51071615635785,0.0239361295492363,-0.151760008264064,-1.17499695215286,-0.446388933917771,-0.203540575502824,0.673624904554296,1.10191155900586,0.753715529501529,-1.68964473962132,0.650523173619462,0.0460192840554642
113,"Heidelberg","lab",4,3,3,1,2,3,3,2,2,1,3,3,3,2.25,2.5,2.5,45,3,3,3,1,2,2,3,2,2,2,3,3,2,2,1,2,2,2,2,3,2.33333333333333,2.18181818181818,0.411215195071269,0.551554195273488,-0.988292699172365,-0.354306186253517,0.230791286712872,-0.0220350148050064,-0.754276714039937,-0.685316027007087,-0.857291121760219,0.736650547027571,0.30455027156785,0.240852686192106,-0.114365895312844,-0.393879491158183,0.147555140470845,-0.943743132953796,0.891389835659053,0,0.234952637466807,-1.2099295478062,-0.38603608791325,-0.150465586721052,0.433417966510912,-0.499790949980904,-0.473740217102234,-1.05131596453189,0.233272347672903,0.0239361295492363,-1.49425238906156,-0.106817904741169,-1.43359523008207,-1.46879280160146,-0.747785444505228,-0.283004608050685,-0.633121044781284,-0.358760184440144,-0.335442756742819,-1.30518522650925
114,"Heidelberg","lab",4,3,4,3,4,1,3,1,1,1,0,0,3,3.5,1.5,1,37,1,2,1,2,2,1,1,1,3,3,3,2,4,1,1,3,1,2,1,2,1.55555555555556,2.09090909090909,0.411215195071269,1.39727062802617,0.844830855744117,1.58594197656336,-1.69946311124933,-0.0220350148050064,-1.7513091521387,-1.65829557152332,-0.857291121760219,-1.47330109405514,-2.19711267345378,0.240852686192106,1.41494549549844,-1.66090442775094,-1.43094171107773,-1.99871723054492,-2.03746248150641,-1.49836512213001,-2.33833815383632,-0.118620543902568,-0.38603608791325,-1.30403508491578,-2.26080182531368,-1.59457112612955,0.516807509566074,0.414154773906502,0.233272347672903,-1.07712582971563,1.19073237253343,-1.17499695215286,-1.43359523008207,-0.203540575502824,-2.16919579356475,-0.283004608050685,-2.0199576190641,-1.68964473962132,-2.06088313487681,-1.53038597827004
115,"Heidelberg","lab",4,1,1,1,0,4,3,4,4,4,4,4,4,0.75,3.75,4,74,4,4,4,4,4,4,4,4,3,4,3,4,4,2,4,4,3,4,3,4,3.88888888888889,3.54545454545455,-1.55919094797856,-1.13987867023188,-0.988292699172365,-2.29455434907039,1.19591848569397,-0.0220350148050064,1.2397881621576,1.26064306202538,1.4994055874611,1.47330109405514,1.13843791990839,1.08018780474035,-1.94953956428639,1.18990167958276,1.72605199201942,2.88053797081402,2.35581599424178,1.49836512213001,1.52159803311837,2.06399746390469,2.18753783150842,2.1566734096684,1.78052786242321,1.68976940231639,0.516807509566074,1.87962551234489,0.233272347672903,1.1249980888141,1.19073237253343,-0.106817904741169,1.52802365841083,1.06171165059581,0.673624904554296,2.4868277260624,0.753715529501529,0.972124370741034,3.11543799952517,2.07282604990254
116,"Heidelberg","lab",4,3,2,3,3,2,3,3,3,3,3,4,4,2.75,2.75,3.5,45,1,3,2,2,1,2,2,2,2,2,2,3,4,1,3,3,2,2,2,4,1.88888888888889,2.54545454545455,0.411215195071269,-0.294162237479194,0.844830855744117,0.615817895154921,-0.734335912268229,-0.0220350148050064,0.24275572405883,0.287663517509148,0.713840017720661,0.736650547027571,1.13843791990839,1.08018780474035,0.49735866101167,-0.077123257009994,1.19988637483656,-0.943743132953796,-2.03746248150641,0,-1.05169275818476,-0.118620543902568,-1.67282304762408,-0.150465586721052,-0.913691929401382,-0.499790949980904,-0.473740217102234,-1.05131596453189,-1.04417146101204,0.0239361295492363,1.19073237253343,-1.17499695215286,0.540817362246531,-0.203540575502824,-0.747785444505228,-0.283004608050685,-0.633121044781284,0.972124370741034,-1.3214086871051,-0.404382219466108
117,"Heidelberg","lab",4,3,4,1,3,4,3,4,4,4,1,4,3,2.75,3.75,3,43,2,3,2,1,3,1,2,2,4,1,2,2,4,1,1,2,3,2,1,4,2.22222222222222,2.09090909090909,0.411215195071269,1.39727062802617,-0.988292699172365,0.615817895154921,1.19591848569397,-0.0220350148050064,1.2397881621576,1.26064306202538,1.4994055874611,-0.736650547027571,1.13843791990839,0.240852686192106,0.49735866101167,1.18990167958276,0.673720757653704,-1.20748665735158,-0.573036322923677,0,-1.05169275818476,-1.2099295478062,0.900750871797584,-1.30403508491578,-0.913691929401382,-0.499790949980904,1.50735523623438,-2.51678670297028,-1.04417146101204,-1.07712582971563,1.19073237253343,-1.17499695215286,-1.43359523008207,-1.46879280160146,0.673624904554296,-0.283004608050685,-2.0199576190641,0.972124370741034,-0.58193423933339,-1.53038597827004
118,"Heidelberg","lab",4,1,3,3,3,3,3,3,2,1,3,3,3,2.5,2.75,2.5,46,2,3,3,1,2,2,2,2,2,3,3,2,3,2,2,3,2,2,2,3,2.11111111111111,2.45454545454545,-1.55919094797856,0.551554195273488,0.844830855744117,0.615817895154921,0.230791286712872,-0.0220350148050064,0.24275572405883,-0.685316027007087,-0.857291121760219,0.736650547027571,0.30455027156785,0.240852686192106,0.191496382849413,-0.077123257009994,0.147555140470845,-0.811871370754906,-0.573036322923677,0,0.234952637466807,-1.2099295478062,-0.38603608791325,-0.150465586721052,-0.913691929401382,-0.499790949980904,-0.473740217102234,0.414154773906502,0.233272347672903,-1.07712582971563,-0.151760008264064,-0.106817904741169,-0.446388933917771,-0.203540575502824,-0.747785444505228,-0.283004608050685,-0.633121044781284,-0.358760184440144,-0.82842572192396,-0.629582971226893
119,"Heidelberg","lab",4,3,1,2,3,1,2,1,1,2,3,4,2,2.25,1.25,2.75,49,3,3,2,2,2,2,3,3,2,3,3,2,3,3,2,2,2,2,3,2,2.44444444444444,2.45454545454545,0.411215195071269,-1.13987867023188,-0.0717309217141236,0.615817895154921,-1.69946311124933,-1.03564569583532,-1.7513091521387,-1.65829557152332,-0.0717255520197794,0.736650547027571,1.13843791990839,-0.598482432356141,-0.114365895312844,-1.97766066189913,0.410637949062275,-0.416256084158236,0.891389835659053,0,-1.05169275818476,-0.118620543902568,-0.38603608791325,-0.150465586721052,0.433417966510912,0.594989226167744,-0.473740217102234,0.414154773906502,0.233272347672903,-1.07712582971563,-0.151760008264064,0.961361142670521,-0.446388933917771,-1.46879280160146,-0.747785444505228,-0.283004608050685,0.753715529501529,-1.68964473962132,-0.0889512741522486,-0.629582971226893
120,"Heidelberg","lab",4,3,1,2,3,3,3,3,2,2,3,4,4,2.25,2.75,3.25,48,2,3,3,2,2,2,3,1,2,2,2,4,3,2,1,3,3,2,2,4,2.22222222222222,2.54545454545455,0.411215195071269,-1.13987867023188,-0.0717309217141236,0.615817895154921,0.230791286712872,-0.0220350148050064,0.24275572405883,-0.685316027007087,-0.0717255520197794,0.736650547027571,1.13843791990839,1.08018780474035,-0.114365895312844,-0.077123257009994,0.936803566245133,-0.548127846357126,-0.573036322923677,0,0.234952637466807,-0.118620543902568,-0.38603608791325,-0.150465586721052,0.433417966510912,-1.59457112612955,-0.473740217102234,-1.05131596453189,-1.04417146101204,1.1249980888141,-0.151760008264064,-0.106817904741169,-1.43359523008207,-0.203540575502824,0.673624904554296,-0.283004608050685,-0.633121044781284,0.972124370741034,-0.58193423933339,-0.404382219466108
121,"Heidelberg","lab",4,1,3,1,1,3,3,3,3,0,3,3,3,1.5,3,2.25,55,3,4,3,1,2,4,2,2,2,2,3,4,4,2,2,4,2,2,3,4,2.55555555555556,2.90909090909091,-1.55919094797856,0.551554195273488,-0.988292699172365,-1.32443026766195,0.230791286712872,-0.0220350148050064,0.24275572405883,0.287663517509148,-1.64285669150066,0.736650547027571,0.30455027156785,0.240852686192106,-1.03195272979962,0.239632977138195,-0.115527668120584,0.374974489035105,0.891389835659053,1.49836512213001,0.234952637466807,-1.2099295478062,-0.38603608791325,2.1566734096684,-0.913691929401382,-0.499790949980904,-0.473740217102234,-1.05131596453189,0.233272347672903,1.1249980888141,1.19073237253343,-0.106817904741169,-0.446388933917771,1.06171165059581,-0.747785444505228,-0.283004608050685,0.753715529501529,0.972124370741034,0.157540208438321,0.496420787577037
122,"Heidelberg","lab",4,3,3,1,3,4,4,4,4,3,4,3,3,2.5,4,3.25,52,2,3,3,3,2,3,3,3,3,2,3,3,2,1,3,3,3,2,2,3,2.77777777777778,2.45454545454545,0.411215195071269,0.551554195273488,-0.988292699172365,0.615817895154921,1.19591848569397,0.991575666225303,1.2397881621576,1.26064306202538,0.713840017720661,1.47330109405514,0.30455027156785,0.240852686192106,0.191496382849413,1.50665791373095,0.936803566245133,-0.0206407975615652,-0.573036322923677,0,0.234952637466807,0.97268846000106,-0.38603608791325,1.00310391147368,0.433417966510912,0.594989226167744,0.516807509566074,-1.05131596453189,0.233272347672903,0.0239361295492363,-1.49425238906156,-1.17499695215286,0.540817362246531,-0.203540575502824,0.673624904554296,-0.283004608050685,-0.633121044781284,-0.358760184440144,0.650523173619462,-0.629582971226893
123,"Heidelberg","lab",4,3,0,3,3,1,0,3,1,4,4,4,4,2.25,1.25,4,38,2,3,3,1,3,3,2,1,1,2,3,1,3,1,1,3,1,1,1,2,2.11111111111111,1.72727272727273,0.411215195071269,-1.98559510298456,0.844830855744117,0.615817895154921,-1.69946311124933,-3.06286705789593,0.24275572405883,-1.65829557152332,1.4994055874611,1.47330109405514,1.13843791990839,1.08018780474035,-0.114365895312844,-1.97766066189913,1.72605199201942,-1.86684546834603,-0.573036322923677,0,0.234952637466807,-1.2099295478062,0.900750871797584,1.00310391147368,-0.913691929401382,-1.59457112612955,-1.46428794377054,-1.05131596453189,0.233272347672903,-2.17818778898049,-0.151760008264064,-1.17499695215286,-1.43359523008207,-0.203540575502824,-2.16919579356475,-1.66792077510723,-2.0199576190641,-1.68964473962132,-0.82842572192396,-2.43118898531318
124,"Heidelberg","lab",4,4,3,3,3,2,1,3,3,3,2,2,3,3.25,2.25,2.5,46,2,2,2,2,2,2,2,2,2,2,3,2,4,3,2,3,2,2,2,3,2,2.54545454545455,1.39641826659618,0.551554195273488,0.844830855744117,0.615817895154921,-0.734335912268229,-2.04925637686562,0.24275572405883,0.287663517509148,0.713840017720661,0,-0.529337376772693,0.240852686192106,1.10908321733619,-0.710635725306372,0.147555140470845,-0.811871370754906,-0.573036322923677,-1.49836512213001,-1.05169275818476,-0.118620543902568,-0.38603608791325,-0.150465586721052,-0.913691929401382,-0.499790949980904,-0.473740217102234,-1.05131596453189,0.233272347672903,-1.07712582971563,1.19073237253343,0.961361142670521,-0.446388933917771,-0.203540575502824,-0.747785444505228,-0.283004608050685,-0.633121044781284,-0.358760184440144,-1.07491720451453,-0.404382219466108
125,"Heidelberg","lab",4,0,0,1,0,3,3,3,3,2,1,1,3,0.25,3,1.75,56,2,3,3,1,3,3,3,2,3,3,3,3,3,4,3,4,2,2,2,4,2.55555555555556,3,-2.54439401950347,-1.98559510298456,-0.988292699172365,-2.29455434907039,0.230791286712872,-0.0220350148050064,0.24275572405883,0.287663517509148,-0.0717255520197794,-0.736650547027571,-1.36322502511324,0.240852686192106,-2.5612641206109,0.239632977138195,-0.641693285303443,0.506846251233995,-0.573036322923677,0,0.234952637466807,-1.2099295478062,0.900750871797584,1.00310391147368,0.433417966510912,-0.499790949980904,0.516807509566074,0.414154773906502,0.233272347672903,0.0239361295492363,-0.151760008264064,2.02954019008221,0.540817362246531,1.06171165059581,-0.747785444505228,-0.283004608050685,-0.633121044781284,0.972124370741034,0.157540208438321,0.721621539337823
126,"Heidelberg","lab",4,1,2,3,2,1,3,1,1,2,3,3,2,2,1.5,2.5,48,2,2,3,2,2,1,3,2,2,2,3,3,3,1,3,4,2,3,3,2,2.11111111111111,2.63636363636364,-1.55919094797856,-0.294162237479194,0.844830855744117,-0.354306186253517,-1.69946311124933,-0.0220350148050064,-1.7513091521387,-1.65829557152332,-0.0717255520197794,0.736650547027571,0.30455027156785,-0.598482432356141,-0.420228173475101,-1.66090442775094,0.147555140470845,-0.548127846357126,-0.573036322923677,-1.49836512213001,0.234952637466807,-0.118620543902568,-0.38603608791325,-1.30403508491578,0.433417966510912,-0.499790949980904,-0.473740217102234,-1.05131596453189,0.233272347672903,0.0239361295492363,-0.151760008264064,-1.17499695215286,0.540817362246531,1.06171165059581,-0.747785444505228,1.10191155900586,0.753715529501529,-1.68964473962132,-0.82842572192396,-0.179181467705322
127,"Heidelberg","lab",4,3,3,3,1,4,4,4,4,1,3,4,3,2.5,4,2.75,57,2,3,4,1,3,2,3,3,4,3,3,3,4,1,2,4,3,3,2,4,2.77777777777778,2.90909090909091,0.411215195071269,0.551554195273488,0.844830855744117,-1.32443026766195,1.19591848569397,0.991575666225303,1.2397881621576,1.26064306202538,-0.857291121760219,0.736650547027571,1.13843791990839,0.240852686192106,0.191496382849413,1.50665791373095,0.410637949062275,0.638718013432886,-0.573036322923677,0,1.52159803311837,-1.2099295478062,0.900750871797584,-0.150465586721052,0.433417966510912,0.594989226167744,1.50735523623438,0.414154773906502,0.233272347672903,0.0239361295492363,1.19073237253343,-1.17499695215286,-0.446388933917771,1.06171165059581,0.673624904554296,1.10191155900586,-0.633121044781284,0.972124370741034,0.650523173619462,0.496420787577037
128,"Heidelberg","lab",4,1,3,2,1,4,4,4,4,2,1,3,3,1.75,4,2.25,62,2,4,3,3,2,3,3,3,4,3,2,3,3,4,4,4,2,2,4,4,3,3.18181818181818,-1.55919094797856,0.551554195273488,-0.0717309217141236,-1.32443026766195,1.19591848569397,0.991575666225303,1.2397881621576,1.26064306202538,-0.0717255520197794,-0.736650547027571,0.30455027156785,0.240852686192106,-0.726090451637359,1.50665791373095,-0.115527668120584,1.29807682442734,-0.573036322923677,1.49836512213001,0.234952637466807,0.97268846000106,-0.38603608791325,1.00310391147368,0.433417966510912,0.594989226167744,1.50735523623438,0.414154773906502,-1.04417146101204,0.0239361295492363,-0.151760008264064,2.02954019008221,1.52802365841083,1.06171165059581,-0.747785444505228,-0.283004608050685,2.14055210378434,0.972124370741034,1.1435061388006,1.17202304285939
129,"Heidelberg","lab",4,4,4,3,4,4,4,4,4,1,0,4,4,3.75,4,2.25,54,2,3,3,1,3,3,1,2,4,2,3,2,4,3,3,4,2,2,3,4,2.44444444444444,2.90909090909091,1.39641826659618,1.39727062802617,0.844830855744117,1.58594197656336,1.19591848569397,0.991575666225303,1.2397881621576,1.26064306202538,-0.857291121760219,-1.47330109405514,1.13843791990839,1.08018780474035,1.7208077736607,1.50665791373095,-0.115527668120584,0.243102726836215,-0.573036322923677,0,0.234952637466807,-1.2099295478062,0.900750871797584,1.00310391147368,-2.26080182531368,-0.499790949980904,1.50735523623438,-1.05131596453189,0.233272347672903,-1.07712582971563,1.19073237253343,0.961361142670521,0.540817362246531,1.06171165059581,-0.747785444505228,-0.283004608050685,0.753715529501529,0.972124370741034,-0.0889512741522486,0.496420787577037
130,"Heidelberg","lab",4,1,1,0,1,4,4,4,3,1,0,0,0,0.75,3.75,0.25,57,3,3,3,1,1,3,3,3,3,2,4,3,3,1,4,4,4,3,2,4,2.55555555555556,3.09090909090909,-1.55919094797856,-1.13987867023188,-1.90485447663061,-1.32443026766195,1.19591848569397,0.991575666225303,1.2397881621576,0.287663517509148,-0.857291121760219,-1.47330109405514,-2.19711267345378,-2.27715266945263,-1.94953956428639,1.18990167958276,-2.22019013685202,0.638718013432886,0.891389835659053,0,0.234952637466807,-1.2099295478062,-1.67282304762408,1.00310391147368,0.433417966510912,0.594989226167744,0.516807509566074,-1.05131596453189,1.51071615635785,0.0239361295492363,-0.151760008264064,-1.17499695215286,1.52802365841083,1.06171165059581,2.09503525361382,1.10191155900586,-0.633121044781284,0.972124370741034,0.157540208438321,0.946822291098609
131,"Heidelberg","lab",4,2,3,1,1,1,2,3,0,3,3,3,3,1.75,1.5,3,63,2,3,3,3,4,1,3,4,4,3,4,2,4,4,3,4,2,3,3,4,3,3.27272727272727,-0.573987876453645,0.551554195273488,-0.988292699172365,-1.32443026766195,-1.69946311124933,-1.03564569583532,0.24275572405883,-2.63127511603956,0.713840017720661,0.736650547027571,0.30455027156785,0.240852686192106,-0.726090451637359,-1.66090442775094,0.673720757653704,1.42994858662623,-0.573036322923677,0,0.234952637466807,0.97268846000106,2.18753783150842,-1.30403508491578,0.433417966510912,1.68976940231639,1.50735523623438,0.414154773906502,1.51071615635785,-1.07712582971563,1.19073237253343,2.02954019008221,0.540817362246531,1.06171165059581,-0.747785444505228,1.10191155900586,0.753715529501529,0.972124370741034,1.1435061388006,1.39722379462018
132,"Heidelberg","lab",4,3,3,2,2,3,0,2,2,3,2,3,3,2.5,1.75,2.75,52,2,3,3,2,2,3,3,3,3,3,3,3,2,2,2,4,2,2,2,3,2.66666666666667,2.54545454545455,0.411215195071269,0.551554195273488,-0.0717309217141236,-0.354306186253517,0.230791286712872,-3.06286705789593,-0.754276714039937,-0.685316027007087,0.713840017720661,0,0.30455027156785,0.240852686192106,0.191496382849413,-1.34414819360275,0.410637949062275,-0.0206407975615652,-0.573036322923677,0,0.234952637466807,-0.118620543902568,-0.38603608791325,1.00310391147368,0.433417966510912,0.594989226167744,0.516807509566074,0.414154773906502,0.233272347672903,0.0239361295492363,-1.49425238906156,-0.106817904741169,-0.446388933917771,1.06171165059581,-0.747785444505228,-0.283004608050685,-0.633121044781284,-0.358760184440144,0.404031691028892,-0.404382219466108
133,"Heidelberg","lab",4,0,1,0,2,4,4,4,3,4,4,4,4,0.75,3.75,4,65,2,4,4,2,3,3,3,2,4,3,4,4,4,2,4,4,3,3,3,4,3,3.45454545454545,-2.54439401950347,-1.13987867023188,-1.90485447663061,-0.354306186253517,1.19591848569397,0.991575666225303,1.2397881621576,0.287663517509148,1.4994055874611,1.47330109405514,1.13843791990839,1.08018780474035,-1.94953956428639,1.18990167958276,1.72605199201942,1.69369211102401,-0.573036322923677,1.49836512213001,1.52159803311837,-0.118620543902568,0.900750871797584,1.00310391147368,0.433417966510912,-0.499790949980904,1.50735523623438,0.414154773906502,1.51071615635785,1.1249980888141,1.19073237253343,-0.106817904741169,1.52802365841083,1.06171165059581,0.673624904554296,1.10191155900586,0.753715529501529,0.972124370741034,1.1435061388006,1.84762529814175
134,"Heidelberg","lab",4,1,1,2,3,3,3,3,1,2,0,2,1,1.75,2.5,1.25,51,2,3,3,1,2,2,3,3,3,3,3,4,3,2,1,3,2,2,3,3,2.44444444444444,2.63636363636364,-1.55919094797856,-1.13987867023188,-0.0717309217141236,0.615817895154921,0.230791286712872,-0.0220350148050064,0.24275572405883,-1.65829557152332,-0.0717255520197794,-1.47330109405514,-0.529337376772693,-1.43781755090439,-0.726090451637359,-0.393879491158183,-1.1678589024863,-0.152512559760455,-0.573036322923677,0,0.234952637466807,-1.2099295478062,-0.38603608791325,-0.150465586721052,0.433417966510912,0.594989226167744,0.516807509566074,0.414154773906502,0.233272347672903,1.1249980888141,-0.151760008264064,-0.106817904741169,-1.43359523008207,-0.203540575502824,-0.747785444505228,-0.283004608050685,0.753715529501529,-0.358760184440144,-0.0889512741522486,-0.179181467705322
135,"Heidelberg","lab",4,3,3,4,4,1,3,3,3,4,4,4,4,3.5,2.5,4,41,3,3,2,1,2,1,1,2,2,2,2,3,3,1,2,3,2,1,2,3,1.88888888888889,2.18181818181818,0.411215195071269,0.551554195273488,1.76139263320236,1.58594197656336,-1.69946311124933,-0.0220350148050064,0.24275572405883,0.287663517509148,1.4994055874611,1.47330109405514,1.13843791990839,1.08018780474035,1.41494549549844,-0.393879491158183,1.72605199201942,-1.47123018174936,0.891389835659053,0,-1.05169275818476,-1.2099295478062,-0.38603608791325,-1.30403508491578,-2.26080182531368,-0.499790949980904,-0.473740217102234,-1.05131596453189,-1.04417146101204,0.0239361295492363,-0.151760008264064,-1.17499695215286,-0.446388933917771,-0.203540575502824,-0.747785444505228,-1.66792077510723,-0.633121044781284,-0.358760184440144,-1.3214086871051,-1.30518522650925
136,"Heidelberg","lab",4,3,2,4,3,4,4,2,3,1,0,3,3,3,3.25,1.75,47,2,3,3,1,2,2,3,3,2,2,3,3,3,1,1,2,3,2,3,3,2.33333333333333,2.36363636363636,0.411215195071269,-0.294162237479194,1.76139263320236,0.615817895154921,1.19591848569397,0.991575666225303,-0.754276714039937,0.287663517509148,-0.857291121760219,-1.47330109405514,0.30455027156785,0.240852686192106,0.803220939173928,0.556389211286384,-0.641693285303443,-0.679999608556016,-0.573036322923677,0,0.234952637466807,-1.2099295478062,-0.38603608791325,-0.150465586721052,0.433417966510912,0.594989226167744,-0.473740217102234,-1.05131596453189,0.233272347672903,0.0239361295492363,-0.151760008264064,-1.17499695215286,-1.43359523008207,-1.46879280160146,0.673624904554296,-0.283004608050685,0.753715529501529,-0.358760184440144,-0.335442756742819,-0.854783722987679
137,"Heidelberg","lab",4,3,1,2,1,4,4,4,4,3,3,3,4,1.75,4,3.25,59,3,4,4,3,3,2,3,2,3,4,4,3,3,2,3,2,2,2,3,4,3,2.90909090909091,0.411215195071269,-1.13987867023188,-0.0717309217141236,-1.32443026766195,1.19591848569397,0.991575666225303,1.2397881621576,1.26064306202538,0.713840017720661,0.736650547027571,0.30455027156785,1.08018780474035,-0.726090451637359,1.50665791373095,0.936803566245133,0.902461537830666,0.891389835659053,1.49836512213001,1.52159803311837,0.97268846000106,0.900750871797584,-0.150465586721052,0.433417966510912,-0.499790949980904,0.516807509566074,1.87962551234489,1.51071615635785,0.0239361295492363,-0.151760008264064,-0.106817904741169,0.540817362246531,-1.46879280160146,-0.747785444505228,-0.283004608050685,0.753715529501529,0.972124370741034,1.1435061388006,0.496420787577037
138,"Heidelberg","lab",4,4,2,3,3,2,1,2,1,1,4,3,3,3,1.5,2.75,43,1,3,2,2,2,1,2,1,2,3,3,3,3,2,1,3,3,1,3,2,1.77777777777778,2.45454545454545,1.39641826659618,-0.294162237479194,0.844830855744117,0.615817895154921,-0.734335912268229,-2.04925637686562,-0.754276714039937,-1.65829557152332,-0.857291121760219,1.47330109405514,0.30455027156785,0.240852686192106,0.803220939173928,-1.66090442775094,0.410637949062275,-1.20748665735158,-2.03746248150641,0,-1.05169275818476,-0.118620543902568,-0.38603608791325,-1.30403508491578,-0.913691929401382,-1.59457112612955,-0.473740217102234,0.414154773906502,0.233272347672903,0.0239361295492363,-0.151760008264064,-0.106817904741169,-1.43359523008207,-0.203540575502824,0.673624904554296,-1.66792077510723,0.753715529501529,-1.68964473962132,-1.56790016969567,-0.629582971226893
139,"Heidelberg","lab",4,3,1,1,1,3,3,2,1,2,0,2,1,1.5,2.25,1.25,51,2,4,4,1,3,3,3,3,1,3,3,2,2,1,1,3,2,3,3,4,2.66666666666667,2.45454545454545,0.411215195071269,-1.13987867023188,-0.988292699172365,-1.32443026766195,0.230791286712872,-0.0220350148050064,-0.754276714039937,-1.65829557152332,-0.0717255520197794,-1.47330109405514,-0.529337376772693,-1.43781755090439,-1.03195272979962,-0.710635725306372,-1.1678589024863,-0.152512559760455,-0.573036322923677,1.49836512213001,1.52159803311837,-1.2099295478062,0.900750871797584,1.00310391147368,0.433417966510912,0.594989226167744,-1.46428794377054,0.414154773906502,0.233272347672903,-1.07712582971563,-1.49425238906156,-1.17499695215286,-1.43359523008207,-0.203540575502824,-0.747785444505228,1.10191155900586,0.753715529501529,0.972124370741034,0.404031691028892,-0.629582971226893
140,"Heidelberg","lab",4,3,1,1,2,3,3,3,4,2,4,4,4,1.75,3.25,3.5,57,3,3,4,2,3,2,3,4,2,3,3,2,4,2,3,3,3,2,4,2,2.88888888888889,2.81818181818182,0.411215195071269,-1.13987867023188,-0.988292699172365,-0.354306186253517,0.230791286712872,-0.0220350148050064,0.24275572405883,1.26064306202538,-0.0717255520197794,1.47330109405514,1.13843791990839,1.08018780474035,-0.726090451637359,0.556389211286384,1.19988637483656,0.638718013432886,0.891389835659053,0,1.52159803311837,-0.118620543902568,0.900750871797584,-0.150465586721052,0.433417966510912,1.68976940231639,-0.473740217102234,0.414154773906502,0.233272347672903,-1.07712582971563,1.19073237253343,-0.106817904741169,0.540817362246531,-0.203540575502824,0.673624904554296,-0.283004608050685,2.14055210378434,-1.68964473962132,0.897014656210033,0.271220035816251
141,"Heidelberg","lab",4,1,1,3,1,2,3,3,3,3,4,4,3,1.5,2.75,3.5,68,3,3,4,3,4,3,3,3,3,4,3,3,4,2,4,4,4,3,4,4,3.22222222222222,3.54545454545455,-1.55919094797856,-1.13987867023188,0.844830855744117,-1.32443026766195,-0.734335912268229,-0.0220350148050064,0.24275572405883,0.287663517509148,0.713840017720661,1.47330109405514,1.13843791990839,0.240852686192106,-1.03195272979962,-0.077123257009994,1.19988637483656,2.08930739762068,0.891389835659053,0,1.52159803311837,0.97268846000106,2.18753783150842,1.00310391147368,0.433417966510912,0.594989226167744,0.516807509566074,1.87962551234489,0.233272347672903,0.0239361295492363,1.19073237253343,-0.106817904741169,1.52802365841083,1.06171165059581,2.09503525361382,1.10191155900586,2.14055210378434,0.972124370741034,1.63648910398174,2.07282604990254
142,"Heidelberg","lab",4,3,2,1,3,4,3,3,3,2,3,4,4,2.25,3.25,3.25,53,3,3,3,3,3,3,3,2,1,2,2,2,3,2,3,4,3,3,2,3,2.66666666666667,2.63636363636364,0.411215195071269,-0.294162237479194,-0.988292699172365,0.615817895154921,1.19591848569397,-0.0220350148050064,0.24275572405883,0.287663517509148,-0.0717255520197794,0.736650547027571,1.13843791990839,1.08018780474035,-0.114365895312844,0.556389211286384,0.936803566245133,0.111230964637325,0.891389835659053,0,0.234952637466807,0.97268846000106,0.900750871797584,1.00310391147368,0.433417966510912,-0.499790949980904,-1.46428794377054,-1.05131596453189,-1.04417146101204,-1.07712582971563,-0.151760008264064,-0.106817904741169,0.540817362246531,1.06171165059581,0.673624904554296,1.10191155900586,-0.633121044781284,-0.358760184440144,0.404031691028892,-0.179181467705322
143,"Heidelberg","lab",4,3,3,4,3,3,4,3,3,2,2,3,1,3.25,3.25,2,41,1,2,2,1,2,1,2,3,2,2,1,4,2,1,1,3,2,2,3,4,1.77777777777778,2.27272727272727,0.411215195071269,0.551554195273488,1.76139263320236,0.615817895154921,0.230791286712872,0.991575666225303,0.24275572405883,0.287663517509148,-0.0717255520197794,0,0.30455027156785,-1.43781755090439,1.10908321733619,0.556389211286384,-0.378610476712013,-1.47123018174936,-2.03746248150641,-1.49836512213001,-1.05169275818476,-1.2099295478062,-0.38603608791325,-1.30403508491578,-0.913691929401382,0.594989226167744,-0.473740217102234,-1.05131596453189,-2.32161526969699,1.1249980888141,-1.49425238906156,-1.17499695215286,-1.43359523008207,-0.203540575502824,-0.747785444505228,-0.283004608050685,0.753715529501529,0.972124370741034,-1.56790016969567,-1.07998447474847
144,"Heidelberg","lab",4,4,4,3,3,3,3,3,3,3,3,4,2,3.5,3,3,53,2,3,2,2,2,1,2,4,3,4,4,3,4,2,1,3,2,2,3,4,2.33333333333333,2.90909090909091,1.39641826659618,1.39727062802617,0.844830855744117,0.615817895154921,0.230791286712872,-0.0220350148050064,0.24275572405883,0.287663517509148,0.713840017720661,0.736650547027571,1.13843791990839,-0.598482432356141,1.41494549549844,0.239632977138195,0.673720757653704,0.111230964637325,-0.573036322923677,0,-1.05169275818476,-0.118620543902568,-0.38603608791325,-1.30403508491578,-0.913691929401382,1.68976940231639,0.516807509566074,1.87962551234489,1.51071615635785,0.0239361295492363,1.19073237253343,-0.106817904741169,-1.43359523008207,-0.203540575502824,-0.747785444505228,-0.283004608050685,0.753715529501529,0.972124370741034,-0.335442756742819,0.496420787577037
145,"Heidelberg","lab",4,3,3,1,1,2,4,3,4,1,2,1,3,2,3.25,1.75,61,3,3,3,3,3,3,3,2,4,4,3,3,4,3,3,3,3,2,2,4,3,3.09090909090909,0.411215195071269,0.551554195273488,-0.988292699172365,-1.32443026766195,-0.734335912268229,0.991575666225303,0.24275572405883,1.26064306202538,-0.857291121760219,0,-1.36322502511324,0.240852686192106,-0.420228173475101,0.556389211286384,-0.641693285303443,1.16620506222845,0.891389835659053,0,0.234952637466807,0.97268846000106,0.900750871797584,1.00310391147368,0.433417966510912,-0.499790949980904,1.50735523623438,1.87962551234489,0.233272347672903,0.0239361295492363,1.19073237253343,0.961361142670521,0.540817362246531,-0.203540575502824,0.673624904554296,-0.283004608050685,-0.633121044781284,0.972124370741034,1.1435061388006,0.946822291098609
146,"Heidelberg","lab",4,3,3,2,1,3,3,3,3,2,2,3,3,2.25,3,2.5,56,2,3,3,4,3,4,3,3,1,3,3,3,3,1,2,3,3,3,3,3,2.88888888888889,2.72727272727273,0.411215195071269,0.551554195273488,-0.0717309217141236,-1.32443026766195,0.230791286712872,-0.0220350148050064,0.24275572405883,0.287663517509148,-0.0717255520197794,0,0.30455027156785,0.240852686192106,-0.114365895312844,0.239632977138195,0.147555140470845,0.506846251233995,-0.573036322923677,0,0.234952637466807,2.06399746390469,0.900750871797584,2.1566734096684,0.433417966510912,0.594989226167744,-1.46428794377054,0.414154773906502,0.233272347672903,0.0239361295492363,-0.151760008264064,-1.17499695215286,-0.446388933917771,-0.203540575502824,0.673624904554296,1.10191155900586,0.753715529501529,-0.358760184440144,0.897014656210033,0.0460192840554642
147,"Heidelberg","lab",4,1,1,1,1,4,4,4,3,0,0,2,2,1,3.75,1,60,3,4,3,1,3,4,3,2,4,3,3,2,4,2,2,4,3,3,3,4,3,3,-1.55919094797856,-1.13987867023188,-0.988292699172365,-1.32443026766195,1.19591848569397,0.991575666225303,1.2397881621576,0.287663517509148,-1.64285669150066,-1.47330109405514,-0.529337376772693,-0.598482432356141,-1.64367728612413,1.18990167958276,-1.43094171107773,1.03433330002956,0.891389835659053,1.49836512213001,0.234952637466807,-1.2099295478062,0.900750871797584,2.1566734096684,0.433417966510912,-0.499790949980904,1.50735523623438,0.414154773906502,0.233272347672903,-1.07712582971563,1.19073237253343,-0.106817904741169,-0.446388933917771,1.06171165059581,0.673624904554296,1.10191155900586,0.753715529501529,0.972124370741034,1.1435061388006,0.721621539337823
148,"Heidelberg","lab",4,3,3,3,3,3,3,3,3,4,4,4,0,3,3,3,59,3,4,3,4,2,2,3,2,3,3,3,3,3,2,3,3,3,3,3,4,2.88888888888889,3,0.411215195071269,0.551554195273488,0.844830855744117,0.615817895154921,0.230791286712872,-0.0220350148050064,0.24275572405883,0.287663517509148,1.4994055874611,1.47330109405514,1.13843791990839,-2.27715266945263,0.803220939173928,0.239632977138195,0.673720757653704,0.902461537830666,0.891389835659053,1.49836512213001,0.234952637466807,2.06399746390469,-0.38603608791325,-0.150465586721052,0.433417966510912,-0.499790949980904,0.516807509566074,0.414154773906502,0.233272347672903,0.0239361295492363,-0.151760008264064,-0.106817904741169,0.540817362246531,-0.203540575502824,0.673624904554296,1.10191155900586,0.753715529501529,0.972124370741034,0.897014656210033,0.721621539337823
149,"Heidelberg","lab",4,4,1,3,3,2,3,2,2,1,1,2,2,2.75,2.25,1.5,46,3,3,2,3,2,2,2,2,2,3,3,1,2,2,3,3,3,2,2,1,2.33333333333333,2.27272727272727,1.39641826659618,-1.13987867023188,0.844830855744117,0.615817895154921,-0.734335912268229,-0.0220350148050064,-0.754276714039937,-0.685316027007087,-0.857291121760219,-0.736650547027571,-0.529337376772693,-0.598482432356141,0.49735866101167,-0.710635725306372,-0.904776093894872,-0.811871370754906,0.891389835659053,0,-1.05169275818476,0.97268846000106,-0.38603608791325,-0.150465586721052,-0.913691929401382,-0.499790949980904,-0.473740217102234,0.414154773906502,0.233272347672903,-2.17818778898049,-1.49425238906156,-0.106817904741169,0.540817362246531,-0.203540575502824,0.673624904554296,-0.283004608050685,-0.633121044781284,-3.0205292948025,-0.335442756742819,-1.07998447474847
150,"Heidelberg","lab",4,3,4,3,3,3,4,3,3,4,4,4,3,3.25,3.25,3.75,52,3,3,3,1,1,1,3,2,2,3,3,4,3,4,3,4,2,1,3,3,2.11111111111111,3,0.411215195071269,1.39727062802617,0.844830855744117,0.615817895154921,0.230791286712872,0.991575666225303,0.24275572405883,0.287663517509148,1.4994055874611,1.47330109405514,1.13843791990839,0.240852686192106,1.10908321733619,0.556389211286384,1.46296918342799,-0.0206407975615652,0.891389835659053,0,0.234952637466807,-1.2099295478062,-1.67282304762408,-1.30403508491578,0.433417966510912,-0.499790949980904,-0.473740217102234,0.414154773906502,0.233272347672903,1.1249980888141,-0.151760008264064,2.02954019008221,0.540817362246531,1.06171165059581,-0.747785444505228,-1.66792077510723,0.753715529501529,-0.358760184440144,-0.82842572192396,0.721621539337823
151,"Heidelberg","lab",4,3,3,1,3,3,3,2,1,3,3,3,3,2.5,2.25,3,43,2,3,2,2,2,2,3,1,2,2,1,2,3,2,2,3,2,2,2,3,2.11111111111111,2.18181818181818,0.411215195071269,0.551554195273488,-0.988292699172365,0.615817895154921,0.230791286712872,-0.0220350148050064,-0.754276714039937,-1.65829557152332,0.713840017720661,0.736650547027571,0.30455027156785,0.240852686192106,0.191496382849413,-0.710635725306372,0.673720757653704,-1.20748665735158,-0.573036322923677,0,-1.05169275818476,-0.118620543902568,-0.38603608791325,-0.150465586721052,0.433417966510912,-1.59457112612955,-0.473740217102234,-1.05131596453189,-2.32161526969699,-1.07712582971563,-0.151760008264064,-0.106817904741169,-0.446388933917771,-0.203540575502824,-0.747785444505228,-0.283004608050685,-0.633121044781284,-0.358760184440144,-0.82842572192396,-1.30518522650925
152,"Heidelberg","lab",4,3,3,1,2,3,3,3,3,3,3,3,2,2.25,3,2.75,56,3,3,3,1,3,4,3,3,3,3,3,3,3,2,2,2,3,3,3,3,2.88888888888889,2.72727272727273,0.411215195071269,0.551554195273488,-0.988292699172365,-0.354306186253517,0.230791286712872,-0.0220350148050064,0.24275572405883,0.287663517509148,0.713840017720661,0.736650547027571,0.30455027156785,-0.598482432356141,-0.114365895312844,0.239632977138195,0.410637949062275,0.506846251233995,0.891389835659053,0,0.234952637466807,-1.2099295478062,0.900750871797584,2.1566734096684,0.433417966510912,0.594989226167744,0.516807509566074,0.414154773906502,0.233272347672903,0.0239361295492363,-0.151760008264064,-0.106817904741169,-0.446388933917771,-1.46879280160146,0.673624904554296,1.10191155900586,0.753715529501529,-0.358760184440144,0.897014656210033,0.0460192840554642
153,"Heidelberg","lab",4,4,4,3,3,3,4,3,3,4,3,4,3,3.5,3.25,3.5,59,3,3,4,3,3,2,3,4,2,3,4,3,3,1,4,3,3,2,3,3,3,2.90909090909091,1.39641826659618,1.39727062802617,0.844830855744117,0.615817895154921,0.230791286712872,0.991575666225303,0.24275572405883,0.287663517509148,1.4994055874611,0.736650547027571,1.13843791990839,0.240852686192106,1.41494549549844,0.556389211286384,1.19988637483656,0.902461537830666,0.891389835659053,0,1.52159803311837,0.97268846000106,0.900750871797584,-0.150465586721052,0.433417966510912,1.68976940231639,-0.473740217102234,0.414154773906502,1.51071615635785,0.0239361295492363,-0.151760008264064,-1.17499695215286,1.52802365841083,-0.203540575502824,0.673624904554296,-0.283004608050685,0.753715529501529,-0.358760184440144,1.1435061388006,0.496420787577037
154,"Heidelberg","lab",4,3,2,1,2,1,4,1,1,2,3,3,3,2,1.75,2.75,51,2,3,3,1,2,2,3,2,2,3,3,4,2,3,3,3,3,2,2,3,2.22222222222222,2.81818181818182,0.411215195071269,-0.294162237479194,-0.988292699172365,-0.354306186253517,-1.69946311124933,0.991575666225303,-1.7513091521387,-1.65829557152332,-0.0717255520197794,0.736650547027571,0.30455027156785,0.240852686192106,-0.420228173475101,-1.34414819360275,0.410637949062275,-0.152512559760455,-0.573036322923677,0,0.234952637466807,-1.2099295478062,-0.38603608791325,-0.150465586721052,0.433417966510912,-0.499790949980904,-0.473740217102234,0.414154773906502,0.233272347672903,1.1249980888141,-1.49425238906156,0.961361142670521,0.540817362246531,-0.203540575502824,0.673624904554296,-0.283004608050685,-0.633121044781284,-0.358760184440144,-0.58193423933339,0.271220035816251
155,"Heidelberg","lab",4,3,4,4,4,4,4,4,4,3,2,4,1,3.75,4,2.5,48,3,2,2,1,1,1,1,3,3,3,3,3,3,3,2,3,3,2,3,3,1.88888888888889,2.81818181818182,0.411215195071269,1.39727062802617,1.76139263320236,1.58594197656336,1.19591848569397,0.991575666225303,1.2397881621576,1.26064306202538,0.713840017720661,0,1.13843791990839,-1.43781755090439,1.7208077736607,1.50665791373095,0.147555140470845,-0.548127846357126,0.891389835659053,-1.49836512213001,-1.05169275818476,-1.2099295478062,-1.67282304762408,-1.30403508491578,-2.26080182531368,0.594989226167744,0.516807509566074,0.414154773906502,0.233272347672903,0.0239361295492363,-0.151760008264064,0.961361142670521,-0.446388933917771,-0.203540575502824,0.673624904554296,-0.283004608050685,0.753715529501529,-0.358760184440144,-1.3214086871051,0.271220035816251
156,"Heidelberg","lab",4,4,3,2,3,3,3,3,3,4,2,3,1,3,3,2.5,38,1,2,1,2,1,1,2,1,2,2,1,1,3,2,3,3,1,2,3,4,1.44444444444444,2.27272727272727,1.39641826659618,0.551554195273488,-0.0717309217141236,0.615817895154921,0.230791286712872,-0.0220350148050064,0.24275572405883,0.287663517509148,1.4994055874611,0,0.30455027156785,-1.43781755090439,0.803220939173928,0.239632977138195,0.147555140470845,-1.86684546834603,-2.03746248150641,-1.49836512213001,-2.33833815383632,-0.118620543902568,-1.67282304762408,-1.30403508491578,-0.913691929401382,-1.59457112612955,-0.473740217102234,-1.05131596453189,-2.32161526969699,-2.17818778898049,-0.151760008264064,-0.106817904741169,0.540817362246531,-0.203540575502824,-2.16919579356475,-0.283004608050685,0.753715529501529,0.972124370741034,-2.30737461746738,-1.07998447474847
157,"Heidelberg","lab",4,3,4,3,3,3,3,2,1,4,4,4,2,3.25,2.25,3.5,56,3,3,2,1,4,2,2,3,1,2,4,3,3,3,4,4,3,2,3,4,2.33333333333333,3.18181818181818,0.411215195071269,1.39727062802617,0.844830855744117,0.615817895154921,0.230791286712872,-0.0220350148050064,-0.754276714039937,-1.65829557152332,1.4994055874611,1.47330109405514,1.13843791990839,-0.598482432356141,1.10908321733619,-0.710635725306372,1.19988637483656,0.506846251233995,0.891389835659053,0,-1.05169275818476,-1.2099295478062,2.18753783150842,-0.150465586721052,-0.913691929401382,0.594989226167744,-1.46428794377054,-1.05131596453189,1.51071615635785,0.0239361295492363,-0.151760008264064,0.961361142670521,1.52802365841083,1.06171165059581,0.673624904554296,-0.283004608050685,0.753715529501529,0.972124370741034,-0.335442756742819,1.17202304285939
158,"Heidelberg","lab",4,3,4,3,3,3,4,3,3,0,0,1,4,3.25,3.25,1.25,58,3,3,3,3,3,3,3,2,3,3,3,3,2,3,3,3,3,3,3,3,2.88888888888889,2.90909090909091,0.411215195071269,1.39727062802617,0.844830855744117,0.615817895154921,0.230791286712872,0.991575666225303,0.24275572405883,0.287663517509148,-1.64285669150066,-1.47330109405514,-1.36322502511324,1.08018780474035,1.10908321733619,0.556389211286384,-1.1678589024863,0.770589775631776,0.891389835659053,0,0.234952637466807,0.97268846000106,0.900750871797584,1.00310391147368,0.433417966510912,-0.499790949980904,0.516807509566074,0.414154773906502,0.233272347672903,0.0239361295492363,-1.49425238906156,0.961361142670521,0.540817362246531,-0.203540575502824,0.673624904554296,1.10191155900586,0.753715529501529,-0.358760184440144,0.897014656210033,0.496420787577037
159,"Heidelberg","lab",4,3,3,3,3,3,3,1,1,3,3,3,2,3,2,2.75,38,2,2,2,2,2,1,2,2,1,2,2,1,2,2,1,3,2,2,2,3,1.77777777777778,2,0.411215195071269,0.551554195273488,0.844830855744117,0.615817895154921,0.230791286712872,-0.0220350148050064,-1.7513091521387,-1.65829557152332,0.713840017720661,0.736650547027571,0.30455027156785,-0.598482432356141,0.803220939173928,-1.02739195945456,0.410637949062275,-1.86684546834603,-0.573036322923677,-1.49836512213001,-1.05169275818476,-0.118620543902568,-0.38603608791325,-1.30403508491578,-0.913691929401382,-0.499790949980904,-1.46428794377054,-1.05131596453189,-1.04417146101204,-2.17818778898049,-1.49425238906156,-0.106817904741169,-1.43359523008207,-0.203540575502824,-0.747785444505228,-0.283004608050685,-0.633121044781284,-0.358760184440144,-1.56790016969567,-1.75558673003082
160,"Heidelberg","lab",4,3,3,4,4,2,3,3,1,2,0,0,1,3.5,2.25,0.75,42,2,2,1,3,2,1,3,2,3,2,3,2,2,1,4,2,1,2,2,2,2.11111111111111,2.09090909090909,0.411215195071269,0.551554195273488,1.76139263320236,1.58594197656336,-0.734335912268229,-0.0220350148050064,0.24275572405883,-1.65829557152332,-0.0717255520197794,-1.47330109405514,-2.19711267345378,-1.43781755090439,1.41494549549844,-0.710635725306372,-1.69402451966916,-1.33935841955047,-0.573036322923677,-1.49836512213001,-2.33833815383632,0.97268846000106,-0.38603608791325,-1.30403508491578,0.433417966510912,-0.499790949980904,0.516807509566074,-1.05131596453189,0.233272347672903,-1.07712582971563,-1.49425238906156,-1.17499695215286,1.52802365841083,-1.46879280160146,-2.16919579356475,-0.283004608050685,-0.633121044781284,-1.68964473962132,-0.82842572192396,-1.53038597827004
161,"Heidelberg","lab",4,2,1,3,2,0,3,1,1,2,3,2,0,2,1.25,1.75,55,3,4,3,2,3,3,3,3,1,2,2,4,2,3,3,2,2,3,3,4,2.77777777777778,2.72727272727273,-0.573987876453645,-1.13987867023188,0.844830855744117,-0.354306186253517,-2.66459031023043,-0.0220350148050064,-1.7513091521387,-1.65829557152332,-0.0717255520197794,0.736650547027571,-0.529337376772693,-2.27715266945263,-0.420228173475101,-1.97766066189913,-0.641693285303443,0.374974489035105,0.891389835659053,1.49836512213001,0.234952637466807,-0.118620543902568,0.900750871797584,1.00310391147368,0.433417966510912,0.594989226167744,-1.46428794377054,-1.05131596453189,-1.04417146101204,1.1249980888141,-1.49425238906156,0.961361142670521,0.540817362246531,-1.46879280160146,-0.747785444505228,1.10191155900586,0.753715529501529,0.972124370741034,0.650523173619462,0.0460192840554642
162,"Heidelberg","lab",4,3,4,1,1,3,3,3,4,2,2,2,4,2.25,3.25,2.5,65,3,4,3,3,3,2,4,2,4,4,4,3,4,1,3,4,4,3,3,4,3.11111111111111,3.36363636363636,0.411215195071269,1.39727062802617,-0.988292699172365,-1.32443026766195,0.230791286712872,-0.0220350148050064,0.24275572405883,1.26064306202538,-0.0717255520197794,0,-0.529337376772693,1.08018780474035,-0.114365895312844,0.556389211286384,0.147555140470845,1.69369211102401,0.891389835659053,1.49836512213001,0.234952637466807,0.97268846000106,0.900750871797584,-0.150465586721052,1.78052786242321,-0.499790949980904,1.50735523623438,1.87962551234489,1.51071615635785,0.0239361295492363,1.19073237253343,-1.17499695215286,0.540817362246531,1.06171165059581,2.09503525361382,1.10191155900586,0.753715529501529,0.972124370741034,1.38999762139117,1.62242454638097
163,"Heidelberg","lab",4,3,3,3,3,3,3,3,3,2,3,3,3,3,3,2.75,52,2,3,3,1,2,2,3,4,3,3,2,3,2,3,2,4,2,2,2,4,2.55555555555556,2.63636363636364,0.411215195071269,0.551554195273488,0.844830855744117,0.615817895154921,0.230791286712872,-0.0220350148050064,0.24275572405883,0.287663517509148,-0.0717255520197794,0.736650547027571,0.30455027156785,0.240852686192106,0.803220939173928,0.239632977138195,0.410637949062275,-0.0206407975615652,-0.573036322923677,0,0.234952637466807,-1.2099295478062,-0.38603608791325,-0.150465586721052,0.433417966510912,1.68976940231639,0.516807509566074,0.414154773906502,-1.04417146101204,0.0239361295492363,-1.49425238906156,0.961361142670521,-0.446388933917771,1.06171165059581,-0.747785444505228,-0.283004608050685,-0.633121044781284,0.972124370741034,0.157540208438321,-0.179181467705322
164,"Heidelberg","lab",4,1,3,2,3,0,3,1,1,4,3,4,3,2.25,1.25,3.5,58,2,2,3,4,3,3,3,2,4,3,3,4,3,3,3,3,2,3,3,2,2.88888888888889,2.90909090909091,-1.55919094797856,0.551554195273488,-0.0717309217141236,0.615817895154921,-2.66459031023043,-0.0220350148050064,-1.7513091521387,-1.65829557152332,1.4994055874611,0.736650547027571,1.13843791990839,0.240852686192106,-0.114365895312844,-1.97766066189913,1.19988637483656,0.770589775631776,-0.573036322923677,-1.49836512213001,0.234952637466807,2.06399746390469,0.900750871797584,1.00310391147368,0.433417966510912,-0.499790949980904,1.50735523623438,0.414154773906502,0.233272347672903,1.1249980888141,-0.151760008264064,0.961361142670521,0.540817362246531,-0.203540575502824,-0.747785444505228,1.10191155900586,0.753715529501529,-1.68964473962132,0.897014656210033,0.496420787577037
165,"Heidelberg","lab",4,1,1,2,3,1,3,1,2,0,1,1,3,1.75,1.75,1.25,54,3,3,4,4,2,3,2,2,1,3,3,3,3,2,2,3,3,1,3,4,2.66666666666667,2.72727272727273,-1.55919094797856,-1.13987867023188,-0.0717309217141236,0.615817895154921,-1.69946311124933,-0.0220350148050064,-1.7513091521387,-0.685316027007087,-1.64285669150066,-0.736650547027571,-1.36322502511324,0.240852686192106,-0.726090451637359,-1.34414819360275,-1.1678589024863,0.243102726836215,0.891389835659053,0,1.52159803311837,2.06399746390469,-0.38603608791325,1.00310391147368,-0.913691929401382,-0.499790949980904,-1.46428794377054,0.414154773906502,0.233272347672903,0.0239361295492363,-0.151760008264064,-0.106817904741169,-0.446388933917771,-0.203540575502824,0.673624904554296,-1.66792077510723,0.753715529501529,0.972124370741034,0.404031691028892,0.0460192840554642
166,"Heidelberg","lab",4,3,2,4,4,4,4,4,4,1,0,1,3,3.25,4,1.25,40,2,3,2,1,2,1,1,2,3,2,2,3,3,1,2,3,1,1,2,3,1.88888888888889,2.09090909090909,0.411215195071269,-0.294162237479194,1.76139263320236,1.58594197656336,1.19591848569397,0.991575666225303,1.2397881621576,1.26064306202538,-0.857291121760219,-1.47330109405514,-1.36322502511324,0.240852686192106,1.10908321733619,1.50665791373095,-1.1678589024863,-1.60310194394825,-0.573036322923677,0,-1.05169275818476,-1.2099295478062,-0.38603608791325,-1.30403508491578,-2.26080182531368,-0.499790949980904,0.516807509566074,-1.05131596453189,-1.04417146101204,0.0239361295492363,-0.151760008264064,-1.17499695215286,-0.446388933917771,-0.203540575502824,-2.16919579356475,-1.66792077510723,-0.633121044781284,-0.358760184440144,-1.3214086871051,-1.53038597827004
167,"Heidelberg","lab",4,3,3,3,3,3,4,3,3,0,0,0,3,3,3.25,0.75,51,3,3,4,3,2,2,2,1,1,3,3,4,4,1,1,3,3,2,2,4,2.33333333333333,2.72727272727273,0.411215195071269,0.551554195273488,0.844830855744117,0.615817895154921,0.230791286712872,0.991575666225303,0.24275572405883,0.287663517509148,-1.64285669150066,-1.47330109405514,-2.19711267345378,0.240852686192106,0.803220939173928,0.556389211286384,-1.69402451966916,-0.152512559760455,0.891389835659053,0,1.52159803311837,0.97268846000106,-0.38603608791325,-0.150465586721052,-0.913691929401382,-1.59457112612955,-1.46428794377054,0.414154773906502,0.233272347672903,1.1249980888141,1.19073237253343,-1.17499695215286,-1.43359523008207,-0.203540575502824,0.673624904554296,-0.283004608050685,-0.633121044781284,0.972124370741034,-0.335442756742819,0.0460192840554642
168,"Heidelberg","lab",4,3,4,3,3,3,3,3,3,1,3,3,1,3.25,3,2,38,2,2,1,2,1,1,2,1,2,3,4,2,2,1,1,1,3,1,3,3,1.55555555555556,2.18181818181818,0.411215195071269,1.39727062802617,0.844830855744117,0.615817895154921,0.230791286712872,-0.0220350148050064,0.24275572405883,0.287663517509148,-0.857291121760219,0.736650547027571,0.30455027156785,-1.43781755090439,1.10908321733619,0.239632977138195,-0.378610476712013,-1.86684546834603,-0.573036322923677,-1.49836512213001,-2.33833815383632,-0.118620543902568,-1.67282304762408,-1.30403508491578,-0.913691929401382,-1.59457112612955,-0.473740217102234,0.414154773906502,1.51071615635785,-1.07712582971563,-1.49425238906156,-1.17499695215286,-1.43359523008207,-2.73404502770009,0.673624904554296,-1.66792077510723,0.753715529501529,-0.358760184440144,-2.06088313487681,-1.30518522650925
169,"Heidelberg","lab",4,3,1,3,3,2,3,1,1,1,0,1,2,2.5,1.75,1,41,3,2,2,3,2,1,2,2,3,2,2,1,2,2,1,1,2,2,2,4,2.22222222222222,1.90909090909091,0.411215195071269,-1.13987867023188,0.844830855744117,0.615817895154921,-0.734335912268229,-0.0220350148050064,-1.7513091521387,-1.65829557152332,-0.857291121760219,-1.47330109405514,-1.36322502511324,-0.598482432356141,0.191496382849413,-1.34414819360275,-1.43094171107773,-1.47123018174936,0.891389835659053,-1.49836512213001,-1.05169275818476,0.97268846000106,-0.38603608791325,-1.30403508491578,-0.913691929401382,-0.499790949980904,0.516807509566074,-1.05131596453189,-1.04417146101204,-2.17818778898049,-1.49425238906156,-0.106817904741169,-1.43359523008207,-2.73404502770009,-0.747785444505228,-0.283004608050685,-0.633121044781284,0.972124370741034,-0.58193423933339,-1.98078748179161
170,"Heidelberg","lab",4,3,1,3,3,1,3,3,1,3,1,3,4,2.5,2,2.75,55,3,3,4,3,2,2,3,2,2,3,4,4,2,1,2,4,3,2,2,4,2.66666666666667,2.81818181818182,0.411215195071269,-1.13987867023188,0.844830855744117,0.615817895154921,-1.69946311124933,-0.0220350148050064,0.24275572405883,-1.65829557152332,0.713840017720661,-0.736650547027571,0.30455027156785,1.08018780474035,0.191496382849413,-1.02739195945456,0.410637949062275,0.374974489035105,0.891389835659053,0,1.52159803311837,0.97268846000106,-0.38603608791325,-0.150465586721052,0.433417966510912,-0.499790949980904,-0.473740217102234,0.414154773906502,1.51071615635785,1.1249980888141,-1.49425238906156,-1.17499695215286,-0.446388933917771,1.06171165059581,0.673624904554296,-0.283004608050685,-0.633121044781284,0.972124370741034,0.404031691028892,0.271220035816251
171,"Heidelberg","lab",4,3,3,3,3,2,3,3,3,4,4,4,2,3,2.75,3.5,58,3,3,3,1,2,3,3,2,2,4,4,3,2,4,4,3,2,2,4,4,2.44444444444444,3.27272727272727,0.411215195071269,0.551554195273488,0.844830855744117,0.615817895154921,-0.734335912268229,-0.0220350148050064,0.24275572405883,0.287663517509148,1.4994055874611,1.47330109405514,1.13843791990839,-0.598482432356141,0.803220939173928,-0.077123257009994,1.19988637483656,0.770589775631776,0.891389835659053,0,0.234952637466807,-1.2099295478062,-0.38603608791325,1.00310391147368,0.433417966510912,-0.499790949980904,-0.473740217102234,1.87962551234489,1.51071615635785,0.0239361295492363,-1.49425238906156,2.02954019008221,1.52802365841083,-0.203540575502824,-0.747785444505228,-0.283004608050685,2.14055210378434,0.972124370741034,-0.0889512741522486,1.39722379462018
172,"Heidelberg","lab",4,3,3,3,3,3,3,3,3,1,1,1,3,3,3,1.5,46,2,3,3,1,2,2,2,2,2,3,3,3,3,2,1,2,3,2,2,3,2.11111111111111,2.45454545454545,0.411215195071269,0.551554195273488,0.844830855744117,0.615817895154921,0.230791286712872,-0.0220350148050064,0.24275572405883,0.287663517509148,-0.857291121760219,-0.736650547027571,-1.36322502511324,0.240852686192106,0.803220939173928,0.239632977138195,-0.904776093894872,-0.811871370754906,-0.573036322923677,0,0.234952637466807,-1.2099295478062,-0.38603608791325,-0.150465586721052,-0.913691929401382,-0.499790949980904,-0.473740217102234,0.414154773906502,0.233272347672903,0.0239361295492363,-0.151760008264064,-0.106817904741169,-1.43359523008207,-1.46879280160146,0.673624904554296,-0.283004608050685,-0.633121044781284,-0.358760184440144,-0.82842572192396,-0.629582971226893
173,"Heidelberg","lab",4,3,3,3,3,3,4,2,3,0,1,0,4,3,3,1.25,47,2,3,2,1,2,2,3,2,2,3,3,4,2,2,2,2,3,2,2,3,2.11111111111111,2.54545454545455,0.411215195071269,0.551554195273488,0.844830855744117,0.615817895154921,0.230791286712872,0.991575666225303,-0.754276714039937,0.287663517509148,-1.64285669150066,-0.736650547027571,-2.19711267345378,1.08018780474035,0.803220939173928,0.239632977138195,-1.1678589024863,-0.679999608556016,-0.573036322923677,0,-1.05169275818476,-1.2099295478062,-0.38603608791325,-0.150465586721052,0.433417966510912,-0.499790949980904,-0.473740217102234,0.414154773906502,0.233272347672903,1.1249980888141,-1.49425238906156,-0.106817904741169,-0.446388933917771,-1.46879280160146,0.673624904554296,-0.283004608050685,-0.633121044781284,-0.358760184440144,-0.82842572192396,-0.404382219466108
174,"Heidelberg","lab",4,1,3,1,2,4,3,3,4,1,1,2,3,1.75,3.5,1.75,61,3,4,3,3,2,4,3,4,1,2,2,2,4,4,3,4,3,4,2,4,3,3.09090909090909,-1.55919094797856,0.551554195273488,-0.988292699172365,-0.354306186253517,1.19591848569397,-0.0220350148050064,0.24275572405883,1.26064306202538,-0.857291121760219,-0.736650547027571,-0.529337376772693,0.240852686192106,-0.726090451637359,0.873145445434573,-0.641693285303443,1.16620506222845,0.891389835659053,1.49836512213001,0.234952637466807,0.97268846000106,-0.38603608791325,2.1566734096684,0.433417966510912,1.68976940231639,-1.46428794377054,-1.05131596453189,-1.04417146101204,-1.07712582971563,1.19073237253343,2.02954019008221,0.540817362246531,1.06171165059581,0.673624904554296,2.4868277260624,-0.633121044781284,0.972124370741034,1.1435061388006,0.946822291098609
175,"Heidelberg","lab",4,1,3,1,0,4,3,3,4,0,0,3,3,1.25,3.5,1.5,72,3,4,3,3,3,4,4,4,4,4,4,3,4,3,4,3,3,4,4,4,3.55555555555556,3.63636363636364,-1.55919094797856,0.551554195273488,-0.988292699172365,-2.29455434907039,1.19591848569397,-0.0220350148050064,0.24275572405883,1.26064306202538,-1.64285669150066,-1.47330109405514,0.30455027156785,0.240852686192106,-1.33781500796187,0.873145445434573,-0.904776093894872,2.61679444641624,0.891389835659053,1.49836512213001,0.234952637466807,0.97268846000106,0.900750871797584,2.1566734096684,1.78052786242321,1.68976940231639,1.50735523623438,1.87962551234489,1.51071615635785,0.0239361295492363,1.19073237253343,0.961361142670521,1.52802365841083,-0.203540575502824,0.673624904554296,2.4868277260624,2.14055210378434,0.972124370741034,2.37596355175346,2.29802680166333
176,"Heidelberg","lab",4,2,3,3,3,1,3,3,3,1,3,1,3,2.75,2.5,2,56,3,3,3,2,3,3,3,2,2,3,2,3,4,3,3,4,3,2,2,3,2.66666666666667,2.90909090909091,-0.573987876453645,0.551554195273488,0.844830855744117,0.615817895154921,-1.69946311124933,-0.0220350148050064,0.24275572405883,0.287663517509148,-0.857291121760219,0.736650547027571,-1.36322502511324,0.240852686192106,0.49735866101167,-0.393879491158183,-0.378610476712013,0.506846251233995,0.891389835659053,0,0.234952637466807,-0.118620543902568,0.900750871797584,1.00310391147368,0.433417966510912,-0.499790949980904,-0.473740217102234,0.414154773906502,-1.04417146101204,0.0239361295492363,1.19073237253343,0.961361142670521,0.540817362246531,1.06171165059581,0.673624904554296,-0.283004608050685,-0.633121044781284,-0.358760184440144,0.404031691028892,0.496420787577037
177,"Heidelberg","lab",4,3,3,1,3,3,4,4,4,0,0,1,0,2.5,3.75,0.25,58,2,3,3,2,3,2,3,2,3,3,3,4,4,2,3,4,4,2,2,4,2.55555555555556,3.18181818181818,0.411215195071269,0.551554195273488,-0.988292699172365,0.615817895154921,0.230791286712872,0.991575666225303,1.2397881621576,1.26064306202538,-1.64285669150066,-1.47330109405514,-1.36322502511324,-2.27715266945263,0.191496382849413,1.18990167958276,-2.22019013685202,0.770589775631776,-0.573036322923677,0,0.234952637466807,-0.118620543902568,0.900750871797584,-0.150465586721052,0.433417966510912,-0.499790949980904,0.516807509566074,0.414154773906502,0.233272347672903,1.1249980888141,1.19073237253343,-0.106817904741169,0.540817362246531,1.06171165059581,2.09503525361382,-0.283004608050685,-0.633121044781284,0.972124370741034,0.157540208438321,1.17202304285939
178,"Heidelberg","lab",4,3,3,1,3,2,3,4,3,2,1,3,3,2.5,3,2.25,64,3,3,4,1,3,4,3,4,3,3,3,4,4,3,4,3,3,3,4,2,3.11111111111111,3.27272727272727,0.411215195071269,0.551554195273488,-0.988292699172365,0.615817895154921,-0.734335912268229,-0.0220350148050064,1.2397881621576,0.287663517509148,-0.0717255520197794,-0.736650547027571,0.30455027156785,0.240852686192106,0.191496382849413,0.239632977138195,-0.115527668120584,1.56182034882512,0.891389835659053,0,1.52159803311837,-1.2099295478062,0.900750871797584,2.1566734096684,0.433417966510912,1.68976940231639,0.516807509566074,0.414154773906502,0.233272347672903,1.1249980888141,1.19073237253343,0.961361142670521,1.52802365841083,-0.203540575502824,0.673624904554296,1.10191155900586,2.14055210378434,-1.68964473962132,1.38999762139117,1.39722379462018
179,"Heidelberg","lab",4,1,0,2,1,4,4,4,4,3,1,2,1,1,4,1.75,55,3,4,4,2,3,1,3,2,4,3,3,4,3,1,1,4,2,4,1,3,2.88888888888889,2.63636363636364,-1.55919094797856,-1.98559510298456,-0.0717309217141236,-1.32443026766195,1.19591848569397,0.991575666225303,1.2397881621576,1.26064306202538,0.713840017720661,-0.736650547027571,-0.529337376772693,-1.43781755090439,-1.64367728612413,1.50665791373095,-0.641693285303443,0.374974489035105,0.891389835659053,1.49836512213001,1.52159803311837,-0.118620543902568,0.900750871797584,-1.30403508491578,0.433417966510912,-0.499790949980904,1.50735523623438,0.414154773906502,0.233272347672903,1.1249980888141,-0.151760008264064,-1.17499695215286,-1.43359523008207,1.06171165059581,-0.747785444505228,2.4868277260624,-2.0199576190641,-0.358760184440144,0.897014656210033,-0.179181467705322
180,"Heidelberg","lab",4,3,3,3,3,3,3,3,3,2,1,1,1,3,3,1.25,49,2,2,3,2,2,2,3,1,3,2,3,3,4,2,1,4,2,2,2,4,2.22222222222222,2.63636363636364,0.411215195071269,0.551554195273488,0.844830855744117,0.615817895154921,0.230791286712872,-0.0220350148050064,0.24275572405883,0.287663517509148,-0.0717255520197794,-0.736650547027571,-1.36322502511324,-1.43781755090439,0.803220939173928,0.239632977138195,-1.1678589024863,-0.416256084158236,-0.573036322923677,-1.49836512213001,0.234952637466807,-0.118620543902568,-0.38603608791325,-0.150465586721052,0.433417966510912,-1.59457112612955,0.516807509566074,-1.05131596453189,0.233272347672903,0.0239361295492363,1.19073237253343,-0.106817904741169,-1.43359523008207,1.06171165059581,-0.747785444505228,-0.283004608050685,-0.633121044781284,0.972124370741034,-0.58193423933339,-0.179181467705322
181,"Heidelberg","lab",4,4,2,3,3,1,2,1,1,2,2,2,2,3,1.25,2,49,3,2,3,3,2,3,1,2,4,3,2,1,3,3,3,3,2,1,2,3,2.55555555555556,2.36363636363636,1.39641826659618,-0.294162237479194,0.844830855744117,0.615817895154921,-1.69946311124933,-1.03564569583532,-1.7513091521387,-1.65829557152332,-0.0717255520197794,0,-0.529337376772693,-0.598482432356141,0.803220939173928,-1.97766066189913,-0.378610476712013,-0.416256084158236,0.891389835659053,-1.49836512213001,0.234952637466807,0.97268846000106,-0.38603608791325,1.00310391147368,-2.26080182531368,-0.499790949980904,1.50735523623438,0.414154773906502,-1.04417146101204,-2.17818778898049,-0.151760008264064,0.961361142670521,0.540817362246531,-0.203540575502824,-0.747785444505228,-1.66792077510723,-0.633121044781284,-0.358760184440144,0.157540208438321,-0.854783722987679
182,"Heidelberg","lab",4,2,0,3,1,3,3,1,2,3,2,3,4,1.5,2.25,3,53,3,4,3,2,3,2,4,2,2,3,2,3,3,2,1,3,3,3,3,2,2.77777777777778,2.54545454545455,-0.573987876453645,-1.98559510298456,0.844830855744117,-1.32443026766195,0.230791286712872,-0.0220350148050064,-1.7513091521387,-0.685316027007087,0.713840017720661,0,0.30455027156785,1.08018780474035,-1.03195272979962,-0.710635725306372,0.673720757653704,0.111230964637325,0.891389835659053,1.49836512213001,0.234952637466807,-0.118620543902568,0.900750871797584,-0.150465586721052,1.78052786242321,-0.499790949980904,-0.473740217102234,0.414154773906502,-1.04417146101204,0.0239361295492363,-0.151760008264064,-0.106817904741169,-1.43359523008207,-0.203540575502824,0.673624904554296,1.10191155900586,0.753715529501529,-1.68964473962132,0.650523173619462,-0.404382219466108
183,"Heidelberg","lab",4,3,3,1,2,3,4,3,3,1,2,1,4,2.25,3.25,2,57,3,3,3,2,3,2,3,2,3,4,3,2,3,3,3,3,3,2,3,4,2.66666666666667,3,0.411215195071269,0.551554195273488,-0.988292699172365,-0.354306186253517,0.230791286712872,0.991575666225303,0.24275572405883,0.287663517509148,-0.857291121760219,0,-1.36322502511324,1.08018780474035,-0.114365895312844,0.556389211286384,-0.378610476712013,0.638718013432886,0.891389835659053,0,0.234952637466807,-0.118620543902568,0.900750871797584,-0.150465586721052,0.433417966510912,-0.499790949980904,0.516807509566074,1.87962551234489,0.233272347672903,-1.07712582971563,-0.151760008264064,0.961361142670521,0.540817362246531,-0.203540575502824,0.673624904554296,-0.283004608050685,0.753715529501529,0.972124370741034,0.404031691028892,0.721621539337823
184,"Heidelberg","lab",4,1,0,0,1,4,4,4,4,0,0,1,4,0.5,4,1.25,56,1,3,4,2,3,1,3,3,4,4,3,4,4,1,2,4,2,4,2,2,2.66666666666667,2.90909090909091,-1.55919094797856,-1.98559510298456,-1.90485447663061,-1.32443026766195,1.19591848569397,0.991575666225303,1.2397881621576,1.26064306202538,-1.64285669150066,-1.47330109405514,-1.36322502511324,1.08018780474035,-2.25540184244865,1.50665791373095,-1.1678589024863,0.506846251233995,-2.03746248150641,0,1.52159803311837,-0.118620543902568,0.900750871797584,-1.30403508491578,0.433417966510912,0.594989226167744,1.50735523623438,1.87962551234489,0.233272347672903,1.1249980888141,1.19073237253343,-1.17499695215286,-0.446388933917771,1.06171165059581,-0.747785444505228,2.4868277260624,-0.633121044781284,-1.68964473962132,0.404031691028892,0.496420787577037
185,"Heidelberg","lab",4,3,1,3,3,4,4,4,4,3,3,3,4,2.5,4,3.25,47,2,3,3,3,2,1,2,1,2,3,4,3,2,2,2,3,3,2,2,2,2.11111111111111,2.54545454545455,0.411215195071269,-1.13987867023188,0.844830855744117,0.615817895154921,1.19591848569397,0.991575666225303,1.2397881621576,1.26064306202538,0.713840017720661,0.736650547027571,0.30455027156785,1.08018780474035,0.191496382849413,1.50665791373095,0.936803566245133,-0.679999608556016,-0.573036322923677,0,0.234952637466807,0.97268846000106,-0.38603608791325,-1.30403508491578,-0.913691929401382,-1.59457112612955,-0.473740217102234,0.414154773906502,1.51071615635785,0.0239361295492363,-1.49425238906156,-0.106817904741169,-0.446388933917771,-0.203540575502824,0.673624904554296,-0.283004608050685,-0.633121044781284,-1.68964473962132,-0.82842572192396,-0.404382219466108
186,"Heidelberg","lab",4,3,3,1,2,3,3,3,3,2,0,3,4,2.25,3,2.25,41,2,2,2,2,2,1,2,2,1,2,2,3,3,1,1,3,3,2,2,3,1.77777777777778,2.27272727272727,0.411215195071269,0.551554195273488,-0.988292699172365,-0.354306186253517,0.230791286712872,-0.0220350148050064,0.24275572405883,0.287663517509148,-0.0717255520197794,-1.47330109405514,0.30455027156785,1.08018780474035,-0.114365895312844,0.239632977138195,-0.115527668120584,-1.47123018174936,-0.573036322923677,-1.49836512213001,-1.05169275818476,-0.118620543902568,-0.38603608791325,-1.30403508491578,-0.913691929401382,-0.499790949980904,-1.46428794377054,-1.05131596453189,-1.04417146101204,0.0239361295492363,-0.151760008264064,-1.17499695215286,-1.43359523008207,-0.203540575502824,0.673624904554296,-0.283004608050685,-0.633121044781284,-0.358760184440144,-1.56790016969567,-1.07998447474847
187,"Heidelberg","lab",4,3,3,3,3,3,3,3,3,2,2,3,3,3,3,2.5,53,3,3,3,3,3,3,2,3,2,3,3,3,3,2,1,3,3,2,2,3,2.77777777777778,2.54545454545455,0.411215195071269,0.551554195273488,0.844830855744117,0.615817895154921,0.230791286712872,-0.0220350148050064,0.24275572405883,0.287663517509148,-0.0717255520197794,0,0.30455027156785,0.240852686192106,0.803220939173928,0.239632977138195,0.147555140470845,0.111230964637325,0.891389835659053,0,0.234952637466807,0.97268846000106,0.900750871797584,1.00310391147368,-0.913691929401382,0.594989226167744,-0.473740217102234,0.414154773906502,0.233272347672903,0.0239361295492363,-0.151760008264064,-0.106817904741169,-1.43359523008207,-0.203540575502824,0.673624904554296,-0.283004608050685,-0.633121044781284,-0.358760184440144,0.650523173619462,-0.404382219466108
188,"Heidelberg","lab",4,3,3,1,3,3,3,3,3,3,4,4,3,2.5,3,3.5,58,3,4,3,2,3,2,3,3,3,3,3,3,4,4,2,4,2,2,2,3,2.88888888888889,2.90909090909091,0.411215195071269,0.551554195273488,-0.988292699172365,0.615817895154921,0.230791286712872,-0.0220350148050064,0.24275572405883,0.287663517509148,0.713840017720661,1.47330109405514,1.13843791990839,0.240852686192106,0.191496382849413,0.239632977138195,1.19988637483656,0.770589775631776,0.891389835659053,1.49836512213001,0.234952637466807,-0.118620543902568,0.900750871797584,-0.150465586721052,0.433417966510912,0.594989226167744,0.516807509566074,0.414154773906502,0.233272347672903,0.0239361295492363,1.19073237253343,2.02954019008221,-0.446388933917771,1.06171165059581,-0.747785444505228,-0.283004608050685,-0.633121044781284,-0.358760184440144,0.897014656210033,0.496420787577037
189,"Heidelberg","lab",4,2,3,3,3,3,4,3,4,4,3,4,3,2.75,3.5,3.5,63,3,4,3,3,3,3,3,3,2,3,4,4,3,3,3,4,3,3,3,3,3,3.27272727272727,-0.573987876453645,0.551554195273488,0.844830855744117,0.615817895154921,0.230791286712872,0.991575666225303,0.24275572405883,1.26064306202538,1.4994055874611,0.736650547027571,1.13843791990839,0.240852686192106,0.49735866101167,0.873145445434573,1.19988637483656,1.42994858662623,0.891389835659053,1.49836512213001,0.234952637466807,0.97268846000106,0.900750871797584,1.00310391147368,0.433417966510912,0.594989226167744,-0.473740217102234,0.414154773906502,1.51071615635785,1.1249980888141,-0.151760008264064,0.961361142670521,0.540817362246531,1.06171165059581,0.673624904554296,1.10191155900586,0.753715529501529,-0.358760184440144,1.1435061388006,1.39722379462018
190,"Heidelberg","lab",4,3,3,3,3,3,3,3,3,3,3,3,3,3,3,3,58,3,3,3,1,2,2,2,3,1,3,3,4,3,4,4,4,3,3,3,4,2.22222222222222,3.45454545454545,0.411215195071269,0.551554195273488,0.844830855744117,0.615817895154921,0.230791286712872,-0.0220350148050064,0.24275572405883,0.287663517509148,0.713840017720661,0.736650547027571,0.30455027156785,0.240852686192106,0.803220939173928,0.239632977138195,0.673720757653704,0.770589775631776,0.891389835659053,0,0.234952637466807,-1.2099295478062,-0.38603608791325,-0.150465586721052,-0.913691929401382,0.594989226167744,-1.46428794377054,0.414154773906502,0.233272347672903,1.1249980888141,-0.151760008264064,2.02954019008221,1.52802365841083,1.06171165059581,0.673624904554296,1.10191155900586,0.753715529501529,0.972124370741034,-0.58193423933339,1.84762529814175
191,"Heidelberg","lab",4,3,1,3,4,3,3,3,4,4,4,3,4,2.75,3.25,3.75,48,3,4,2,1,1,2,2,2,1,4,4,2,3,1,2,3,2,2,3,4,2,2.72727272727273,0.411215195071269,-1.13987867023188,0.844830855744117,1.58594197656336,0.230791286712872,-0.0220350148050064,0.24275572405883,1.26064306202538,1.4994055874611,1.47330109405514,0.30455027156785,1.08018780474035,0.49735866101167,0.556389211286384,1.46296918342799,-0.548127846357126,0.891389835659053,1.49836512213001,-1.05169275818476,-1.2099295478062,-1.67282304762408,-0.150465586721052,-0.913691929401382,-0.499790949980904,-1.46428794377054,1.87962551234489,1.51071615635785,-1.07712582971563,-0.151760008264064,-1.17499695215286,-0.446388933917771,-0.203540575502824,-0.747785444505228,-0.283004608050685,0.753715529501529,0.972124370741034,-1.07491720451453,0.0460192840554642
192,"Heidelberg","lab",4,3,3,3,3,3,3,3,4,1,3,3,3,3,3.25,2.5,45,2,2,2,1,2,1,3,2,2,3,2,2,3,2,2,3,3,2,3,3,1.88888888888889,2.54545454545455,0.411215195071269,0.551554195273488,0.844830855744117,0.615817895154921,0.230791286712872,-0.0220350148050064,0.24275572405883,1.26064306202538,-0.857291121760219,0.736650547027571,0.30455027156785,0.240852686192106,0.803220939173928,0.556389211286384,0.147555140470845,-0.943743132953796,-0.573036322923677,-1.49836512213001,-1.05169275818476,-1.2099295478062,-0.38603608791325,-1.30403508491578,0.433417966510912,-0.499790949980904,-0.473740217102234,0.414154773906502,-1.04417146101204,-1.07712582971563,-0.151760008264064,-0.106817904741169,-0.446388933917771,-0.203540575502824,0.673624904554296,-0.283004608050685,0.753715529501529,-0.358760184440144,-1.3214086871051,-0.404382219466108
193,"Heidelberg","lab",4,3,1,1,3,3,4,3,3,2,2,3,4,2,3.25,2.75,47,2,4,3,2,1,2,3,3,2,2,3,3,2,1,2,3,1,2,2,4,2.44444444444444,2.27272727272727,0.411215195071269,-1.13987867023188,-0.988292699172365,0.615817895154921,0.230791286712872,0.991575666225303,0.24275572405883,0.287663517509148,-0.0717255520197794,0,0.30455027156785,1.08018780474035,-0.420228173475101,0.556389211286384,0.410637949062275,-0.679999608556016,-0.573036322923677,1.49836512213001,0.234952637466807,-0.118620543902568,-1.67282304762408,-0.150465586721052,0.433417966510912,0.594989226167744,-0.473740217102234,-1.05131596453189,0.233272347672903,0.0239361295492363,-1.49425238906156,-1.17499695215286,-0.446388933917771,-0.203540575502824,-2.16919579356475,-0.283004608050685,-0.633121044781284,0.972124370741034,-0.0889512741522486,-1.07998447474847
194,"Heidelberg","lab",4,1,1,0,1,4,4,4,3,0,0,1,2,0.75,3.75,0.75,64,3,4,3,2,3,3,3,3,4,3,3,4,4,3,3,3,3,4,2,4,3.11111111111111,3.27272727272727,-1.55919094797856,-1.13987867023188,-1.90485447663061,-1.32443026766195,1.19591848569397,0.991575666225303,1.2397881621576,0.287663517509148,-1.64285669150066,-1.47330109405514,-1.36322502511324,-0.598482432356141,-1.94953956428639,1.18990167958276,-1.69402451966916,1.56182034882512,0.891389835659053,1.49836512213001,0.234952637466807,-0.118620543902568,0.900750871797584,1.00310391147368,0.433417966510912,0.594989226167744,1.50735523623438,0.414154773906502,0.233272347672903,1.1249980888141,1.19073237253343,0.961361142670521,0.540817362246531,-0.203540575502824,0.673624904554296,2.4868277260624,-0.633121044781284,0.972124370741034,1.38999762139117,1.39722379462018
195,"Heidelberg","lab",4,3,4,1,3,3,4,1,4,2,3,3,4,2.75,3,3,46,1,3,2,1,2,1,2,3,4,3,4,4,3,1,1,3,3,1,1,3,2.11111111111111,2.45454545454545,0.411215195071269,1.39727062802617,-0.988292699172365,0.615817895154921,0.230791286712872,0.991575666225303,-1.7513091521387,1.26064306202538,-0.0717255520197794,0.736650547027571,0.30455027156785,1.08018780474035,0.49735866101167,0.239632977138195,0.673720757653704,-0.811871370754906,-2.03746248150641,0,-1.05169275818476,-1.2099295478062,-0.38603608791325,-1.30403508491578,-0.913691929401382,0.594989226167744,1.50735523623438,0.414154773906502,1.51071615635785,1.1249980888141,-0.151760008264064,-1.17499695215286,-1.43359523008207,-0.203540575502824,0.673624904554296,-1.66792077510723,-2.0199576190641,-0.358760184440144,-0.82842572192396,-0.629582971226893
196,"Heidelberg","lab",4,2,3,1,3,3,3,3,3,3,2,1,3,2.25,3,2.25,44,2,4,2,1,3,1,3,1,2,3,2,2,2,1,4,1,3,2,2,3,2.11111111111111,2.27272727272727,-0.573987876453645,0.551554195273488,-0.988292699172365,0.615817895154921,0.230791286712872,-0.0220350148050064,0.24275572405883,0.287663517509148,0.713840017720661,0,-1.36322502511324,0.240852686192106,-0.114365895312844,0.239632977138195,-0.115527668120584,-1.07561489515269,-0.573036322923677,1.49836512213001,-1.05169275818476,-1.2099295478062,0.900750871797584,-1.30403508491578,0.433417966510912,-1.59457112612955,-0.473740217102234,0.414154773906502,-1.04417146101204,-1.07712582971563,-1.49425238906156,-1.17499695215286,1.52802365841083,-2.73404502770009,0.673624904554296,-0.283004608050685,-0.633121044781284,-0.358760184440144,-0.82842572192396,-1.07998447474847
197,"Heidelberg","lab",4,3,3,3,3,3,4,3,3,3,3,4,1,3,3.25,2.75,53,2,3,3,1,2,3,4,4,3,3,3,3,3,1,2,3,3,2,2,3,2.77777777777778,2.54545454545455,0.411215195071269,0.551554195273488,0.844830855744117,0.615817895154921,0.230791286712872,0.991575666225303,0.24275572405883,0.287663517509148,0.713840017720661,0.736650547027571,1.13843791990839,-1.43781755090439,0.803220939173928,0.556389211286384,0.410637949062275,0.111230964637325,-0.573036322923677,0,0.234952637466807,-1.2099295478062,-0.38603608791325,1.00310391147368,1.78052786242321,1.68976940231639,0.516807509566074,0.414154773906502,0.233272347672903,0.0239361295492363,-0.151760008264064,-1.17499695215286,-0.446388933917771,-0.203540575502824,0.673624904554296,-0.283004608050685,-0.633121044781284,-0.358760184440144,0.650523173619462,-0.404382219466108
198,"Heidelberg","lab",4,1,1,2,2,1,3,0,2,2,3,4,3,1.5,1.5,3,65,3,3,4,3,3,2,4,3,4,3,3,3,4,3,3,4,3,4,2,4,3.22222222222222,3.27272727272727,-1.55919094797856,-1.13987867023188,-0.0717309217141236,-0.354306186253517,-1.69946311124933,-0.0220350148050064,-2.74834159023747,-0.685316027007087,-0.0717255520197794,0.736650547027571,1.13843791990839,0.240852686192106,-1.03195272979962,-1.66090442775094,0.673720757653704,1.69369211102401,0.891389835659053,0,1.52159803311837,0.97268846000106,0.900750871797584,-0.150465586721052,1.78052786242321,0.594989226167744,1.50735523623438,0.414154773906502,0.233272347672903,0.0239361295492363,1.19073237253343,0.961361142670521,0.540817362246531,1.06171165059581,0.673624904554296,2.4868277260624,-0.633121044781284,0.972124370741034,1.63648910398174,1.39722379462018
199,"Heidelberg","lab",4,0,1,1,1,4,3,3,1,1,1,0,4,0.75,2.75,1.5,59,4,4,3,2,4,3,2,1,3,2,3,4,4,4,3,4,2,2,2,3,2.88888888888889,3,-2.54439401950347,-1.13987867023188,-0.988292699172365,-1.32443026766195,1.19591848569397,-0.0220350148050064,0.24275572405883,-1.65829557152332,-0.857291121760219,-0.736650547027571,-2.19711267345378,1.08018780474035,-1.94953956428639,-0.077123257009994,-0.904776093894872,0.902461537830666,2.35581599424178,1.49836512213001,0.234952637466807,-0.118620543902568,2.18753783150842,1.00310391147368,-0.913691929401382,-1.59457112612955,0.516807509566074,-1.05131596453189,0.233272347672903,1.1249980888141,1.19073237253343,2.02954019008221,0.540817362246531,1.06171165059581,-0.747785444505228,-0.283004608050685,-0.633121044781284,-0.358760184440144,0.897014656210033,0.721621539337823
200,"Heidelberg","lab",4,4,2,3,3,1,0,1,1,3,4,3,1,3,0.75,2.75,49,3,4,4,4,3,2,2,2,4,2,1,1,3,2,1,3,2,2,2,2,3.11111111111111,1.90909090909091,1.39641826659618,-0.294162237479194,0.844830855744117,0.615817895154921,-1.69946311124933,-3.06286705789593,-1.7513091521387,-1.65829557152332,0.713840017720661,1.47330109405514,0.30455027156785,-1.43781755090439,0.803220939173928,-2.61117313019551,0.410637949062275,-0.416256084158236,0.891389835659053,1.49836512213001,1.52159803311837,2.06399746390469,0.900750871797584,-0.150465586721052,-0.913691929401382,-0.499790949980904,1.50735523623438,-1.05131596453189,-2.32161526969699,-2.17818778898049,-0.151760008264064,-0.106817904741169,-1.43359523008207,-0.203540575502824,-0.747785444505228,-0.283004608050685,-0.633121044781284,-1.68964473962132,1.38999762139117,-1.98078748179161
201,"Heidelberg","lab",4,1,2,1,2,2,0,4,3,2,2,2,2,1.5,2.25,2,48,3,3,2,2,1,2,3,2,1,2,3,3,2,1,4,3,2,3,2,4,2.11111111111111,2.63636363636364,-1.55919094797856,-0.294162237479194,-0.988292699172365,-0.354306186253517,-0.734335912268229,-3.06286705789593,1.2397881621576,0.287663517509148,-0.0717255520197794,0,-0.529337376772693,-0.598482432356141,-1.03195272979962,-0.710635725306372,-0.378610476712013,-0.548127846357126,0.891389835659053,0,-1.05169275818476,-0.118620543902568,-1.67282304762408,-0.150465586721052,0.433417966510912,-0.499790949980904,-1.46428794377054,-1.05131596453189,0.233272347672903,0.0239361295492363,-1.49425238906156,-1.17499695215286,1.52802365841083,-0.203540575502824,-0.747785444505228,1.10191155900586,-0.633121044781284,0.972124370741034,-0.82842572192396,-0.179181467705322
202,"Heidelberg","lab",4,3,3,3,2,3,4,4,3,3,3,3,1,2.75,3.5,2.5,46,1,3,3,1,3,2,2,1,3,3,2,2,4,1,1,3,2,2,3,4,2.11111111111111,2.45454545454545,0.411215195071269,0.551554195273488,0.844830855744117,-0.354306186253517,0.230791286712872,0.991575666225303,1.2397881621576,0.287663517509148,0.713840017720661,0.736650547027571,0.30455027156785,-1.43781755090439,0.49735866101167,0.873145445434573,0.147555140470845,-0.811871370754906,-2.03746248150641,0,0.234952637466807,-1.2099295478062,0.900750871797584,-0.150465586721052,-0.913691929401382,-1.59457112612955,0.516807509566074,0.414154773906502,-1.04417146101204,-1.07712582971563,1.19073237253343,-1.17499695215286,-1.43359523008207,-0.203540575502824,-0.747785444505228,-0.283004608050685,0.753715529501529,0.972124370741034,-0.82842572192396,-0.629582971226893
203,"Heidelberg","lab",4,1,2,2,2,3,3,3,3,1,0,1,2,1.75,3,1,52,2,3,3,1,2,3,3,2,2,2,2,4,3,3,3,4,3,2,2,3,2.33333333333333,2.81818181818182,-1.55919094797856,-0.294162237479194,-0.0717309217141236,-0.354306186253517,0.230791286712872,-0.0220350148050064,0.24275572405883,0.287663517509148,-0.857291121760219,-1.47330109405514,-1.36322502511324,-0.598482432356141,-0.726090451637359,0.239632977138195,-1.43094171107773,-0.0206407975615652,-0.573036322923677,0,0.234952637466807,-1.2099295478062,-0.38603608791325,1.00310391147368,0.433417966510912,-0.499790949980904,-0.473740217102234,-1.05131596453189,-1.04417146101204,1.1249980888141,-0.151760008264064,0.961361142670521,0.540817362246531,1.06171165059581,0.673624904554296,-0.283004608050685,-0.633121044781284,-0.358760184440144,-0.335442756742819,0.271220035816251
204,"Heidelberg","lab",4,3,2,3,3,2,3,3,3,3,3,3,3,2.75,2.75,3,52,3,3,2,3,1,3,2,2,2,3,3,3,3,2,3,4,3,1,2,4,2.33333333333333,2.81818181818182,0.411215195071269,-0.294162237479194,0.844830855744117,0.615817895154921,-0.734335912268229,-0.0220350148050064,0.24275572405883,0.287663517509148,0.713840017720661,0.736650547027571,0.30455027156785,0.240852686192106,0.49735866101167,-0.077123257009994,0.673720757653704,-0.0206407975615652,0.891389835659053,0,-1.05169275818476,0.97268846000106,-1.67282304762408,1.00310391147368,-0.913691929401382,-0.499790949980904,-0.473740217102234,0.414154773906502,0.233272347672903,0.0239361295492363,-0.151760008264064,-0.106817904741169,0.540817362246531,1.06171165059581,0.673624904554296,-1.66792077510723,-0.633121044781284,0.972124370741034,-0.335442756742819,0.271220035816251
205,"Heidelberg","lab",4,3,1,2,3,2,4,3,1,2,1,1,4,2.25,2.5,2,47,2,3,3,1,1,2,2,2,1,3,3,4,2,2,3,3,2,1,3,4,1.88888888888889,2.72727272727273,0.411215195071269,-1.13987867023188,-0.0717309217141236,0.615817895154921,-0.734335912268229,0.991575666225303,0.24275572405883,-1.65829557152332,-0.0717255520197794,-0.736650547027571,-1.36322502511324,1.08018780474035,-0.114365895312844,-0.393879491158183,-0.378610476712013,-0.679999608556016,-0.573036322923677,0,0.234952637466807,-1.2099295478062,-1.67282304762408,-0.150465586721052,-0.913691929401382,-0.499790949980904,-1.46428794377054,0.414154773906502,0.233272347672903,1.1249980888141,-1.49425238906156,-0.106817904741169,0.540817362246531,-0.203540575502824,-0.747785444505228,-1.66792077510723,0.753715529501529,0.972124370741034,-1.3214086871051,0.0460192840554642
206,"Heidelberg","lab",4,3,3,2,2,3,3,2,1,1,1,3,2,2.5,2.25,1.75,41,2,3,3,1,2,1,3,2,2,3,3,2,2,1,1,2,2,2,1,3,2.11111111111111,2,0.411215195071269,0.551554195273488,-0.0717309217141236,-0.354306186253517,0.230791286712872,-0.0220350148050064,-0.754276714039937,-1.65829557152332,-0.857291121760219,-0.736650547027571,0.30455027156785,-0.598482432356141,0.191496382849413,-0.710635725306372,-0.641693285303443,-1.47123018174936,-0.573036322923677,0,0.234952637466807,-1.2099295478062,-0.38603608791325,-1.30403508491578,0.433417966510912,-0.499790949980904,-0.473740217102234,0.414154773906502,0.233272347672903,-1.07712582971563,-1.49425238906156,-1.17499695215286,-1.43359523008207,-1.46879280160146,-0.747785444505228,-0.283004608050685,-2.0199576190641,-0.358760184440144,-0.82842572192396,-1.75558673003082
207,"Heidelberg","lab",4,3,4,3,3,3,3,1,3,0,1,0,3,3.25,2.5,1,47,3,2,1,1,2,2,2,2,4,2,4,3,4,1,2,4,2,2,3,1,2.11111111111111,2.54545454545455,0.411215195071269,1.39727062802617,0.844830855744117,0.615817895154921,0.230791286712872,-0.0220350148050064,-1.7513091521387,0.287663517509148,-1.64285669150066,-0.736650547027571,-2.19711267345378,0.240852686192106,1.10908321733619,-0.393879491158183,-1.43094171107773,-0.679999608556016,0.891389835659053,-1.49836512213001,-2.33833815383632,-1.2099295478062,-0.38603608791325,-0.150465586721052,-0.913691929401382,-0.499790949980904,1.50735523623438,-1.05131596453189,1.51071615635785,0.0239361295492363,1.19073237253343,-1.17499695215286,-0.446388933917771,1.06171165059581,-0.747785444505228,-0.283004608050685,0.753715529501529,-3.0205292948025,-0.82842572192396,-0.404382219466108
208,"Heidelberg","lab",4,4,4,4,3,2,1,1,1,4,4,4,3,3.75,1.25,3.75,48,3,2,1,2,2,3,1,2,2,2,3,4,4,3,1,4,2,1,2,4,2,2.72727272727273,1.39641826659618,1.39727062802617,1.76139263320236,0.615817895154921,-0.734335912268229,-2.04925637686562,-1.7513091521387,-1.65829557152332,1.4994055874611,1.47330109405514,1.13843791990839,0.240852686192106,1.7208077736607,-1.97766066189913,1.46296918342799,-0.548127846357126,0.891389835659053,-1.49836512213001,-2.33833815383632,-0.118620543902568,-0.38603608791325,1.00310391147368,-2.26080182531368,-0.499790949980904,-0.473740217102234,-1.05131596453189,0.233272347672903,1.1249980888141,1.19073237253343,0.961361142670521,-1.43359523008207,1.06171165059581,-0.747785444505228,-1.66792077510723,-0.633121044781284,0.972124370741034,-1.07491720451453,0.0460192840554642
209,"Heidelberg","lab",4,3,3,3,1,0,4,0,4,1,3,3,4,2.5,2,2.75,53,2,3,3,3,3,1,4,1,4,2,3,3,4,3,1,4,2,2,3,2,2.66666666666667,2.63636363636364,0.411215195071269,0.551554195273488,0.844830855744117,-1.32443026766195,-2.66459031023043,0.991575666225303,-2.74834159023747,1.26064306202538,-0.857291121760219,0.736650547027571,0.30455027156785,1.08018780474035,0.191496382849413,-1.02739195945456,0.410637949062275,0.111230964637325,-0.573036322923677,0,0.234952637466807,0.97268846000106,0.900750871797584,-1.30403508491578,1.78052786242321,-1.59457112612955,1.50735523623438,-1.05131596453189,0.233272347672903,0.0239361295492363,1.19073237253343,0.961361142670521,-1.43359523008207,1.06171165059581,-0.747785444505228,-0.283004608050685,0.753715529501529,-1.68964473962132,0.404031691028892,-0.179181467705322
210,"Heidelberg","lab",4,2,3,1,1,3,1,3,3,2,2,4,3,1.75,2.5,2.75,61,2,4,3,2,2,3,3,4,3,3,4,4,4,3,3,4,3,3,1,3,2.88888888888889,3.18181818181818,-0.573987876453645,0.551554195273488,-0.988292699172365,-1.32443026766195,0.230791286712872,-2.04925637686562,0.24275572405883,0.287663517509148,-0.0717255520197794,0,1.13843791990839,0.240852686192106,-0.726090451637359,-0.393879491158183,0.410637949062275,1.16620506222845,-0.573036322923677,1.49836512213001,0.234952637466807,-0.118620543902568,-0.38603608791325,1.00310391147368,0.433417966510912,1.68976940231639,0.516807509566074,0.414154773906502,1.51071615635785,1.1249980888141,1.19073237253343,0.961361142670521,0.540817362246531,1.06171165059581,0.673624904554296,1.10191155900586,-2.0199576190641,-0.358760184440144,0.897014656210033,1.17202304285939
211,"Heidelberg","lab",4,3,3,3,3,1,1,1,1,3,3,3,4,3,1,3.25,45,2,3,2,3,1,2,3,2,2,2,2,2,3,2,1,4,2,2,2,3,2.22222222222222,2.27272727272727,0.411215195071269,0.551554195273488,0.844830855744117,0.615817895154921,-1.69946311124933,-2.04925637686562,-1.7513091521387,-1.65829557152332,0.713840017720661,0.736650547027571,0.30455027156785,1.08018780474035,0.803220939173928,-2.29441689604732,0.936803566245133,-0.943743132953796,-0.573036322923677,0,-1.05169275818476,0.97268846000106,-1.67282304762408,-0.150465586721052,0.433417966510912,-0.499790949980904,-0.473740217102234,-1.05131596453189,-1.04417146101204,-1.07712582971563,-0.151760008264064,-0.106817904741169,-1.43359523008207,1.06171165059581,-0.747785444505228,-0.283004608050685,-0.633121044781284,-0.358760184440144,-0.58193423933339,-1.07998447474847
212,"Heidelberg","lab",4,3,0,3,3,2,3,3,3,1,3,3,1,2.25,2.75,2,53,3,4,2,2,3,1,3,3,4,2,1,2,4,1,2,3,3,3,3,4,2.77777777777778,2.54545454545455,0.411215195071269,-1.98559510298456,0.844830855744117,0.615817895154921,-0.734335912268229,-0.0220350148050064,0.24275572405883,0.287663517509148,-0.857291121760219,0.736650547027571,0.30455027156785,-1.43781755090439,-0.114365895312844,-0.077123257009994,-0.378610476712013,0.111230964637325,0.891389835659053,1.49836512213001,-1.05169275818476,-0.118620543902568,0.900750871797584,-1.30403508491578,0.433417966510912,0.594989226167744,1.50735523623438,-1.05131596453189,-2.32161526969699,-1.07712582971563,1.19073237253343,-1.17499695215286,-0.446388933917771,-0.203540575502824,0.673624904554296,1.10191155900586,0.753715529501529,0.972124370741034,0.650523173619462,-0.404382219466108
213,"Heidelberg","lab",4,1,2,2,2,3,3,4,3,2,2,2,2,1.75,3.25,2,56,3,3,3,3,2,3,3,3,1,3,3,3,3,2,3,3,3,3,3,3,2.66666666666667,2.90909090909091,-1.55919094797856,-0.294162237479194,-0.0717309217141236,-0.354306186253517,0.230791286712872,-0.0220350148050064,1.2397881621576,0.287663517509148,-0.0717255520197794,0,-0.529337376772693,-0.598482432356141,-0.726090451637359,0.556389211286384,-0.378610476712013,0.506846251233995,0.891389835659053,0,0.234952637466807,0.97268846000106,-0.38603608791325,1.00310391147368,0.433417966510912,0.594989226167744,-1.46428794377054,0.414154773906502,0.233272347672903,0.0239361295492363,-0.151760008264064,-0.106817904741169,0.540817362246531,-0.203540575502824,0.673624904554296,1.10191155900586,0.753715529501529,-0.358760184440144,0.404031691028892,0.496420787577037
214,"Heidelberg","lab",4,3,4,3,1,1,4,1,1,1,3,4,4,2.75,1.75,3,60,3,4,4,2,3,2,3,4,3,2,2,4,3,3,3,3,3,3,2,4,3.11111111111111,2.90909090909091,0.411215195071269,1.39727062802617,0.844830855744117,-1.32443026766195,-1.69946311124933,0.991575666225303,-1.7513091521387,-1.65829557152332,-0.857291121760219,0.736650547027571,1.13843791990839,1.08018780474035,0.49735866101167,-1.34414819360275,0.673720757653704,1.03433330002956,0.891389835659053,1.49836512213001,1.52159803311837,-0.118620543902568,0.900750871797584,-0.150465586721052,0.433417966510912,1.68976940231639,0.516807509566074,-1.05131596453189,-1.04417146101204,1.1249980888141,-0.151760008264064,0.961361142670521,0.540817362246531,-0.203540575502824,0.673624904554296,1.10191155900586,-0.633121044781284,0.972124370741034,1.38999762139117,0.496420787577037
215,"Heidelberg","lab",4,2,0,1,1,4,4,4,4,0,0,0,3,1,4,0.75,62,3,4,3,2,2,3,3,4,4,3,4,2,4,2,4,2,3,3,4,3,3.11111111111111,3.09090909090909,-0.573987876453645,-1.98559510298456,-0.988292699172365,-1.32443026766195,1.19591848569397,0.991575666225303,1.2397881621576,1.26064306202538,-1.64285669150066,-1.47330109405514,-2.19711267345378,0.240852686192106,-1.64367728612413,1.50665791373095,-1.69402451966916,1.29807682442734,0.891389835659053,1.49836512213001,0.234952637466807,-0.118620543902568,-0.38603608791325,1.00310391147368,0.433417966510912,1.68976940231639,1.50735523623438,0.414154773906502,1.51071615635785,-1.07712582971563,1.19073237253343,-0.106817904741169,1.52802365841083,-1.46879280160146,0.673624904554296,1.10191155900586,2.14055210378434,-0.358760184440144,1.38999762139117,0.946822291098609
216,"Heidelberg","lab",4,3,4,4,4,2,3,1,1,1,1,1,4,3.75,1.75,1.75,45,2,3,1,3,1,1,3,2,1,2,1,3,3,3,4,4,2,2,2,2,1.88888888888889,2.54545454545455,0.411215195071269,1.39727062802617,1.76139263320236,1.58594197656336,-0.734335912268229,-0.0220350148050064,-1.7513091521387,-1.65829557152332,-0.857291121760219,-0.736650547027571,-1.36322502511324,1.08018780474035,1.7208077736607,-1.34414819360275,-0.641693285303443,-0.943743132953796,-0.573036322923677,0,-2.33833815383632,0.97268846000106,-1.67282304762408,-1.30403508491578,0.433417966510912,-0.499790949980904,-1.46428794377054,-1.05131596453189,-2.32161526969699,0.0239361295492363,-0.151760008264064,0.961361142670521,1.52802365841083,1.06171165059581,-0.747785444505228,-0.283004608050685,-0.633121044781284,-1.68964473962132,-1.3214086871051,-0.404382219466108
217,"Heidelberg","lab",4,2,1,1,2,3,3,3,3,2,2,3,3,1.5,3,2.5,58,3,3,3,2,3,3,3,3,3,3,2,4,3,2,3,3,3,3,3,3,2.88888888888889,2.90909090909091,-0.573987876453645,-1.13987867023188,-0.988292699172365,-0.354306186253517,0.230791286712872,-0.0220350148050064,0.24275572405883,0.287663517509148,-0.0717255520197794,0,0.30455027156785,0.240852686192106,-1.03195272979962,0.239632977138195,0.147555140470845,0.770589775631776,0.891389835659053,0,0.234952637466807,-0.118620543902568,0.900750871797584,1.00310391147368,0.433417966510912,0.594989226167744,0.516807509566074,0.414154773906502,-1.04417146101204,1.1249980888141,-0.151760008264064,-0.106817904741169,0.540817362246531,-0.203540575502824,0.673624904554296,1.10191155900586,0.753715529501529,-0.358760184440144,0.897014656210033,0.496420787577037
218,"Heidelberg","lab",4,3,1,0,1,3,4,3,3,3,1,4,4,1.25,3.25,3,53,3,4,4,2,3,3,4,2,4,2,2,2,2,1,2,4,3,2,1,3,3.22222222222222,2.18181818181818,0.411215195071269,-1.13987867023188,-1.90485447663061,-1.32443026766195,0.230791286712872,0.991575666225303,0.24275572405883,0.287663517509148,0.713840017720661,-0.736650547027571,1.13843791990839,1.08018780474035,-1.33781500796187,0.556389211286384,0.673720757653704,0.111230964637325,0.891389835659053,1.49836512213001,1.52159803311837,-0.118620543902568,0.900750871797584,1.00310391147368,1.78052786242321,-0.499790949980904,1.50735523623438,-1.05131596453189,-1.04417146101204,-1.07712582971563,-1.49425238906156,-1.17499695215286,-0.446388933917771,1.06171165059581,0.673624904554296,-0.283004608050685,-2.0199576190641,-0.358760184440144,1.63648910398174,-1.30518522650925
219,"Heidelberg","lab",4,1,3,1,1,3,3,3,1,0,2,3,3,1.5,2.5,2,61,2,4,4,1,3,2,3,3,1,3,3,4,4,3,4,4,3,3,3,4,2.55555555555556,3.45454545454545,-1.55919094797856,0.551554195273488,-0.988292699172365,-1.32443026766195,0.230791286712872,-0.0220350148050064,0.24275572405883,-1.65829557152332,-1.64285669150066,0,0.30455027156785,0.240852686192106,-1.03195272979962,-0.393879491158183,-0.378610476712013,1.16620506222845,-0.573036322923677,1.49836512213001,1.52159803311837,-1.2099295478062,0.900750871797584,-0.150465586721052,0.433417966510912,0.594989226167744,-1.46428794377054,0.414154773906502,0.233272347672903,1.1249980888141,1.19073237253343,0.961361142670521,1.52802365841083,1.06171165059581,0.673624904554296,1.10191155900586,0.753715529501529,0.972124370741034,0.157540208438321,1.84762529814175
220,"Heidelberg","lab",4,1,3,1,1,3,3,4,4,1,2,3,3,1.5,3.5,2.25,58,2,3,3,1,2,3,4,3,2,2,3,4,3,3,4,3,3,4,3,3,2.55555555555556,3.18181818181818,-1.55919094797856,0.551554195273488,-0.988292699172365,-1.32443026766195,0.230791286712872,-0.0220350148050064,1.2397881621576,1.26064306202538,-0.857291121760219,0,0.30455027156785,0.240852686192106,-1.03195272979962,0.873145445434573,-0.115527668120584,0.770589775631776,-0.573036322923677,0,0.234952637466807,-1.2099295478062,-0.38603608791325,1.00310391147368,1.78052786242321,0.594989226167744,-0.473740217102234,-1.05131596453189,0.233272347672903,1.1249980888141,-0.151760008264064,0.961361142670521,1.52802365841083,-0.203540575502824,0.673624904554296,2.4868277260624,0.753715529501529,-0.358760184440144,0.157540208438321,1.17202304285939
221,"Heidelberg","lab",4,4,4,4,4,3,2,3,3,4,3,4,4,4,2.75,3.75,40,1,1,1,3,1,1,1,2,1,3,3,2,3,3,2,3,2,1,3,3,1.33333333333333,2.54545454545455,1.39641826659618,1.39727062802617,1.76139263320236,1.58594197656336,0.230791286712872,-1.03564569583532,0.24275572405883,0.287663517509148,1.4994055874611,0.736650547027571,1.13843791990839,1.08018780474035,2.02667005182296,-0.077123257009994,1.46296918342799,-1.60310194394825,-2.03746248150641,-2.99673024426002,-2.33833815383632,0.97268846000106,-1.67282304762408,-1.30403508491578,-2.26080182531368,-0.499790949980904,-1.46428794377054,0.414154773906502,0.233272347672903,-1.07712582971563,-0.151760008264064,0.961361142670521,-0.446388933917771,-0.203540575502824,-0.747785444505228,-1.66792077510723,0.753715529501529,-0.358760184440144,-2.55386610005795,-0.404382219466108
222,"Heidelberg","lab",4,4,3,4,4,2,3,3,2,4,3,4,4,3.75,2.5,3.75,46,3,3,2,2,2,2,2,2,2,3,3,2,2,2,3,2,3,1,2,3,2.22222222222222,2.36363636363636,1.39641826659618,0.551554195273488,1.76139263320236,1.58594197656336,-0.734335912268229,-0.0220350148050064,0.24275572405883,-0.685316027007087,1.4994055874611,0.736650547027571,1.13843791990839,1.08018780474035,1.7208077736607,-0.393879491158183,1.46296918342799,-0.811871370754906,0.891389835659053,0,-1.05169275818476,-0.118620543902568,-0.38603608791325,-0.150465586721052,-0.913691929401382,-0.499790949980904,-0.473740217102234,0.414154773906502,0.233272347672903,-1.07712582971563,-1.49425238906156,-0.106817904741169,0.540817362246531,-1.46879280160146,0.673624904554296,-1.66792077510723,-0.633121044781284,-0.358760184440144,-0.58193423933339,-0.854783722987679
223,"Heidelberg","lab",4,3,4,3,3,3,2,3,3,4,4,4,4,3.25,2.75,4,60,3,4,3,2,2,3,3,2,4,4,3,3,4,2,3,4,3,2,2,4,2.88888888888889,3.09090909090909,0.411215195071269,1.39727062802617,0.844830855744117,0.615817895154921,0.230791286712872,-1.03564569583532,0.24275572405883,0.287663517509148,1.4994055874611,1.47330109405514,1.13843791990839,1.08018780474035,1.10908321733619,-0.077123257009994,1.72605199201942,1.03433330002956,0.891389835659053,1.49836512213001,0.234952637466807,-0.118620543902568,-0.38603608791325,1.00310391147368,0.433417966510912,-0.499790949980904,1.50735523623438,1.87962551234489,0.233272347672903,0.0239361295492363,1.19073237253343,-0.106817904741169,0.540817362246531,1.06171165059581,0.673624904554296,-0.283004608050685,-0.633121044781284,0.972124370741034,0.897014656210033,0.946822291098609
224,"Heidelberg","lab",4,3,0,1,1,1,4,3,3,4,0,2,3,1.25,2.75,2.25,53,2,2,3,3,3,3,3,2,3,2,1,3,4,2,3,4,2,2,2,4,2.66666666666667,2.63636363636364,0.411215195071269,-1.98559510298456,-0.988292699172365,-1.32443026766195,-1.69946311124933,0.991575666225303,0.24275572405883,0.287663517509148,1.4994055874611,-1.47330109405514,-0.529337376772693,0.240852686192106,-1.33781500796187,-0.077123257009994,-0.115527668120584,0.111230964637325,-0.573036322923677,-1.49836512213001,0.234952637466807,0.97268846000106,0.900750871797584,1.00310391147368,0.433417966510912,-0.499790949980904,0.516807509566074,-1.05131596453189,-2.32161526969699,0.0239361295492363,1.19073237253343,-0.106817904741169,0.540817362246531,1.06171165059581,-0.747785444505228,-0.283004608050685,-0.633121044781284,0.972124370741034,0.404031691028892,-0.179181467705322
225,"Heidelberg","lab",4,3,3,1,2,4,4,4,4,0,0,0,0,2.25,4,0,56,3,3,3,2,2,3,3,3,1,3,4,4,2,3,3,3,3,2,2,4,2.55555555555556,3,0.411215195071269,0.551554195273488,-0.988292699172365,-0.354306186253517,1.19591848569397,0.991575666225303,1.2397881621576,1.26064306202538,-1.64285669150066,-1.47330109405514,-2.19711267345378,-2.27715266945263,-0.114365895312844,1.50665791373095,-2.48327294544345,0.506846251233995,0.891389835659053,0,0.234952637466807,-0.118620543902568,-0.38603608791325,1.00310391147368,0.433417966510912,0.594989226167744,-1.46428794377054,0.414154773906502,1.51071615635785,1.1249980888141,-1.49425238906156,0.961361142670521,0.540817362246531,-0.203540575502824,0.673624904554296,-0.283004608050685,-0.633121044781284,0.972124370741034,0.157540208438321,0.721621539337823
226,"Heidelberg","lab",4,3,3,3,3,2,1,3,3,0,0,0,3,3,2.25,0.75,44,1,3,3,3,2,1,2,2,1,3,4,2,3,1,2,2,2,2,1,4,2,2.36363636363636,0.411215195071269,0.551554195273488,0.844830855744117,0.615817895154921,-0.734335912268229,-2.04925637686562,0.24275572405883,0.287663517509148,-1.64285669150066,-1.47330109405514,-2.19711267345378,0.240852686192106,0.803220939173928,-0.710635725306372,-1.69402451966916,-1.07561489515269,-2.03746248150641,0,0.234952637466807,0.97268846000106,-0.38603608791325,-1.30403508491578,-0.913691929401382,-0.499790949980904,-1.46428794377054,0.414154773906502,1.51071615635785,-1.07712582971563,-0.151760008264064,-1.17499695215286,-0.446388933917771,-1.46879280160146,-0.747785444505228,-0.283004608050685,-2.0199576190641,0.972124370741034,-1.07491720451453,-0.854783722987679
227,"Heidelberg","lab",4,3,3,1,3,3,3,3,4,2,1,0,3,2.5,3.25,1.5,53,3,3,3,1,3,2,3,2,1,3,3,3,3,4,3,3,3,2,2,3,2.33333333333333,2.90909090909091,0.411215195071269,0.551554195273488,-0.988292699172365,0.615817895154921,0.230791286712872,-0.0220350148050064,0.24275572405883,1.26064306202538,-0.0717255520197794,-0.736650547027571,-2.19711267345378,0.240852686192106,0.191496382849413,0.556389211286384,-0.904776093894872,0.111230964637325,0.891389835659053,0,0.234952637466807,-1.2099295478062,0.900750871797584,-0.150465586721052,0.433417966510912,-0.499790949980904,-1.46428794377054,0.414154773906502,0.233272347672903,0.0239361295492363,-0.151760008264064,2.02954019008221,0.540817362246531,-0.203540575502824,0.673624904554296,-0.283004608050685,-0.633121044781284,-0.358760184440144,-0.335442756742819,0.496420787577037
228,"Heidelberg","lab",4,3,1,2,3,2,2,2,2,3,3,3,3,2.25,2,3,35,1,1,1,3,1,1,2,1,1,3,2,2,3,2,1,2,3,1,2,2,1.33333333333333,2.09090909090909,0.411215195071269,-1.13987867023188,-0.0717309217141236,0.615817895154921,-0.734335912268229,-1.03564569583532,-0.754276714039937,-0.685316027007087,0.713840017720661,0.736650547027571,0.30455027156785,0.240852686192106,-0.114365895312844,-1.02739195945456,0.673720757653704,-2.2624607549427,-2.03746248150641,-2.99673024426002,-2.33833815383632,0.97268846000106,-1.67282304762408,-1.30403508491578,-0.913691929401382,-1.59457112612955,-1.46428794377054,0.414154773906502,-1.04417146101204,-1.07712582971563,-0.151760008264064,-0.106817904741169,-1.43359523008207,-1.46879280160146,0.673624904554296,-1.66792077510723,-0.633121044781284,-1.68964473962132,-2.55386610005795,-1.53038597827004
229,"Heidelberg","lab",4,1,0,1,1,4,3,4,4,1,1,3,3,0.75,3.75,2,54,2,3,3,1,2,1,3,2,2,3,3,4,4,3,3,3,2,3,3,4,2.11111111111111,3.18181818181818,-1.55919094797856,-1.98559510298456,-0.988292699172365,-1.32443026766195,1.19591848569397,-0.0220350148050064,1.2397881621576,1.26064306202538,-0.857291121760219,-0.736650547027571,0.30455027156785,0.240852686192106,-1.94953956428639,1.18990167958276,-0.378610476712013,0.243102726836215,-0.573036322923677,0,0.234952637466807,-1.2099295478062,-0.38603608791325,-1.30403508491578,0.433417966510912,-0.499790949980904,-0.473740217102234,0.414154773906502,0.233272347672903,1.1249980888141,1.19073237253343,0.961361142670521,0.540817362246531,-0.203540575502824,-0.747785444505228,1.10191155900586,0.753715529501529,0.972124370741034,-0.82842572192396,1.17202304285939
230,"Heidelberg","lab",4,2,1,1,1,4,3,4,3,1,1,3,1,1.25,3.5,1.5,67,4,3,4,3,3,4,4,4,2,3,4,4,2,2,3,3,4,3,4,4,3.44444444444444,3.27272727272727,-0.573987876453645,-1.13987867023188,-0.988292699172365,-1.32443026766195,1.19591848569397,-0.0220350148050064,1.2397881621576,0.287663517509148,-0.857291121760219,-0.736650547027571,0.30455027156785,-1.43781755090439,-1.33781500796187,0.873145445434573,-0.904776093894872,1.95743563542179,2.35581599424178,0,1.52159803311837,0.97268846000106,0.900750871797584,2.1566734096684,1.78052786242321,1.68976940231639,-0.473740217102234,0.414154773906502,1.51071615635785,1.1249980888141,-1.49425238906156,-0.106817904741169,0.540817362246531,-0.203540575502824,2.09503525361382,1.10191155900586,2.14055210378434,0.972124370741034,2.12947206916289,1.39722379462018
