"Vp","location","type","id","BMW3_UN_01","BMW3_UN_02","BMW3_UN_03","BMW3_UN_04","BMW3_ME_01","BMW3_ME_02","BMW3_ME_03","BMW3_ME_04","BMW3_IN_01","BMW3_IN_02","BMW3_IN_03","BMW3_IN_04","Depression","Neubewertung","Suppression","Rumination","Moodregulation","ERQ_01","ERQ_02","ERQ_03","ERQ_04","ERQ_05","ERQ_06","ERQ_07","ERQ_08","ERQ_09","ERQ_10","Rumination_01","Rumination_02","Rumination_03","Rumination_04","MRQ_01","MRQ_02","MRQ_03","MRQ_04","MRQ_05","MRQ_06","MRQ_07","MRQ_08","MRQ_09","MRQ_10","MRQ_11","ADS_01","ADS_02","ADS_03","ADS_04","ADS_05","ADS_06","ADS_07","ADS_08","ADS_09","ADS_10","ADS_11","ADS_12","ADS_13","ADS_14","ADS_15","ADS_16","ADS_17","ADS_18","ADS_19","ADS_20","BMW3_UN","BMW3_ME","BMW3_IN","MRQ_p1","MRQ_p2","MRQ_p3","ADS_psych_symptoms_1","ADS_psych_symptoms_2","ADS_soma_symptoms_1","ADS_soma_symptoms_2","ADS_cutoff","ADS_cutoff_binary","BMW3_UN_01_z","BMW3_UN_02_z","BMW3_UN_03_z","BMW3_UN_04_z","BMW3_IN_01_z","BMW3_IN_02_z","BMW3_IN_03_z","BMW3_IN_04_z","BMW3_ME_01_z","BMW3_ME_02_z","BMW3_ME_03_z","BMW3_ME_04_z","ADS_psych_symptoms_1_z","ADS_psych_symptoms_2_z","ADS_soma_symptoms_1_z","ADS_soma_symptoms_2_z","MRQ_p1_z","MRQ_p2_z","MRQ_p3_z","ERQ_01_z","ERQ_02_z","ERQ_03_z","ERQ_04_z","ERQ_05_z","ERQ_06_z","ERQ_07_z","ERQ_08_z","ERQ_09_z","ERQ_10_z","Rumination_01_z","Rumination_02_z","Rumination_03_z","Rumination_04_z"
5,"Heidelberg","online",2,0,0,0,0,4,4,3,3,4,4,3,3,4,6,1.25,2.25,3.545454545,7,2,7,1,7,1,7,1,1,7,2,1,4,2,4,1,4,3,3,4,4,4,4,4,4,0,0,0,0,0,0,1,3,0,0,0,0,0,0,0,0,0,0,0,0,0,3.5,3.5,3.75,3,4,0.428571428571429,0,0.333333333333333,0,"low",0,-2.66209608632278,-2.24073406901172,-1.88990198982087,-2.14658099573338,1.63190177285342,1.63942621992436,0.628336682949313,0.405175879666808,1.26408014315739,1.12919785896656,0.41374113598391,0.553697438171226,-0.765608363479498,-1.30104712940389,-0.657447537103319,-1.50010382910482,1.55665543336285,0.126599782407163,2.00476596959798,1.53739400199845,-1.1084346435603,1.44204859704802,-0.923440217938323,1.68366025917006,-1.56919559225377,1.68821084626781,-2.59569381295361,-2.05452727777456,1.60111805970773,-1.63128959311408,-2.22365546562401,0.0774154968926355,-1.17862031195742
49,"Heidelberg","online",2,0,1,0,2,4,3,4,4,0,0,0,3,9,4,1,4.5,2.909090909,3,1,5,1,2,1,5,4,1,5,5,5,5,3,2,2,2,3,3,3,4,3,3,4,3,0,0,1,0,0,0,1,1,1,1,2,0,0,0,0,1,0,0,0,1,0.75,3.75,0.75,3.25,2.75,2.66666666666667,0.285714285714286,0.428571428571429,0.333333333333333,1,"low",0,-2.66209608632278,-1.33612217108123,-1.88990198982087,-0.355189661164515,-1.66985297687326,-1.38720680147446,-1.8754171223907,0.405175879666808,1.26408014315739,0.111164556064065,1.36099057889444,1.52686263253277,-0.991397948641248,-0.667015711412697,-0.657447537103319,-0.201506484506618,0.763513279907108,-0.259862711256809,-0.0593126026508282,-0.998213167174352,-1.67569237291174,0.218065885407261,-0.923440217938323,-1.45292309303112,-1.56919559225377,0.23040098398196,-0.359799142389609,-2.05452727777456,0.0661619032937078,1.18835665723542,1.69448175988058,1.03957952970111,-0.206677495461728
43,"Heidelberg","online",2,3,3,3,3,4,4,3,4,1,1,1,2,24,6,4.25,3.75,3.909090909,1,4,7,4,7,4,7,7,5,7,5,3,5,2,4,4,4,4,4,3,4,4,4,4,4,2,1,0,2,2,2,2,1,0,0,1,3,1,2,0,1,1,1,2,0,3,3.75,1.25,4,4,3.66666666666667,1,1.42857142857143,1.33333333333333,1,"high",1,0.282001704059617,0.473101624779737,0.672510578195996,0.540506006119915,-0.844414289441593,-0.630548546124754,-1.04083252061069,-0.424242979886423,1.26408014315739,1.12919785896656,0.41374113598391,1.52686263253277,0.137549977167503,0.812390930566746,0.902496164569101,-0.201506484506618,1.95322651009072,1.67244975706305,1.48874632653578,-2.26601675176076,0.0260808151425952,1.44204859704802,1.1543002724229,1.68366025917006,0.203791635357633,1.68821084626781,1.87609552817439,0.356857183154771,1.60111805970773,1.18835665723542,-0.264586852871718,1.03957952970111,-1.17862031195742
85,"Heidelberg","online",2,3,3,2,2,3,3,3,3,3,3,3,4,6,5,2,3.5,3.909090909,5,2,5,1,4,2,6,5,3,5,4,2,5,3,3,4,4,4,4,4,4,4,4,4,4,0,0,0,0,0,1,0,1,0,1,0,1,0,0,0,0,1,1,0,0,2.5,3,3.25,3.75,4,4,0.428571428571429,0.285714285714286,0.333333333333333,0,"low",0,0.282001704059617,0.473101624779737,-0.181626944476291,-0.355189661164515,0.806463085421746,0.882767964574655,0.628336682949313,1.23459473922004,0.355196073283896,0.111164556064065,0.41374113598391,0.553697438171226,-0.765608363479498,-0.87835951740976,-0.657447537103319,-1.50010382910482,1.55665543336285,1.67244975706305,2.00476596959798,0.269590417412051,-1.1084346435603,0.218065885407261,-0.923440217938323,-0.198289752150649,-0.978199849716638,0.959305915124886,0.385499081131725,-0.848835047309893,0.0661619032937078,0.248474573785588,-1.24412115924787,1.03957952970111,-0.206677495461728
101,"Heidelberg","online",2,3,3,3,3,3,3,3,1,3,4,4,1,31,3.666666667,5.25,4.25,2.090909091,5,6,3,3,3,5,5,3,7,3,3,4,5,5,2,1,2,2,2,2,2,2,2,3,3,2,0,1,3,2,2,1,3,1,2,1,2,1,1,0,2,2,2,2,1,3,2.5,3,2.25,2,2,1.85714285714286,1.57142857142857,1,1.33333333333333,"high",1,0.282001704059617,0.473101624779737,0.672510578195996,0.540506006119915,0.806463085421746,1.63942621992436,1.46292128472932,-1.25366183943965,0.355196073283896,0.111164556064065,0.41374113598391,-1.39263295055187,1.492287488138,1.02373473656381,0.382514930678295,0.231359297026117,-0.822771027004377,-1.41925019224872,-1.09135188877523,0.269590417412051,1.16059627384549,-1.0059168262335,0.461720108969161,-0.825606422590885,0.794787377894768,0.23040098398196,-1.10509736591094,1.56254941361943,-1.46879425312031,-0.691407509664245,0.71494745350443,1.03957952970111,1.73720813752966
0,"Heidelberg","online",2,3,2,3,3,3,3,4,4,2,0,3,3,9,4.166666667,1.75,3,3,4,3,4,1,2,2,5,5,1,5,3,2,2,5,2,2,2,3,3,2,3,4,4,4,4,1,0,0,1,1,0,0,1,0,2,1,0,0,0,0,0,0,0,2,0,2.75,3.5,2,3,3.25,2.66666666666667,0.714285714285714,0.285714285714286,0,0.666666666666667,"low",0,0.282001704059617,-0.431510273150749,0.672510578195996,0.540506006119915,-0.0189756020099236,-1.38720680147446,0.628336682949313,0.405175879666808,0.355196073283896,0.111164556064065,1.36099057889444,1.52686263253277,-0.314029193155997,-0.87835951740976,-1.17742877099413,-0.634372266039353,0.366942203179237,0.513062276071135,-0.0593126026508282,-0.364311374881151,-0.54117691420885,-0.393925470413118,-0.923440217938323,-1.45292309303112,-0.978199849716638,0.23040098398196,0.385499081131725,-2.05452727777456,0.0661619032937078,-0.691407509664245,-1.24412115924787,-1.84691256872431,1.73720813752966
16,"Heidelberg","online",2,3,3,3,3,3,3,3,1,4,3,3,4,28,4.666666667,1.75,4.25,2.727272727,5,2,5,1,3,2,5,5,2,5,4,4,5,4,2,3,3,4,3,2,3,2,2,3,3,0,1,1,2,2,3,3,3,1,0,1,2,0,2,0,2,2,2,0,1,3,2.5,3.5,3,2.75,2.33333333333333,1,1.57142857142857,2,1.33333333333333,"high",1,0.282001704059617,0.473101624779737,0.672510578195996,0.540506006119915,1.63190177285342,0.882767964574655,0.628336682949313,1.23459473922004,0.355196073283896,0.111164556064065,0.41374113598391,-1.39263295055187,0.137549977167503,1.02373473656381,1.94245863235071,0.231359297026117,0.366942203179237,-0.259862711256809,-0.575332245713029,0.269590417412051,-1.1084346435603,0.218065885407261,-0.923440217938323,-0.825606422590885,-0.978199849716638,0.23040098398196,0.385499081131725,-1.45168116254222,0.0661619032937078,0.248474573785588,0.71494745350443,1.03957952970111,0.765265321033965
175,"Heidelberg","online",2,3,3,3,4,3,4,3,3,0,0,0,4,47,5.833333333,5.25,3,2.181818182,6,6,4,1,5,7,6,7,7,7,4,2,4,2,3,3,4,3,3,3,1,1,1,1,1,1,0,3,1,3,3,3,3,1,3,3,3,2,3,1,3,2,3,3,3,3.25,3.25,1,2,2,2.66666666666667,2,2.71428571428571,1.66666666666667,3,"high",1,0.282001704059617,0.473101624779737,0.672510578195996,1.43620167340435,-1.66985297687326,-1.38720680147446,-1.8754171223907,1.23459473922004,0.355196073283896,1.12919785896656,0.41374113598391,0.553697438171226,1.71807707329975,2.71448518454032,1.42247739845991,2.39568820468979,-1.21934210373225,-1.41925019224872,-0.0593126026508282,0.903492209705252,1.16059627384549,-0.393925470413118,-0.923440217938323,0.429026918289586,1.97677886296904,0.959305915124886,1.87609552817439,1.56254941361943,1.60111805970773,0.248474573785588,-1.24412115924787,0.0774154968926355,-1.17862031195742
127,"Heidelberg","online",2,3,3,3,3,2,3,3,3,3,3,2,3,37,5.333333333,4.5,4,2.272727273,5,4,6,3,5,5,6,5,6,5,4,5,4,3,2,3,2,3,4,3,2,1,2,1,2,1,1,2,3,2,3,3,3,1,2,2,3,3,1,0,3,1,2,0,1,3,2.75,2.75,2,2.5,2.33333333333333,2,1.85714285714286,1.66666666666667,1.66666666666667,"high",1,0.282001704059617,0.473101624779737,0.672510578195996,0.540506006119915,0.806463085421746,0.882767964574655,-0.20624791883069,0.405175879666808,-0.553687996589603,0.111164556064065,0.41374113598391,0.553697438171226,1.71807707329975,1.44642234855794,1.42247739845991,0.664225078558852,-1.21934210373225,-0.646325204920781,-0.575332245713029,0.269590417412051,0.0260808151425952,0.83005724122764,0.461720108969161,0.429026918289586,0.794787377894768,0.959305915124886,0.385499081131725,0.959703298387103,0.0661619032937078,0.248474573785588,1.69448175988058,0.0774154968926355,-0.206677495461728
174,"Heidelberg","online",2,3,3,3,3,3,3,3,3,0,0,0,0,5,3.833333333,3.75,2.5,3.636363636,4,2,4,6,4,2,4,3,5,4,3,2,2,3,3,4,3,4,4,3,4,4,4,3,4,0,0,0,1,2,0,0,2,0,0,0,0,0,0,0,0,0,0,0,0,3,3,0,3.5,4,3.33333333333333,0.428571428571429,0,0,0.666666666666667,"low",0,0.282001704059617,0.473101624779737,0.672510578195996,0.540506006119915,-1.66985297687326,-1.38720680147446,-1.8754171223907,-2.08308069899288,0.355196073283896,0.111164556064065,0.41374113598391,0.553697438171226,-0.765608363479498,-1.30104712940389,-1.17742877099413,-0.634372266039353,1.16008435663498,1.67244975706305,0.972726683473575,-0.364311374881151,-1.1084346435603,-0.393925470413118,2.53946059933039,-0.198289752150649,-0.978199849716638,-0.498503947160967,-1.10509736591094,0.356857183154771,-0.701316174913302,-0.691407509664245,-1.24412115924787,-1.84691256872431,-0.206677495461728
99,"Heidelberg","online",2,2,3,1,1,4,4,4,4,3,4,3,3,5,5.5,5,3.5,3.181818182,6,6,6,3,5,5,6,5,6,5,4,3,3,4,3,3,3,4,4,4,3,3,3,2,3,0,0,0,0,0,0,0,1,0,0,0,1,0,0,0,1,1,1,0,0,1.75,4,3.25,3,3.25,3.33333333333333,0.285714285714286,0.285714285714286,0.333333333333333,0,"low",0,-0.699364226067849,0.473101624779737,-1.03576446714858,-1.25088532844895,0.806463085421746,1.63942621992436,0.628336682949313,0.405175879666808,1.26408014315739,1.12919785896656,1.36099057889444,1.52686263253277,-0.991397948641248,-0.87835951740976,-0.657447537103319,-1.50010382910482,0.366942203179237,0.513062276071135,0.972726683473575,0.903492209705252,1.16059627384549,0.83005724122764,0.461720108969161,0.429026918289586,0.794787377894768,0.959305915124886,0.385499081131725,0.959703298387103,0.0661619032937078,0.248474573785588,-0.264586852871718,-0.884748535915837,0.765265321033965
120,"Heidelberg","online",2,3,2,2,3,3,4,3,3,2,2,2,3,20,4.666666667,2.75,4.25,3.181818182,5,3,5,3,4,2,5,4,3,5,5,4,4,4,2,3,3,4,4,3,3,4,3,3,3,2,1,0,1,1,2,0,3,0,1,1,1,0,2,0,2,1,1,0,1,2.5,3.25,2.25,3,3.5,3,1.14285714285714,1,0.666666666666667,1,"low",0,0.282001704059617,-0.431510273150749,-0.181626944476291,0.540506006119915,-0.0189756020099236,0.126109709224951,-0.20624791883069,0.405175879666808,0.355196073283896,1.12919785896656,0.41374113598391,0.553697438171226,0.363339562329253,0.178359512575556,-0.137466303212512,-0.201506484506618,0.366942203179237,0.899524769735107,0.456707040411373,0.269590417412051,-0.54117691420885,0.218065885407261,0.461720108969161,-0.198289752150649,-0.978199849716638,0.23040098398196,-0.359799142389609,-0.848835047309893,0.0661619032937078,1.18835665723542,0.71494745350443,0.0774154968926355,0.765265321033965
193,"Heidelberg","online",2,3,3,2,3,3,4,3,3,3,4,4,3,27,5.666666667,4.75,3.75,3,6,4,6,2,4,7,6,6,6,6,4,3,5,3,2,2,3,3,3,3,4,4,4,2,3,1,0,1,1,3,2,1,2,0,2,2,2,1,2,1,2,0,2,0,2,2.75,3.25,3.5,2.75,3,3.33333333333333,1.42857142857143,1.28571428571429,0.333333333333333,2.33333333333333,"high",1,0.282001704059617,0.473101624779737,-0.181626944476291,0.540506006119915,0.806463085421746,1.63942621992436,1.46292128472932,0.405175879666808,0.355196073283896,1.12919785896656,0.41374113598391,0.553697438171226,0.814918732652754,0.601047124569683,-0.657447537103319,1.52995664162432,-0.0296288735486342,0.126599782407163,0.972726683473575,0.903492209705252,0.0260808151425952,0.83005724122764,-0.230860054484581,-0.198289752150649,1.97677886296904,0.959305915124886,1.13079730465306,0.959703298387103,0.833639981500717,0.248474573785588,-0.264586852871718,1.03957952970111,-0.206677495461728
12,"Heidelberg","online",2,4,4,4,4,0,0,0,0,4,4,4,3,16,3.666666667,3.25,3,2.545454545,2,5,6,1,5,3,5,2,4,2,2,4,2,4,1,3,2,4,2,2,3,4,4,2,1,0,1,0,0,2,1,1,3,0,1,2,1,1,0,2,1,0,0,0,0,4,0,3.75,2.5,2.5,2.66666666666667,1,0.428571428571429,0.666666666666667,1.33333333333333,"low",0,1.26336763418708,1.37771352271022,1.52664810086828,1.43620167340435,1.63190177285342,1.63942621992436,1.46292128472932,0.405175879666808,-2.3714561363366,-2.94293535264341,-2.42800719274768,-2.36579814491342,0.137549977167503,-0.667015711412697,-0.137466303212512,0.231359297026117,-0.426199950276506,-0.646325204920781,-0.0593126026508282,-1.63211495946755,0.59333854449404,0.83005724122764,-0.923440217938323,0.429026918289586,-0.387204107179503,0.23040098398196,-1.85039558943228,-0.245988932077561,-2.23627233132732,-1.63128959311408,0.71494745350443,-1.84691256872431,0.765265321033965
30,"Heidelberg","online",2,3,0,1,3,4,3,3,2,1,0,3,3,15,5,1.25,3.5,2.909090909,5,1,6,1,2,1,5,6,2,6,5,3,4,2,2,1,3,3,3,4,1,4,3,4,4,1,0,1,1,2,1,0,1,0,0,0,1,1,2,0,1,0,1,1,1,1.75,3,1.75,2.5,3,3.33333333333333,0.714285714285714,1,0,1,"low",0,0.282001704059617,-2.24073406901172,-1.03576446714858,0.540506006119915,-0.844414289441593,-1.38720680147446,0.628336682949313,0.405175879666808,1.26408014315739,0.111164556064065,0.41374113598391,-0.419467756190322,-0.314029193155997,0.178359512575556,-1.17742877099413,-0.201506484506618,-0.426199950276506,0.126599782407163,0.972726683473575,0.269590417412051,-1.67569237291174,0.83005724122764,-0.923440217938323,-1.45292309303112,-1.56919559225377,0.23040098398196,1.13079730465306,-1.45168116254222,0.833639981500717,1.18835665723542,-0.264586852871718,0.0774154968926355,-1.17862031195742
62,"Heidelberg","online",2,4,4,3,3,3,2,3,1,0,0,0,0,24,4,4,3.75,2.545454545,4,5,4,3,4,3,4,4,5,4,4,4,3,4,2,3,2,3,3,2,2,3,2,3,3,0,0,1,2,3,1,2,2,1,1,2,1,1,1,0,2,1,1,1,1,3.5,2.25,0,2.5,3,2,1,1.14285714285714,1,2,"high",1,1.26336763418708,1.37771352271022,0.672510578195996,0.540506006119915,-1.66985297687326,-1.38720680147446,-1.8754171223907,-2.08308069899288,0.355196073283896,-0.906868746838426,0.41374113598391,-1.39263295055187,0.137549977167503,0.38970331857262,0.382514930678295,1.09709086009159,-0.426199950276506,0.126599782407163,-1.09135188877523,-0.364311374881151,0.59333854449404,-0.393925470413118,0.461720108969161,-0.198289752150649,-0.387204107179503,-0.498503947160967,-0.359799142389609,0.356857183154771,-0.701316174913302,0.248474573785588,0.71494745350443,-0.884748535915837,0.765265321033965
24,"Heidelberg","online",2,4,3,4,3,2,2,2,3,1,0,1,1,11,5.666666667,2,4.25,3.636363636,4,2,5,1,7,2,7,5,3,6,4,5,4,4,3,4,2,4,4,3,4,4,4,4,4,1,1,1,1,0,1,0,0,0,1,1,1,1,0,0,0,1,1,0,0,3.5,2.25,0.75,3.75,4,3,0.714285714285714,0.428571428571429,0.666666666666667,0.333333333333333,"low",0,1.26336763418708,0.473101624779737,1.52664810086828,0.540506006119915,-0.844414289441593,-1.38720680147446,-1.04083252061069,-1.25366183943965,-0.553687996589603,-0.906868746838426,-0.533508306926621,0.553697438171226,-0.314029193155997,-0.667015711412697,-0.137466303212512,-1.06723804757209,1.55665543336285,1.67244975706305,0.456707040411373,-0.364311374881151,-1.1084346435603,0.218065885407261,-0.923440217938323,1.68366025917006,-0.978199849716638,1.68821084626781,0.385499081131725,-0.848835047309893,0.833639981500717,0.248474573785588,1.69448175988058,0.0774154968926355,0.765265321033965
6,"Heidelberg","online",2,3,1,1,3,2,3,3,1,4,1,3,4,17,5.166666667,4,4.25,2.727272727,5,3,7,5,4,3,3,5,5,7,4,4,4,5,2,4,3,4,3,3,4,2,2,1,2,2,0,0,0,1,2,2,1,1,0,0,2,0,0,0,3,1,2,0,0,2,2.25,3,2.75,2.75,2.66666666666667,0.714285714285714,1.14285714285714,1,0.333333333333333,"low",0,0.282001704059617,-1.33612217108123,-1.03576446714858,0.540506006119915,1.63190177285342,-0.630548546124754,0.628336682949313,1.23459473922004,-0.553687996589603,0.111164556064065,0.41374113598391,-1.39263295055187,-0.314029193155997,0.38970331857262,0.382514930678295,-1.06723804757209,-0.0296288735486342,-0.259862711256809,-0.0593126026508282,0.269590417412051,-0.54117691420885,1.44204859704802,1.84688043587665,-0.198289752150649,-0.387204107179503,-1.22740887830389,0.385499081131725,0.356857183154771,1.60111805970773,0.248474573785588,0.71494745350443,0.0774154968926355,1.73720813752966
162,"Heidelberg","online",2,3,1,3,2,3,4,3,2,2,2,3,3,25,5.5,5.5,3,2.727272727,6,6,5,5,5,6,5,6,5,6,3,2,4,3,3,3,3,3,3,3,2,2,2,4,2,1,0,1,2,2,2,1,2,0,1,1,1,1,3,0,2,0,2,2,1,2.25,3,2.5,3,2.5,2.66666666666667,1.28571428571429,1.57142857142857,0.333333333333333,1.33333333333333,"high",1,0.282001704059617,-1.33612217108123,0.672510578195996,-0.355189661164515,-0.0189756020099236,0.126109709224951,0.628336682949313,0.405175879666808,0.355196073283896,1.12919785896656,0.41374113598391,-0.419467756190322,0.589129147491004,1.02373473656381,-0.657447537103319,0.231359297026117,0.366942203179237,-0.646325204920781,-0.0593126026508282,0.903492209705252,1.16059627384549,0.218065885407261,1.84688043587665,0.429026918289586,1.3857831204319,0.23040098398196,1.13079730465306,0.356857183154771,0.833639981500717,-0.691407509664245,-1.24412115924787,0.0774154968926355,-0.206677495461728
10,"Heidelberg","online",2,3,3,4,4,1,4,1,1,1,3,3,4,41,4.833333333,4.5,4.25,2,6,3,5,5,6,5,3,6,5,3,5,4,4,4,2,1,3,2,2,4,2,1,2,1,2,1,2,2,2,2,3,3,3,2,3,2,2,0,1,1,3,1,3,2,3,3.5,1.75,2.75,1.75,1.5,3,1.85714285714286,2.14285714285714,2,2.33333333333333,"high",1,0.282001704059617,0.473101624779737,1.52664810086828,1.43620167340435,-0.844414289441593,0.882767964574655,0.628336682949313,1.23459473922004,-1.4625720664631,1.12919785896656,-1.48075774983715,-1.39263295055187,1.492287488138,1.86910996055206,1.94245863235071,1.52995664162432,-1.61591318046012,-2.19217517957667,0.456707040411373,0.903492209705252,-0.54117691420885,0.218065885407261,1.84688043587665,1.05634358872982,0.794787377894768,-1.22740887830389,1.13079730465306,0.356857183154771,-1.46879425312031,1.18835665723542,0.71494745350443,0.0774154968926355,0.765265321033965
203,"Heidelberg","online",2,4,3,4,3,1,2,2,3,3,2,3,3,6,4.666666667,2.25,3.25,3.818181818,4,4,6,1,4,1,5,4,3,5,3,4,3,3,3,3,4,4,4,4,4,4,4,4,4,0,0,0,0,2,0,0,0,0,0,1,0,0,0,0,1,0,0,0,2,3.5,2,2.75,3.75,3.75,4,0,0.142857142857143,0,1.66666666666667,"low",0,1.26336763418708,0.473101624779737,1.52664810086828,0.540506006119915,0.806463085421746,0.126109709224951,0.628336682949313,0.405175879666808,-1.4625720664631,-0.906868746838426,-0.533508306926621,0.553697438171226,-1.44297711896475,-1.08970332340682,-1.17742877099413,0.664225078558852,1.55665543336285,1.28598726339908,2.00476596959798,-0.364311374881151,0.0260808151425952,0.83005724122764,-0.923440217938323,-0.198289752150649,-1.56919559225377,0.23040098398196,-0.359799142389609,-0.848835047309893,0.0661619032937078,-0.691407509664245,0.71494745350443,-0.884748535915837,-0.206677495461728
104,"Heidelberg","online",2,3,1,1,3,2,1,1,3,1,3,3,3,39,5.666666667,4.5,4.25,2,6,5,6,2,5,5,5,6,6,6,4,4,5,4,2,3,3,2,2,2,1,1,2,2,2,1,1,2,2,2,3,3,3,1,3,1,2,1,3,1,2,2,2,2,2,2,1.75,2.5,1.75,2,2.33333333333333,1.85714285714286,2.14285714285714,2,1.66666666666667,"high",1,0.282001704059617,-1.33612217108123,-1.03576446714858,0.540506006119915,-0.844414289441593,0.882767964574655,0.628336682949313,0.405175879666808,-0.553687996589603,-1.92490204974092,-1.48075774983715,0.553697438171226,1.492287488138,1.86910996055206,1.94245863235071,0.664225078558852,-1.61591318046012,-1.41925019224872,-0.575332245713029,0.903492209705252,0.59333854449404,0.83005724122764,-0.230860054484581,0.429026918289586,0.794787377894768,0.23040098398196,1.13079730465306,0.959703298387103,0.833639981500717,0.248474573785588,0.71494745350443,1.03957952970111,0.765265321033965
29,"Heidelberg","online",2,3,1,3,4,3,3,3,0,3,3,3,3,36,3.666666667,4.25,4.75,1.909090909,5,2,5,3,3,6,3,3,6,3,5,4,5,5,2,2,3,3,3,2,1,1,2,1,1,2,1,2,3,3,2,3,2,1,2,2,2,2,1,0,3,0,2,0,3,2.75,2.25,3,1.75,1.75,2.33333333333333,1.85714285714286,1.57142857142857,1.33333333333333,2.66666666666667,"high",1,0.282001704059617,-1.33612217108123,0.672510578195996,1.43620167340435,0.806463085421746,0.882767964574655,0.628336682949313,0.405175879666808,0.355196073283896,0.111164556064065,0.41374113598391,-2.36579814491342,1.492287488138,1.02373473656381,0.902496164569101,1.96282242315706,-1.61591318046012,-1.8057126859127,-0.575332245713029,0.269590417412051,-1.1084346435603,0.218065885407261,0.461720108969161,-0.825606422590885,1.3857831204319,-1.22740887830389,-1.10509736591094,0.959703298387103,-1.46879425312031,1.18835665723542,0.71494745350443,1.03957952970111,1.73720813752966
166,"Heidelberg","online",2,3,3,3,3,2,3,3,3,1,1,2,3,2,4.5,3,3.75,3.090909091,5,3,3,1,4,3,5,5,5,5,4,3,5,3,2,3,3,4,4,3,3,3,4,2,3,0,0,0,0,0,0,0,0,0,0,0,0,0,0,0,0,1,1,0,0,3,2.75,1.75,2.75,3.25,3.33333333333333,0.142857142857143,0,0.333333333333333,0,"low",0,0.282001704059617,0.473101624779737,0.672510578195996,0.540506006119915,-0.844414289441593,-0.630548546124754,-0.20624791883069,0.405175879666808,-0.553687996589603,0.111164556064065,0.41374113598391,0.553697438171226,-1.217187533803,-1.30104712940389,-0.657447537103319,-1.50010382910482,-0.0296288735486342,0.513062276071135,0.972726683473575,0.269590417412051,-0.54117691420885,-1.0059168262335,-0.923440217938323,-0.198289752150649,-0.387204107179503,0.23040098398196,0.385499081131725,0.356857183154771,0.0661619032937078,0.248474573785588,-0.264586852871718,1.03957952970111,-0.206677495461728
47,"Heidelberg","online",2,3,3,3,3,3,3,3,2,3,3,3,3,7,5.333333333,3,3.5,3.272727273,5,3,6,2,5,2,5,5,5,6,3,3,4,4,3,3,3,4,3,3,4,4,4,2,3,0,0,0,0,1,0,0,2,0,1,1,1,0,0,0,1,0,0,0,0,3,2.75,3,3.25,3.25,3.33333333333333,0.428571428571429,0.285714285714286,0,0.666666666666667,"low",0,0.282001704059617,0.473101624779737,0.672510578195996,0.540506006119915,0.806463085421746,0.882767964574655,0.628336682949313,0.405175879666808,0.355196073283896,0.111164556064065,0.41374113598391,-0.419467756190322,-0.765608363479498,-0.87835951740976,-1.17742877099413,-0.634372266039353,0.763513279907108,0.513062276071135,0.972726683473575,0.269590417412051,-0.54117691420885,0.83005724122764,-0.230860054484581,0.429026918289586,-0.978199849716638,0.23040098398196,0.385499081131725,0.356857183154771,0.833639981500717,-0.691407509664245,-0.264586852871718,0.0774154968926355,0.765265321033965
83,"Heidelberg","online",2,2,3,1,1,4,4,4,4,3,3,3,3,20,4.166666667,5,2.5,3.181818182,5,6,3,3,5,5,4,4,6,4,3,2,4,1,2,3,4,4,3,3,3,3,3,4,3,1,0,1,0,2,1,3,2,0,1,1,2,2,1,0,2,0,0,0,1,1.75,4,3,3.25,3,3.33333333333333,0.857142857142857,1,1,1.33333333333333,"low",0,-0.699364226067849,0.473101624779737,-1.03576446714858,-1.25088532844895,0.806463085421746,0.882767964574655,0.628336682949313,0.405175879666808,1.26408014315739,1.12919785896656,1.36099057889444,1.52686263253277,-0.0882396079942473,0.178359512575556,0.382514930678295,0.231359297026117,0.763513279907108,0.126599782407163,0.972726683473575,0.269590417412051,1.16059627384549,-1.0059168262335,0.461720108969161,0.429026918289586,0.794787377894768,-0.498503947160967,-0.359799142389609,0.959703298387103,-0.701316174913302,-0.691407509664245,-1.24412115924787,0.0774154968926355,-2.15056312845311
155,"Heidelberg","online",2,1,3,1,1,3,3,3,3,3,3,3,3,2,5.5,2,3.25,3.181818182,5,2,4,1,6,2,6,6,3,6,4,3,4,2,3,4,3,4,4,3,3,3,3,2,3,0,0,0,0,0,0,0,0,0,0,1,0,0,1,0,0,0,0,0,0,1.5,3,3,3,3.5,3,0,0.142857142857143,0,0.333333333333333,"low",0,-1.68073015619532,0.473101624779737,-1.03576446714858,-1.25088532844895,0.806463085421746,0.882767964574655,0.628336682949313,0.405175879666808,0.355196073283896,0.111164556064065,0.41374113598391,0.553697438171226,-1.44297711896475,-1.08970332340682,-1.17742877099413,-1.06723804757209,0.366942203179237,0.899524769735107,0.456707040411373,0.269590417412051,-1.1084346435603,-0.393925470413118,-0.923440217938323,1.05634358872982,-0.978199849716638,0.959305915124886,1.13079730465306,-0.848835047309893,0.833639981500717,0.248474573785588,-0.264586852871718,0.0774154968926355,-1.17862031195742
8,"Heidelberg","online",2,4,3,3,3,2,1,1,1,3,3,4,4,13,4.166666667,3,3.25,2.636363636,5,3,6,2,2,3,4,3,4,5,3,2,4,4,2,2,2,3,2,2,3,3,3,4,3,1,0,0,0,1,1,1,2,0,1,0,1,1,0,0,2,0,0,1,1,3.25,1.25,3.5,3,2.5,2.33333333333333,0.714285714285714,0.714285714285714,0.333333333333333,0.666666666666667,"low",0,1.26336763418708,0.473101624779737,0.672510578195996,0.540506006119915,0.806463085421746,0.882767964574655,1.46292128472932,1.23459473922004,-0.553687996589603,-1.92490204974092,-1.48075774983715,-1.39263295055187,-0.314029193155997,-0.24432809941857,-0.657447537103319,-0.634372266039353,0.366942203179237,-0.646325204920781,-0.575332245713029,0.269590417412051,-0.54117691420885,0.83005724122764,-0.230860054484581,-1.45292309303112,-0.387204107179503,-0.498503947160967,-1.10509736591094,-0.245988932077561,0.0661619032937078,-0.691407509664245,-1.24412115924787,0.0774154968926355,0.765265321033965
137,"Heidelberg","online",2,3,3,2,3,3,4,3,3,3,3,3,4,23,5.333333333,3.75,3.75,2.909090909,5,4,5,2,6,4,5,5,5,6,5,4,4,2,3,3,3,4,3,2,3,3,3,3,2,1,2,2,2,1,1,1,2,1,1,1,1,1,0,0,2,0,1,2,1,2.75,3.25,3.25,3.25,2.75,2.66666666666667,1.14285714285714,1.28571428571429,1,1,"high",1,0.282001704059617,0.473101624779737,-0.181626944476291,0.540506006119915,0.806463085421746,0.882767964574655,0.628336682949313,1.23459473922004,0.355196073283896,1.12919785896656,0.41374113598391,0.553697438171226,0.363339562329253,0.601047124569683,0.382514930678295,-0.201506484506618,0.763513279907108,-0.259862711256809,-0.0593126026508282,0.269590417412051,0.0260808151425952,0.218065885407261,-0.230860054484581,1.05634358872982,0.203791635357633,0.23040098398196,0.385499081131725,0.356857183154771,0.833639981500717,1.18835665723542,0.71494745350443,0.0774154968926355,-1.17862031195742
11,"Heidelberg","online",2,4,4,4,4,3,4,1,3,0,0,2,3,11,6.333333333,4,3,2.636363636,6,4,6,1,6,4,7,7,7,6,3,2,5,2,2,4,4,4,3,3,2,1,3,1,2,0,0,0,1,2,0,1,1,0,1,2,2,0,0,0,1,0,0,0,0,4,2.75,1.25,2.25,2.5,3.33333333333333,0.428571428571429,0.428571428571429,0.333333333333333,1.33333333333333,"low",0,1.26336763418708,1.37771352271022,1.52664810086828,1.43620167340435,-1.66985297687326,-1.38720680147446,-0.20624791883069,0.405175879666808,0.355196073283896,1.12919785896656,-1.48075774983715,0.553697438171226,-0.765608363479498,-0.667015711412697,-0.657447537103319,0.231359297026117,-0.822771027004377,-0.646325204920781,0.972726683473575,0.903492209705252,0.0260808151425952,0.83005724122764,-0.923440217938323,1.05634358872982,0.203791635357633,1.68821084626781,1.87609552817439,1.56254941361943,0.833639981500717,-0.691407509664245,-1.24412115924787,1.03957952970111,-1.17862031195742
187,"Heidelberg","online",2,3,3,3,3,2,3,2,1,3,0,0,3,17,3.666666667,3.5,4.5,1.727272727,3,4,4,2,4,4,4,4,4,3,4,5,4,5,1,2,2,3,3,1,2,2,1,1,1,0,0,0,0,2,1,2,2,0,0,1,3,0,1,0,3,0,0,0,2,3,2,1.5,1.75,2,1.33333333333333,0.285714285714286,1.14285714285714,0.666666666666667,1.66666666666667,"low",0,0.282001704059617,0.473101624779737,0.672510578195996,0.540506006119915,0.806463085421746,-1.38720680147446,-1.8754171223907,0.405175879666808,-0.553687996589603,0.111164556064065,-0.533508306926621,-1.39263295055187,-0.991397948641248,0.38970331857262,-0.137466303212512,0.664225078558852,-1.61591318046012,-1.41925019224872,-2.12339117489963,-0.998213167174352,0.0260808151425952,-0.393925470413118,-0.230860054484581,-0.198289752150649,0.203791635357633,-0.498503947160967,-0.359799142389609,-0.245988932077561,-1.46879425312031,0.248474573785588,1.69448175988058,0.0774154968926355,1.73720813752966
26,"Heidelberg","online",2,3,3,1,1,1,2,2,1,1,2,4,3,22,4,2.5,4.25,3.272727273,4,3,2,2,6,2,4,5,3,3,4,4,5,4,3,3,3,4,4,4,3,3,3,3,3,1,0,1,1,1,2,2,1,0,1,1,0,1,1,2,1,0,1,2,3,2,1.5,2.5,3.25,3.25,3.33333333333333,1.14285714285714,1,0.666666666666667,1.66666666666667,"high",1,0.282001704059617,0.473101624779737,-1.03576446714858,-1.25088532844895,-0.844414289441593,0.126109709224951,1.46292128472932,0.405175879666808,-1.4625720664631,-0.906868746838426,-0.533508306926621,-1.39263295055187,0.363339562329253,0.178359512575556,-0.137466303212512,0.664225078558852,0.763513279907108,0.513062276071135,0.972726683473575,-0.364311374881151,-0.54117691420885,-1.61790818205388,-0.230860054484581,1.05634358872982,-0.978199849716638,-0.498503947160967,0.385499081131725,-0.848835047309893,-1.46879425312031,0.248474573785588,0.71494745350443,1.03957952970111,0.765265321033965
96,"Heidelberg","online",2,4,3,4,4,1,1,1,1,4,4,4,3,7,6,3.75,3.25,3.727272727,7,4,6,1,6,4,6,5,6,6,4,2,5,2,4,4,4,3,4,4,4,4,3,3,4,0,1,0,0,2,0,1,0,0,0,1,0,0,0,0,1,0,0,0,1,3.75,1,3.75,3.5,4,3.66666666666667,0,0.142857142857143,0.666666666666667,1.33333333333333,"low",0,1.26336763418708,0.473101624779737,1.52664810086828,1.43620167340435,1.63190177285342,1.63942621992436,1.46292128472932,0.405175879666808,-1.4625720664631,-1.92490204974092,-1.48075774983715,-1.39263295055187,-1.44297711896475,-1.08970332340682,-0.137466303212512,0.231359297026117,1.16008435663498,1.67244975706305,1.48874632653578,1.53739400199845,0.0260808151425952,0.83005724122764,-0.923440217938323,1.05634358872982,0.203791635357633,0.959305915124886,0.385499081131725,0.959703298387103,0.833639981500717,0.248474573785588,-1.24412115924787,1.03957952970111,-1.17862031195742
105,"Heidelberg","online",2,4,4,3,4,1,3,2,1,3,3,3,3,33,3.833333333,4,5,1.272727273,2,4,4,1,4,5,5,3,6,5,5,5,5,5,1,1,2,1,1,2,1,1,1,2,1,2,2,1,2,1,2,3,3,2,2,1,2,1,1,0,2,1,2,1,2,3.75,1.75,3,1.25,1,1.66666666666667,1.71428571428571,1.57142857142857,2,1.33333333333333,"high",1,1.26336763418708,1.37771352271022,0.672510578195996,1.43620167340435,0.806463085421746,0.882767964574655,0.628336682949313,0.405175879666808,-1.4625720664631,0.111164556064065,-0.533508306926621,-1.39263295055187,1.26649790297625,1.02373473656381,1.94245863235071,0.231359297026117,-2.40905533391586,-2.96510016690461,-1.60737153183743,-1.63211495946755,0.0260808151425952,-0.393925470413118,-0.923440217938323,-0.198289752150649,0.794787377894768,0.23040098398196,-1.10509736591094,0.959703298387103,0.0661619032937078,1.18835665723542,1.69448175988058,1.03957952970111,1.73720813752966
145,"Heidelberg","online",2,1,0,1,1,3,3,3,1,1,1,1,3,9,5,2,2.75,3.363636364,5,2,5,2,5,2,5,5,2,5,2,4,3,2,3,3,3,4,3,3,4,3,4,3,4,1,0,1,0,1,0,0,1,0,0,1,0,0,0,0,1,1,1,0,1,0.75,2.5,1.5,3.5,3.25,3.33333333333333,0.428571428571429,0.285714285714286,0.333333333333333,1,"low",0,-1.68073015619532,-2.24073406901172,-1.03576446714858,-1.25088532844895,-0.844414289441593,-0.630548546124754,-1.04083252061069,0.405175879666808,0.355196073283896,0.111164556064065,0.41374113598391,-1.39263295055187,-0.765608363479498,-0.87835951740976,-0.657447537103319,-0.201506484506618,1.16008435663498,0.513062276071135,0.972726683473575,0.269590417412051,-1.1084346435603,0.218065885407261,-0.230860054484581,0.429026918289586,-0.978199849716638,0.23040098398196,0.385499081131725,-1.45168116254222,0.0661619032937078,-1.63128959311408,0.71494745350443,-0.884748535915837,-1.17862031195742
178,"Heidelberg","online",2,1,1,1,1,4,3,3,3,0,1,1,1,11,5,4.25,3,3.090909091,6,5,6,2,3,4,5,5,6,5,4,2,3,3,2,4,3,4,4,3,3,3,2,3,3,1,0,0,1,1,0,0,1,0,0,3,1,1,1,0,1,0,0,0,0,1,3.25,0.75,3,3.5,2.66666666666667,0.571428571428571,0.428571428571429,0,1.33333333333333,"low",0,-1.68073015619532,-1.33612217108123,-1.03576446714858,-1.25088532844895,-1.66985297687326,-0.630548546124754,-1.04083252061069,-1.25366183943965,1.26408014315739,0.111164556064065,0.41374113598391,0.553697438171226,-0.539818778317748,-0.667015711412697,-1.17742877099413,0.231359297026117,0.366942203179237,0.899524769735107,-0.0593126026508282,0.903492209705252,0.59333854449404,0.83005724122764,-0.230860054484581,-0.825606422590885,0.203791635357633,0.23040098398196,0.385499081131725,0.959703298387103,0.0661619032937078,0.248474573785588,-1.24412115924787,-0.884748535915837,-0.206677495461728
163,"Heidelberg","online",2,3,4,2,3,3,3,3,3,0,0,1,0,16,4.666666667,3.75,3.75,3.363636364,5,4,5,1,2,3,6,4,7,6,4,4,5,2,2,4,3,4,4,3,3,4,4,3,3,0,0,0,1,3,0,3,2,0,0,0,1,0,0,0,3,0,0,0,3,3,3,0.25,3,3.75,3.33333333333333,0.428571428571429,0.571428571428571,1,2,"low",0,0.282001704059617,1.37771352271022,-0.181626944476291,0.540506006119915,-1.66985297687326,-1.38720680147446,-1.04083252061069,-2.08308069899288,0.355196073283896,0.111164556064065,0.41374113598391,0.553697438171226,-0.765608363479498,-0.455671905415634,0.382514930678295,1.09709086009159,0.366942203179237,1.28598726339908,0.972726683473575,0.269590417412051,0.0260808151425952,0.218065885407261,-0.923440217938323,-1.45292309303112,-0.387204107179503,0.959305915124886,-0.359799142389609,1.56254941361943,0.833639981500717,0.248474573785588,0.71494745350443,1.03957952970111,-1.17862031195742
94,"Heidelberg","online",2,4,3,0,1,3,3,4,3,1,3,3,4,12,5.166666667,4.5,5,3.909090909,7,4,1,1,7,6,7,3,7,6,5,5,5,5,4,3,4,4,4,4,4,4,4,4,4,0,0,0,1,1,0,1,1,0,0,3,0,0,2,0,0,1,1,0,1,2,3.25,2.75,4,3.75,4,0.428571428571429,0.285714285714286,0.666666666666667,1.66666666666667,"low",0,1.26336763418708,0.473101624779737,-1.88990198982087,-1.25088532844895,-0.844414289441593,0.882767964574655,0.628336682949313,1.23459473922004,0.355196073283896,0.111164556064065,1.36099057889444,0.553697438171226,-0.765608363479498,-0.87835951740976,-0.137466303212512,0.664225078558852,1.95322651009072,1.28598726339908,2.00476596959798,1.53739400199845,0.0260808151425952,-2.22989953787425,-0.923440217938323,1.68366025917006,1.3857831204319,1.68821084626781,-1.10509736591094,1.56254941361943,0.833639981500717,1.18835665723542,1.69448175988058,1.03957952970111,1.73720813752966
130,"Heidelberg","online",2,3,1,1,3,3,3,3,1,1,1,2,3,12,4.166666667,2.5,3,2.909090909,4,3,5,2,2,2,4,4,3,6,4,3,3,2,2,3,2,4,3,2,3,4,3,3,3,0,1,1,0,1,1,0,2,0,1,1,1,0,0,0,2,0,0,0,1,2,2.5,1.75,3,3.25,2.33333333333333,0.428571428571429,0.714285714285714,0.333333333333333,1,"low",0,0.282001704059617,-1.33612217108123,-1.03576446714858,0.540506006119915,-0.844414289441593,-0.630548546124754,-0.20624791883069,0.405175879666808,0.355196073283896,0.111164556064065,0.41374113598391,-1.39263295055187,-0.765608363479498,-0.24432809941857,-0.657447537103319,-0.201506484506618,0.366942203179237,0.513062276071135,-0.575332245713029,-0.364311374881151,-0.54117691420885,0.218065885407261,-0.230860054484581,-1.45292309303112,-0.978199849716638,-0.498503947160967,-0.359799142389609,-0.848835047309893,0.833639981500717,0.248474573785588,-0.264586852871718,-0.884748535915837,-1.17862031195742
74,"Heidelberg","online",2,1,1,1,3,3,3,3,2,1,1,3,3,7,5.166666667,4.25,2.75,3.090909091,5,6,5,2,6,4,5,5,5,5,3,2,3,3,2,4,2,4,4,3,3,3,3,3,3,0,0,0,1,0,0,0,1,0,0,1,1,1,0,0,2,0,0,0,0,1.5,2.75,2,3,3.5,2.66666666666667,0.428571428571429,0.428571428571429,0,0.333333333333333,"low",0,-1.68073015619532,-1.33612217108123,-1.03576446714858,0.540506006119915,-0.844414289441593,-0.630548546124754,0.628336682949313,0.405175879666808,0.355196073283896,0.111164556064065,0.41374113598391,-0.419467756190322,-0.765608363479498,-0.667015711412697,-1.17742877099413,-1.06723804757209,0.366942203179237,0.899524769735107,-0.0593126026508282,0.269590417412051,1.16059627384549,0.218065885407261,-0.230860054484581,1.05634358872982,0.203791635357633,0.23040098398196,0.385499081131725,0.356857183154771,0.0661619032937078,-0.691407509664245,-1.24412115924787,-0.884748535915837,-0.206677495461728
64,"Heidelberg","online",2,3,3,1,1,1,3,2,1,3,0,3,4,13,6,2.5,3.75,3.272727273,4,1,7,1,4,4,7,7,4,7,4,3,4,4,3,3,3,3,3,3,3,4,3,4,4,1,2,0,0,1,1,1,0,0,1,1,1,0,1,0,1,1,1,0,0,2,1.75,2.5,3.25,3.5,3,0.428571428571429,0.571428571428571,1.33333333333333,0.666666666666667,"low",0,0.282001704059617,0.473101624779737,-1.03576446714858,-1.25088532844895,0.806463085421746,-1.38720680147446,0.628336682949313,1.23459473922004,-1.4625720664631,0.111164556064065,-0.533508306926621,-1.39263295055187,-0.765608363479498,-0.455671905415634,0.902496164569101,-0.634372266039353,0.763513279907108,0.899524769735107,0.456707040411373,-0.364311374881151,-1.67569237291174,1.44204859704802,-0.923440217938323,-0.198289752150649,0.203791635357633,1.68821084626781,1.87609552817439,-0.245988932077561,1.60111805970773,0.248474573785588,-0.264586852871718,0.0774154968926355,0.765265321033965
174,"Heidelberg","online",2,3,2,1,2,3,4,3,3,3,3,3,3,11,5.5,2,3.5,3.909090909,5,2,6,1,7,2,5,4,3,6,4,2,5,3,3,4,4,4,4,4,4,4,4,4,4,0,0,0,0,1,1,1,0,0,1,2,0,0,0,1,1,1,1,0,1,2,3.25,3,3.75,4,4,0.428571428571429,0.285714285714286,0.666666666666667,1.33333333333333,"low",0,0.282001704059617,-0.431510273150749,-1.03576446714858,-0.355189661164515,0.806463085421746,0.882767964574655,0.628336682949313,0.405175879666808,0.355196073283896,1.12919785896656,0.41374113598391,0.553697438171226,-0.765608363479498,-0.87835951740976,-0.137466303212512,0.231359297026117,1.55665543336285,1.67244975706305,2.00476596959798,0.269590417412051,-1.1084346435603,0.83005724122764,-0.923440217938323,1.68366025917006,-0.978199849716638,0.23040098398196,-0.359799142389609,-0.848835047309893,0.833639981500717,0.248474573785588,-1.24412115924787,1.03957952970111,-0.206677495461728
111,"Heidelberg","online",2,2,1,3,3,2,3,3,1,1,2,1,2,24,4.666666667,3.5,3.75,2.727272727,1,4,5,2,5,4,6,5,4,6,5,3,3,4,2,3,3,4,3,3,2,2,2,2,4,0,0,0,2,2,1,1,3,0,2,2,2,0,1,1,3,0,1,1,2,2.25,2.25,1.5,2.5,3,2.66666666666667,1.28571428571429,1.14285714285714,0.333333333333333,2,"high",1,-0.699364226067849,-1.33612217108123,0.672510578195996,0.540506006119915,-0.844414289441593,0.126109709224951,-1.04083252061069,-0.424242979886423,-0.553687996589603,0.111164556064065,0.41374113598391,-1.39263295055187,0.589129147491004,0.38970331857262,-0.657447537103319,1.09709086009159,-0.426199950276506,0.126599782407163,-0.0593126026508282,-2.26601675176076,0.0260808151425952,0.218065885407261,-0.230860054484581,0.429026918289586,0.203791635357633,0.959305915124886,0.385499081131725,-0.245988932077561,0.833639981500717,1.18835665723542,-0.264586852871718,-0.884748535915837,0.765265321033965
126,"Heidelberg","online",2,3,3,2,2,2,1,1,1,4,3,2,3,44,3.333333333,4.5,3,2.363636364,4,5,3,2,4,5,3,3,6,3,4,2,4,2,2,1,3,3,2,2,2,3,2,3,3,1,2,2,3,3,2,2,3,2,3,2,2,1,2,3,3,2,2,3,1,2.5,1.25,3,2.5,2.25,2.33333333333333,2.28571428571429,2.28571428571429,2,2,"high",1,0.282001704059617,0.473101624779737,-0.181626944476291,-0.355189661164515,1.63190177285342,0.882767964574655,-0.20624791883069,0.405175879666808,-0.553687996589603,-1.92490204974092,-1.48075774983715,-1.39263295055187,2.16965624362326,2.08045376654913,1.94245863235071,1.09709086009159,-0.426199950276506,-1.03278769858475,-0.575332245713029,-0.364311374881151,0.59333854449404,-1.0059168262335,-0.230860054484581,-0.198289752150649,0.794787377894768,-1.22740887830389,-1.10509736591094,0.959703298387103,-1.46879425312031,0.248474573785588,-1.24412115924787,0.0774154968926355,-1.17862031195742
197,"Heidelberg","online",2,1,2,1,1,2,3,4,4,1,1,1,3,20,4.166666667,4.75,4.25,2.272727273,5,6,5,3,2,5,6,2,5,5,4,5,5,3,1,3,2,2,2,1,3,2,2,4,3,1,1,1,1,1,1,1,2,0,1,1,2,1,2,0,2,0,1,0,1,1.25,3.25,1.5,2.5,2.5,1.66666666666667,1,1.14285714285714,0.666666666666667,1,"low",0,-1.68073015619532,-0.431510273150749,-1.03576446714858,-1.25088532844895,-0.844414289441593,-0.630548546124754,-1.04083252061069,0.405175879666808,-0.553687996589603,0.111164556064065,1.36099057889444,1.52686263253277,0.137549977167503,0.38970331857262,-0.137466303212512,-0.201506484506618,-0.426199950276506,-0.646325204920781,-1.60737153183743,0.269590417412051,1.16059627384549,0.218065885407261,0.461720108969161,-1.45292309303112,0.794787377894768,0.959305915124886,-1.85039558943228,0.356857183154771,0.0661619032937078,0.248474573785588,1.69448175988058,1.03957952970111,-0.206677495461728
8,"Heidelberg","online",2,3,3,3,3,2,2,2,2,4,3,3,2,28,2.666666667,2.75,3.75,2.272727273,2,3,3,2,2,3,3,3,3,3,4,3,4,4,2,2,2,2,2,3,3,2,2,2,3,2,1,2,1,3,2,3,1,1,1,1,1,1,1,1,1,1,1,1,2,3,2,3,2.25,2.25,2.33333333333333,1.14285714285714,1.28571428571429,1.66666666666667,2,"high",1,0.282001704059617,0.473101624779737,0.672510578195996,0.540506006119915,1.63190177285342,0.882767964574655,0.628336682949313,-0.424242979886423,-0.553687996589603,-0.906868746838426,-0.533508306926621,-0.419467756190322,0.363339562329253,0.601047124569683,1.42247739845991,1.09709086009159,-0.822771027004377,-1.03278769858475,-0.575332245713029,-1.63211495946755,-0.54117691420885,-1.0059168262335,-0.230860054484581,-1.45292309303112,-0.387204107179503,-1.22740887830389,-1.10509736591094,-0.848835047309893,-1.46879425312031,0.248474573785588,-0.264586852871718,0.0774154968926355,0.765265321033965
148,"Heidelberg","online",2,3,2,1,2,3,3,3,3,2,1,3,1,21,4.833333333,3.75,3.25,2.636363636,5,4,5,2,4,4,5,5,5,5,4,3,3,3,2,3,2,2,3,2,3,3,3,3,3,1,0,1,1,2,1,1,2,0,1,1,2,0,2,0,2,0,1,1,2,2,3,1.75,2.5,3,2.33333333333333,0.857142857142857,1.28571428571429,0.333333333333333,1.66666666666667,"low",0,0.282001704059617,-0.431510273150749,-1.03576446714858,-0.355189661164515,-0.0189756020099236,-0.630548546124754,0.628336682949313,-1.25366183943965,0.355196073283896,0.111164556064065,0.41374113598391,0.553697438171226,-0.0882396079942473,0.601047124569683,-0.657447537103319,0.664225078558852,-0.426199950276506,0.126599782407163,-0.575332245713029,0.269590417412051,0.0260808151425952,0.218065885407261,-0.230860054484581,-0.198289752150649,0.203791635357633,0.23040098398196,0.385499081131725,0.356857183154771,0.0661619032937078,0.248474573785588,-0.264586852871718,-0.884748535915837,-0.206677495461728
144,"Heidelberg","online",2,2,2,2,2,4,3,1,3,3,3,1,0,10,4.5,4.75,3,2.363636364,4,4,7,7,4,4,4,4,4,4,3,3,3,3,2,3,2,3,3,2,2,2,2,2,3,1,0,1,0,0,0,1,2,0,0,1,1,1,0,0,1,0,0,0,1,2,2.75,1.75,2.25,2.75,2,0.571428571428571,0.428571428571429,0.333333333333333,0.666666666666667,"low",0,-0.699364226067849,-0.431510273150749,-0.181626944476291,-0.355189661164515,0.806463085421746,0.882767964574655,-1.04083252061069,-2.08308069899288,1.26408014315739,0.111164556064065,-1.48075774983715,0.553697438171226,-0.539818778317748,-0.667015711412697,-0.657447537103319,-0.634372266039353,-0.822771027004377,-0.259862711256809,-1.09135188877523,-0.364311374881151,0.0260808151425952,1.44204859704802,3.23204076278413,-0.198289752150649,0.203791635357633,-0.498503947160967,-0.359799142389609,-0.245988932077561,-0.701316174913302,-0.691407509664245,-0.264586852871718,-0.884748535915837,-0.206677495461728
103,"Heidelberg","online",2,3,1,3,3,3,3,3,3,0,2,3,2,14,5.166666667,4.5,4,2.818181818,5,5,6,1,5,5,4,6,7,5,4,5,4,3,2,2,3,3,3,2,3,4,3,3,3,1,0,0,1,2,1,1,1,0,1,1,1,1,0,0,1,1,0,0,1,2.5,3,1.75,2.75,3,2.66666666666667,0.714285714285714,0.428571428571429,0.666666666666667,1.33333333333333,"low",0,0.282001704059617,-1.33612217108123,0.672510578195996,0.540506006119915,-1.66985297687326,0.126109709224951,0.628336682949313,-0.424242979886423,0.355196073283896,0.111164556064065,0.41374113598391,0.553697438171226,-0.314029193155997,-0.667015711412697,-0.137466303212512,0.231359297026117,-0.0296288735486342,0.126599782407163,-0.0593126026508282,0.269590417412051,0.59333854449404,0.83005724122764,-0.923440217938323,0.429026918289586,0.794787377894768,-0.498503947160967,1.13079730465306,1.56254941361943,0.0661619032937078,0.248474573785588,1.69448175988058,0.0774154968926355,-0.206677495461728
37,"Heidelberg","online",2,3,1,1,1,4,3,3,3,2,1,2,3,1,4.333333333,1.75,3.25,3.454545455,5,3,5,1,4,1,5,2,2,5,4,3,4,2,3,3,3,3,3,3,4,4,4,4,4,0,0,0,0,0,0,0,0,0,0,1,0,0,0,0,0,0,0,0,0,1.5,3.25,2,3.5,3.5,3.33333333333333,0,0,0,0.333333333333333,"low",0,0.282001704059617,-1.33612217108123,-1.03576446714858,-1.25088532844895,-0.0189756020099236,-0.630548546124754,-0.20624791883069,0.405175879666808,1.26408014315739,0.111164556064065,0.41374113598391,0.553697438171226,-1.44297711896475,-1.30104712940389,-1.17742877099413,-1.06723804757209,1.16008435663498,0.899524769735107,0.972726683473575,0.269590417412051,-0.54117691420885,0.218065885407261,-0.923440217938323,-0.198289752150649,-1.56919559225377,0.23040098398196,-1.85039558943228,-1.45168116254222,0.0661619032937078,0.248474573785588,-0.264586852871718,0.0774154968926355,-1.17862031195742
20,"Heidelberg","online",2,4,1,4,2,4,1,3,3,0,2,1,1,10,4.833333333,4.5,1.25,3.272727273,1,7,5,3,6,2,5,6,6,6,1,2,1,1,3,3,3,4,4,3,2,3,3,4,4,0,0,0,0,2,0,1,3,1,0,2,NA,0,0,0,0,1,0,0,0,2.75,2.75,1,3.25,3.5,3,0.428571428571429,NA,0.666666666666667,1.33333333333333,"low",0,1.26336763418708,-1.33612217108123,1.52664810086828,-0.355189661164515,-1.66985297687326,0.126109709224951,-1.04083252061069,-1.25366183943965,1.26408014315739,-1.92490204974092,0.41374113598391,0.553697438171226,-0.765608363479498,NA,-0.137466303212512,0.231359297026117,0.763513279907108,0.899524769735107,0.456707040411373,-2.26601675176076,1.72785400319693,0.218065885407261,0.461720108969161,1.05634358872982,-0.978199849716638,0.23040098398196,1.13079730465306,0.959703298387103,0.833639981500717,-2.57117167656391,-1.24412115924787,-2.80907660153278,-2.15056312845311
181,"Heidelberg","online",2,3,1,1,3,1,1,1,2,3,1,3,1,19,3.833333333,4,3,2.272727273,5,4,4,5,2,3,3,4,4,5,4,2,4,2,2,2,2,2,3,3,3,2,3,1,2,2,1,2,0,2,1,2,2,1,1,2,0,1,1,0,0,0,0,1,0,2,1.25,2,2,2.25,2.66666666666667,0.857142857142857,0.857142857142857,1,1.33333333333333,"low",0,0.282001704059617,-1.33612217108123,-1.03576446714858,0.540506006119915,0.806463085421746,-0.630548546124754,0.628336682949313,-1.25366183943965,-1.4625720664631,-1.92490204974092,-1.48075774983715,-0.419467756190322,-0.0882396079942473,-0.0329842934215071,0.382514930678295,0.231359297026117,-1.21934210373225,-1.03278769858475,-0.0593126026508282,0.269590417412051,0.0260808151425952,-0.393925470413118,1.84688043587665,-1.45292309303112,-0.387204107179503,-1.22740887830389,-0.359799142389609,-0.245988932077561,0.0661619032937078,0.248474573785588,-1.24412115924787,0.0774154968926355,-1.17862031195742
179,"Heidelberg","online",2,3,2,1,1,4,3,3,3,3,3,3,3,0,5.333333333,1.5,3,3.818181818,5,2,5,1,5,1,5,5,2,7,4,2,4,2,3,4,3,4,4,4,4,4,4,4,4,0,0,0,0,0,0,0,0,0,0,0,0,0,0,0,0,0,0,0,0,1.75,3.25,3,3.75,4,3.66666666666667,0,0,0,0,"low",0,0.282001704059617,-0.431510273150749,-1.03576446714858,-1.25088532844895,0.806463085421746,0.882767964574655,0.628336682949313,0.405175879666808,1.26408014315739,0.111164556064065,0.41374113598391,0.553697438171226,-1.44297711896475,-1.30104712940389,-1.17742877099413,-1.50010382910482,1.55665543336285,1.67244975706305,1.48874632653578,0.269590417412051,-1.1084346435603,0.218065885407261,-0.923440217938323,0.429026918289586,-1.56919559225377,0.23040098398196,0.385499081131725,-1.45168116254222,1.60111805970773,0.248474573785588,-1.24412115924787,0.0774154968926355,-1.17862031195742
48,"Heidelberg","online",2,3,4,3,3,3,3,3,3,3,3,3,3,17,1.833333333,5,3.25,2,1,7,1,1,2,5,3,2,7,2,3,3,3,4,2,2,2,2,2,2,2,2,2,2,2,0,1,0,1,1,1,1,2,0,0,1,2,1,0,1,2,0,1,1,1,3.25,3,3,2,2,2,0.857142857142857,0.857142857142857,0.666666666666667,1,"low",0,0.282001704059617,1.37771352271022,0.672510578195996,0.540506006119915,0.806463085421746,0.882767964574655,0.628336682949313,0.405175879666808,0.355196073283896,0.111164556064065,0.41374113598391,0.553697438171226,-0.0882396079942473,-0.0329842934215071,-0.137466303212512,-0.201506484506618,-1.21934210373225,-1.41925019224872,-1.09135188877523,-2.26601675176076,1.72785400319693,-2.22989953787425,-0.923440217938323,-1.45292309303112,0.794787377894768,-1.22740887830389,-1.85039558943228,1.56254941361943,-2.23627233132732,-0.691407509664245,-0.264586852871718,-0.884748535915837,0.765265321033965
204,"Heidelberg","online",2,4,3,4,3,2,2,1,1,1,0,1,2,10,3.333333333,4,3,2.727272727,2,6,6,3,4,3,3,2,4,3,2,3,4,3,2,3,3,3,3,2,3,3,3,2,3,0,0,0,0,1,0,1,1,0,0,0,1,0,1,1,2,0,0,0,2,3.5,1.5,1,2.5,3,2.66666666666667,0.285714285714286,0.571428571428571,0.333333333333333,1,"low",0,1.26336763418708,0.473101624779737,1.52664810086828,0.540506006119915,-0.844414289441593,-1.38720680147446,-1.04083252061069,-0.424242979886423,-0.553687996589603,-0.906868746838426,-1.48075774983715,-1.39263295055187,-0.991397948641248,-0.455671905415634,-0.657447537103319,-0.201506484506618,-0.426199950276506,0.126599782407163,-0.0593126026508282,-1.63211495946755,1.16059627384549,0.83005724122764,0.461720108969161,-0.198289752150649,-0.387204107179503,-1.22740887830389,-1.85039558943228,-0.245988932077561,-1.46879425312031,-1.63128959311408,-0.264586852871718,0.0774154968926355,-0.206677495461728
88,"Heidelberg","online",2,3,3,2,1,3,3,3,2,2,1,1,1,32,2.333333333,4,2,2.181818182,4,7,1,1,1,4,1,4,4,3,2,2,2,2,2,3,2,2,3,2,3,2,1,2,2,1,2,1,2,2,1,2,3,2,1,2,2,2,1,2,2,1,1,0,2,2.25,2.75,1.25,2.25,2.5,1.66666666666667,1.71428571428571,1.28571428571429,1.66666666666667,2,"high",1,0.282001704059617,0.473101624779737,-0.181626944476291,-1.25088532844895,-0.0189756020099236,-0.630548546124754,-1.04083252061069,-1.25366183943965,0.355196073283896,0.111164556064065,0.41374113598391,-0.419467756190322,1.26649790297625,0.601047124569683,1.42247739845991,1.09709086009159,-0.822771027004377,-0.646325204920781,-1.60737153183743,-0.364311374881151,1.72785400319693,-2.22989953787425,-0.923440217938323,-2.08023976347136,0.203791635357633,-2.68521874058975,-0.359799142389609,-0.245988932077561,-1.46879425312031,-1.63128959311408,-1.24412115924787,-1.84691256872431,-1.17862031195742
55,"Heidelberg","online",2,2,1,0,0,4,3,3,3,1,1,2,1,5,5.333333333,4,3,3.363636364,6,4,6,3,5,4,5,5,5,5,4,3,3,2,3,4,3,4,4,3,3,3,3,3,4,1,0,0,0,1,0,0,1,0,0,0,1,0,0,0,1,0,0,0,0,0.75,3.25,1.25,3.25,3.75,3,0.285714285714286,0.285714285714286,0,0.333333333333333,"low",0,-0.699364226067849,-1.33612217108123,-1.88990198982087,-2.14658099573338,-0.844414289441593,-0.630548546124754,-0.20624791883069,-1.25366183943965,1.26408014315739,0.111164556064065,0.41374113598391,0.553697438171226,-0.991397948641248,-0.87835951740976,-1.17742877099413,-1.06723804757209,0.763513279907108,1.28598726339908,0.456707040411373,0.903492209705252,0.0260808151425952,0.83005724122764,0.461720108969161,0.429026918289586,0.203791635357633,0.23040098398196,0.385499081131725,0.356857183154771,0.0661619032937078,0.248474573785588,-0.264586852871718,-0.884748535915837,-1.17862031195742
22,"Heidelberg","online",2,3,3,4,3,3,3,3,3,2,1,2,4,11,5.333333333,4.75,3.5,2.818181818,5,5,6,3,5,5,5,6,6,5,4,3,4,3,3,3,2,3,4,3,3,2,3,3,2,1,1,0,0,1,1,1,1,0,0,2,1,0,0,0,1,0,0,0,1,3.25,3,2.25,3,2.75,2.66666666666667,0.285714285714286,0.428571428571429,0.666666666666667,1.33333333333333,"low",0,0.282001704059617,0.473101624779737,1.52664810086828,0.540506006119915,-0.0189756020099236,-0.630548546124754,-0.20624791883069,1.23459473922004,0.355196073283896,0.111164556064065,0.41374113598391,0.553697438171226,-0.991397948641248,-0.667015711412697,-0.137466303212512,0.231359297026117,0.366942203179237,-0.259862711256809,-0.0593126026508282,0.269590417412051,0.59333854449404,0.83005724122764,0.461720108969161,0.429026918289586,0.794787377894768,0.23040098398196,1.13079730465306,0.959703298387103,0.0661619032937078,0.248474573785588,-0.264586852871718,0.0774154968926355,-0.206677495461728
125,"Heidelberg","online",2,2,2,2,2,3,3,3,3,2,2,2,3,15,5,4.5,4,2.727272727,5,5,5,3,5,5,5,5,5,5,4,4,4,4,2,3,2,3,3,2,2,2,3,4,4,0,0,0,1,1,1,1,2,1,1,1,1,0,1,0,2,0,1,0,1,2,3,2.25,2.75,3,2.33333333333333,0.714285714285714,0.857142857142857,0.333333333333333,1,"low",0,-0.699364226067849,-0.431510273150749,-0.181626944476291,-0.355189661164515,-0.0189756020099236,0.126109709224951,-0.20624791883069,0.405175879666808,0.355196073283896,0.111164556064065,0.41374113598391,0.553697438171226,-0.314029193155997,-0.0329842934215071,-0.657447537103319,-0.201506484506618,-0.0296288735486342,0.126599782407163,-0.575332245713029,0.269590417412051,0.59333854449404,0.218065885407261,0.461720108969161,0.429026918289586,0.794787377894768,0.23040098398196,0.385499081131725,0.356857183154771,0.0661619032937078,0.248474573785588,0.71494745350443,0.0774154968926355,0.765265321033965
134,"Heidelberg","online",2,3,2,3,3,2,3,1,2,3,2,3,3,29,4.833333333,4.5,3.5,2.727272727,7,5,4,4,6,3,3,3,6,6,4,2,4,4,3,3,2,2,3,3,3,2,3,3,3,2,1,3,1,1,2,1,1,2,1,2,0,2,2,2,0,1,2,1,2,2.75,2,2.75,2.75,2.75,2.66666666666667,1.57142857142857,1.42857142857143,1,1.66666666666667,"high",1,0.282001704059617,-0.431510273150749,0.672510578195996,0.540506006119915,0.806463085421746,0.126109709224951,0.628336682949313,0.405175879666808,-0.553687996589603,0.111164556064065,-1.48075774983715,-0.419467756190322,1.0407083178145,0.812390930566746,0.382514930678295,0.664225078558852,-0.0296288735486342,-0.259862711256809,-0.0593126026508282,1.53739400199845,0.59333854449404,-0.393925470413118,1.1543002724229,1.05634358872982,-0.387204107179503,-1.22740887830389,-1.10509736591094,0.959703298387103,0.833639981500717,0.248474573785588,-1.24412115924787,0.0774154968926355,0.765265321033965
140,"Heidelberg","online",2,3,3,2,3,3,3,3,2,3,3,4,3,15,5.333333333,5.25,4,2,6,6,5,3,5,6,5,5,6,6,4,3,5,4,2,3,3,3,2,2,1,2,2,1,1,0,0,1,2,0,1,0,2,0,2,1,0,0,1,1,1,2,1,0,0,2.75,2.75,3.25,1.75,2,2.33333333333333,1.14285714285714,0.571428571428571,0.666666666666667,0.333333333333333,"low",0,0.282001704059617,0.473101624779737,-0.181626944476291,0.540506006119915,0.806463085421746,0.882767964574655,1.46292128472932,0.405175879666808,0.355196073283896,0.111164556064065,0.41374113598391,-0.419467756190322,0.363339562329253,-0.455671905415634,-0.137466303212512,-1.06723804757209,-1.61591318046012,-1.41925019224872,-0.575332245713029,0.903492209705252,1.16059627384549,0.218065885407261,0.461720108969161,0.429026918289586,1.3857831204319,0.23040098398196,0.385499081131725,0.959703298387103,0.833639981500717,0.248474573785588,-0.264586852871718,1.03957952970111,0.765265321033965
44,"Heidelberg","online",2,3,4,3,3,2,1,1,2,1,3,3,4,22,4.166666667,2.75,4,3.090909091,6,2,4,1,2,3,4,6,5,3,5,4,4,3,2,2,4,3,3,4,2,3,3,4,4,0,0,1,1,2,3,2,1,0,0,0,2,2,0,0,2,1,2,2,1,3.25,1.5,2.75,2.75,3,3.66666666666667,0.857142857142857,1.42857142857143,1,1,"high",1,0.282001704059617,1.37771352271022,0.672510578195996,0.540506006119915,-0.844414289441593,0.882767964574655,0.628336682949313,1.23459473922004,-0.553687996589603,-1.92490204974092,-1.48075774983715,-0.419467756190322,-0.0882396079942473,0.812390930566746,0.382514930678295,-0.201506484506618,-0.0296288735486342,0.126599782407163,1.48874632653578,0.903492209705252,-1.1084346435603,-0.393925470413118,-0.923440217938323,-1.45292309303112,-0.387204107179503,-0.498503947160967,1.13079730465306,0.356857183154771,-1.46879425312031,1.18835665723542,0.71494745350443,0.0774154968926355,-0.206677495461728
196,"Heidelberg","online",2,4,3,4,4,1,1,1,0,4,1,3,1,43,2.666666667,4,2.25,2.181818182,2,4,2,1,3,5,2,4,6,3,3,3,2,1,2,2,2,3,2,2,2,2,2,2,3,1,0,1,3,3,3,3,3,2,0,3,3,3,3,0,3,1,3,2,3,3.75,0.75,2.25,2.25,2.25,2,1.85714285714286,2.42857142857143,1.33333333333333,3,"high",1,1.26336763418708,0.473101624779737,1.52664810086828,1.43620167340435,1.63190177285342,-0.630548546124754,0.628336682949313,-1.25366183943965,-1.4625720664631,-1.92490204974092,-1.48075774983715,-2.36579814491342,1.492287488138,2.29179757254619,0.902496164569101,2.39568820468979,-0.822771027004377,-1.03278769858475,-1.09135188877523,-1.63211495946755,0.0260808151425952,-1.61790818205388,-0.923440217938323,-0.825606422590885,0.794787377894768,-1.95631380944682,-0.359799142389609,0.959703298387103,-1.46879425312031,-0.691407509664245,-0.264586852871718,-1.84691256872431,-2.15056312845311
192,"Heidelberg","online",2,4,3,3,3,3,3,3,4,1,0,2,4,11,5,5,2.75,3.181818182,4,5,5,2,6,6,4,5,7,6,2,3,4,2,4,3,3,3,3,3,4,4,4,1,3,0,0,0,0,1,0,0,1,0,0,3,1,1,1,0,1,0,0,0,2,3.25,3.25,1.75,3,3.25,3.33333333333333,0.285714285714286,0.428571428571429,0,2,"low",0,1.26336763418708,0.473101624779737,0.672510578195996,0.540506006119915,-0.844414289441593,-1.38720680147446,-0.20624791883069,1.23459473922004,0.355196073283896,0.111164556064065,0.41374113598391,1.52686263253277,-0.991397948641248,-0.667015711412697,-1.17742877099413,1.09709086009159,0.366942203179237,0.513062276071135,0.972726683473575,-0.364311374881151,0.59333854449404,0.218065885407261,-0.230860054484581,1.05634358872982,1.3857831204319,-0.498503947160967,0.385499081131725,1.56254941361943,0.833639981500717,-1.63128959311408,-0.264586852871718,0.0774154968926355,-1.17862031195742
133,"Heidelberg","online",2,1,3,3,1,3,3,3,3,1,3,3,3,26,5.166666667,4,3.5,3.363636364,6,5,6,2,4,3,6,4,6,5,4,3,4,3,3,3,3,4,3,3,4,3,3,4,4,2,2,0,0,2,2,2,1,0,2,2,2,2,0,0,2,2,2,0,1,2,3,2.5,3.75,3.25,3,1.28571428571429,0.857142857142857,2,1.66666666666667,"high",1,-1.68073015619532,0.473101624779737,0.672510578195996,-1.25088532844895,-0.844414289441593,0.882767964574655,0.628336682949313,0.405175879666808,0.355196073283896,0.111164556064065,0.41374113598391,0.553697438171226,0.589129147491004,-0.0329842934215071,1.94245863235071,0.664225078558852,1.55665543336285,0.513062276071135,0.456707040411373,0.903492209705252,0.59333854449404,0.83005724122764,-0.230860054484581,-0.198289752150649,-0.387204107179503,0.959305915124886,-0.359799142389609,0.959703298387103,0.0661619032937078,0.248474573785588,-0.264586852871718,0.0774154968926355,-0.206677495461728
58,"Heidelberg","online",2,3,3,3,3,1,3,1,3,3,3,3,3,23,3.833333333,3.25,4.25,2.363636364,5,3,3,2,3,4,4,4,4,4,5,4,4,4,2,2,2,2,3,2,2,3,3,3,2,1,0,1,2,1,1,1,2,1,1,1,2,1,1,1,2,1,1,1,1,3,2,3,2.25,2.5,2.33333333333333,1.28571428571429,1.28571428571429,0.666666666666667,1,"high",1,0.282001704059617,0.473101624779737,0.672510578195996,0.540506006119915,0.806463085421746,0.882767964574655,0.628336682949313,0.405175879666808,-1.4625720664631,0.111164556064065,-1.48075774983715,0.553697438171226,0.589129147491004,0.601047124569683,-0.137466303212512,-0.201506484506618,-0.822771027004377,-0.646325204920781,-0.575332245713029,0.269590417412051,-0.54117691420885,-1.0059168262335,-0.230860054484581,-0.825606422590885,0.203791635357633,-0.498503947160967,-0.359799142389609,-0.245988932077561,-0.701316174913302,1.18835665723542,0.71494745350443,0.0774154968926355,0.765265321033965
9,"Heidelberg","online",2,1,1,0,0,4,4,4,4,0,0,0,1,1,5.5,1.5,2.75,3.272727273,6,1,5,1,5,2,6,5,2,6,3,2,4,2,3,4,3,4,4,3,4,2,4,2,3,0,0,0,0,0,0,0,1,0,0,0,0,0,0,0,0,0,0,0,0,0.5,4,0.25,3.25,3.25,3.33333333333333,0.142857142857143,0,0,0,"low",0,-1.68073015619532,-1.33612217108123,-1.88990198982087,-2.14658099573338,-1.66985297687326,-1.38720680147446,-1.8754171223907,-1.25366183943965,1.26408014315739,1.12919785896656,1.36099057889444,1.52686263253277,-1.217187533803,-1.30104712940389,-1.17742877099413,-1.50010382910482,0.763513279907108,0.513062276071135,0.972726683473575,0.903492209705252,-1.67569237291174,0.218065885407261,-0.923440217938323,0.429026918289586,-0.978199849716638,0.959305915124886,0.385499081131725,-1.45168116254222,0.833639981500717,-0.691407509664245,-1.24412115924787,0.0774154968926355,-1.17862031195742
164,"Heidelberg","online",2,4,4,2,3,4,4,4,4,3,3,4,4,20,4.5,1.75,4,3.181818182,6,2,6,1,2,1,3,5,3,5,5,3,5,3,2,3,3,3,4,3,3,3,3,4,4,2,0,1,1,2,1,2,0,0,0,2,1,0,0,1,2,2,2,0,1,3.25,4,3.5,3,3.5,3,0.857142857142857,0.714285714285714,1.33333333333333,1.66666666666667,"low",0,1.26336763418708,1.37771352271022,-0.181626944476291,0.540506006119915,0.806463085421746,0.882767964574655,1.46292128472932,1.23459473922004,1.26408014315739,1.12919785896656,1.36099057889444,1.52686263253277,-0.0882396079942473,-0.24432809941857,0.902496164569101,0.664225078558852,0.366942203179237,0.899524769735107,0.456707040411373,0.903492209705252,-1.1084346435603,0.83005724122764,-0.923440217938323,-1.45292309303112,-1.56919559225377,-1.22740887830389,0.385499081131725,-0.848835047309893,0.0661619032937078,1.18835665723542,-0.264586852871718,1.03957952970111,-0.206677495461728
156,"Heidelberg","online",2,4,4,2,1,1,4,2,2,4,0,0,1,9,5.833333333,2,3.25,3,7,2,7,1,4,3,5,5,2,7,4,2,5,2,3,3,4,2,3,2,3,2,3,4,4,1,0,1,0,0,1,1,0,0,0,0,0,2,0,0,0,0,1,2,0,2.75,2.25,1.25,3,3,3,0.571428571428571,0.571428571428571,0.333333333333333,0,"low",0,1.26336763418708,1.37771352271022,-0.181626944476291,-1.25088532844895,1.63190177285342,-1.38720680147446,-1.8754171223907,-1.25366183943965,-1.4625720664631,1.12919785896656,-0.533508306926621,-0.419467756190322,-0.539818778317748,-0.455671905415634,-0.657447537103319,-1.50010382910482,0.366942203179237,0.126599782407163,0.456707040411373,1.53739400199845,-1.1084346435603,1.44204859704802,-0.923440217938323,-0.198289752150649,-0.387204107179503,0.23040098398196,0.385499081131725,-1.45168116254222,1.60111805970773,0.248474573785588,-1.24412115924787,1.03957952970111,-1.17862031195742
5,"Heidelberg","online",2,4,4,4,4,1,3,2,1,3,2,3,4,25,6.166666667,4.5,3.75,3.181818182,6,6,7,2,6,5,6,5,5,7,4,2,4,5,3,4,3,3,3,3,4,4,3,2,3,0,0,0,0,3,1,3,3,0,2,2,2,2,0,0,2,1,1,0,3,4,1.75,3,3,3.5,3,1.14285714285714,0.714285714285714,1.33333333333333,2.66666666666667,"high",1,1.26336763418708,1.37771352271022,1.52664810086828,1.43620167340435,0.806463085421746,0.126109709224951,0.628336682949313,1.23459473922004,-1.4625720664631,0.111164556064065,-0.533508306926621,-1.39263295055187,0.363339562329253,-0.24432809941857,0.902496164569101,1.96282242315706,0.366942203179237,0.899524769735107,0.456707040411373,0.903492209705252,1.16059627384549,1.44204859704802,-0.230860054484581,1.05634358872982,0.794787377894768,0.959305915124886,0.385499081131725,0.356857183154771,1.60111805970773,0.248474573785588,-1.24412115924787,0.0774154968926355,1.73720813752966
54,"Heidelberg","online",2,0,1,0,0,3,4,3,2,0,0,0,3,6,3.5,1.25,3,3.545454545,4,1,6,1,5,1,3,1,2,2,4,2,3,3,2,4,3,4,4,2,4,4,4,4,4,2,0,0,1,0,0,1,0,0,0,2,0,0,0,0,0,0,0,0,0,0.25,3,0.75,3.5,4,3,0.428571428571429,0,0.333333333333333,0.666666666666667,"low",0,-2.66209608632278,-1.33612217108123,-1.88990198982087,-2.14658099573338,-1.66985297687326,-1.38720680147446,-1.8754171223907,0.405175879666808,0.355196073283896,1.12919785896656,0.41374113598391,-0.419467756190322,-0.765608363479498,-1.30104712940389,-0.657447537103319,-0.634372266039353,1.16008435663498,1.67244975706305,0.456707040411373,-0.364311374881151,-1.67569237291174,0.83005724122764,-0.923440217938323,0.429026918289586,-1.56919559225377,-1.22740887830389,-2.59569381295361,-1.45168116254222,-2.23627233132732,0.248474573785588,-1.24412115924787,-0.884748535915837,-0.206677495461728
77,"Heidelberg","online",2,4,4,4,4,3,4,3,3,3,3,3,3,16,4.666666667,4.75,4,2.636363636,5,7,5,2,2,5,5,6,5,5,4,4,5,3,2,3,3,3,3,3,2,1,2,4,3,0,0,0,2,1,0,1,2,2,1,2,1,0,1,0,1,0,1,1,0,4,3.25,3,2.75,2.5,2.66666666666667,0.857142857142857,0.857142857142857,0.333333333333333,1,"low",0,1.26336763418708,1.37771352271022,1.52664810086828,1.43620167340435,0.806463085421746,0.882767964574655,0.628336682949313,0.405175879666808,0.355196073283896,1.12919785896656,0.41374113598391,0.553697438171226,-0.0882396079942473,-0.0329842934215071,-0.657447537103319,-0.201506484506618,-0.0296288735486342,-0.646325204920781,-0.0593126026508282,0.269590417412051,1.72785400319693,0.218065885407261,-0.230860054484581,-1.45292309303112,0.794787377894768,0.23040098398196,1.13079730465306,0.356857183154771,0.0661619032937078,0.248474573785588,0.71494745350443,1.03957952970111,-0.206677495461728
206,"Heidelberg","online",2,3,2,2,3,3,3,3,3,3,3,3,2,14,4,3.25,3,3,3,5,3,1,2,3,6,5,4,5,2,3,3,4,2,3,3,3,4,3,3,4,3,2,3,0,0,0,1,1,0,1,3,1,0,2,1,0,0,1,2,0,0,0,1,2.5,3,2.75,2.5,3.5,3,0.714285714285714,0.571428571428571,0.333333333333333,1.33333333333333,"low",0,0.282001704059617,-0.431510273150749,-0.181626944476291,0.540506006119915,0.806463085421746,0.882767964574655,0.628336682949313,-0.424242979886423,0.355196073283896,0.111164556064065,0.41374113598391,0.553697438171226,-0.314029193155997,-0.455671905415634,-0.657447537103319,0.231359297026117,-0.426199950276506,0.899524769735107,0.456707040411373,-0.998213167174352,0.59333854449404,-1.0059168262335,-0.923440217938323,-1.45292309303112,-0.387204107179503,0.959305915124886,0.385499081131725,-0.245988932077561,0.0661619032937078,-1.63128959311408,-0.264586852871718,-0.884748535915837,0.765265321033965
45,"Heidelberg","online",2,3,3,2,2,4,3,3,3,3,4,3,3,16,4.5,5.75,3.5,2.272727273,5,6,5,4,4,6,5,4,7,4,4,4,3,3,3,3,3,2,3,3,2,2,2,1,1,0,1,0,1,2,0,1,3,0,0,1,2,0,1,0,1,0,1,0,2,2.5,3.25,3.25,2,2.25,2.66666666666667,0.714285714285714,0.571428571428571,0.666666666666667,1.66666666666667,"low",0,0.282001704059617,0.473101624779737,-0.181626944476291,-0.355189661164515,0.806463085421746,1.63942621992436,0.628336682949313,0.405175879666808,1.26408014315739,0.111164556064065,0.41374113598391,0.553697438171226,-0.314029193155997,-0.455671905415634,-0.137466303212512,0.664225078558852,-1.21934210373225,-1.03278769858475,-0.0593126026508282,0.269590417412051,1.16059627384549,0.218065885407261,1.1543002724229,-0.198289752150649,1.3857831204319,0.23040098398196,-0.359799142389609,1.56254941361943,-0.701316174913302,0.248474573785588,0.71494745350443,-0.884748535915837,-0.206677495461728
3,"Heidelberg","online",2,1,3,1,1,4,0,4,3,3,2,3,3,13,4.5,3.25,3.5,3.363636364,6,2,3,3,5,2,4,4,6,5,4,2,4,4,2,3,3,4,4,3,4,4,4,3,3,2,1,1,2,0,1,0,1,0,1,1,0,0,1,1,0,0,0,0,1,1.5,2.75,2.75,3.25,3.5,3.33333333333333,1,0.428571428571429,0.333333333333333,0.666666666666667,"low",0,-1.68073015619532,0.473101624779737,-1.03576446714858,-1.25088532844895,0.806463085421746,0.126109709224951,0.628336682949313,0.405175879666808,1.26408014315739,-2.94293535264341,1.36099057889444,0.553697438171226,0.137549977167503,-0.667015711412697,-0.657447537103319,-0.634372266039353,0.763513279907108,0.899524769735107,0.972726683473575,0.903492209705252,-1.1084346435603,-1.0059168262335,0.461720108969161,0.429026918289586,-0.978199849716638,-0.498503947160967,-0.359799142389609,0.959703298387103,0.0661619032937078,0.248474573785588,-1.24412115924787,0.0774154968926355,0.765265321033965
116,"Heidelberg","online",2,3,3,4,4,2,2,1,2,2,1,2,2,26,3.833333333,3.5,3.75,2.272727273,2,2,2,4,4,2,5,5,6,5,5,3,4,3,2,2,2,3,2,2,3,2,3,2,2,1,0,3,2,2,2,1,2,0,0,1,2,3,1,0,2,1,1,1,1,3.5,1.75,1.75,2.5,2,2.33333333333333,1.28571428571429,1.57142857142857,0.666666666666667,1.33333333333333,"high",1,0.282001704059617,0.473101624779737,1.52664810086828,1.43620167340435,-0.0189756020099236,-0.630548546124754,-0.20624791883069,-0.424242979886423,-0.553687996589603,-0.906868746838426,-1.48075774983715,-0.419467756190322,0.589129147491004,1.02373473656381,-0.137466303212512,0.231359297026117,-0.426199950276506,-1.41925019224872,-0.575332245713029,-1.63211495946755,-1.1084346435603,-1.61790818205388,1.1543002724229,-0.198289752150649,-0.978199849716638,0.23040098398196,0.385499081131725,0.959703298387103,0.0661619032937078,1.18835665723542,-0.264586852871718,0.0774154968926355,-0.206677495461728
53,"Heidelberg","online",2,4,3,4,3,1,1,1,1,0,1,2,1,1,6.166666667,4.5,3,3.181818182,7,5,7,1,7,6,6,4,6,6,2,3,4,3,3,3,3,3,3,3,3,3,3,4,4,0,0,0,0,0,0,0,0,0,0,0,0,1,0,0,0,0,0,0,0,3.5,1,1,3.25,3.25,3,0.142857142857143,0,0,0,"low",0,1.26336763418708,0.473101624779737,1.52664810086828,0.540506006119915,-1.66985297687326,-0.630548546124754,-0.20624791883069,-1.25366183943965,-1.4625720664631,-1.92490204974092,-1.48075774983715,-1.39263295055187,-1.217187533803,-1.30104712940389,-1.17742877099413,-1.50010382910482,0.763513279907108,0.513062276071135,0.456707040411373,1.53739400199845,0.59333854449404,1.44204859704802,-0.923440217938323,1.68366025917006,1.3857831204319,0.959305915124886,-0.359799142389609,0.959703298387103,0.833639981500717,-1.63128959311408,-0.264586852871718,0.0774154968926355,-0.206677495461728
68,"Heidelberg","online",2,3,3,4,2,3,3,3,3,2,3,3,3,22,4.5,2.5,3,2.818181818,5,3,5,1,4,1,5,3,5,5,3,2,4,3,2,3,3,3,3,3,3,3,2,3,3,1,0,1,2,1,2,1,3,0,2,2,2,0,0,0,2,1,2,0,0,3,3,2.75,2.75,3,2.66666666666667,1.42857142857143,1,0.666666666666667,1,"high",1,0.282001704059617,0.473101624779737,1.52664810086828,-0.355189661164515,-0.0189756020099236,0.882767964574655,0.628336682949313,0.405175879666808,0.355196073283896,0.111164556064065,0.41374113598391,0.553697438171226,0.814918732652754,0.178359512575556,-0.137466303212512,-0.201506484506618,-0.0296288735486342,0.126599782407163,-0.0593126026508282,0.269590417412051,-0.54117691420885,0.218065885407261,-0.923440217938323,-0.198289752150649,-1.56919559225377,0.23040098398196,-1.10509736591094,0.356857183154771,0.0661619032937078,-0.691407509664245,-1.24412115924787,0.0774154968926355,-0.206677495461728
69,"Heidelberg","online",2,3,2,3,3,1,3,1,1,3,3,3,4,19,5.333333333,5,3.25,2.909090909,5,6,5,4,5,5,5,6,5,6,3,2,4,4,3,3,3,4,4,3,2,2,2,4,2,0,0,1,0,2,1,1,2,1,2,0,2,0,0,1,2,1,1,1,1,2.75,1.5,3.25,3.25,2.75,2.66666666666667,0.857142857142857,1.14285714285714,0.666666666666667,1,"low",0,0.282001704059617,-0.431510273150749,0.672510578195996,0.540506006119915,0.806463085421746,0.882767964574655,0.628336682949313,1.23459473922004,-1.4625720664631,0.111164556064065,-1.48075774983715,-1.39263295055187,-0.0882396079942473,0.38970331857262,-0.137466303212512,-0.201506484506618,0.763513279907108,-0.259862711256809,-0.0593126026508282,0.269590417412051,1.16059627384549,0.218065885407261,1.1543002724229,0.429026918289586,0.794787377894768,0.23040098398196,1.13079730465306,0.356857183154771,0.833639981500717,-0.691407509664245,-1.24412115924787,0.0774154968926355,0.765265321033965
112,"Heidelberg","online",2,3,1,3,3,1,2,1,1,1,1,1,4,3,4.5,4.75,2.25,3.363636364,5,5,3,2,5,6,5,4,6,5,2,2,3,2,4,4,3,4,4,3,3,2,2,4,4,0,0,1,0,0,0,0,1,0,0,0,1,0,0,0,0,0,0,0,0,2.5,1.25,1.75,3.75,3.5,2.66666666666667,0.142857142857143,0.285714285714286,0,0,"low",0,0.282001704059617,-1.33612217108123,0.672510578195996,0.540506006119915,-0.844414289441593,-0.630548546124754,-1.04083252061069,1.23459473922004,-1.4625720664631,-0.906868746838426,-1.48075774983715,-1.39263295055187,-1.217187533803,-0.87835951740976,-1.17742877099413,-1.50010382910482,1.55665543336285,0.899524769735107,-0.0593126026508282,0.269590417412051,0.59333854449404,-1.0059168262335,-0.230860054484581,0.429026918289586,1.3857831204319,0.23040098398196,-0.359799142389609,0.959703298387103,0.0661619032937078,-1.63128959311408,-1.24412115924787,-0.884748535915837,-1.17862031195742
32,"Heidelberg","online",2,1,0,0,1,4,3,4,3,0,0,0,0,3,6,3,4.5,3.363636364,6,5,6,2,6,1,6,6,4,6,5,4,5,4,3,4,3,4,4,3,3,4,3,2,4,0,0,0,0,1,0,0,1,0,0,0,0,1,0,0,0,0,0,0,0,0.5,3.5,0,3,4,3,0.285714285714286,0,0,0.333333333333333,"low",0,-1.68073015619532,-2.24073406901172,-1.88990198982087,-1.25088532844895,-1.66985297687326,-1.38720680147446,-1.8754171223907,-2.08308069899288,1.26408014315739,0.111164556064065,1.36099057889444,0.553697438171226,-0.991397948641248,-1.30104712940389,-1.17742877099413,-1.06723804757209,0.366942203179237,1.67244975706305,0.456707040411373,0.903492209705252,0.59333854449404,0.83005724122764,-0.230860054484581,1.05634358872982,-1.56919559225377,0.959305915124886,1.13079730465306,-0.245988932077561,0.833639981500717,1.18835665723542,0.71494745350443,1.03957952970111,0.765265321033965
19,"Heidelberg","online",2,3,3,3,3,3,3,3,3,2,2,2,1,17,4.333333333,3.75,3.5,2.818181818,4,4,4,2,4,4,4,5,5,5,4,3,4,3,3,3,3,3,3,3,3,3,2,2,3,1,1,1,1,1,1,1,2,0,1,2,1,0,0,0,2,0,1,0,1,3,3,1.75,2.75,3,2.66666666666667,0.857142857142857,0.714285714285714,0.666666666666667,1.33333333333333,"low",0,0.282001704059617,0.473101624779737,0.672510578195996,0.540506006119915,-0.0189756020099236,0.126109709224951,-0.20624791883069,-1.25366183943965,0.355196073283896,0.111164556064065,0.41374113598391,0.553697438171226,-0.0882396079942473,-0.24432809941857,-0.137466303212512,0.231359297026117,-0.0296288735486342,0.126599782407163,-0.0593126026508282,-0.364311374881151,0.0260808151425952,-0.393925470413118,-0.230860054484581,-0.198289752150649,0.203791635357633,-0.498503947160967,0.385499081131725,0.356857183154771,0.0661619032937078,0.248474573785588,-0.264586852871718,0.0774154968926355,-0.206677495461728
161,"Heidelberg","online",2,1,1,1,1,4,4,4,3,1,0,1,1,18,3,2.25,3.25,2.181818182,3,1,3,2,3,2,3,3,4,3,3,4,2,4,2,2,2,2,2,1,2,2,2,4,3,0,0,0,1,2,1,2,2,0,0,0,1,1,1,1,1,2,2,0,1,1,3.75,0.75,2.5,2.25,1.66666666666667,1,0.571428571428571,1.33333333333333,1,"low",0,-1.68073015619532,-1.33612217108123,-1.03576446714858,-1.25088532844895,-0.844414289441593,-1.38720680147446,-1.04083252061069,-1.25366183943965,1.26408014315739,1.12919785896656,1.36099057889444,0.553697438171226,0.137549977167503,-0.455671905415634,0.902496164569101,-0.201506484506618,-0.426199950276506,-1.03278769858475,-1.60737153183743,-0.998213167174352,-1.67569237291174,-1.0059168262335,-0.230860054484581,-0.825606422590885,-0.978199849716638,-1.22740887830389,-1.10509736591094,-0.245988932077561,-1.46879425312031,-0.691407509664245,0.71494745350443,-1.84691256872431,0.765265321033965
198,"Heidelberg","online",2,2,4,2,3,2,3,1,3,0,0,1,0,42,2.666666667,3.75,3.25,1.636363636,2,4,2,3,3,5,3,3,3,3,3,4,3,3,1,1,2,1,1,1,2,2,2,3,2,1,2,2,3,2,3,3,3,2,2,3,3,1,2,0,3,1,3,1,2,2.75,2.25,0.25,1.75,1.5,1.66666666666667,1.85714285714286,2.28571428571429,2,2.33333333333333,"high",1,-0.699364226067849,1.37771352271022,-0.181626944476291,0.540506006119915,-1.66985297687326,-1.38720680147446,-1.04083252061069,-2.08308069899288,-0.553687996589603,0.111164556064065,-1.48075774983715,0.553697438171226,1.492287488138,2.08045376654913,1.94245863235071,1.52995664162432,-1.61591318046012,-2.19217517957667,-1.60737153183743,-1.63211495946755,0.0260808151425952,-1.61790818205388,0.461720108969161,-0.825606422590885,0.794787377894768,-1.22740887830389,-1.10509736591094,-0.848835047309893,-1.46879425312031,-0.691407509664245,0.71494745350443,-0.884748535915837,-0.206677495461728
106,"Heidelberg","online",2,4,3,3,3,4,4,4,2,3,3,1,3,32,4.833333333,3.25,4.25,2.636363636,6,3,6,5,4,2,2,7,3,4,5,4,5,3,2,2,2,2,2,2,4,4,4,2,3,0,3,1,2,3,1,2,2,0,0,2,2,3,3,0,3,0,2,0,3,3.25,3.5,2.5,2.5,2.75,2.66666666666667,1.28571428571429,1.42857142857143,1.66666666666667,2.66666666666667,"high",1,1.26336763418708,0.473101624779737,0.672510578195996,0.540506006119915,0.806463085421746,0.882767964574655,-1.04083252061069,0.405175879666808,1.26408014315739,1.12919785896656,1.36099057889444,-0.419467756190322,0.589129147491004,0.812390930566746,1.42247739845991,1.96282242315706,-0.426199950276506,-0.259862711256809,-0.0593126026508282,0.903492209705252,-0.54117691420885,0.83005724122764,1.84688043587665,-0.198289752150649,-0.978199849716638,-1.95631380944682,1.87609552817439,-0.848835047309893,-0.701316174913302,1.18835665723542,0.71494745350443,1.03957952970111,-0.206677495461728
2,"Heidelberg","online",2,3,1,3,3,3,4,3,3,0,1,1,3,24,2.666666667,3.5,5,1.909090909,2,5,3,2,2,4,3,3,3,3,5,5,5,5,2,2,2,2,2,2,1,1,2,3,2,1,0,1,2,3,1,2,3,2,2,0,1,1,1,0,2,0,1,0,1,2.5,3.25,1.25,2,1.75,2,1.42857142857143,1.14285714285714,0.666666666666667,1.33333333333333,"high",1,0.282001704059617,-1.33612217108123,0.672510578195996,0.540506006119915,-1.66985297687326,-0.630548546124754,-1.04083252061069,0.405175879666808,0.355196073283896,1.12919785896656,0.41374113598391,0.553697438171226,0.814918732652754,0.38970331857262,-0.137466303212512,0.231359297026117,-1.21934210373225,-1.8057126859127,-1.09135188877523,-1.63211495946755,0.59333854449404,-1.0059168262335,-0.230860054484581,-1.45292309303112,0.203791635357633,-1.22740887830389,-1.10509736591094,-0.848835047309893,-1.46879425312031,1.18835665723542,1.69448175988058,1.03957952970111,1.73720813752966
13,"Heidelberg","online",2,1,1,0,0,3,4,3,4,2,3,3,0,10,4.833333333,4.5,3.5,3.090909091,6,4,5,2,5,6,4,4,6,5,4,3,4,3,3,3,3,4,4,4,2,2,2,4,3,0,0,0,1,0,1,0,2,0,0,0,1,1,1,0,1,1,1,0,0,0.5,3.5,2,3.25,3,3,0.714285714285714,0.571428571428571,0.333333333333333,0,"low",0,-1.68073015619532,-1.33612217108123,-1.88990198982087,-2.14658099573338,-0.0189756020099236,0.882767964574655,0.628336682949313,-2.08308069899288,0.355196073283896,1.12919785896656,0.41374113598391,1.52686263253277,-0.314029193155997,-0.455671905415634,-0.657447537103319,-1.50010382910482,0.763513279907108,0.126599782407163,0.456707040411373,0.903492209705252,0.0260808151425952,0.218065885407261,-0.230860054484581,0.429026918289586,1.3857831204319,-0.498503947160967,-0.359799142389609,0.959703298387103,0.0661619032937078,0.248474573785588,-0.264586852871718,0.0774154968926355,-0.206677495461728
168,"Heidelberg","online",2,3,3,2,3,3,3,3,3,3,3,4,4,8,5.333333333,3,4.25,3.090909091,6,3,5,2,6,4,5,5,3,5,5,3,5,4,3,3,2,3,4,3,3,3,3,3,4,0,0,0,1,1,0,0,2,0,1,0,1,0,0,0,1,0,1,0,0,2.75,3,3.5,3,3.5,2.66666666666667,0.714285714285714,0.285714285714286,0,0.333333333333333,"low",0,0.282001704059617,0.473101624779737,-0.181626944476291,0.540506006119915,0.806463085421746,0.882767964574655,1.46292128472932,1.23459473922004,0.355196073283896,0.111164556064065,0.41374113598391,0.553697438171226,-0.314029193155997,-0.87835951740976,-1.17742877099413,-1.06723804757209,0.366942203179237,0.899524769735107,-0.0593126026508282,0.903492209705252,-0.54117691420885,0.218065885407261,-0.230860054484581,1.05634358872982,0.203791635357633,0.23040098398196,0.385499081131725,-0.848835047309893,0.0661619032937078,1.18835665723542,-0.264586852871718,1.03957952970111,0.765265321033965
36,"Heidelberg","online",2,1,3,1,1,3,3,3,3,1,2,2,1,14,4.666666667,4.5,3.25,3.636363636,3,6,6,2,3,6,5,6,4,5,3,4,2,4,3,4,4,4,4,4,4,4,4,2,3,1,1,1,0,0,1,0,3,1,0,1,0,0,2,0,2,0,1,0,0,1.5,3,1.5,3.25,3.75,4,0.714285714285714,1,0.333333333333333,0.333333333333333,"low",0,-1.68073015619532,0.473101624779737,-1.03576446714858,-1.25088532844895,-0.844414289441593,0.126109709224951,-0.20624791883069,-1.25366183943965,0.355196073283896,0.111164556064065,0.41374113598391,0.553697438171226,-0.314029193155997,0.178359512575556,-0.657447537103319,-1.06723804757209,0.763513279907108,1.28598726339908,2.00476596959798,-0.998213167174352,1.16059627384549,0.83005724122764,-0.230860054484581,-0.825606422590885,1.3857831204319,0.23040098398196,1.13079730465306,-0.245988932077561,0.0661619032937078,-0.691407509664245,0.71494745350443,-1.84691256872431,0.765265321033965
177,"Heidelberg","online",2,4,3,4,4,0,1,1,1,1,2,2,3,20,3.5,5.75,3.5,2.272727273,4,7,2,4,4,6,4,4,6,3,4,3,4,3,2,2,2,3,3,2,2,2,2,3,2,0,0,1,2,1,2,1,1,0,0,2,1,1,1,0,2,1,1,2,1,3.75,0.75,2,2.5,2.25,2,0.714285714285714,1.28571428571429,0.666666666666667,1.33333333333333,"low",0,1.26336763418708,0.473101624779737,1.52664810086828,1.43620167340435,-0.844414289441593,0.126109709224951,-0.20624791883069,0.405175879666808,-2.3714561363366,-1.92490204974092,-1.48075774983715,-1.39263295055187,-0.314029193155997,0.601047124569683,-0.137466303212512,0.231359297026117,-0.426199950276506,-1.03278769858475,-1.09135188877523,-0.364311374881151,1.72785400319693,-1.61790818205388,1.1543002724229,-0.198289752150649,1.3857831204319,-0.498503947160967,-0.359799142389609,0.959703298387103,-1.46879425312031,0.248474573785588,-0.264586852871718,0.0774154968926355,-0.206677495461728
31,"Heidelberg","online",2,2,3,2,2,4,4,4,3,1,3,3,2,23,4.5,5.5,2.25,2.727272727,7,6,4,4,3,6,4,5,6,4,2,3,2,2,2,3,3,2,2,2,3,3,3,3,4,1,0,2,3,1,2,1,2,0,0,3,2,1,1,0,2,0,2,0,0,2.25,3.75,2.25,2.5,3,2.66666666666667,1.28571428571429,1.28571428571429,0.333333333333333,1.33333333333333,"high",1,-0.699364226067849,0.473101624779737,-0.181626944476291,-0.355189661164515,-0.844414289441593,0.882767964574655,0.628336682949313,-0.424242979886423,1.26408014315739,1.12919785896656,1.36099057889444,0.553697438171226,0.589129147491004,0.601047124569683,-0.657447537103319,0.231359297026117,-0.426199950276506,0.126599782407163,-0.0593126026508282,1.53739400199845,1.16059627384549,-0.393925470413118,1.1543002724229,-0.825606422590885,1.3857831204319,-0.498503947160967,0.385499081131725,0.959703298387103,-0.701316174913302,-1.63128959311408,-0.264586852871718,-1.84691256872431,-1.17862031195742
128,"Heidelberg","online",2,3,3,3,3,3,4,4,4,0,0,0,3,22,4.333333333,4.25,2.75,2.909090909,4,6,6,1,3,4,4,4,6,5,4,2,3,2,2,2,2,4,3,2,3,3,3,4,4,0,0,1,0,1,1,2,3,1,1,1,2,0,0,1,3,1,2,1,1,3,3.75,0.75,3.25,3,2.33333333333333,1,1.28571428571429,1,1,"high",1,0.282001704059617,0.473101624779737,0.672510578195996,0.540506006119915,-1.66985297687326,-1.38720680147446,-1.8754171223907,0.405175879666808,0.355196073283896,1.12919785896656,1.36099057889444,1.52686263253277,0.137549977167503,0.601047124569683,0.382514930678295,-0.201506484506618,0.763513279907108,0.126599782407163,-0.575332245713029,-0.364311374881151,1.16059627384549,0.83005724122764,-0.923440217938323,-0.825606422590885,0.203791635357633,-0.498503947160967,-0.359799142389609,0.959703298387103,0.0661619032937078,0.248474573785588,-1.24412115924787,-0.884748535915837,-1.17862031195742
149,"Heidelberg","online",2,3,1,1,1,3,3,3,3,3,4,4,2,8,4,2,3.25,3.454545455,1,1,3,1,6,4,5,4,2,5,4,2,3,4,3,3,2,4,3,3,4,4,4,4,4,0,0,0,1,1,1,1,1,0,0,1,0,0,0,0,1,1,0,0,0,1.5,3,3.25,3.75,3.5,3,0.285714285714286,0.285714285714286,0.666666666666667,0.666666666666667,"low",0,0.282001704059617,-1.33612217108123,-1.03576446714858,-1.25088532844895,0.806463085421746,1.63942621992436,1.46292128472932,-0.424242979886423,0.355196073283896,0.111164556064065,0.41374113598391,0.553697438171226,-0.991397948641248,-0.87835951740976,-0.137466303212512,-0.634372266039353,1.55665543336285,0.899524769735107,0.456707040411373,-2.26601675176076,-1.67569237291174,-1.0059168262335,-0.923440217938323,1.05634358872982,0.203791635357633,0.23040098398196,-0.359799142389609,-1.45168116254222,0.0661619032937078,0.248474573785588,-1.24412115924787,-0.884748535915837,0.765265321033965
157,"Heidelberg","online",2,0,3,1,2,4,4,4,4,2,0,3,3,5,6.166666667,2,3.5,3.727272727,6,2,7,1,5,2,6,6,3,7,4,3,5,2,3,3,4,4,4,3,4,4,4,4,4,1,0,1,0,0,0,1,0,0,0,1,0,0,0,0,0,0,0,0,1,1.5,4,2,3.75,3.75,3.66666666666667,0.142857142857143,0.142857142857143,0.333333333333333,0.666666666666667,"low",0,-2.66209608632278,0.473101624779737,-1.03576446714858,-0.355189661164515,-0.0189756020099236,-1.38720680147446,0.628336682949313,0.405175879666808,1.26408014315739,1.12919785896656,1.36099057889444,1.52686263253277,-1.217187533803,-1.08970332340682,-0.657447537103319,-0.634372266039353,1.55665543336285,1.28598726339908,1.48874632653578,0.903492209705252,-1.1084346435603,1.44204859704802,-0.923440217938323,0.429026918289586,-0.978199849716638,0.959305915124886,1.13079730465306,-0.848835047309893,1.60111805970773,0.248474573785588,-0.264586852871718,1.03957952970111,-1.17862031195742
65,"Heidelberg","online",2,3,1,2,3,3,4,3,3,4,4,4,2,42,2.166666667,4.5,4.25,1.909090909,1,6,1,4,5,5,2,2,3,2,5,3,5,4,2,2,2,4,2,2,1,2,2,1,1,3,0,3,3,3,2,3,2,2,3,3,3,3,2,0,3,0,2,2,0,2.25,3.25,3.5,2,1.75,2,2.28571428571429,2.42857142857143,1,2,"high",1,0.282001704059617,-1.33612217108123,-0.181626944476291,0.540506006119915,1.63190177285342,1.63942621992436,1.46292128472932,-0.424242979886423,0.355196073283896,1.12919785896656,0.41374113598391,0.553697438171226,2.16965624362326,2.29179757254619,0.382514930678295,1.09709086009159,-1.21934210373225,-1.8057126859127,-1.09135188877523,-2.26601675176076,1.16059627384549,-2.22989953787425,1.1543002724229,0.429026918289586,0.794787377894768,-1.95631380944682,-1.85039558943228,-0.848835047309893,-2.23627233132732,1.18835665723542,-0.264586852871718,1.03957952970111,0.765265321033965
129,"Heidelberg","online",2,4,4,3,4,0,4,1,2,3,1,3,2,25,4.166666667,5.5,4,2.636363636,6,6,6,4,2,6,3,4,6,4,4,4,4,4,2,2,2,2,2,3,2,4,3,3,4,1,0,1,1,3,2,1,2,0,2,1,1,0,1,1,2,1,1,2,2,3.75,1.75,2.25,2.25,3,2.66666666666667,1.14285714285714,1.28571428571429,0.666666666666667,2,"high",1,1.26336763418708,1.37771352271022,0.672510578195996,1.43620167340435,0.806463085421746,-0.630548546124754,0.628336682949313,-0.424242979886423,-2.3714561363366,1.12919785896656,-1.48075774983715,-0.419467756190322,0.363339562329253,0.601047124569683,-0.137466303212512,1.09709086009159,-0.822771027004377,0.126599782407163,-0.0593126026508282,0.903492209705252,1.16059627384549,0.83005724122764,1.1543002724229,-1.45292309303112,1.3857831204319,-1.22740887830389,-0.359799142389609,0.959703298387103,-0.701316174913302,0.248474573785588,0.71494745350443,0.0774154968926355,0.765265321033965
60,"Heidelberg","online",2,3,3,3,3,3,4,4,3,0,2,3,3,4,4.333333333,4.25,4,3.090909091,4,5,3,2,5,4,5,4,6,5,4,4,4,4,2,3,3,4,4,3,3,3,3,3,3,0,1,0,0,1,0,1,0,0,0,1,0,0,0,0,0,0,0,0,0,3,3.5,2,3,3.25,3,0,0,0.666666666666667,0.666666666666667,"low",0,0.282001704059617,0.473101624779737,0.672510578195996,0.540506006119915,-1.66985297687326,0.126109709224951,0.628336682949313,0.405175879666808,0.355196073283896,1.12919785896656,1.36099057889444,0.553697438171226,-1.44297711896475,-1.30104712940389,-0.137466303212512,-0.634372266039353,0.366942203179237,0.513062276071135,0.456707040411373,-0.364311374881151,0.59333854449404,-1.0059168262335,-0.230860054484581,0.429026918289586,0.203791635357633,0.23040098398196,-0.359799142389609,0.959703298387103,0.0661619032937078,0.248474573785588,0.71494745350443,0.0774154968926355,0.765265321033965
38,"Heidelberg","online",2,3,3,3,3,3,3,2,3,1,0,2,2,3,4.666666667,3.75,4,3.363636364,5,4,5,2,3,4,5,5,5,5,5,3,5,3,2,4,3,4,4,4,3,3,3,4,3,0,0,0,0,0,0,0,1,0,0,0,0,0,0,0,1,0,1,0,0,3,2.75,1.25,3.25,3.5,3.33333333333333,0.285714285714286,0.142857142857143,0,0,"low",0,0.282001704059617,0.473101624779737,0.672510578195996,0.540506006119915,-0.844414289441593,-1.38720680147446,-0.20624791883069,-0.424242979886423,0.355196073283896,0.111164556064065,-0.533508306926621,0.553697438171226,-0.991397948641248,-1.08970332340682,-1.17742877099413,-1.50010382910482,0.763513279907108,0.899524769735107,0.972726683473575,0.269590417412051,0.0260808151425952,0.218065885407261,-0.230860054484581,-0.825606422590885,0.203791635357633,0.23040098398196,0.385499081131725,0.356857183154771,0.0661619032937078,1.18835665723542,-0.264586852871718,1.03957952970111,-0.206677495461728
118,"Heidelberg","online",2,3,3,2,3,3,3,3,3,3,3,3,4,5,4,2.5,2.25,2.545454545,3,2,3,1,5,2,5,3,5,5,2,3,2,2,2,3,2,3,3,2,2,3,2,3,3,0,0,0,1,0,0,0,0,0,1,0,1,0,0,0,1,1,0,0,0,2.75,3,3.25,2.5,3,2,0.285714285714286,0.285714285714286,0.333333333333333,0,"low",0,0.282001704059617,0.473101624779737,-0.181626944476291,0.540506006119915,0.806463085421746,0.882767964574655,0.628336682949313,1.23459473922004,0.355196073283896,0.111164556064065,0.41374113598391,0.553697438171226,-0.991397948641248,-0.87835951740976,-0.657447537103319,-1.50010382910482,-0.426199950276506,0.126599782407163,-1.09135188877523,-0.998213167174352,-1.1084346435603,-1.0059168262335,-0.923440217938323,0.429026918289586,-0.978199849716638,0.23040098398196,-1.10509736591094,0.356857183154771,0.0661619032937078,-1.63128959311408,-0.264586852871718,-1.84691256872431,-1.17862031195742
82,"Heidelberg","online",2,3,1,3,3,4,3,4,4,3,3,3,1,15,5.333333333,2,3.25,3.090909091,4,2,5,2,7,2,5,6,2,5,4,3,4,2,2,3,3,3,4,3,4,3,3,3,3,1,0,0,0,2,1,1,1,0,1,3,1,0,0,0,1,1,1,0,1,2.5,3.75,2.5,3,3.25,3,0.571428571428571,0.428571428571429,0.666666666666667,2,"low",0,0.282001704059617,-1.33612217108123,0.672510578195996,0.540506006119915,0.806463085421746,0.882767964574655,0.628336682949313,-1.25366183943965,1.26408014315739,0.111164556064065,1.36099057889444,1.52686263253277,-0.539818778317748,-0.667015711412697,-0.137466303212512,1.09709086009159,0.366942203179237,0.513062276071135,0.456707040411373,-0.364311374881151,-1.1084346435603,0.218065885407261,-0.230860054484581,1.68366025917006,-0.978199849716638,0.23040098398196,1.13079730465306,-1.45168116254222,0.0661619032937078,0.248474573785588,-0.264586852871718,0.0774154968926355,-1.17862031195742
152,"Heidelberg","online",2,3,3,3,3,2,3,1,2,2,3,3,3,19,6.5,2.5,3.75,2.909090909,7,1,7,1,4,4,7,7,4,7,4,4,4,3,2,3,3,3,3,3,3,3,3,3,3,0,1,0,1,2,1,1,3,1,1,0,1,1,0,1,2,0,1,1,1,3,2,2.75,2.75,3,3,1.14285714285714,0.857142857142857,0.666666666666667,1,"low",0,0.282001704059617,0.473101624779737,0.672510578195996,0.540506006119915,-0.0189756020099236,0.882767964574655,0.628336682949313,0.405175879666808,-0.553687996589603,0.111164556064065,-1.48075774983715,-0.419467756190322,0.363339562329253,-0.0329842934215071,-0.137466303212512,-0.201506484506618,-0.0296288735486342,0.126599782407163,0.456707040411373,1.53739400199845,-1.67569237291174,1.44204859704802,-0.923440217938323,-0.198289752150649,0.203791635357633,1.68821084626781,1.87609552817439,-0.245988932077561,1.60111805970773,0.248474573785588,0.71494745350443,0.0774154968926355,-0.206677495461728
108,"Heidelberg","online",2,4,4,4,4,3,3,0,4,1,3,0,0,5,4.5,3.5,3.75,3.272727273,5,3,6,2,1,3,6,4,6,5,5,2,4,4,3,4,4,3,4,3,3,3,3,4,2,0,0,0,0,0,0,1,0,0,1,1,0,0,2,0,0,0,0,0,0,4,2.5,1,3.25,3.25,3.33333333333333,0.142857142857143,0.285714285714286,0.333333333333333,0.333333333333333,"low",0,1.26336763418708,1.37771352271022,1.52664810086828,1.43620167340435,-0.844414289441593,0.882767964574655,-1.8754171223907,-2.08308069899288,0.355196073283896,0.111164556064065,-2.42800719274768,1.52686263253277,-1.217187533803,-0.87835951740976,-0.657447537103319,-1.06723804757209,0.763513279907108,0.513062276071135,0.972726683473575,0.269590417412051,-0.54117691420885,0.83005724122764,-0.230860054484581,-2.08023976347136,-0.387204107179503,0.959305915124886,-0.359799142389609,0.959703298387103,0.0661619032937078,1.18835665723542,-1.24412115924787,0.0774154968926355,0.765265321033965
1,"Heidelberg","online",2,3,3,1,1,3,3,3,3,3,3,4,3,29,3.5,3.5,4.75,1.727272727,2,3,2,2,3,3,4,5,6,5,5,5,5,4,1,1,2,3,3,2,1,1,1,2,2,1,0,1,3,2,2,2,2,1,2,0,3,0,1,2,3,2,1,1,0,2,3,3.25,1.75,1.75,1.66666666666667,1.57142857142857,1.71428571428571,1.33333333333333,0.666666666666667,"high",1,0.282001704059617,0.473101624779737,-1.03576446714858,-1.25088532844895,0.806463085421746,0.882767964574655,1.46292128472932,0.405175879666808,0.355196073283896,0.111164556064065,0.41374113598391,0.553697438171226,1.0407083178145,1.23507854256087,0.902496164569101,-0.634372266039353,-1.61591318046012,-1.8057126859127,-1.60737153183743,-1.63211495946755,-0.54117691420885,-1.61790818205388,-0.230860054484581,-0.825606422590885,-0.387204107179503,-0.498503947160967,0.385499081131725,0.959703298387103,0.0661619032937078,1.18835665723542,1.69448175988058,1.03957952970111,0.765265321033965
114,"Heidelberg","online",2,3,3,2,3,3,4,4,3,2,3,2,3,10,4.833333333,1.75,3.75,2.818181818,4,1,5,1,5,3,5,5,2,5,4,3,5,3,3,3,4,3,3,2,2,2,2,3,4,1,0,0,0,1,0,2,1,0,0,0,1,1,0,0,2,0,1,0,0,2.75,3.5,2.5,2.75,3,2.66666666666667,0.571428571428571,0.428571428571429,0.666666666666667,0.333333333333333,"low",0,0.282001704059617,0.473101624779737,-0.181626944476291,0.540506006119915,-0.0189756020099236,0.882767964574655,-0.20624791883069,0.405175879666808,0.355196073283896,1.12919785896656,1.36099057889444,0.553697438171226,-0.539818778317748,-0.667015711412697,-0.137466303212512,-1.06723804757209,-0.0296288735486342,0.126599782407163,-0.0593126026508282,-0.364311374881151,-1.67569237291174,0.218065885407261,-0.923440217938323,0.429026918289586,-0.387204107179503,0.23040098398196,0.385499081131725,-1.45168116254222,0.0661619032937078,0.248474573785588,-0.264586852871718,1.03957952970111,-0.206677495461728
76,"Heidelberg","online",2,3,2,2,2,3,3,3,3,3,2,2,3,22,4.666666667,3.25,2.25,3.181818182,5,2,5,5,4,2,5,4,4,5,3,2,2,2,3,4,3,3,3,3,3,3,3,4,3,1,1,1,1,3,1,3,2,0,0,1,1,2,0,1,1,0,0,0,3,2.25,3,2.5,3.25,3.25,3,1,0.571428571428571,1.33333333333333,2.33333333333333,"high",1,0.282001704059617,-0.431510273150749,-0.181626944476291,-0.355189661164515,0.806463085421746,0.126109709224951,-0.20624791883069,0.405175879666808,0.355196073283896,0.111164556064065,0.41374113598391,0.553697438171226,0.137549977167503,-0.455671905415634,0.902496164569101,1.52995664162432,0.763513279907108,0.513062276071135,0.456707040411373,0.269590417412051,-1.1084346435603,0.218065885407261,1.84688043587665,-0.198289752150649,-0.978199849716638,0.23040098398196,-0.359799142389609,-0.245988932077561,0.0661619032937078,-0.691407509664245,-1.24412115924787,-1.84691256872431,-1.17862031195742
191,"Heidelberg","online",2,3,3,3,3,2,4,2,2,1,1,3,3,20,4.166666667,2.25,4,3,2,2,4,2,5,3,5,4,2,5,3,3,5,5,1,4,3,4,3,2,2,3,3,4,4,1,0,0,1,3,1,1,2,1,2,1,1,1,2,0,0,1,1,0,1,3,2.5,2,2.75,3.5,2.66666666666667,1.14285714285714,0.714285714285714,0.666666666666667,1.66666666666667,"low",0,0.282001704059617,0.473101624779737,0.672510578195996,0.540506006119915,-0.844414289441593,-0.630548546124754,0.628336682949313,0.405175879666808,-0.553687996589603,1.12919785896656,-0.533508306926621,-0.419467756190322,0.363339562329253,-0.24432809941857,-0.137466303212512,0.664225078558852,-0.0296288735486342,0.899524769735107,-0.0593126026508282,-1.63211495946755,-1.1084346435603,-0.393925470413118,-0.230860054484581,0.429026918289586,-0.387204107179503,0.23040098398196,-0.359799142389609,-1.45168116254222,0.0661619032937078,-0.691407509664245,-0.264586852871718,1.03957952970111,1.73720813752966
90,"Heidelberg","online",2,4,2,3,3,1,3,3,3,1,0,1,1,12,4.333333333,4,3.25,2.727272727,6,3,2,2,5,5,2,6,6,5,4,2,5,2,2,3,4,4,3,2,1,2,3,2,4,0,1,0,1,1,0,1,3,0,1,1,1,0,0,0,1,0,0,0,1,3,2.5,0.75,2.25,3,3,0.714285714285714,0.285714285714286,0.666666666666667,1,"low",0,1.26336763418708,-0.431510273150749,0.672510578195996,0.540506006119915,-0.844414289441593,-1.38720680147446,-1.04083252061069,-1.25366183943965,-1.4625720664631,0.111164556064065,0.41374113598391,0.553697438171226,-0.314029193155997,-0.87835951740976,-0.137466303212512,-0.201506484506618,-0.822771027004377,0.126599782407163,0.456707040411373,0.903492209705252,-0.54117691420885,-1.61790818205388,-0.230860054484581,0.429026918289586,0.794787377894768,-1.95631380944682,1.13079730465306,0.959703298387103,0.0661619032937078,0.248474573785588,-1.24412115924787,1.03957952970111,-1.17862031195742
151,"Heidelberg","online",2,3,3,1,0,3,3,4,3,3,4,4,4,5,4.666666667,4.5,3.25,3.909090909,5,4,5,4,5,5,3,5,5,5,4,2,5,2,4,4,4,4,4,4,4,3,4,4,4,0,0,0,0,2,0,0,0,0,0,0,0,0,2,0,0,0,0,0,1,1.75,3.25,3.75,4,3.75,4,0,0.285714285714286,0,1,"low",0,0.282001704059617,0.473101624779737,-1.03576446714858,-2.14658099573338,0.806463085421746,1.63942621992436,1.46292128472932,1.23459473922004,0.355196073283896,0.111164556064065,1.36099057889444,0.553697438171226,-1.44297711896475,-0.87835951740976,-1.17742877099413,-0.201506484506618,1.95322651009072,1.28598726339908,2.00476596959798,0.269590417412051,0.0260808151425952,0.218065885407261,1.1543002724229,0.429026918289586,0.794787377894768,-1.22740887830389,0.385499081131725,0.356857183154771,0.0661619032937078,0.248474573785588,-1.24412115924787,1.03957952970111,-1.17862031195742
50,"Heidelberg","online",2,2,1,1,3,2,2,1,1,0,0,0,1,16,3.666666667,2.75,4,2.454545455,4,4,1,1,3,1,5,4,5,5,1,5,5,5,1,3,2,3,3,2,2,3,3,2,3,2,0,0,1,0,1,1,2,1,1,2,1,0,0,0,2,0,1,0,1,1.75,1.5,0.25,2,3,2.33333333333333,1,0.714285714285714,0.333333333333333,1,"low",0,-0.699364226067849,-1.33612217108123,-1.03576446714858,0.540506006119915,-1.66985297687326,-1.38720680147446,-1.8754171223907,-1.25366183943965,-0.553687996589603,-0.906868746838426,-1.48075774983715,-1.39263295055187,0.137549977167503,-0.24432809941857,-0.657447537103319,-0.201506484506618,-1.21934210373225,0.126599782407163,-0.575332245713029,-0.364311374881151,0.0260808151425952,-2.22989953787425,-0.923440217938323,-0.825606422590885,-1.56919559225377,0.23040098398196,-0.359799142389609,0.356857183154771,0.0661619032937078,-2.57117167656391,1.69448175988058,1.03957952970111,1.73720813752966
159,"Heidelberg","online",2,3,1,1,1,4,3,4,3,3,3,4,4,18,4.666666667,3.75,3.5,3,6,5,3,2,7,3,2,5,5,5,4,4,4,2,2,4,3,3,4,3,3,4,3,2,2,0,0,0,1,1,2,1,2,0,1,1,1,1,1,1,2,1,1,0,1,1.5,3.5,3.5,2.5,3.5,3,1,0.857142857142857,0.666666666666667,1,"low",0,0.282001704059617,-1.33612217108123,-1.03576446714858,-1.25088532844895,0.806463085421746,0.882767964574655,1.46292128472932,1.23459473922004,1.26408014315739,0.111164556064065,1.36099057889444,0.553697438171226,0.137549977167503,-0.0329842934215071,-0.137466303212512,-0.201506484506618,-0.426199950276506,0.899524769735107,0.456707040411373,0.903492209705252,0.59333854449404,-1.0059168262335,-0.230860054484581,1.68366025917006,-0.387204107179503,-1.95631380944682,0.385499081131725,0.356857183154771,0.0661619032937078,0.248474573785588,0.71494745350443,0.0774154968926355,-1.17862031195742
209,"Heidelberg","online",2,2,3,3,2,0,4,2,3,3,4,3,4,31,4.166666667,3.75,3.25,3.272727273,4,4,1,1,4,4,4,7,6,5,4,3,4,2,3,3,4,4,3,4,3,3,3,3,3,1,1,2,1,2,1,1,1,1,2,2,0,2,3,2,0,1,3,2,3,2.5,2.25,3.5,3.25,3,3.66666666666667,1.71428571428571,1.28571428571429,1,2.33333333333333,"high",1,-0.699364226067849,0.473101624779737,0.672510578195996,-0.355189661164515,0.806463085421746,1.63942621992436,0.628336682949313,1.23459473922004,-2.3714561363366,1.12919785896656,-0.533508306926621,0.553697438171226,1.26649790297625,0.601047124569683,0.382514930678295,1.52995664162432,0.763513279907108,0.126599782407163,1.48874632653578,-0.364311374881151,0.0260808151425952,-2.22989953787425,-0.923440217938323,-0.198289752150649,0.203791635357633,-0.498503947160967,1.87609552817439,0.959703298387103,0.0661619032937078,0.248474573785588,-0.264586852871718,0.0774154968926355,-1.17862031195742
173,"Heidelberg","online",2,3,2,3,2,3,3,3,3,2,0,2,3,6,4,4.25,1.25,2.454545455,4,5,4,2,4,5,4,4,5,4,2,1,1,1,2,3,3,4,3,1,3,2,2,2,2,0,0,0,0,1,0,0,2,0,0,0,1,0,0,0,1,0,0,0,1,2.5,3,1.75,2.75,2.5,2,0.285714285714286,0.285714285714286,0,0.666666666666667,"low",0,0.282001704059617,-0.431510273150749,0.672510578195996,-0.355189661164515,-0.0189756020099236,-1.38720680147446,-0.20624791883069,0.405175879666808,0.355196073283896,0.111164556064065,0.41374113598391,0.553697438171226,-0.991397948641248,-0.87835951740976,-1.17742877099413,-0.634372266039353,-0.0296288735486342,-0.646325204920781,-1.09135188877523,-0.364311374881151,0.59333854449404,-0.393925470413118,-0.230860054484581,-0.198289752150649,0.794787377894768,-0.498503947160967,-0.359799142389609,0.356857183154771,-0.701316174913302,-1.63128959311408,-2.22365546562401,-2.80907660153278,-2.15056312845311
23,"Heidelberg","online",2,3,2,3,3,3,1,3,3,2,1,1,3,6,3.833333333,3.75,1.25,2.272727273,4,5,4,1,4,5,4,3,4,4,1,1,2,1,1,3,1,4,3,1,3,2,2,3,2,0,0,0,0,1,0,0,2,0,0,0,1,0,0,0,1,0,0,0,1,2.75,2.5,1.75,2.75,2.5,1.33333333333333,0.285714285714286,0.285714285714286,0,0.666666666666667,"low",0,0.282001704059617,-0.431510273150749,0.672510578195996,0.540506006119915,-0.0189756020099236,-0.630548546124754,-1.04083252061069,0.405175879666808,0.355196073283896,-1.92490204974092,0.41374113598391,0.553697438171226,-0.991397948641248,-0.87835951740976,-1.17742877099413,-0.634372266039353,-0.0296288735486342,-0.646325204920781,-2.12339117489963,-0.364311374881151,0.59333854449404,-0.393925470413118,-0.923440217938323,-0.198289752150649,0.794787377894768,-0.498503947160967,-1.10509736591094,-0.245988932077561,-0.701316174913302,-2.57117167656391,-2.22365546562401,-1.84691256872431,-2.15056312845311
153,"Heidelberg","online",2,1,0,0,0,3,3,3,3,3,3,3,3,37,3.333333333,5,2.5,1.545454545,3,6,3,3,5,6,3,3,5,3,2,4,2,2,1,1,2,1,2,1,2,2,2,1,2,0,0,2,1,2,3,3,2,1,2,3,3,1,3,0,3,0,3,2,3,0.25,3,3,1.25,1.75,1.66666666666667,1.28571428571429,2.42857142857143,1,2.66666666666667,"high",1,-1.68073015619532,-2.24073406901172,-1.88990198982087,-2.14658099573338,0.806463085421746,0.882767964574655,0.628336682949313,0.405175879666808,0.355196073283896,0.111164556064065,0.41374113598391,0.553697438171226,0.589129147491004,2.29179757254619,0.382514930678295,1.96282242315706,-2.40905533391586,-1.8057126859127,-1.60737153183743,-0.998213167174352,1.16059627384549,-1.0059168262335,0.461720108969161,0.429026918289586,1.3857831204319,-1.22740887830389,-1.10509736591094,0.356857183154771,-1.46879425312031,-1.63128959311408,0.71494745350443,-1.84691256872431,-1.17862031195742
42,"Heidelberg","online",2,2,3,2,3,3,3,1,3,2,2,3,3,7,5.333333333,4.25,4.25,3,6,4,5,3,5,5,5,5,5,6,4,4,5,4,2,3,3,3,3,2,3,4,3,4,3,0,0,0,0,1,0,1,1,0,0,0,1,0,0,1,0,1,1,0,0,2.5,2.5,2.5,3,3.25,2.66666666666667,0.428571428571429,0.142857142857143,0.666666666666667,0.333333333333333,"low",0,-0.699364226067849,0.473101624779737,-0.181626944476291,0.540506006119915,-0.0189756020099236,0.126109709224951,0.628336682949313,0.405175879666808,0.355196073283896,0.111164556064065,-1.48075774983715,0.553697438171226,-0.765608363479498,-1.08970332340682,-0.137466303212512,-1.06723804757209,0.366942203179237,0.513062276071135,-0.0593126026508282,0.903492209705252,0.0260808151425952,0.218065885407261,0.461720108969161,0.429026918289586,0.794787377894768,0.23040098398196,0.385499081131725,0.356857183154771,0.833639981500717,0.248474573785588,0.71494745350443,1.03957952970111,0.765265321033965
109,"Heidelberg","online",2,1,3,1,2,3,4,3,3,4,3,4,4,4,6.166666667,4.25,4,3,7,5,7,1,6,4,5,5,7,7,5,3,5,3,2,3,3,4,3,3,3,3,3,4,2,0,0,0,0,1,0,1,1,0,0,1,0,0,0,0,0,0,0,0,0,1.75,3.25,3.75,3.25,2.75,3,0.142857142857143,0,0.333333333333333,0.666666666666667,"low",0,-1.68073015619532,0.473101624779737,-1.03576446714858,-0.355189661164515,1.63190177285342,0.882767964574655,1.46292128472932,1.23459473922004,0.355196073283896,1.12919785896656,0.41374113598391,0.553697438171226,-1.217187533803,-1.30104712940389,-0.657447537103319,-0.634372266039353,0.763513279907108,-0.259862711256809,0.456707040411373,1.53739400199845,0.59333854449404,1.44204859704802,-0.923440217938323,1.05634358872982,0.203791635357633,0.23040098398196,0.385499081131725,1.56254941361943,1.60111805970773,1.18835665723542,-0.264586852871718,1.03957952970111,-0.206677495461728
171,"Heidelberg","online",2,3,3,1,1,4,4,4,3,3,2,3,3,12,5.833333333,1.25,4,3.363636364,6,1,5,1,7,1,6,6,2,5,5,3,5,3,3,3,4,4,3,3,3,3,3,4,4,1,0,0,0,1,1,0,2,0,2,1,1,0,1,0,1,0,0,0,1,2,3.75,2.75,3.5,3.25,3.33333333333333,0.714285714285714,0.571428571428571,0,1,"low",0,0.282001704059617,0.473101624779737,-1.03576446714858,-1.25088532844895,0.806463085421746,0.126109709224951,0.628336682949313,0.405175879666808,1.26408014315739,1.12919785896656,1.36099057889444,0.553697438171226,-0.314029193155997,-0.455671905415634,-1.17742877099413,-0.201506484506618,1.16008435663498,0.513062276071135,0.972726683473575,0.903492209705252,-1.67569237291174,0.218065885407261,-0.923440217938323,1.68366025917006,-1.56919559225377,0.959305915124886,1.13079730465306,-1.45168116254222,0.0661619032937078,1.18835665723542,-0.264586852871718,1.03957952970111,-0.206677495461728
57,"Heidelberg","online",2,3,3,3,3,3,1,4,1,0,0,3,3,16,7,7,2.75,2.272727273,7,7,7,7,7,7,7,7,7,7,1,3,4,3,2,3,1,3,2,3,2,2,1,3,3,0,0,1,1,1,1,1,1,0,1,0,1,1,2,0,1,1,1,2,0,3,2.25,1.5,2.5,2.5,1.66666666666667,0.714285714285714,1.14285714285714,0.666666666666667,0.333333333333333,"low",0,0.282001704059617,0.473101624779737,0.672510578195996,0.540506006119915,-1.66985297687326,-1.38720680147446,0.628336682949313,0.405175879666808,0.355196073283896,-1.92490204974092,1.36099057889444,-1.39263295055187,-0.314029193155997,0.38970331857262,-0.137466303212512,-1.06723804757209,-0.426199950276506,-0.646325204920781,-1.60737153183743,1.53739400199845,1.72785400319693,1.44204859704802,3.23204076278413,1.68366025917006,1.97677886296904,1.68821084626781,1.87609552817439,1.56254941361943,1.60111805970773,-2.57117167656391,-0.264586852871718,0.0774154968926355,-0.206677495461728
165,"Heidelberg","online",2,3,4,3,3,3,4,4,4,3,3,3,3,16,5.666666667,2.75,4.75,3.272727273,6,3,5,1,5,5,7,6,2,5,5,5,5,4,2,3,4,3,3,3,3,4,3,4,4,0,0,1,1,2,1,2,2,1,0,0,1,0,0,0,1,0,1,1,2,3.25,3.75,3,3,3.5,3.33333333333333,0.571428571428571,0.857142857142857,0.666666666666667,1.33333333333333,"low",0,0.282001704059617,1.37771352271022,0.672510578195996,0.540506006119915,0.806463085421746,0.882767964574655,0.628336682949313,0.405175879666808,0.355196073283896,1.12919785896656,1.36099057889444,1.52686263253277,-0.539818778317748,-0.0329842934215071,-0.137466303212512,0.231359297026117,0.366942203179237,0.899524769735107,0.972726683473575,0.903492209705252,-0.54117691420885,0.218065885407261,-0.923440217938323,0.429026918289586,0.794787377894768,1.68821084626781,1.13079730465306,-1.45168116254222,0.0661619032937078,1.18835665723542,1.69448175988058,1.03957952970111,0.765265321033965
214,"Heidelberg","online",2,1,1,2,2,2,2,2,2,2,2,2,2,14,4.333333333,5.5,4.5,2.363636364,5,7,5,4,4,6,4,4,5,4,5,5,3,5,2,3,2,3,3,2,2,3,2,2,2,1,0,0,3,0,0,0,3,1,0,1,2,1,0,0,2,0,0,0,0,1.5,2,2,2.25,2.75,2,1.14285714285714,0.714285714285714,0,0.333333333333333,"low",0,-1.68073015619532,-1.33612217108123,-0.181626944476291,-0.355189661164515,-0.0189756020099236,0.126109709224951,-0.20624791883069,-0.424242979886423,-0.553687996589603,-0.906868746838426,-0.533508306926621,-0.419467756190322,0.363339562329253,-0.24432809941857,-1.17742877099413,-1.06723804757209,-0.822771027004377,-0.259862711256809,-1.09135188877523,0.269590417412051,1.72785400319693,0.218065885407261,1.1543002724229,-0.198289752150649,1.3857831204319,-0.498503947160967,-0.359799142389609,0.356857183154771,-0.701316174913302,1.18835665723542,1.69448175988058,-0.884748535915837,1.73720813752966
169,"Heidelberg","online",2,3,2,2,3,3,3,2,2,3,1,1,3,20,5,3.75,3.5,2.272727273,6,4,7,2,3,4,5,4,5,5,4,3,4,3,2,2,2,2,2,2,2,3,2,3,3,2,0,2,2,3,1,1,2,0,0,1,1,1,0,0,2,0,1,1,0,2.5,2.5,2,2.25,2.5,2,1.14285714285714,1,0.333333333333333,1.33333333333333,"low",0,0.282001704059617,-0.431510273150749,-0.181626944476291,0.540506006119915,0.806463085421746,-0.630548546124754,-1.04083252061069,0.405175879666808,0.355196073283896,0.111164556064065,-0.533508306926621,-0.419467756190322,0.363339562329253,0.178359512575556,-0.657447537103319,0.231359297026117,-0.822771027004377,-0.646325204920781,-1.09135188877523,0.903492209705252,0.0260808151425952,1.44204859704802,-0.230860054484581,-0.825606422590885,0.203791635357633,0.23040098398196,-0.359799142389609,0.356857183154771,0.0661619032937078,0.248474573785588,-0.264586852871718,0.0774154968926355,-0.206677495461728
200,"Heidelberg","online",2,3,2,2,2,3,3,3,2,3,2,1,2,34,4,5.25,4.25,2.090909091,4,6,4,3,4,6,4,4,6,4,4,4,4,5,2,2,2,2,2,2,2,2,2,2,3,1,0,2,3,2,2,2,3,2,0,2,2,2,3,0,2,1,2,1,2,2.25,2.75,2,2,2.25,2,1.57142857142857,2,1,2,"high",1,0.282001704059617,-0.431510273150749,-0.181626944476291,-0.355189661164515,0.806463085421746,0.126109709224951,-1.04083252061069,-0.424242979886423,0.355196073283896,0.111164556064065,0.41374113598391,-0.419467756190322,1.0407083178145,1.657766154555,0.382514930678295,1.09709086009159,-1.21934210373225,-1.03278769858475,-1.09135188877523,-0.364311374881151,1.16059627384549,-0.393925470413118,0.461720108969161,-0.198289752150649,1.3857831204319,-0.498503947160967,-0.359799142389609,0.959703298387103,-0.701316174913302,0.248474573785588,0.71494745350443,0.0774154968926355,1.73720813752966
180,"Heidelberg","online",2,3,1,1,1,3,3,1,2,0,0,2,3,24,4.833333333,3.25,3.5,2.454545455,5,3,6,4,5,3,4,4,3,5,3,4,4,3,2,3,3,2,3,2,2,3,2,2,3,2,0,1,2,2,1,1,2,0,2,2,1,0,1,2,2,1,1,1,0,1.5,2.25,1.25,2,3,2.33333333333333,1.57142857142857,1,0.666666666666667,1.33333333333333,"high",1,0.282001704059617,-1.33612217108123,-1.03576446714858,-1.25088532844895,-1.66985297687326,-1.38720680147446,-0.20624791883069,0.405175879666808,0.355196073283896,0.111164556064065,-1.48075774983715,-0.419467756190322,1.0407083178145,0.178359512575556,-0.137466303212512,0.231359297026117,-1.21934210373225,0.126599782407163,-0.575332245713029,0.269590417412051,-0.54117691420885,0.83005724122764,1.1543002724229,0.429026918289586,-0.387204107179503,-0.498503947160967,-0.359799142389609,-0.848835047309893,0.0661619032937078,-0.691407509664245,0.71494745350443,0.0774154968926355,-0.206677495461728
86,"Heidelberg","online",2,3,1,1,1,4,4,3,3,2,0,1,3,21,5.5,2,4.25,3.636363636,6,1,6,1,5,3,6,6,3,4,4,5,5,3,3,3,4,4,4,3,4,4,3,4,4,3,0,1,0,2,2,2,2,0,2,0,1,1,1,0,1,1,2,0,0,1.5,3.5,1.5,3.75,3.75,3.33333333333333,1.42857142857143,0.857142857142857,1,0.666666666666667,"low",0,0.282001704059617,-1.33612217108123,-1.03576446714858,-1.25088532844895,-0.0189756020099236,-1.38720680147446,-1.04083252061069,0.405175879666808,1.26408014315739,1.12919785896656,0.41374113598391,0.553697438171226,0.814918732652754,-0.0329842934215071,0.382514930678295,-0.634372266039353,1.55665543336285,1.28598726339908,0.972726683473575,0.903492209705252,-1.67569237291174,0.83005724122764,-0.923440217938323,0.429026918289586,-0.387204107179503,0.959305915124886,1.13079730465306,-0.848835047309893,-0.701316174913302,0.248474573785588,1.69448175988058,1.03957952970111,-0.206677495461728
21,"Heidelberg","online",2,3,3,3,2,4,4,3,3,3,3,4,1,27,4.833333333,5,3.5,2.454545455,5,6,3,3,3,5,7,5,6,6,4,3,4,3,2,3,1,3,4,2,3,2,2,2,3,2,1,1,2,1,2,2,2,0,2,1,1,1,2,0,2,1,2,1,1,2.75,3.5,2.75,2.5,3,1.66666666666667,1.57142857142857,1.28571428571429,1.33333333333333,1,"high",1,0.282001704059617,0.473101624779737,0.672510578195996,-0.355189661164515,0.806463085421746,0.882767964574655,1.46292128472932,-1.25366183943965,1.26408014315739,1.12919785896656,0.41374113598391,0.553697438171226,1.0407083178145,0.601047124569683,0.902496164569101,-0.201506484506618,-0.426199950276506,0.126599782407163,-1.60737153183743,0.269590417412051,1.16059627384549,-1.0059168262335,0.461720108969161,-0.825606422590885,0.794787377894768,1.68821084626781,0.385499081131725,0.959703298387103,0.833639981500717,0.248474573785588,-0.264586852871718,0.0774154968926355,-0.206677495461728
84,"Heidelberg","online",2,3,3,1,2,2,3,3,3,2,2,2,2,13,5,1.75,3.25,2.636363636,4,1,7,1,4,1,4,4,4,7,4,3,4,2,2,3,3,3,3,3,2,2,2,3,3,1,0,1,0,0,1,1,1,0,1,1,1,1,1,0,1,1,1,0,0,2.25,2.75,2,2.5,2.75,2.66666666666667,0.714285714285714,0.714285714285714,0.666666666666667,0.333333333333333,"low",0,0.282001704059617,0.473101624779737,-1.03576446714858,-0.355189661164515,-0.0189756020099236,0.126109709224951,-0.20624791883069,-0.424242979886423,-0.553687996589603,0.111164556064065,0.41374113598391,0.553697438171226,-0.314029193155997,-0.24432809941857,-0.137466303212512,-1.06723804757209,-0.426199950276506,-0.259862711256809,-0.0593126026508282,-0.364311374881151,-1.67569237291174,1.44204859704802,-0.923440217938323,-0.198289752150649,-1.56919559225377,-0.498503947160967,-0.359799142389609,-0.245988932077561,1.60111805970773,0.248474573785588,-0.264586852871718,0.0774154968926355,-1.17862031195742
199,"Heidelberg","online",2,4,2,3,4,1,1,1,1,3,3,2,3,34,4,1,4,2.818181818,4,1,7,1,1,1,4,4,1,4,5,3,5,3,1,2,4,2,2,2,3,3,4,4,4,2,0,2,2,2,2,2,2,2,3,1,2,0,2,1,2,2,2,1,2,3.25,1,2.75,2.5,2.75,3.33333333333333,1.71428571428571,1.85714285714286,1.33333333333333,1.66666666666667,"high",1,1.26336763418708,-0.431510273150749,0.672510578195996,1.43620167340435,0.806463085421746,0.882767964574655,-0.20624791883069,0.405175879666808,-1.4625720664631,-1.92490204974092,-1.48075774983715,-1.39263295055187,1.26649790297625,1.44642234855794,0.902496164569101,0.664225078558852,-0.426199950276506,-0.259862711256809,0.972726683473575,-0.364311374881151,-1.67569237291174,1.44204859704802,-0.923440217938323,-2.08023976347136,-1.56919559225377,-0.498503947160967,-0.359799142389609,-2.05452727777456,-0.701316174913302,1.18835665723542,-0.264586852871718,1.03957952970111,-0.206677495461728
170,"Heidelberg","online",2,1,1,1,1,3,3,3,1,2,3,1,1,16,4.333333333,3.25,3.5,1.909090909,5,4,3,2,4,5,4,4,2,6,3,3,5,3,2,2,2,2,2,2,3,2,2,1,1,0,0,0,1,0,2,1,2,1,0,0,1,0,2,0,2,1,1,2,0,1,2.5,1.75,2,1.75,2,0.571428571428571,1.42857142857143,0.666666666666667,0,"low",0,-1.68073015619532,-1.33612217108123,-1.03576446714858,-1.25088532844895,-0.0189756020099236,0.882767964574655,-1.04083252061069,-1.25366183943965,0.355196073283896,0.111164556064065,0.41374113598391,-1.39263295055187,-0.539818778317748,0.812390930566746,-0.137466303212512,-1.50010382910482,-1.21934210373225,-1.8057126859127,-1.09135188877523,0.269590417412051,0.0260808151425952,-1.0059168262335,-0.230860054484581,-0.198289752150649,0.794787377894768,-0.498503947160967,-0.359799142389609,-1.45168116254222,0.833639981500717,-0.691407509664245,-0.264586852871718,1.03957952970111,-0.206677495461728
17,"Heidelberg","online",2,4,4,2,3,3,2,3,2,4,4,2,0,26,3.5,3.25,4.5,2.272727273,3,2,1,6,6,1,4,4,4,3,5,5,5,3,2,2,4,3,3,2,1,4,1,1,2,2,0,2,3,1,1,2,0,0,3,0,3,2,0,1,1,1,2,2,0,3.25,2.5,2.5,1.75,2.75,2.33333333333333,1.85714285714286,1.28571428571429,1,0.333333333333333,"high",1,1.26336763418708,1.37771352271022,-0.181626944476291,0.540506006119915,1.63190177285342,1.63942621992436,-0.20624791883069,-2.08308069899288,0.355196073283896,-0.906868746838426,0.41374113598391,-0.419467756190322,1.492287488138,0.601047124569683,0.382514930678295,-1.06723804757209,-1.61591318046012,-0.259862711256809,-0.575332245713029,-0.998213167174352,-1.1084346435603,-2.22989953787425,2.53946059933039,1.05634358872982,-1.56919559225377,-0.498503947160967,-0.359799142389609,-0.245988932077561,-1.46879425312031,1.18835665723542,1.69448175988058,1.03957952970111,-0.206677495461728
136,"Heidelberg","online",2,4,4,2,3,2,2,2,3,3,3,0,0,47,2.333333333,2.25,3,2.909090909,1,3,2,1,1,1,4,2,4,4,3,3,3,3,2,3,1,4,1,4,4,4,3,3,3,2,1,2,3,3,3,3,0,3,3,3,0,3,3,3,0,3,3,3,3,3.25,2.25,1.5,3.25,2.75,2.66666666666667,2.42857142857143,2,2.33333333333333,3,"high",1,1.26336763418708,1.37771352271022,-0.181626944476291,0.540506006119915,0.806463085421746,0.882767964574655,-1.8754171223907,-2.08308069899288,-0.553687996589603,-0.906868746838426,-0.533508306926621,0.553697438171226,2.395445828785,1.657766154555,2.46243986624152,2.39568820468979,0.763513279907108,-0.259862711256809,-0.0593126026508282,-2.26601675176076,-0.54117691420885,-1.61790818205388,-0.923440217938323,-2.08023976347136,-1.56919559225377,-0.498503947160967,-1.85039558943228,-0.245988932077561,-0.701316174913302,-0.691407509664245,-0.264586852871718,-0.884748535915837,-0.206677495461728
107,"Heidelberg","online",2,3,1,3,1,1,1,2,3,3,0,4,1,10,4.666666667,3,4,2.909090909,4,3,6,1,2,2,7,4,6,5,5,3,5,3,1,3,2,4,2,2,3,4,3,4,4,1,0,1,0,2,1,0,0,0,1,0,1,0,0,0,1,1,0,0,1,2,1.75,2,3,3.25,2.33333333333333,0.285714285714286,0.571428571428571,0.333333333333333,1,"low",0,0.282001704059617,-1.33612217108123,0.672510578195996,-1.25088532844895,0.806463085421746,-1.38720680147446,1.46292128472932,-1.25366183943965,-1.4625720664631,-1.92490204974092,-0.533508306926621,0.553697438171226,-0.991397948641248,-0.455671905415634,-0.657447537103319,-0.201506484506618,0.366942203179237,0.513062276071135,-0.575332245713029,-0.364311374881151,-0.54117691420885,0.83005724122764,-0.923440217938323,-1.45292309303112,-0.978199849716638,1.68821084626781,-0.359799142389609,0.959703298387103,0.0661619032937078,1.18835665723542,-0.264586852871718,1.03957952970111,-0.206677495461728
190,"Heidelberg","online",2,2,2,2,2,3,3,3,2,3,2,3,2,3,6,1.75,4.25,2.545454545,7,4,7,1,4,1,7,4,1,7,5,4,4,4,2,3,2,3,3,2,2,2,3,3,3,0,0,0,0,0,0,0,1,0,0,0,1,0,0,0,1,0,0,0,0,2,2.75,2.5,2.5,2.75,2.33333333333333,0.142857142857143,0.285714285714286,0,0,"low",0,-0.699364226067849,-0.431510273150749,-0.181626944476291,-0.355189661164515,0.806463085421746,0.126109709224951,0.628336682949313,-0.424242979886423,0.355196073283896,0.111164556064065,0.41374113598391,-0.419467756190322,-1.217187533803,-0.87835951740976,-1.17742877099413,-1.50010382910482,-0.426199950276506,-0.259862711256809,-0.575332245713029,1.53739400199845,0.0260808151425952,1.44204859704802,-0.923440217938323,-0.198289752150649,-1.56919559225377,1.68821084626781,-0.359799142389609,-2.05452727777456,1.60111805970773,1.18835665723542,0.71494745350443,0.0774154968926355,0.765265321033965
27,"Heidelberg","online",2,4,3,3,3,1,1,1,1,1,0,3,2,21,4.5,2,4.25,2.454545455,5,2,6,2,5,2,3,3,2,5,4,4,5,4,2,2,2,3,1,2,2,3,2,4,4,2,2,0,0,3,0,2,1,0,3,3,1,0,1,0,1,0,1,1,0,3.25,1,1.5,2.75,2.5,2,1,0.571428571428571,1.33333333333333,2,"low",0,1.26336763418708,0.473101624779737,0.672510578195996,0.540506006119915,-0.844414289441593,-1.38720680147446,0.628336682949313,-0.424242979886423,-1.4625720664631,-1.92490204974092,-1.48075774983715,-1.39263295055187,0.137549977167503,-0.455671905415634,0.902496164569101,1.09709086009159,-0.0296288735486342,-0.646325204920781,-1.09135188877523,0.269590417412051,-1.1084346435603,0.83005724122764,-0.230860054484581,0.429026918289586,-0.978199849716638,-1.22740887830389,-1.10509736591094,-1.45168116254222,0.0661619032937078,0.248474573785588,0.71494745350443,1.03957952970111,0.765265321033965
80,"Heidelberg","online",2,1,1,0,1,4,3,3,3,1,0,0,3,6,5.5,2.75,3.5,3,5,4,5,2,6,2,6,5,3,6,4,3,5,2,3,4,2,4,3,3,3,2,3,2,4,0,0,1,0,0,0,1,0,0,0,1,0,0,0,0,1,1,1,0,0,0.75,3.25,1,3,3.25,2.66666666666667,0.142857142857143,0.285714285714286,0.666666666666667,0.333333333333333,"low",0,-1.68073015619532,-1.33612217108123,-1.88990198982087,-1.25088532844895,-0.844414289441593,-1.38720680147446,-1.8754171223907,0.405175879666808,1.26408014315739,0.111164556064065,0.41374113598391,0.553697438171226,-1.217187533803,-0.87835951740976,-0.137466303212512,-1.06723804757209,0.366942203179237,0.513062276071135,-0.0593126026508282,0.269590417412051,0.0260808151425952,0.218065885407261,-0.230860054484581,1.05634358872982,-0.978199849716638,0.959305915124886,0.385499081131725,-0.848835047309893,0.833639981500717,0.248474573785588,-0.264586852871718,1.03957952970111,-1.17862031195742
216,"Heidelberg","online",2,4,3,3,3,4,4,4,4,3,3,3,0,46,4.5,4.5,1.75,2.272727273,4,6,4,4,7,7,4,4,1,4,1,2,1,3,2,4,3,3,4,2,2,1,2,1,1,1,0,3,2,2,3,3,3,3,3,3,3,3,3,1,2,2,3,0,3,3.25,4,2.25,2,2.5,2.33333333333333,2.28571428571429,2.42857142857143,1.66666666666667,2.66666666666667,"high",1,1.26336763418708,0.473101624779737,0.672510578195996,0.540506006119915,0.806463085421746,0.882767964574655,0.628336682949313,-2.08308069899288,1.26408014315739,1.12919785896656,1.36099057889444,1.52686263253277,2.16965624362326,2.29179757254619,1.42247739845991,1.96282242315706,-1.21934210373225,-0.646325204920781,-0.575332245713029,-0.364311374881151,1.16059627384549,-0.393925470413118,1.1543002724229,1.68366025917006,1.97677886296904,-0.498503947160967,-0.359799142389609,-2.05452727777456,-0.701316174913302,-2.57117167656391,-1.24412115924787,-2.80907660153278,-0.206677495461728
117,"Heidelberg","online",2,1,3,2,4,3,4,3,2,2,3,3,4,11,4.666666667,3.75,4,3.181818182,5,5,4,2,4,3,5,6,5,4,5,3,4,4,2,4,3,3,3,3,3,4,3,3,4,1,1,1,1,2,1,0,0,0,1,0,1,0,0,0,0,0,1,0,1,2.5,3,3,2.75,3.75,3,0.571428571428571,0.428571428571429,0.333333333333333,1,"low",0,-1.68073015619532,0.473101624779737,-0.181626944476291,1.43620167340435,-0.0189756020099236,0.882767964574655,0.628336682949313,1.23459473922004,0.355196073283896,1.12919785896656,0.41374113598391,-0.419467756190322,-0.539818778317748,-0.667015711412697,-0.657447537103319,-0.201506484506618,-0.0296288735486342,1.28598726339908,0.456707040411373,0.269590417412051,0.59333854449404,-0.393925470413118,-0.230860054484581,-0.198289752150649,-0.387204107179503,0.23040098398196,1.13079730465306,0.356857183154771,-0.701316174913302,1.18835665723542,-0.264586852871718,0.0774154968926355,0.765265321033965
72,"Heidelberg","online",2,2,3,2,3,3,3,3,2,3,3,3,4,2,4.833333333,4.25,3.25,3.272727273,5,4,5,3,5,4,5,4,6,5,3,4,3,3,4,4,3,4,4,3,3,3,3,2,3,0,0,0,0,0,0,0,0,0,0,0,1,1,0,0,0,0,0,0,0,2.5,2.75,3.25,3.25,3.5,3,0.142857142857143,0.142857142857143,0,0,"low",0,-0.699364226067849,0.473101624779737,-0.181626944476291,0.540506006119915,0.806463085421746,0.882767964574655,0.628336682949313,1.23459473922004,0.355196073283896,0.111164556064065,0.41374113598391,-0.419467756190322,-1.217187533803,-1.08970332340682,-1.17742877099413,-1.50010382910482,0.763513279907108,0.899524769735107,0.456707040411373,0.269590417412051,0.0260808151425952,0.218065885407261,0.461720108969161,0.429026918289586,0.203791635357633,0.23040098398196,-0.359799142389609,0.959703298387103,0.0661619032937078,-0.691407509664245,0.71494745350443,-0.884748535915837,-0.206677495461728
71,"Heidelberg","online",2,3,3,1,1,3,2,3,2,2,1,1,3,19,4.5,4.5,3.5,3.363636364,4,5,4,6,6,3,4,5,4,4,3,4,4,3,3,4,4,3,3,3,3,3,3,4,4,1,0,0,2,2,1,2,1,0,3,1,1,1,1,0,1,0,1,0,1,2,2.5,1.75,3.25,3.5,3.33333333333333,1.28571428571429,0.571428571428571,0.666666666666667,1.33333333333333,"low",0,0.282001704059617,0.473101624779737,-1.03576446714858,-1.25088532844895,-0.0189756020099236,-0.630548546124754,-1.04083252061069,0.405175879666808,0.355196073283896,-0.906868746838426,0.41374113598391,-0.419467756190322,0.589129147491004,-0.455671905415634,-0.137466303212512,0.231359297026117,0.763513279907108,0.899524769735107,0.972726683473575,-0.364311374881151,0.59333854449404,-0.393925470413118,2.53946059933039,1.05634358872982,-0.387204107179503,-0.498503947160967,0.385499081131725,-0.245988932077561,-0.701316174913302,-0.691407509664245,0.71494745350443,0.0774154968926355,-0.206677495461728
102,"Heidelberg","online",2,3,3,1,3,4,4,1,4,3,3,4,4,12,5,4.5,4.25,3.090909091,1,4,6,3,5,4,6,6,7,6,5,3,5,4,2,3,3,4,3,4,3,3,4,2,3,0,0,1,1,1,0,1,1,0,1,0,1,2,1,0,1,0,0,1,0,2.5,3.25,3.5,2.75,3,3.66666666666667,0.714285714285714,0.714285714285714,0.333333333333333,0.333333333333333,"low",0,0.282001704059617,0.473101624779737,-1.03576446714858,0.540506006119915,0.806463085421746,0.882767964574655,1.46292128472932,1.23459473922004,1.26408014315739,1.12919785896656,-1.48075774983715,1.52686263253277,-0.314029193155997,-0.24432809941857,-0.657447537103319,-1.06723804757209,-0.0296288735486342,0.126599782407163,1.48874632653578,-2.26601675176076,0.0260808151425952,0.83005724122764,0.461720108969161,0.429026918289586,0.203791635357633,0.959305915124886,1.13079730465306,1.56254941361943,0.833639981500717,1.18835665723542,-0.264586852871718,1.03957952970111,0.765265321033965
195,"Heidelberg","online",2,3,3,3,3,3,4,4,3,1,1,1,3,6,5.666666667,3.5,3.5,3.363636364,6,3,6,1,3,5,7,6,5,6,4,2,5,3,3,3,4,4,4,4,3,3,3,3,3,0,0,0,0,2,0,0,1,0,0,1,0,0,1,0,1,0,0,0,0,3,3.5,1.5,3.25,3.25,3.66666666666667,0.142857142857143,0.285714285714286,0,1,"low",0,0.282001704059617,0.473101624779737,0.672510578195996,0.540506006119915,-0.844414289441593,-0.630548546124754,-1.04083252061069,0.405175879666808,0.355196073283896,1.12919785896656,1.36099057889444,0.553697438171226,-1.217187533803,-0.87835951740976,-1.17742877099413,-0.201506484506618,0.763513279907108,0.513062276071135,1.48874632653578,0.903492209705252,-0.54117691420885,0.83005724122764,-0.923440217938323,-0.825606422590885,0.794787377894768,1.68821084626781,1.13079730465306,0.356857183154771,0.833639981500717,0.248474573785588,-1.24412115924787,1.03957952970111,-0.206677495461728
215,"Heidelberg","online",2,2,1,1,1,1,3,1,3,1,1,0,0,26,2,3,5,1.636363636,3,5,1,3,1,2,2,3,2,2,5,5,5,5,2,1,2,1,2,2,1,2,1,2,2,2,0,1,3,0,2,2,3,1,2,2,2,1,0,0,2,0,2,0,1,1.25,2,0.5,1.5,1.75,1.66666666666667,1.85714285714286,1.14285714285714,0.666666666666667,1,"high",1,-0.699364226067849,-1.33612217108123,-1.03576446714858,-1.25088532844895,-0.844414289441593,-0.630548546124754,-1.8754171223907,-2.08308069899288,-1.4625720664631,0.111164556064065,-1.48075774983715,0.553697438171226,1.492287488138,0.38970331857262,-0.137466303212512,-0.201506484506618,-2.01248425718799,-1.8057126859127,-1.60737153183743,-0.998213167174352,0.59333854449404,-2.22989953787425,0.461720108969161,-2.08023976347136,-0.978199849716638,-1.95631380944682,-1.10509736591094,-1.45168116254222,-2.23627233132732,1.18835665723542,1.69448175988058,1.03957952970111,1.73720813752966
110,"Heidelberg","online",2,3,3,3,3,2,4,2,4,2,0,2,2,13,5.666666667,2.5,4,3.090909091,7,1,7,1,4,3,4,5,5,7,5,4,4,3,2,3,3,3,3,2,4,3,3,4,4,0,0,1,1,2,1,1,1,0,0,1,1,1,0,0,1,0,0,1,1,3,3,1.5,3.25,3.25,2.66666666666667,0.428571428571429,0.714285714285714,0.333333333333333,1.33333333333333,"low",0,0.282001704059617,0.473101624779737,0.672510578195996,0.540506006119915,-0.0189756020099236,-1.38720680147446,-0.20624791883069,-0.424242979886423,-0.553687996589603,1.12919785896656,-0.533508306926621,1.52686263253277,-0.765608363479498,-0.24432809941857,-0.657447537103319,0.231359297026117,0.763513279907108,0.513062276071135,-0.0593126026508282,1.53739400199845,-1.67569237291174,1.44204859704802,-0.923440217938323,-0.198289752150649,-0.387204107179503,-0.498503947160967,0.385499081131725,0.356857183154771,1.60111805970773,1.18835665723542,0.71494745350443,0.0774154968926355,-0.206677495461728
183,"Heidelberg","online",2,2,1,1,1,4,3,3,3,2,2,3,2,8,4.333333333,5.25,2.75,3.272727273,4,6,5,6,5,6,3,4,3,5,4,3,2,2,3,3,3,4,4,3,4,2,4,3,3,1,0,0,2,1,1,0,1,0,0,0,1,0,0,0,1,0,0,0,0,1.25,3.25,2.25,3.5,3,3.33333333333333,0.571428571428571,0.428571428571429,0,0.333333333333333,"low",0,-0.699364226067849,-1.33612217108123,-1.03576446714858,-1.25088532844895,-0.0189756020099236,0.126109709224951,0.628336682949313,-0.424242979886423,1.26408014315739,0.111164556064065,0.41374113598391,0.553697438171226,-0.539818778317748,-0.667015711412697,-1.17742877099413,-1.06723804757209,1.16008435663498,0.126599782407163,0.972726683473575,-0.364311374881151,1.16059627384549,0.218065885407261,2.53946059933039,0.429026918289586,1.3857831204319,-1.22740887830389,-0.359799142389609,-0.848835047309893,0.0661619032937078,0.248474573785588,-0.264586852871718,-1.84691256872431,-1.17862031195742
172,"Heidelberg","online",2,3,3,3,3,3,3,2,3,2,3,4,4,32,5.333333333,2.75,3.75,3.454545455,4,2,6,1,6,3,5,5,5,6,4,4,4,3,3,3,3,4,4,3,4,3,3,4,4,2,0,1,3,2,1,2,2,2,1,2,1,2,2,0,2,2,2,0,3,3,2.75,3.25,3.75,3.5,3,1.71428571428571,1.28571428571429,1.33333333333333,2.33333333333333,"high",1,0.282001704059617,0.473101624779737,0.672510578195996,0.540506006119915,-0.0189756020099236,0.882767964574655,1.46292128472932,1.23459473922004,0.355196073283896,0.111164556064065,-0.533508306926621,0.553697438171226,1.26649790297625,0.601047124569683,0.902496164569101,1.52995664162432,1.55665543336285,0.899524769735107,0.456707040411373,-0.364311374881151,-1.1084346435603,0.83005724122764,-0.923440217938323,1.05634358872982,-0.387204107179503,0.23040098398196,0.385499081131725,0.356857183154771,0.833639981500717,0.248474573785588,0.71494745350443,0.0774154968926355,-0.206677495461728
41,"Heidelberg","online",2,4,3,3,3,0,3,3,1,0,0,3,2,45,3.5,6.25,3.25,1.818181818,4,7,7,4,1,7,1,4,7,4,3,4,1,5,1,2,2,1,2,2,3,2,2,1,2,2,1,3,3,3,3,3,3,2,1,3,3,3,2,1,3,1,3,0,2,3.25,1.75,1.25,1.5,2,2,2.28571428571429,2.28571428571429,1.66666666666667,2.66666666666667,"high",1,1.26336763418708,0.473101624779737,0.672510578195996,0.540506006119915,-1.66985297687326,-1.38720680147446,0.628336682949313,-0.424242979886423,-2.3714561363366,0.111164556064065,0.41374113598391,-1.39263295055187,2.16965624362326,2.08045376654913,1.42247739845991,1.96282242315706,-2.01248425718799,-1.41925019224872,-1.09135188877523,-0.364311374881151,1.72785400319693,1.44204859704802,1.1543002724229,-2.08023976347136,1.97677886296904,-2.68521874058975,-0.359799142389609,1.56254941361943,-0.701316174913302,-0.691407509664245,0.71494745350443,-2.80907660153278,1.73720813752966
34,"Heidelberg","online",2,2,1,1,1,1,1,1,1,2,1,3,3,5,4.666666667,3.25,3.25,3.272727273,6,2,5,5,4,3,4,4,3,5,4,3,4,2,3,4,3,4,4,3,3,3,3,3,3,0,0,0,0,1,0,1,3,0,0,0,0,0,0,0,0,0,0,0,0,1.25,1,2.25,3.25,3.5,3,0.428571428571429,0,0.333333333333333,0.333333333333333,"low",0,-0.699364226067849,-1.33612217108123,-1.03576446714858,-1.25088532844895,-0.0189756020099236,-0.630548546124754,0.628336682949313,0.405175879666808,-1.4625720664631,-1.92490204974092,-1.48075774983715,-1.39263295055187,-0.765608363479498,-1.30104712940389,-0.657447537103319,-1.06723804757209,0.763513279907108,0.899524769735107,0.456707040411373,0.903492209705252,-1.1084346435603,0.218065885407261,1.84688043587665,-0.198289752150649,-0.387204107179503,-0.498503947160967,-0.359799142389609,-0.848835047309893,0.0661619032937078,0.248474573785588,-0.264586852871718,0.0774154968926355,-1.17862031195742
146,"Heidelberg","online",2,4,4,4,4,1,2,1,1,2,1,2,1,41,1.833333333,4.25,3.5,1.545454545,2,6,2,3,1,3,2,2,5,2,3,5,2,4,1,1,2,2,1,1,2,2,2,2,1,1,1,3,3,3,2,3,2,3,2,1,2,1,1,2,2,1,3,3,2,4,1.25,1.5,1.75,1.25,1.66666666666667,2,2.28571428571429,1.66666666666667,2,"high",1,1.26336763418708,1.37771352271022,1.52664810086828,1.43620167340435,-0.0189756020099236,-0.630548546124754,-0.20624791883069,-1.25366183943965,-1.4625720664631,-0.906868746838426,-1.48075774983715,-1.39263295055187,1.71807707329975,2.08045376654913,1.42247739845991,1.09709086009159,-1.61591318046012,-2.57863767324064,-1.60737153183743,-1.63211495946755,1.16059627384549,-1.61790818205388,0.461720108969161,-2.08023976347136,-0.387204107179503,-1.95631380944682,-1.85039558943228,0.356857183154771,-2.23627233132732,-0.691407509664245,1.69448175988058,-1.84691256872431,0.765265321033965
131,"Heidelberg","online",2,1,4,3,3,3,3,2,2,3,2,3,4,40,5,4.75,3.5,2.363636364,4,7,7,4,7,4,4,7,4,1,1,5,3,5,2,2,1,2,3,2,3,3,1,3,4,1,3,2,3,2,1,3,1,1,3,2,2,3,2,0,1,2,3,2,3,2.75,2.5,3,2.5,3,1.33333333333333,2,1.57142857142857,2.66666666666667,2.33333333333333,"high",1,-1.68073015619532,1.37771352271022,0.672510578195996,0.540506006119915,0.806463085421746,0.126109709224951,0.628336682949313,1.23459473922004,0.355196073283896,0.111164556064065,-0.533508306926621,-0.419467756190322,1.71807707329975,1.02373473656381,2.98242110013233,1.52995664162432,-0.426199950276506,0.126599782407163,-2.12339117489963,-0.364311374881151,1.72785400319693,1.44204859704802,1.1543002724229,1.68366025917006,0.203791635357633,-0.498503947160967,1.87609552817439,-0.245988932077561,-3.00375040953433,-2.57117167656391,1.69448175988058,-0.884748535915837,1.73720813752966
208,"Heidelberg","online",2,1,4,1,3,1,4,2,1,4,4,2,4,26,5.833333333,6.75,3.5,2.272727273,7,7,7,7,5,7,4,7,6,5,1,5,3,5,2,1,2,1,2,3,2,4,3,2,3,1,3,1,0,0,2,1,0,2,2,1,0,2,2,1,0,2,1,2,3,2.25,2,3.5,1.75,2.5,2.66666666666667,1,1.28571428571429,2,1.33333333333333,"high",1,-1.68073015619532,1.37771352271022,-1.03576446714858,0.540506006119915,1.63190177285342,1.63942621992436,-0.20624791883069,1.23459473922004,-1.4625720664631,1.12919785896656,-0.533508306926621,-1.39263295055187,0.137549977167503,0.601047124569683,1.94245863235071,0.231359297026117,-1.61591318046012,-0.646325204920781,-0.0593126026508282,1.53739400199845,1.72785400319693,1.44204859704802,3.23204076278413,0.429026918289586,1.97677886296904,-0.498503947160967,1.87609552817439,0.959703298387103,0.0661619032937078,-2.57117167656391,1.69448175988058,-0.884748535915837,1.73720813752966
98,"Heidelberg","online",2,4,4,4,4,0,2,1,1,1,1,1,1,39,3.166666667,3.5,4,2.181818182,3,3,3,4,4,4,3,3,3,3,4,4,4,4,2,2,2,2,2,2,2,2,2,3,3,1,1,1,2,2,2,3,2,2,3,3,2,2,1,2,2,2,2,2,2,4,1,1,2.25,2.25,2,2,1.71428571428571,2,2.33333333333333,"high",1,1.26336763418708,1.37771352271022,1.52664810086828,1.43620167340435,-0.844414289441593,-0.630548546124754,-1.04083252061069,-1.25366183943965,-2.3714561363366,-0.906868746838426,-1.48075774983715,-1.39263295055187,1.71807707329975,1.23507854256087,1.94245863235071,1.52995664162432,-0.822771027004377,-1.03278769858475,-1.09135188877523,-0.998213167174352,-0.54117691420885,-1.0059168262335,1.1543002724229,-0.198289752150649,0.203791635357633,-1.22740887830389,-1.10509736591094,-0.848835047309893,-1.46879425312031,0.248474573785588,0.71494745350443,0.0774154968926355,0.765265321033965
18,"Heidelberg","online",2,2,4,4,4,0,1,0,0,3,2,2,4,58,4.5,5.75,4.5,1.636363636,5,7,5,2,2,7,6,4,7,5,4,4,5,5,2,1,2,2,1,1,1,2,1,2,3,2,3,3,3,3,3,3,3,3,3,3,3,3,3,2,3,3,3,3,3,3.5,0.25,2.75,1.75,1.75,1.33333333333333,2.71428571428571,3,3,3,"high",1,-0.699364226067849,1.37771352271022,1.52664810086828,1.43620167340435,0.806463085421746,0.126109709224951,-0.20624791883069,1.23459473922004,-2.3714561363366,-1.92490204974092,-2.42800719274768,-2.36579814491342,2.84702499910851,3.13717279653444,3.50240233402313,2.39568820468979,-1.61591318046012,-1.8057126859127,-2.12339117489963,0.269590417412051,1.72785400319693,0.218065885407261,-0.230860054484581,-1.45292309303112,1.97677886296904,0.959305915124886,-0.359799142389609,1.56254941361943,0.0661619032937078,0.248474573785588,0.71494745350443,1.03957952970111,1.73720813752966
213,"Heidelberg","online",2,1,1,0,0,3,3,3,3,1,0,1,3,11,5.5,4,3.75,2.909090909,6,4,5,4,6,4,6,5,4,5,4,3,5,3,2,4,3,4,4,3,2,2,3,2,3,0,0,0,3,0,1,1,2,0,0,2,1,0,0,0,0,1,0,0,0,0.5,3,1.25,2.5,3.25,3,0.714285714285714,0.285714285714286,0.666666666666667,0.666666666666667,"low",0,-1.68073015619532,-1.33612217108123,-1.88990198982087,-2.14658099573338,-0.844414289441593,-1.38720680147446,-1.04083252061069,0.405175879666808,0.355196073283896,0.111164556064065,0.41374113598391,0.553697438171226,-0.314029193155997,-0.87835951740976,-0.137466303212512,-0.634372266039353,-0.426199950276506,0.513062276071135,0.456707040411373,0.903492209705252,0.0260808151425952,0.218065885407261,1.1543002724229,1.05634358872982,0.203791635357633,0.959305915124886,0.385499081131725,-0.245988932077561,0.0661619032937078,0.248474573785588,-0.264586852871718,1.03957952970111,-0.206677495461728
158,"Heidelberg","online",2,3,3,2,3,3,4,3,1,3,2,3,1,6,4.833333333,4,3.25,3.181818182,6,5,4,1,6,5,5,3,5,5,2,4,3,4,2,4,3,4,4,3,3,2,3,4,3,0,1,0,0,1,0,0,1,0,0,1,0,0,0,0,0,0,1,0,1,2.75,2.75,2.25,3.25,3.25,3,0.285714285714286,0,0.333333333333333,1,"low",0,0.282001704059617,0.473101624779737,-0.181626944476291,0.540506006119915,0.806463085421746,0.126109709224951,0.628336682949313,-1.25366183943965,0.355196073283896,1.12919785896656,0.41374113598391,-1.39263295055187,-0.991397948641248,-1.30104712940389,-0.657447537103319,-0.201506484506618,0.763513279907108,0.513062276071135,0.456707040411373,0.903492209705252,0.59333854449404,-0.393925470413118,-0.923440217938323,1.05634358872982,0.794787377894768,0.23040098398196,-1.10509736591094,0.356857183154771,0.0661619032937078,-1.63128959311408,0.71494745350443,-0.884748535915837,0.765265321033965
63,"Heidelberg","online",2,1,1,4,0,4,4,4,4,2,4,4,4,0,6.166666667,1.25,4.5,4,6,2,6,1,6,1,7,6,1,6,5,4,5,4,4,4,4,4,4,4,4,4,4,4,4,0,0,0,0,0,0,0,0,0,0,0,0,0,0,0,0,0,0,0,0,1.5,4,3.5,4,4,4,0,0,0,0,"low",0,-1.68073015619532,-1.33612217108123,1.52664810086828,-2.14658099573338,-0.0189756020099236,1.63942621992436,1.46292128472932,1.23459473922004,1.26408014315739,1.12919785896656,1.36099057889444,1.52686263253277,-1.44297711896475,-1.30104712940389,-1.17742877099413,-1.50010382910482,1.95322651009072,1.67244975706305,2.00476596959798,0.903492209705252,-1.1084346435603,0.83005724122764,-0.923440217938323,1.05634358872982,-1.56919559225377,1.68821084626781,1.13079730465306,-2.05452727777456,0.833639981500717,1.18835665723542,0.71494745350443,1.03957952970111,0.765265321033965
70,"Heidelberg","online",2,3,3,3,3,2,2,1,3,1,1,0,3,26,5.666666667,2.25,3.25,2.454545455,5,3,6,2,6,2,6,5,2,6,4,3,4,2,3,3,3,3,3,2,2,1,2,3,2,1,0,1,1,2,2,2,1,0,0,1,2,2,2,0,2,2,2,2,1,3,2,1.25,2.75,2.25,2.33333333333333,1,1.57142857142857,1.33333333333333,1.33333333333333,"high",1,0.282001704059617,0.473101624779737,0.672510578195996,0.540506006119915,-0.844414289441593,-0.630548546124754,-1.8754171223907,0.405175879666808,-0.553687996589603,-0.906868746838426,-1.48075774983715,0.553697438171226,0.137549977167503,1.02373473656381,0.902496164569101,0.231359297026117,-0.0296288735486342,-1.03278769858475,-0.575332245713029,0.269590417412051,-0.54117691420885,0.83005724122764,-0.230860054484581,1.05634358872982,-0.978199849716638,0.959305915124886,0.385499081131725,-1.45168116254222,0.833639981500717,0.248474573785588,-0.264586852871718,0.0774154968926355,-1.17862031195742
79,"Heidelberg","online",2,2,3,3,2,3,3,2,3,1,1,1,1,40,2.666666667,3.75,3.5,1.727272727,2,4,3,3,2,4,3,2,4,4,3,5,2,4,1,1,2,2,2,1,2,2,2,1,3,2,1,2,2,2,3,3,3,2,2,1,2,2,3,0,3,2,3,0,2,2.5,2.75,1,1.5,2,1.66666666666667,2,2.14285714285714,2,1.66666666666667,"high",1,-0.699364226067849,0.473101624779737,0.672510578195996,-0.355189661164515,-0.844414289441593,-0.630548546124754,-1.04083252061069,-1.25366183943965,0.355196073283896,0.111164556064065,-0.533508306926621,0.553697438171226,1.71807707329975,1.86910996055206,1.94245863235071,0.664225078558852,-2.01248425718799,-1.41925019224872,-1.60737153183743,-1.63211495946755,0.0260808151425952,-1.0059168262335,0.461720108969161,-1.45292309303112,0.203791635357633,-1.22740887830389,-1.85039558943228,-0.245988932077561,-0.701316174913302,-0.691407509664245,1.69448175988058,-1.84691256872431,0.765265321033965
78,"Heidelberg","online",2,1,3,1,3,3,3,3,3,2,0,0,1,6,4.333333333,3.75,2.5,3.090909091,5,5,5,1,2,4,5,4,5,5,2,2,4,2,3,4,2,4,4,3,2,2,3,3,4,0,0,0,0,2,0,0,1,0,0,0,1,0,0,0,1,0,0,0,1,2,3,0.75,3,3.5,2.66666666666667,0.142857142857143,0.285714285714286,0,1,"low",0,-1.68073015619532,0.473101624779737,-1.03576446714858,0.540506006119915,-0.0189756020099236,-1.38720680147446,-1.8754171223907,-1.25366183943965,0.355196073283896,0.111164556064065,0.41374113598391,0.553697438171226,-1.217187533803,-0.87835951740976,-1.17742877099413,-0.201506484506618,0.366942203179237,0.899524769735107,-0.0593126026508282,0.269590417412051,0.59333854449404,0.218065885407261,-0.923440217938323,-1.45292309303112,0.203791635357633,0.23040098398196,-0.359799142389609,0.356857183154771,0.0661619032937078,-1.63128959311408,-1.24412115924787,0.0774154968926355,-1.17862031195742
210,"Heidelberg","online",2,3,1,1,2,3,3,3,2,3,1,1,3,4,5,1.25,3.5,3.545454545,1,1,4,2,6,1,7,5,1,7,5,2,5,2,3,3,3,4,4,4,4,3,3,4,4,0,0,0,0,1,0,0,0,0,0,0,0,0,0,0,1,1,1,0,0,1.75,2.75,2,3.75,3.5,3.33333333333333,0.142857142857143,0.142857142857143,0.333333333333333,0.333333333333333,"low",0,0.282001704059617,-1.33612217108123,-1.03576446714858,-0.355189661164515,0.806463085421746,-0.630548546124754,-1.04083252061069,0.405175879666808,0.355196073283896,0.111164556064065,0.41374113598391,-0.419467756190322,-1.217187533803,-1.08970332340682,-0.657447537103319,-1.06723804757209,1.55665543336285,0.899524769735107,0.972726683473575,-2.26601675176076,-1.67569237291174,-0.393925470413118,-0.230860054484581,1.05634358872982,-1.56919559225377,1.68821084626781,0.385499081131725,-2.05452727777456,1.60111805970773,1.18835665723542,-1.24412115924787,1.03957952970111,-1.17862031195742
46,"Heidelberg","online",2,3,1,1,1,4,3,4,3,3,3,3,3,7,5.333333333,2.5,3.5,3.272727273,6,2,5,1,6,2,5,5,5,5,4,2,4,4,3,4,3,4,4,3,3,2,3,4,3,0,0,0,0,1,0,1,1,0,0,0,1,0,0,0,1,0,0,1,1,1.5,3.5,3,3.5,3.25,3,0.142857142857143,0.428571428571429,0.333333333333333,0.666666666666667,"low",0,0.282001704059617,-1.33612217108123,-1.03576446714858,-1.25088532844895,0.806463085421746,0.882767964574655,0.628336682949313,0.405175879666808,1.26408014315739,0.111164556064065,1.36099057889444,0.553697438171226,-1.217187533803,-0.667015711412697,-0.657447537103319,-0.634372266039353,1.16008435663498,0.513062276071135,0.456707040411373,0.903492209705252,-1.1084346435603,0.218065885407261,-0.923440217938323,1.05634358872982,-0.978199849716638,0.23040098398196,0.385499081131725,0.356857183154771,0.0661619032937078,0.248474573785588,-1.24412115924787,0.0774154968926355,0.765265321033965
100,"Heidelberg","online",2,3,3,3,3,1,3,3,3,2,2,2,2,25,4.5,4.25,3.75,2.090909091,4,5,4,2,6,5,4,4,5,5,4,4,4,3,2,2,2,2,2,2,2,3,2,2,2,1,0,1,2,2,1,2,2,1,1,1,1,0,1,1,2,2,2,1,1,3,2.5,2,2,2.25,2,1.28571428571429,1.14285714285714,1.33333333333333,1.33333333333333,"high",1,0.282001704059617,0.473101624779737,0.672510578195996,0.540506006119915,-0.0189756020099236,0.126109709224951,-0.20624791883069,-0.424242979886423,-1.4625720664631,0.111164556064065,0.41374113598391,0.553697438171226,0.589129147491004,0.38970331857262,0.902496164569101,0.231359297026117,-1.21934210373225,-1.03278769858475,-1.09135188877523,-0.364311374881151,0.59333854449404,-0.393925470413118,-0.230860054484581,1.05634358872982,0.794787377894768,-0.498503947160967,-0.359799142389609,0.356857183154771,0.0661619032937078,0.248474573785588,0.71494745350443,0.0774154968926355,-0.206677495461728
138,"Heidelberg","online",2,4,4,4,4,1,1,1,1,2,1,1,3,34,3.333333333,4.25,4.75,2.090909091,3,5,3,2,5,5,3,3,5,3,5,5,4,5,1,3,1,2,2,1,3,3,2,4,1,0,0,0,3,2,2,3,2,2,3,2,2,1,1,1,2,2,2,2,2,4,1,1.75,2.5,2.25,1.33333333333333,1.71428571428571,1.57142857142857,1.66666666666667,2,"high",1,1.26336763418708,1.37771352271022,1.52664810086828,1.43620167340435,-0.0189756020099236,-0.630548546124754,-1.04083252061069,0.405175879666808,-1.4625720664631,-1.92490204974092,-1.48075774983715,-1.39263295055187,1.26649790297625,1.02373473656381,1.42247739845991,1.09709086009159,-0.426199950276506,-1.03278769858475,-2.12339117489963,-0.998213167174352,0.59333854449404,-1.0059168262335,-0.230860054484581,0.429026918289586,0.794787377894768,-1.22740887830389,-1.10509736591094,0.356857183154771,-1.46879425312031,1.18835665723542,1.69448175988058,0.0774154968926355,1.73720813752966
141,"Heidelberg","online",2,1,1,1,1,3,2,3,2,1,0,1,3,20,5,3.75,3.75,2.545454545,5,6,5,2,5,2,5,5,5,5,4,4,4,3,2,3,3,3,3,3,2,2,2,2,3,1,0,0,2,1,1,1,3,0,2,0,2,1,3,0,2,1,0,0,0,1,2.5,1.25,2.25,2.75,2.66666666666667,1.28571428571429,1.14285714285714,0.666666666666667,0.333333333333333,"low",0,-1.68073015619532,-1.33612217108123,-1.03576446714858,-1.25088532844895,-0.844414289441593,-1.38720680147446,-1.04083252061069,0.405175879666808,0.355196073283896,-0.906868746838426,0.41374113598391,-0.419467756190322,0.589129147491004,0.38970331857262,-0.137466303212512,-1.06723804757209,-0.822771027004377,-0.259862711256809,-0.0593126026508282,0.269590417412051,1.16059627384549,0.218065885407261,-0.230860054484581,0.429026918289586,-0.978199849716638,0.23040098398196,0.385499081131725,0.356857183154771,0.0661619032937078,0.248474573785588,0.71494745350443,0.0774154968926355,-0.206677495461728
25,"Heidelberg","online",2,2,1,2,2,3,3,2,2,3,3,3,3,8,6,3.5,2.75,3.181818182,6,4,6,4,6,3,6,6,3,6,3,2,4,2,3,3,3,3,3,3,4,3,4,3,3,1,0,1,0,1,0,1,1,0,0,1,1,0,0,0,0,0,1,0,0,1.75,2.5,3,3.25,3,3.33333333333333,0.428571428571429,0.285714285714286,0.333333333333333,0.666666666666667,"low",0,-0.699364226067849,-1.33612217108123,-0.181626944476291,-0.355189661164515,0.806463085421746,0.882767964574655,0.628336682949313,0.405175879666808,0.355196073283896,0.111164556064065,-0.533508306926621,-0.419467756190322,-0.765608363479498,-0.87835951740976,-0.657447537103319,-0.634372266039353,0.763513279907108,0.126599782407163,0.972726683473575,0.903492209705252,0.0260808151425952,0.83005724122764,1.1543002724229,1.05634358872982,-0.387204107179503,0.959305915124886,1.13079730465306,-0.848835047309893,0.833639981500717,-0.691407509664245,-1.24412115924787,0.0774154968926355,-1.17862031195742
14,"Heidelberg","online",2,4,4,4,4,0,1,0,1,3,3,3,4,48,4.666666667,5.25,4.75,1.545454545,5,7,5,1,5,6,5,3,7,5,5,4,5,5,1,1,2,2,1,2,1,2,1,2,2,1,3,2,3,3,3,3,3,3,3,3,2,3,3,0,2,1,3,2,2,4,0.5,3.25,1.5,1.5,1.66666666666667,2.28571428571429,2.42857142857143,2.33333333333333,2.66666666666667,"high",1,1.26336763418708,1.37771352271022,1.52664810086828,1.43620167340435,0.806463085421746,0.882767964574655,0.628336682949313,1.23459473922004,-2.3714561363366,-1.92490204974092,-2.42800719274768,-1.39263295055187,2.16965624362326,2.29179757254619,2.46243986624152,1.96282242315706,-2.01248425718799,-2.19217517957667,-1.60737153183743,0.269590417412051,1.72785400319693,0.218065885407261,-0.923440217938323,0.429026918289586,1.3857831204319,0.23040098398196,-1.10509736591094,1.56254941361943,0.0661619032937078,1.18835665723542,0.71494745350443,1.03957952970111,1.73720813752966
122,"Heidelberg","online",2,3,4,1,2,2,3,2,3,2,1,1,3,13,4.5,3,3.25,3.545454545,5,3,4,2,3,2,6,4,5,5,4,2,4,3,3,4,4,3,4,4,3,3,3,4,4,0,0,0,1,1,0,0,0,0,0,1,0,3,3,3,0,0,1,0,0,2.5,2.5,1.75,3.25,3.75,3.66666666666667,1.14285714285714,0.428571428571429,0,0.666666666666667,"low",0,0.282001704059617,1.37771352271022,-1.03576446714858,-0.355189661164515,-0.0189756020099236,-0.630548546124754,-1.04083252061069,0.405175879666808,-0.553687996589603,0.111164556064065,-0.533508306926621,0.553697438171226,0.363339562329253,-0.667015711412697,-1.17742877099413,-0.634372266039353,0.763513279907108,1.28598726339908,1.48874632653578,0.269590417412051,-0.54117691420885,-0.393925470413118,-0.230860054484581,-0.825606422590885,-0.978199849716638,0.959305915124886,-0.359799142389609,0.356857183154771,0.0661619032937078,0.248474573785588,-1.24412115924787,0.0774154968926355,-0.206677495461728
189,"Heidelberg","online",2,4,4,4,4,1,3,1,1,0,0,0,3,10,1,1.75,1.5,3.545454545,1,4,1,1,1,1,1,1,1,1,1,1,1,3,3,4,2,4,4,2,4,4,4,4,4,1,0,0,0,2,1,1,2,1,0,0,0,0,1,0,0,0,1,0,0,4,1.5,0.75,3.75,4,2.66666666666667,0.571428571428571,0.428571428571429,0.333333333333333,0.666666666666667,"low",0,1.26336763418708,1.37771352271022,1.52664810086828,1.43620167340435,-1.66985297687326,-1.38720680147446,-1.8754171223907,0.405175879666808,-1.4625720664631,0.111164556064065,-1.48075774983715,-1.39263295055187,-0.539818778317748,-0.667015711412697,-0.657447537103319,-0.634372266039353,1.55665543336285,1.67244975706305,-0.0593126026508282,-2.26601675176076,0.0260808151425952,-2.22989953787425,-0.923440217938323,-2.08023976347136,-1.56919559225377,-2.68521874058975,-2.59569381295361,-2.05452727777456,-3.00375040953433,-2.57117167656391,-2.22365546562401,-2.80907660153278,-0.206677495461728
150,"Heidelberg","online",2,3,4,3,3,3,4,4,3,2,3,3,4,41,4.166666667,5,4.5,1.727272727,3,6,5,5,2,6,5,5,3,5,5,4,5,4,2,2,2,1,2,2,1,1,1,3,2,2,1,2,2,2,2,3,2,1,3,2,2,1,3,2,3,2,3,1,2,3.25,3.5,3,1.75,1.75,1.66666666666667,2.14285714285714,2,2,2,"high",1,0.282001704059617,1.37771352271022,0.672510578195996,0.540506006119915,-0.0189756020099236,0.882767964574655,0.628336682949313,1.23459473922004,0.355196073283896,1.12919785896656,1.36099057889444,0.553697438171226,1.9438666584615,1.657766154555,1.94245863235071,1.09709086009159,-1.61591318046012,-1.8057126859127,-1.60737153183743,-0.998213167174352,1.16059627384549,0.218065885407261,1.84688043587665,-1.45292309303112,1.3857831204319,0.23040098398196,0.385499081131725,-0.848835047309893,0.0661619032937078,1.18835665723542,0.71494745350443,1.03957952970111,0.765265321033965
97,"Heidelberg","online",2,3,3,1,1,3,3,3,3,2,2,3,1,8,5,3.75,3.75,3.090909091,6,4,4,3,5,4,5,5,4,5,4,4,4,3,3,3,3,4,4,3,2,3,3,3,3,0,0,0,0,1,1,0,1,0,0,1,1,0,1,0,1,1,0,0,0,2,3,2,3,3.25,3,0.142857142857143,0.571428571428571,0.333333333333333,0.666666666666667,"low",0,0.282001704059617,0.473101624779737,-1.03576446714858,-1.25088532844895,-0.0189756020099236,0.126109709224951,0.628336682949313,-1.25366183943965,0.355196073283896,0.111164556064065,0.41374113598391,0.553697438171226,-1.217187533803,-0.455671905415634,-0.657447537103319,-0.634372266039353,0.366942203179237,0.513062276071135,0.456707040411373,0.903492209705252,0.0260808151425952,-0.393925470413118,0.461720108969161,0.429026918289586,0.203791635357633,0.23040098398196,0.385499081131725,-0.245988932077561,0.0661619032937078,0.248474573785588,0.71494745350443,0.0774154968926355,-0.206677495461728
113,"Heidelberg","online",2,3,4,3,3,3,4,3,3,0,1,3,4,29,5,3.25,4,2.363636364,1,1,1,1,7,4,7,7,7,7,4,4,5,3,2,2,2,2,2,1,2,3,3,4,3,3,1,0,2,1,2,2,2,0,2,3,2,1,0,1,1,1,1,2,2,3.25,3.25,2,2.5,2.5,2,1.71428571428571,1,1.33333333333333,2,"high",1,0.282001704059617,1.37771352271022,0.672510578195996,0.540506006119915,-1.66985297687326,-0.630548546124754,0.628336682949313,1.23459473922004,0.355196073283896,1.12919785896656,0.41374113598391,0.553697438171226,1.26649790297625,0.178359512575556,0.902496164569101,1.09709086009159,-0.426199950276506,-0.646325204920781,-1.09135188877523,-2.26601675176076,-1.67569237291174,-2.22989953787425,-0.923440217938323,1.68366025917006,0.203791635357633,1.68821084626781,1.87609552817439,1.56254941361943,1.60111805970773,0.248474573785588,0.71494745350443,1.03957952970111,-0.206677495461728
205,"Heidelberg","online",2,3,2,2,3,4,4,2,3,4,4,3,0,21,5,5.5,4.25,2.818181818,7,7,1,4,4,7,7,4,4,7,5,3,5,4,2,2,1,2,3,2,3,4,4,4,4,1,2,2,3,2,0,2,3,0,0,2,0,0,1,0,0,0,1,1,1,2.5,3.25,2.75,2.75,3.25,2.33333333333333,1.14285714285714,0.571428571428571,1.33333333333333,1.66666666666667,"low",0,0.282001704059617,-0.431510273150749,-0.181626944476291,0.540506006119915,1.63190177285342,1.63942621992436,0.628336682949313,-2.08308069899288,1.26408014315739,1.12919785896656,-0.533508306926621,0.553697438171226,0.363339562329253,-0.455671905415634,0.902496164569101,0.664225078558852,-0.0296288735486342,0.513062276071135,-0.575332245713029,1.53739400199845,1.72785400319693,-2.22989953787425,1.1543002724229,-0.198289752150649,1.97677886296904,1.68821084626781,-0.359799142389609,-0.245988932077561,1.60111805970773,1.18835665723542,-0.264586852871718,1.03957952970111,0.765265321033965
222,"Heidelberg","online",2,2,1,2,2,2,2,3,2,3,2,2,1,26,5.5,4.75,3,2.363636364,4,7,4,4,7,4,4,7,4,7,2,3,4,3,2,2,2,3,2,2,2,4,3,2,2,2,1,1,1,1,2,2,2,1,2,1,2,1,2,1,0,1,0,2,1,1.75,2.25,2,2.25,2.5,2.33333333333333,1.28571428571429,1.42857142857143,1.33333333333333,1,"high",1,-0.699364226067849,-1.33612217108123,-0.181626944476291,-0.355189661164515,0.806463085421746,0.126109709224951,-0.20624791883069,-1.25366183943965,-0.553687996589603,-0.906868746838426,0.41374113598391,-0.419467756190322,0.589129147491004,0.812390930566746,0.902496164569101,-0.201506484506618,-0.822771027004377,-0.646325204920781,-0.575332245713029,-0.364311374881151,1.72785400319693,-0.393925470413118,1.1543002724229,1.68366025917006,0.203791635357633,-0.498503947160967,1.87609552817439,-0.245988932077561,1.60111805970773,-1.63128959311408,-0.264586852871718,0.0774154968926355,-0.206677495461728
87,"Heidelberg","online",2,1,2,1,0,4,0,4,0,0,0,0,0,9,3.333333333,3,2.75,2.636363636,4,4,4,2,4,2,2,2,4,4,3,3,3,2,3,3,2,4,2,3,3,2,2,1,4,1,0,0,0,0,0,1,2,0,0,0,1,0,0,0,2,0,0,1,1,1,2,0,2.75,2.75,2.33333333333333,0.428571428571429,0.571428571428571,0.333333333333333,0.333333333333333,"low",0,-1.68073015619532,-0.431510273150749,-1.03576446714858,-2.14658099573338,-1.66985297687326,-1.38720680147446,-1.8754171223907,-2.08308069899288,1.26408014315739,-2.94293535264341,1.36099057889444,-2.36579814491342,-0.765608363479498,-0.455671905415634,-0.657447537103319,-1.06723804757209,-0.0296288735486342,-0.259862711256809,-0.575332245713029,-0.364311374881151,0.0260808151425952,-0.393925470413118,-0.230860054484581,-0.198289752150649,-0.978199849716638,-1.95631380944682,-1.85039558943228,-0.245988932077561,-0.701316174913302,-0.691407509664245,-0.264586852871718,-0.884748535915837,-1.17862031195742
4,"Heidelberg","online",2,1,2,1,1,3,4,3,3,0,0,2,3,6,4.333333333,3,4.75,3.090909091,6,5,6,1,2,3,6,2,3,4,5,5,4,5,3,3,3,3,3,3,2,4,4,4,2,1,0,0,1,1,0,1,1,0,0,0,1,0,0,0,0,0,0,0,0,1.25,3.25,1.25,3,3,3.33333333333333,0.428571428571429,0.142857142857143,0.333333333333333,0.333333333333333,"low",0,-1.68073015619532,-0.431510273150749,-1.03576446714858,-1.25088532844895,-1.66985297687326,-1.38720680147446,-0.20624791883069,0.405175879666808,0.355196073283896,1.12919785896656,0.41374113598391,0.553697438171226,-0.765608363479498,-1.08970332340682,-0.657447537103319,-1.06723804757209,0.366942203179237,0.126599782407163,0.972726683473575,0.903492209705252,0.59333854449404,0.83005724122764,-0.923440217938323,-1.45292309303112,-0.387204107179503,0.959305915124886,-1.85039558943228,-0.848835047309893,-0.701316174913302,1.18835665723542,1.69448175988058,0.0774154968926355,1.73720813752966
212,"Heidelberg","online",2,3,3,3,3,1,2,2,1,2,1,3,4,30,5.333333333,1.75,4,2.818181818,5,1,5,1,5,2,6,5,3,6,4,4,5,3,2,2,2,3,2,3,3,4,4,3,3,1,2,1,2,3,1,2,2,0,2,2,2,1,1,1,2,1,1,1,2,3,1.5,2.5,2.75,2.75,3,1.42857142857143,1.14285714285714,1.66666666666667,2.33333333333333,"high",1,0.282001704059617,0.473101624779737,0.672510578195996,0.540506006119915,-0.0189756020099236,-0.630548546124754,0.628336682949313,1.23459473922004,-1.4625720664631,-0.906868746838426,-0.533508306926621,-1.39263295055187,0.814918732652754,0.38970331857262,1.42247739845991,1.52995664162432,-0.0296288735486342,-0.259862711256809,0.456707040411373,0.269590417412051,-1.67569237291174,0.218065885407261,-0.923440217938323,0.429026918289586,-0.978199849716638,0.959305915124886,0.385499081131725,-0.848835047309893,0.833639981500717,0.248474573785588,0.71494745350443,1.03957952970111,-0.206677495461728
