"recode","Age","Gender","Language","location","type","id","BMW3_UN_01","BMW3_UN_02","BMW3_UN_03","BMW3_UN_04","BMW3_ME_01","BMW3_ME_02","BMW3_ME_03","BMW3_ME_04","BMW3_IN_01","BMW3_IN_02","BMW3_IN_03","BMW3_IN_04","BMW3_UN_01_z","BMW3_UN_02_z","BMW3_UN_03_z","BMW3_UN_04_z","BMW3_ME_01_z","BMW3_ME_02_z","BMW3_ME_03_z","BMW3_ME_04_z","BMW3_IN_01_z","BMW3_IN_02_z","BMW3_IN_03_z","BMW3_IN_04_z","MWsum_nback_easy","MWsum_nback_difficult","MWsum_int_nback_easy","MWsum_int_nback_difficult","MWsum_unint_nback_easy","MWsum_unint_nback_difficult","MWsum_cmt_easy","MWsum_cmt_difficult","MWsum_int_cmt_easy","MWsum_int_cmt_difficult","MWsum_unint_cmt_easy","MWsum_unint_cmt_difficult","MWsum_ms_easy","MWsum_ms_difficult","MWsum_int_ms_easy","MWsum_int_ms_difficult","MWsum_unint_ms_easy","MWsum_unint_ms_difficult","MWsum_nback_easy_z","MWsum_nback_difficult_z","MWsum_int_nback_easy_z","MWsum_int_nback_difficult_z","MWsum_unint_nback_easy_z","MWsum_unint_nback_difficult_z","MWsum_cmt_easy_z","MWsum_cmt_difficult_z","MWsum_int_cmt_easy_z","MWsum_int_cmt_difficult_z","MWsum_unint_cmt_easy_z","MWsum_unint_cmt_difficult_z","MWsum_ms_easy_z","MWsum_ms_difficult_z","MWsum_int_ms_easy_z","MWsum_int_ms_difficult_z","MWsum_unint_ms_easy_z","MWsum_unint_ms_difficult_z"
103,19,"weiblich","deutsch","Heidelberg","lab",4,4,4,3,2,4,4,0,4,3,4,0,3,1.39641826659618,1.39727062802617,0.844830855744117,-0.354306186253517,1.19591848569397,0.991575666225303,-2.74834159023747,1.26064306202538,0.713840017720661,1.47330109405514,-2.19711267345378,0.240852686192106,NA,1,1,0,3,1,NA,3,2,0,NA,3,NA,3,1,0,3,3,0.393304412049862,-0.297730924743109,0.119726026362734,-0.323486370666634,0.382942749995776,-0.147670784073403,1.24759845126552,0.368471394412359,0.979513571845769,-0.413250186887226,0.729124925668557,0.622482573570663,-0.0683448092085732,-0.186060740269542,-0.113326910987671,-0.521804677398393,0.0188595456865111,0.123831472659943
585,20,"weiblich","deutsch","Heidelberg","lab",4,3,3,1,1,4,4,3,3,0,3,3,3,0.411215195071269,0.551554195273488,-0.988292699172365,-1.32443026766195,1.19591848569397,0.991575666225303,0.24275572405883,0.287663517509148,-1.64285669150066,0.736650547027571,0.30455027156785,0.240852686192106,NA,1,2,0,2,1,2,3,0,0,2,3,3,3,0,0,3,3,0.393304412049862,-0.297730924743109,0.88255185147387,-0.323486370666634,-0.24497072977671,-0.147670784073403,-0.661248578801105,0.368471394412359,-0.609079348311369,-0.413250186887226,-0.326685843319029,0.622482573570663,-0.516606351958921,-0.186060740269542,-0.701045542388849,-0.521804677398393,0.0188595456865111,0.123831472659943
130,20,"weiblich","deutsch","Heidelberg","lab",4,4,2,3,4,1,3,1,1,1,1,3,1,1.39641826659618,-0.294162237479194,0.844830855744117,1.58594197656336,-1.69946311124933,-0.0220350148050064,-1.7513091521387,-1.65829557152332,-0.857291121760219,-0.736650547027571,0.30455027156785,-1.43781755090439,NA,0,0,0,NA,0,NA,2,0,0,NA,2,2,3,0,0,2,3,0.393304412049862,-0.870092961102706,-0.643099798748402,-0.323486370666634,1.01085622976826,-0.83372463508109,0.293174936232205,-0.154898802746597,-0.609079348311369,-0.413250186887226,0.729124925668557,0.0367711224894062,-0.96486789470927,-0.186060740269542,-0.701045542388849,-0.521804677398393,-0.448438086323711,0.123831472659943
286,22,"weiblich","deutsch","Heidelberg","lab",4,1,2,1,1,3,3,3,2,0,1,2,1,-1.55919094797856,-0.294162237479194,-0.988292699172365,-1.32443026766195,0.230791286712872,-0.0220350148050064,0.24275572405883,-0.685316027007087,-1.64285669150066,-0.736650547027571,-0.529337376772693,-1.43781755090439,NA,3,2,2,3,1,2,0,0,0,2,0,NA,0,0,0,NA,0,0.906210165775706,0.846993147976085,0.88255185147387,1.7982036487057,0.382942749995776,-0.147670784073403,-0.661248578801105,-1.20163919706451,-0.609079348311369,-0.413250186887226,-0.326685843319029,-1.13465177967311,-0.0683448092085732,-1.55391387477859,-0.701045542388849,-0.521804677398393,0.486157177696733,-1.41030288307157
418,24,"männlich","deutsch","Heidelberg","lab",4,1,0,1,1,3,4,3,3,1,2,2,3,-1.55919094797856,-1.98559510298456,-0.988292699172365,-1.32443026766195,0.230791286712872,0.991575666225303,0.24275572405883,0.287663517509148,-0.857291121760219,0,-0.529337376772693,0.240852686192106,3,0,0,0,3,0,NA,NA,0,2,NA,NA,NA,NA,0,1,NA,3,-0.119601341675981,-0.870092961102706,-0.643099798748402,-0.323486370666634,0.382942749995776,-0.83372463508109,0.293174936232205,2.98532238020714,-0.609079348311369,1.89061960500906,0.729124925668557,2.37961692681443,-0.0683448092085732,0.269890304566808,-0.701045542388849,0.28069492991086,0.486157177696733,0.123831472659943
579,24,"weiblich","deutsch","Heidelberg","lab",4,4,4,4,2,4,1,1,4,0,0,2,0,1.39641826659618,1.39727062802617,1.76139263320236,-0.354306186253517,1.19591848569397,-2.04925637686562,-1.7513091521387,1.26064306202538,-1.64285669150066,-1.47330109405514,-0.529337376772693,-2.27715266945263,NA,1,1,0,NA,1,NA,NA,3,2,NA,3,3,NA,0,1,3,NA,1.41911591950155,-0.297730924743109,0.119726026362734,-0.323486370666634,1.63876970954075,-0.147670784073403,2.20202196629883,1.41521178873027,1.77381003192434,1.89061960500906,1.25703031016235,0.622482573570663,-0.516606351958921,0.725841349403158,-0.701045542388849,0.28069492991086,0.0188595456865111,0.635209591237114
196,27,"weiblich","deutsch","Heidelberg","lab",4,3,1,1,3,3,3,3,3,2,3,3,3,0.411215195071269,-1.13987867023188,-0.988292699172365,0.615817895154921,0.230791286712872,-0.0220350148050064,0.24275572405883,0.287663517509148,-0.0717255520197794,0.736650547027571,0.30455027156785,0.240852686192106,2,3,0,1,2,2,1,3,0,0,1,3,3,2,1,0,2,2,-0.632507095401825,0.846993147976085,-0.643099798748402,0.737358639019534,-0.24497072977671,0.538383066934283,-1.13846033631776,0.368471394412359,-0.609079348311369,-0.413250186887226,-0.854591227812821,0.622482573570663,-0.516606351958921,-0.642011785105892,-0.113326910987671,-0.521804677398393,-0.448438086323711,-0.387546645917229
584,24,"weiblich","deutsch","Heidelberg","lab",4,3,2,3,4,3,4,3,2,2,1,3,3,0.411215195071269,-0.294162237479194,0.844830855744117,1.58594197656336,0.230791286712872,0.991575666225303,0.24275572405883,-0.685316027007087,-0.0717255520197794,-0.736650547027571,0.30455027156785,0.240852686192106,1,0,0,0,1,0,NA,3,0,0,NA,3,NA,NA,0,0,NA,NA,-1.14541284912767,-0.870092961102706,-0.643099798748402,-0.323486370666634,-0.872884209549196,-0.83372463508109,0.770386693748861,0.368471394412359,-0.609079348311369,-0.413250186887226,1.25703031016235,0.622482573570663,0.379916733541775,0.269890304566808,-0.701045542388849,-0.521804677398393,0.953454809706955,0.635209591237114
209,23,"weiblich","deutsch","Heidelberg","lab",4,3,2,1,1,3,3,3,3,2,3,3,4,0.411215195071269,-0.294162237479194,-0.988292699172365,-1.32443026766195,0.230791286712872,-0.0220350148050064,0.24275572405883,0.287663517509148,-0.0717255520197794,0.736650547027571,0.30455027156785,1.08018780474035,NA,0,0,0,NA,0,NA,2,1,1,NA,1,NA,NA,0,0,NA,NA,0.393304412049862,-0.870092961102706,-0.643099798748402,-0.323486370666634,1.01085622976826,-0.83372463508109,1.24759845126552,-0.154898802746597,0.1852171117672,0.738684709060917,1.25703031016235,-0.54894032859185,1.72470136179282,0.269890304566808,-0.701045542388849,-0.521804677398393,2.35534770573762,0.635209591237114
365,24,"weiblich","deutsch","Heidelberg","lab",4,3,3,1,2,2,3,2,1,4,3,4,4,0.411215195071269,0.551554195273488,-0.988292699172365,-0.354306186253517,-0.734335912268229,-0.0220350148050064,-0.754276714039937,-1.65829557152332,1.4994055874611,0.736650547027571,1.13843791990839,1.08018780474035,NA,NA,NA,3,1,1,NA,2,NA,1,1,1,3,NA,2,2,1,NA,1.93202167322739,1.41935518433568,NA,2.85904865839187,-0.872884209549196,-0.147670784073403,1.24759845126552,-0.154898802746597,NA,0.738684709060917,-0.854591227812821,-0.54894032859185,-0.516606351958921,1.63774343907586,0.474391720413507,1.08319453722011,-0.915735718333933,1.14658770981429
225,25,"weiblich","andere","Heidelberg","lab",4,1,1,0,1,3,4,4,4,2,2,3,0,-1.55919094797856,-1.13987867023188,-1.90485447663061,-1.32443026766195,0.230791286712872,0.991575666225303,1.2397881621576,1.26064306202538,-0.0717255520197794,0,0.30455027156785,-2.27715266945263,1,0,0,0,1,0,1,2,0,0,1,2,3,NA,1,0,2,NA,-1.14541284912767,-0.870092961102706,-0.643099798748402,-0.323486370666634,-0.872884209549196,-0.83372463508109,-1.13846033631776,-0.154898802746597,-0.609079348311369,-0.413250186887226,-0.854591227812821,0.0367711224894062,-0.516606351958921,0.269890304566808,-0.113326910987671,-0.521804677398393,-0.448438086323711,0.635209591237114
272,19,"männlich","deutsch","Heidelberg","lab",4,3,3,2,2,3,3,3,3,1,2,2,3,0.411215195071269,0.551554195273488,-0.0717309217141236,-0.354306186253517,0.230791286712872,-0.0220350148050064,0.24275572405883,0.287663517509148,-0.857291121760219,0,-0.529337376772693,0.240852686192106,NA,1,1,0,3,1,NA,1,1,0,NA,1,NA,NA,NA,0,2,NA,0.393304412049862,-0.297730924743109,0.119726026362734,-0.323486370666634,0.382942749995776,-0.147670784073403,0.770386693748861,-0.678268999905552,0.1852171117672,-0.413250186887226,0.729124925668557,-0.54894032859185,0.828178276292123,0.269890304566808,1.64982898321586,-0.521804677398393,-0.448438086323711,0.635209591237114
572,26,"weiblich","deutsch","Heidelberg","lab",4,3,3,4,3,2,3,3,3,3,3,3,3,0.411215195071269,0.551554195273488,1.76139263320236,0.615817895154921,-0.734335912268229,-0.0220350148050064,0.24275572405883,0.287663517509148,0.713840017720661,0.736650547027571,0.30455027156785,0.240852686192106,NA,NA,NA,NA,NA,NA,NA,NA,NA,NA,NA,NA,NA,NA,NA,NA,NA,NA,NA,NA,NA,NA,NA,NA,NA,NA,NA,NA,NA,NA,NA,NA,NA,NA,NA,NA
412,25,"männlich","deutsch","Heidelberg","lab",4,4,4,4,3,2,3,2,3,3,3,3,3,1.39641826659618,1.39727062802617,1.76139263320236,0.615817895154921,-0.734335912268229,-0.0220350148050064,-0.754276714039937,0.287663517509148,0.713840017720661,0.736650547027571,0.30455027156785,0.240852686192106,NA,NA,0,0,NA,NA,NA,NA,0,0,NA,NA,NA,NA,0,0,NA,NA,1.41911591950155,1.41935518433568,-0.643099798748402,-0.323486370666634,2.26668318931324,1.91049076894966,2.20202196629883,0.891841591571314,-0.609079348311369,-0.413250186887226,2.84074646364373,1.20819402465192,1.72470136179282,1.63774343907586,-0.701045542388849,-0.521804677398393,2.35534770573762,2.16934394696863
345,22,"weiblich","deutsch","Heidelberg","lab",4,2,1,3,1,4,3,4,4,2,2,4,4,-0.573987876453645,-1.13987867023188,0.844830855744117,-1.32443026766195,1.19591848569397,-0.0220350148050064,1.2397881621576,1.26064306202538,-0.0717255520197794,0,1.13843791990839,1.08018780474035,3,0,1,0,2,0,1,1,0,0,1,1,NA,2,0,0,NA,2,-0.119601341675981,-0.870092961102706,0.119726026362734,-0.323486370666634,-0.24497072977671,-0.83372463508109,-1.13846033631776,-0.678268999905552,-0.609079348311369,-0.413250186887226,-0.854591227812821,-0.54894032859185,0.379916733541775,-0.642011785105892,-0.701045542388849,-0.521804677398393,0.953454809706955,-0.387546645917229
357,20,"weiblich","deutsch","Heidelberg","lab",4,4,3,3,3,3,4,4,3,3,3,3,1,1.39641826659618,0.551554195273488,0.844830855744117,0.615817895154921,0.230791286712872,0.991575666225303,1.2397881621576,0.287663517509148,0.713840017720661,0.736650547027571,0.30455027156785,-1.43781755090439,NA,3,2,0,NA,3,NA,NA,1,1,NA,3,NA,NA,2,2,NA,NA,1.93202167322739,0.846993147976085,0.88255185147387,-0.323486370666634,1.63876970954075,1.22443691794197,1.24759845126552,0.891841591571314,0.1852171117672,0.738684709060917,1.25703031016235,0.622482573570663,1.72470136179282,1.18179239423951,0.474391720413507,1.08319453722011,1.42075244171718,0.635209591237114
210,24,"weiblich","deutsch","Heidelberg","lab",4,3,1,2,4,3,3,3,2,4,4,4,4,0.411215195071269,-1.13987867023188,-0.0717309217141236,1.58594197656336,0.230791286712872,-0.0220350148050064,0.24275572405883,-0.685316027007087,1.4994055874611,1.47330109405514,1.13843791990839,1.08018780474035,2,0,0,0,2,0,1,0,0,0,1,0,2,1,0,0,2,1,-0.632507095401825,-0.870092961102706,-0.643099798748402,-0.323486370666634,-0.24497072977671,-0.83372463508109,-1.13846033631776,-1.20163919706451,-0.609079348311369,-0.413250186887226,-0.854591227812821,-1.13465177967311,-0.96486789470927,-1.09796282994224,-0.701045542388849,-0.521804677398393,-0.448438086323711,-0.8989247644944
202,19,"männlich","deutsch","Heidelberg","lab",4,3,3,2,2,3,3,3,3,3,3,4,3,0.411215195071269,0.551554195273488,-0.0717309217141236,-0.354306186253517,0.230791286712872,-0.0220350148050064,0.24275572405883,0.287663517509148,0.713840017720661,0.736650547027571,1.13843791990839,0.240852686192106,3,1,1,0,2,1,2,3,1,0,1,3,2,3,0,0,2,3,-0.119601341675981,-0.297730924743109,0.119726026362734,-0.323486370666634,-0.24497072977671,-0.147670784073403,-0.661248578801105,0.368471394412359,0.1852171117672,-0.413250186887226,-0.854591227812821,0.622482573570663,-0.96486789470927,-0.186060740269542,-0.701045542388849,-0.521804677398393,-0.448438086323711,0.123831472659943
477,20,"weiblich","deutsch","Heidelberg","lab",4,3,3,4,4,3,3,3,3,2,1,2,0,0.411215195071269,0.551554195273488,1.76139263320236,1.58594197656336,0.230791286712872,-0.0220350148050064,0.24275572405883,0.287663517509148,-0.0717255520197794,-0.736650547027571,-0.529337376772693,-2.27715266945263,NA,NA,NA,NA,NA,NA,NA,NA,NA,NA,NA,NA,NA,NA,NA,NA,NA,NA,NA,NA,NA,NA,NA,NA,NA,NA,NA,NA,NA,NA,NA,NA,NA,NA,NA,NA
511,20,"weiblich","deutsch","Heidelberg","lab",4,2,3,1,3,3,4,2,0,0,0,1,0,-0.573987876453645,0.551554195273488,-0.988292699172365,0.615817895154921,0.230791286712872,0.991575666225303,-0.754276714039937,-2.63127511603956,-1.64285669150066,-1.47330109405514,-1.36322502511324,-2.27715266945263,3,0,0,0,3,0,NA,1,0,0,NA,1,NA,2,0,0,NA,2,-0.119601341675981,-0.870092961102706,-0.643099798748402,-0.323486370666634,0.382942749995776,-0.83372463508109,0.770386693748861,-0.678268999905552,-0.609079348311369,-0.413250186887226,1.25703031016235,-0.54894032859185,0.379916733541775,-0.642011785105892,-0.701045542388849,-0.521804677398393,0.953454809706955,-0.387546645917229
353,19,"weiblich","deutsch","Heidelberg","lab",4,1,1,1,1,3,4,4,3,2,0,3,3,-1.55919094797856,-1.13987867023188,-0.988292699172365,-1.32443026766195,0.230791286712872,0.991575666225303,1.2397881621576,0.287663517509148,-0.0717255520197794,-1.47330109405514,0.30455027156785,0.240852686192106,3,3,0,0,3,3,2,NA,1,0,1,NA,NA,NA,NA,NA,0,2,-0.119601341675981,0.846993147976085,-0.643099798748402,-0.323486370666634,0.382942749995776,1.22443691794197,-0.661248578801105,0.891841591571314,0.1852171117672,-0.413250186887226,-0.854591227812821,1.20819402465192,-0.0683448092085732,1.18179239423951,1.64982898321586,2.68819375183862,-1.38303335034415,-0.387546645917229
319,27,"männlich","deutsch","Heidelberg","lab",4,1,1,2,3,4,4,4,4,0,0,0,4,-1.55919094797856,-1.13987867023188,-0.0717309217141236,0.615817895154921,1.19591848569397,0.991575666225303,1.2397881621576,1.26064306202538,-1.64285669150066,-1.47330109405514,-2.19711267345378,1.08018780474035,3,0,0,0,3,0,1,0,0,0,1,0,NA,3,0,0,NA,3,-0.119601341675981,-0.870092961102706,-0.643099798748402,-0.323486370666634,0.382942749995776,-0.83372463508109,-1.13846033631776,-1.20163919706451,-0.609079348311369,-0.413250186887226,-0.854591227812821,-1.13465177967311,-0.0683448092085732,-0.186060740269542,-0.701045542388849,-0.521804677398393,0.486157177696733,0.123831472659943
451,20,"weiblich","deutsch","Heidelberg","lab",4,1,3,1,1,4,3,4,4,1,0,3,3,-1.55919094797856,0.551554195273488,-0.988292699172365,-1.32443026766195,1.19591848569397,-0.0220350148050064,1.2397881621576,1.26064306202538,-0.857291121760219,-1.47330109405514,0.30455027156785,0.240852686192106,1,0,0,0,1,0,3,0,0,0,3,0,NA,3,0,0,NA,3,-1.14541284912767,-0.870092961102706,-0.643099798748402,-0.323486370666634,-0.872884209549196,-0.83372463508109,-0.18403682128445,-1.20163919706451,-0.609079348311369,-0.413250186887226,0.201219541174764,-1.13465177967311,-0.0683448092085732,-0.186060740269542,-0.701045542388849,-0.521804677398393,0.486157177696733,0.123831472659943
299,20,"weiblich","deutsch","Heidelberg","lab",4,1,1,2,1,3,1,2,2,0,1,0,3,-1.55919094797856,-1.13987867023188,-0.0717309217141236,-1.32443026766195,0.230791286712872,-2.04925637686562,-0.754276714039937,-0.685316027007087,-1.64285669150066,-0.736650547027571,-2.19711267345378,0.240852686192106,3,1,0,0,3,1,3,2,0,0,3,2,NA,3,2,0,3,3,-0.119601341675981,-0.297730924743109,-0.643099798748402,-0.323486370666634,0.382942749995776,-0.147670784073403,-0.18403682128445,-0.154898802746597,-0.609079348311369,-0.413250186887226,0.201219541174764,0.0367711224894062,0.379916733541775,-0.186060740269542,0.474391720413507,-0.521804677398393,0.0188595456865111,0.123831472659943
257,21,"weiblich","deutsch","Heidelberg","lab",4,4,4,4,4,0,1,1,3,4,4,4,1,1.39641826659618,1.39727062802617,1.76139263320236,1.58594197656336,-2.66459031023043,-2.04925637686562,-1.7513091521387,0.287663517509148,1.4994055874611,1.47330109405514,1.13843791990839,-1.43781755090439,NA,0,1,0,NA,0,NA,0,0,0,NA,0,NA,NA,1,0,3,NA,0.906210165775706,-0.870092961102706,0.119726026362734,-0.323486370666634,1.01085622976826,-0.83372463508109,0.293174936232205,-1.20163919706451,-0.609079348311369,-0.413250186887226,0.729124925668557,-1.13465177967311,-0.0683448092085732,0.269890304566808,-0.113326910987671,-0.521804677398393,0.0188595456865111,0.635209591237114
436,19,"weiblich","deutsch","Heidelberg","lab",4,2,1,1,3,4,4,3,3,1,1,2,4,-0.573987876453645,-1.13987867023188,-0.988292699172365,0.615817895154921,1.19591848569397,0.991575666225303,0.24275572405883,0.287663517509148,-0.857291121760219,-0.736650547027571,-0.529337376772693,1.08018780474035,2,0,0,0,2,0,0,0,0,0,0,0,1,0,0,0,1,0,-0.632507095401825,-0.870092961102706,-0.643099798748402,-0.323486370666634,-0.24497072977671,-0.83372463508109,-1.61567209383442,-1.20163919706451,-0.609079348311369,-0.413250186887226,-1.38249661230661,-1.13465177967311,-1.41312943745962,-1.55391387477859,-0.701045542388849,-0.521804677398393,-0.915735718333933,-1.41030288307157
343,25,"männlich","deutsch","Heidelberg","lab",4,1,3,1,1,3,3,2,3,1,2,1,3,-1.55919094797856,0.551554195273488,-0.988292699172365,-1.32443026766195,0.230791286712872,-0.0220350148050064,-0.754276714039937,0.287663517509148,-0.857291121760219,0,-1.36322502511324,0.240852686192106,3,0,2,0,1,0,2,0,0,0,2,0,2,3,0,1,2,2,-0.119601341675981,-0.870092961102706,0.88255185147387,-0.323486370666634,-0.872884209549196,-0.83372463508109,-0.661248578801105,-1.20163919706451,-0.609079348311369,-0.413250186887226,-0.326685843319029,-1.13465177967311,-0.96486789470927,-0.186060740269542,-0.701045542388849,0.28069492991086,-0.448438086323711,-0.387546645917229
375,20,"weiblich","deutsch","Heidelberg","lab",4,3,3,2,2,4,4,3,3,4,4,4,4,0.411215195071269,0.551554195273488,-0.0717309217141236,-0.354306186253517,1.19591848569397,0.991575666225303,0.24275572405883,0.287663517509148,1.4994055874611,1.47330109405514,1.13843791990839,1.08018780474035,3,0,0,0,3,0,1,0,0,0,1,0,3,0,0,0,3,0,-0.119601341675981,-0.870092961102706,-0.643099798748402,-0.323486370666634,0.382942749995776,-0.83372463508109,-1.13846033631776,-1.20163919706451,-0.609079348311369,-0.413250186887226,-0.854591227812821,-1.13465177967311,-0.516606351958921,-1.55391387477859,-0.701045542388849,-0.521804677398393,0.0188595456865111,-1.41030288307157
421,25,"weiblich","deutsch","Heidelberg","lab",4,3,3,2,3,3,4,3,2,3,2,3,2,0.411215195071269,0.551554195273488,-0.0717309217141236,0.615817895154921,0.230791286712872,0.991575666225303,0.24275572405883,-0.685316027007087,0.713840017720661,0,0.30455027156785,-0.598482432356141,1,0,0,0,1,0,3,NA,1,2,2,2,NA,NA,1,2,NA,NA,-1.14541284912767,-0.870092961102706,-0.643099798748402,-0.323486370666634,-0.872884209549196,-0.83372463508109,-0.18403682128445,0.891841591571314,0.1852171117672,1.89061960500906,-0.326685843319029,0.0367711224894062,0.828178276292123,1.18179239423951,-0.113326910987671,1.08319453722011,0.953454809706955,0.635209591237114
351,30,"weiblich","andere","Heidelberg","lab",4,3,3,3,3,3,3,3,3,3,3,3,3,0.411215195071269,0.551554195273488,0.844830855744117,0.615817895154921,0.230791286712872,-0.0220350148050064,0.24275572405883,0.287663517509148,0.713840017720661,0.736650547027571,0.30455027156785,0.240852686192106,NA,1,1,0,NA,1,NA,NA,1,0,3,NA,NA,NA,0,0,NA,NA,1.41911591950155,-0.297730924743109,0.119726026362734,-0.323486370666634,1.63876970954075,-0.147670784073403,0.293174936232205,0.891841591571314,0.1852171117672,-0.413250186887226,0.201219541174764,1.20819402465192,1.72470136179282,1.63774343907586,-0.701045542388849,-0.521804677398393,2.35534770573762,2.16934394696863
390,18,"weiblich","deutsch","Heidelberg","lab",4,3,2,3,3,3,1,3,3,3,4,3,1,0.411215195071269,-0.294162237479194,0.844830855744117,0.615817895154921,0.230791286712872,-2.04925637686562,0.24275572405883,0.287663517509148,0.713840017720661,1.47330109405514,0.30455027156785,-1.43781755090439,NA,1,2,0,2,1,NA,0,1,0,NA,0,NA,NA,2,1,NA,NA,0.393304412049862,-0.297730924743109,0.88255185147387,-0.323486370666634,-0.24497072977671,-0.147670784073403,1.24759845126552,-1.20163919706451,0.1852171117672,-0.413250186887226,1.25703031016235,-1.13465177967311,1.72470136179282,0.725841349403158,0.474391720413507,0.28069492991086,1.42075244171718,0.635209591237114
490,20,"weiblich","deutsch","Heidelberg","lab",4,1,1,1,1,4,3,3,3,3,3,3,1,-1.55919094797856,-1.13987867023188,-0.988292699172365,-1.32443026766195,1.19591848569397,-0.0220350148050064,0.24275572405883,0.287663517509148,0.713840017720661,0.736650547027571,0.30455027156785,-1.43781755090439,0,0,0,0,0,0,0,0,0,0,0,0,0,0,0,0,0,0,-1.65831860285351,-0.870092961102706,-0.643099798748402,-0.323486370666634,-1.50079768932168,-0.83372463508109,-1.61567209383442,-1.20163919706451,-0.609079348311369,-0.413250186887226,-1.38249661230661,-1.13465177967311,-1.86139098020997,-1.55391387477859,-0.701045542388849,-0.521804677398393,-1.38303335034415,-1.41030288307157
356,26,"weiblich","deutsch","Heidelberg","lab",4,3,3,3,4,2,3,2,1,3,3,3,3,0.411215195071269,0.551554195273488,0.844830855744117,1.58594197656336,-0.734335912268229,-0.0220350148050064,-0.754276714039937,-1.65829557152332,0.713840017720661,0.736650547027571,0.30455027156785,0.240852686192106,NA,NA,NA,NA,NA,NA,NA,NA,NA,NA,NA,NA,NA,NA,NA,NA,NA,NA,NA,NA,NA,NA,NA,NA,NA,NA,NA,NA,NA,NA,NA,NA,NA,NA,NA,NA
117,19,"weiblich","deutsch","Heidelberg","lab",4,3,3,1,2,3,1,2,2,3,4,3,3,0.411215195071269,0.551554195273488,-0.988292699172365,-0.354306186253517,0.230791286712872,-2.04925637686562,-0.754276714039937,-0.685316027007087,0.713840017720661,1.47330109405514,0.30455027156785,0.240852686192106,0,0,0,0,0,0,0,2,0,0,0,2,0,0,0,0,0,0,-1.65831860285351,-0.870092961102706,-0.643099798748402,-0.323486370666634,-1.50079768932168,-0.83372463508109,-1.61567209383442,-0.154898802746597,-0.609079348311369,-0.413250186887226,-1.38249661230661,0.0367711224894062,-1.86139098020997,-1.55391387477859,-0.701045542388849,-0.521804677398393,-1.38303335034415,-1.41030288307157
308,20,"weiblich","deutsch","Heidelberg","lab",4,3,3,3,3,1,2,1,3,3,1,2,4,0.411215195071269,0.551554195273488,0.844830855744117,0.615817895154921,-1.69946311124933,-1.03564569583532,-1.7513091521387,0.287663517509148,0.713840017720661,-0.736650547027571,-0.529337376772693,1.08018780474035,NA,1,1,1,NA,0,2,1,0,0,2,1,NA,NA,0,0,NA,NA,1.93202167322739,-0.297730924743109,0.119726026362734,0.737358639019534,2.26668318931324,-0.83372463508109,-0.661248578801105,-0.678268999905552,-0.609079348311369,-0.413250186887226,-0.326685843319029,-0.54894032859185,1.72470136179282,0.269890304566808,-0.701045542388849,-0.521804677398393,2.35534770573762,0.635209591237114
479,23,"weiblich","deutsch","Heidelberg","lab",4,2,1,1,1,4,0,4,3,2,1,3,3,-0.573987876453645,-1.13987867023188,-0.988292699172365,-1.32443026766195,1.19591848569397,-3.06286705789593,1.2397881621576,0.287663517509148,-0.0717255520197794,-0.736650547027571,0.30455027156785,0.240852686192106,NA,3,0,0,NA,3,NA,NA,0,0,NA,NA,NA,NA,2,1,NA,3,1.93202167322739,0.846993147976085,-0.643099798748402,-0.323486370666634,2.89459666908572,1.22443691794197,0.293174936232205,1.93858198588923,-0.609079348311369,-0.413250186887226,0.729124925668557,2.37961692681443,1.27643981904247,0.269890304566808,0.474391720413507,0.28069492991086,0.953454809706955,0.123831472659943
289,19,"männlich","deutsch","Heidelberg","lab",4,2,3,3,3,2,4,3,3,4,4,4,3,-0.573987876453645,0.551554195273488,0.844830855744117,0.615817895154921,-0.734335912268229,0.991575666225303,0.24275572405883,0.287663517509148,1.4994055874611,1.47330109405514,1.13843791990839,0.240852686192106,NA,NA,1,1,NA,3,NA,NA,1,1,NA,NA,NA,NA,1,2,NA,NA,1.93202167322739,1.41935518433568,0.119726026362734,0.737358639019534,2.26668318931324,1.22443691794197,1.72481020878217,1.93858198588923,0.1852171117672,0.738684709060917,1.78493569465614,1.79390547573318,1.27643981904247,1.63774343907586,-0.113326910987671,1.08319453722011,1.42075244171718,1.14658770981429
268,28,"weiblich","deutsch","Heidelberg","lab",4,3,3,3,3,2,3,2,2,2,3,3,4,0.411215195071269,0.551554195273488,0.844830855744117,0.615817895154921,-0.734335912268229,-0.0220350148050064,-0.754276714039937,-0.685316027007087,-0.0717255520197794,0.736650547027571,0.30455027156785,1.08018780474035,3,0,0,0,3,0,NA,NA,0,0,NA,NA,NA,3,0,0,NA,3,-0.119601341675981,-0.870092961102706,-0.643099798748402,-0.323486370666634,0.382942749995776,-0.83372463508109,0.770386693748861,0.891841591571314,-0.609079348311369,-0.413250186887226,1.25703031016235,1.20819402465192,-0.0683448092085732,-0.186060740269542,-0.701045542388849,-0.521804677398393,0.486157177696733,0.123831472659943
199,21,"männlich","deutsch","Heidelberg","lab",4,1,1,1,2,3,3,3,3,3,3,4,4,-1.55919094797856,-1.13987867023188,-0.988292699172365,-0.354306186253517,0.230791286712872,-0.0220350148050064,0.24275572405883,0.287663517509148,0.713840017720661,0.736650547027571,1.13843791990839,1.08018780474035,NA,2,2,0,NA,2,NA,NA,1,3,NA,NA,NA,NA,1,1,NA,NA,1.41911591950155,0.274631111616488,0.88255185147387,-0.323486370666634,1.01085622976826,0.538383066934283,1.24759845126552,2.98532238020714,0.1852171117672,NA,1.25703031016235,1.79390547573318,0.828178276292123,1.63774343907586,-0.113326910987671,0.28069492991086,0.953454809706955,1.65796582839146
474,20,"weiblich","deutsch","Heidelberg","lab",4,3,0,1,1,3,3,3,3,3,0,1,3,0.411215195071269,-1.98559510298456,-0.988292699172365,-1.32443026766195,0.230791286712872,-0.0220350148050064,0.24275572405883,0.287663517509148,0.713840017720661,-1.47330109405514,-1.36322502511324,0.240852686192106,3,0,3,0,0,0,NA,3,3,0,1,3,NA,3,3,1,1,2,-0.119601341675981,-0.870092961102706,1.64537767658501,-0.323486370666634,-1.50079768932168,-0.83372463508109,0.293174936232205,0.368471394412359,1.77381003192434,-0.413250186887226,-0.854591227812821,0.622482573570663,-0.0683448092085732,-0.186060740269542,1.06211035181468,0.28069492991086,-0.915735718333933,-0.387546645917229
124,23,"weiblich","deutsch","Heidelberg","lab",4,1,1,1,3,4,3,4,3,1,1,3,3,-1.55919094797856,-1.13987867023188,-0.988292699172365,0.615817895154921,1.19591848569397,-0.0220350148050064,1.2397881621576,0.287663517509148,-0.857291121760219,-0.736650547027571,0.30455027156785,0.240852686192106,NA,1,0,1,NA,0,NA,0,0,0,NA,0,NA,NA,0,0,NA,NA,0.393304412049862,-0.297730924743109,-0.643099798748402,0.737358639019534,1.01085622976826,-0.83372463508109,0.770386693748861,-1.20163919706451,-0.609079348311369,-0.413250186887226,1.25703031016235,-1.13465177967311,-0.0683448092085732,0.269890304566808,-0.701045542388849,-0.521804677398393,0.486157177696733,0.635209591237114
201,19,"weiblich","deutsch","Heidelberg","lab",4,1,4,3,3,2,3,1,1,1,1,3,4,-1.55919094797856,1.39727062802617,0.844830855744117,0.615817895154921,-0.734335912268229,-0.0220350148050064,-1.7513091521387,-1.65829557152332,-0.857291121760219,-0.736650547027571,0.30455027156785,1.08018780474035,2,0,0,0,2,0,3,0,0,0,3,0,NA,3,1,0,3,3,-0.632507095401825,-0.870092961102706,-0.643099798748402,-0.323486370666634,-0.24497072977671,-0.83372463508109,-0.18403682128445,-1.20163919706451,-0.609079348311369,-0.413250186887226,0.201219541174764,-1.13465177967311,-0.0683448092085732,-0.186060740269542,-0.113326910987671,-0.521804677398393,0.0188595456865111,0.123831472659943
480,25,"weiblich","deutsch","Heidelberg","lab",4,2,3,1,1,3,3,3,3,1,0,2,4,-0.573987876453645,0.551554195273488,-0.988292699172365,-1.32443026766195,0.230791286712872,-0.0220350148050064,0.24275572405883,0.287663517509148,-0.857291121760219,-1.47330109405514,-0.529337376772693,1.08018780474035,0,0,0,0,0,0,3,0,0,0,3,0,3,1,0,0,3,1,-1.65831860285351,-0.870092961102706,-0.643099798748402,-0.323486370666634,-1.50079768932168,-0.83372463508109,-0.18403682128445,-1.20163919706451,-0.609079348311369,-0.413250186887226,0.201219541174764,-1.13465177967311,-0.516606351958921,-1.09796282994224,-0.701045542388849,-0.521804677398393,0.0188595456865111,-0.8989247644944
206,24,"weiblich","deutsch","Heidelberg","lab",4,3,0,1,3,4,4,4,4,1,0,3,0,0.411215195071269,-1.98559510298456,-0.988292699172365,0.615817895154921,1.19591848569397,0.991575666225303,1.2397881621576,1.26064306202538,-0.857291121760219,-1.47330109405514,0.30455027156785,-2.27715266945263,2,0,0,0,2,0,3,2,1,2,2,0,3,2,2,0,1,2,-0.632507095401825,-0.870092961102706,-0.643099798748402,-0.323486370666634,-0.24497072977671,-0.83372463508109,-0.18403682128445,-0.154898802746597,0.1852171117672,1.89061960500906,-0.326685843319029,-1.13465177967311,-0.516606351958921,-0.642011785105892,0.474391720413507,-0.521804677398393,-0.915735718333933,-0.387546645917229
381,19,"weiblich","deutsch","Heidelberg","lab",4,3,4,2,3,1,1,1,1,1,2,3,3,0.411215195071269,1.39727062802617,-0.0717309217141236,0.615817895154921,-1.69946311124933,-2.04925637686562,-1.7513091521387,-1.65829557152332,-0.857291121760219,0,0.30455027156785,0.240852686192106,NA,0,0,0,NA,0,3,1,0,0,3,1,3,2,0,0,3,2,0.393304412049862,-0.870092961102706,-0.643099798748402,-0.323486370666634,1.01085622976826,-0.83372463508109,-0.18403682128445,-0.678268999905552,-0.609079348311369,-0.413250186887226,0.201219541174764,-0.54894032859185,-0.516606351958921,-0.642011785105892,-0.701045542388849,-0.521804677398393,0.0188595456865111,-0.387546645917229
580,19,"weiblich","deutsch","Heidelberg","lab",4,3,1,3,3,3,4,4,4,4,4,4,4,0.411215195071269,-1.13987867023188,0.844830855744117,0.615817895154921,0.230791286712872,0.991575666225303,1.2397881621576,1.26064306202538,1.4994055874611,1.47330109405514,1.13843791990839,1.08018780474035,1,1,0,0,1,1,1,2,0,0,1,2,3,1,2,0,1,1,-1.14541284912767,-0.297730924743109,-0.643099798748402,-0.323486370666634,-0.872884209549196,-0.147670784073403,-1.13846033631776,-0.154898802746597,-0.609079348311369,-0.413250186887226,-0.854591227812821,0.0367711224894062,-0.516606351958921,-1.09796282994224,0.474391720413507,-0.521804677398393,-0.915735718333933,-0.8989247644944
221,19,"weiblich","deutsch","Heidelberg","lab",4,1,4,3,2,3,3,2,1,2,1,2,4,-1.55919094797856,1.39727062802617,0.844830855744117,-0.354306186253517,0.230791286712872,-0.0220350148050064,-0.754276714039937,-1.65829557152332,-0.0717255520197794,-0.736650547027571,-0.529337376772693,1.08018780474035,3,0,0,0,3,0,NA,0,1,0,3,0,NA,0,1,0,NA,0,-0.119601341675981,-0.870092961102706,-0.643099798748402,-0.323486370666634,0.382942749995776,-0.83372463508109,0.293174936232205,-1.20163919706451,0.1852171117672,-0.413250186887226,0.201219541174764,-1.13465177967311,0.379916733541775,-1.55391387477859,-0.113326910987671,-0.521804677398393,0.486157177696733,-1.41030288307157
582,20,"männlich","deutsch","Heidelberg","lab",4,3,3,3,3,3,3,3,3,4,4,4,4,0.411215195071269,0.551554195273488,0.844830855744117,0.615817895154921,0.230791286712872,-0.0220350148050064,0.24275572405883,0.287663517509148,1.4994055874611,1.47330109405514,1.13843791990839,1.08018780474035,NA,NA,NA,NA,0,0,0,1,0,1,0,0,1,0,0,0,1,0,2.44492742695324,NA,NA,NA,-1.50079768932168,-0.83372463508109,-1.61567209383442,-0.678268999905552,-0.609079348311369,0.738684709060917,-1.38249661230661,-1.13465177967311,-1.41312943745962,-1.55391387477859,-0.701045542388849,-0.521804677398393,-0.915735718333933,-1.41030288307157
290,21,"weiblich","deutsch","Heidelberg","lab",4,4,3,2,1,2,1,1,1,4,3,3,4,1.39641826659618,0.551554195273488,-0.0717309217141236,-1.32443026766195,-0.734335912268229,-2.04925637686562,-1.7513091521387,-1.65829557152332,1.4994055874611,0.736650547027571,0.30455027156785,1.08018780474035,2,1,0,0,2,1,2,1,0,0,2,1,1,3,0,1,1,2,-0.632507095401825,-0.297730924743109,-0.643099798748402,-0.323486370666634,-0.24497072977671,-0.147670784073403,-0.661248578801105,-0.678268999905552,-0.609079348311369,-0.413250186887226,-0.326685843319029,-0.54894032859185,-1.41312943745962,-0.186060740269542,-0.701045542388849,0.28069492991086,-0.915735718333933,-0.387546645917229
285,22,"weiblich","andere","Heidelberg","lab",4,3,3,3,3,2,3,2,2,2,2,2,1,0.411215195071269,0.551554195273488,0.844830855744117,0.615817895154921,-0.734335912268229,-0.0220350148050064,-0.754276714039937,-0.685316027007087,-0.0717255520197794,0,-0.529337376772693,-1.43781755090439,NA,NA,0,1,NA,3,3,NA,0,0,3,NA,NA,NA,0,0,NA,NA,0.393304412049862,1.41935518433568,-0.643099798748402,0.737358639019534,1.01085622976826,1.22443691794197,-0.18403682128445,0.891841591571314,-0.609079348311369,-0.413250186887226,0.201219541174764,1.20819402465192,0.379916733541775,0.725841349403158,-0.701045542388849,-0.521804677398393,0.953454809706955,1.14658770981429
508,20,"weiblich","deutsch","Heidelberg","lab",4,3,0,1,1,3,3,3,3,2,1,3,1,0.411215195071269,-1.98559510298456,-0.988292699172365,-1.32443026766195,0.230791286712872,-0.0220350148050064,0.24275572405883,0.287663517509148,-0.0717255520197794,-0.736650547027571,0.30455027156785,-1.43781755090439,NA,3,0,0,NA,3,NA,NA,1,2,3,3,NA,NA,1,0,NA,NA,0.393304412049862,0.846993147976085,-0.643099798748402,-0.323486370666634,1.01085622976826,1.22443691794197,0.293174936232205,1.41521178873027,0.1852171117672,1.89061960500906,0.201219541174764,0.622482573570663,1.72470136179282,1.18179239423951,-0.113326910987671,-0.521804677398393,1.8880500737274,1.65796582839146
156,23,"weiblich","deutsch","Heidelberg","lab",4,1,3,1,1,4,4,3,3,1,0,1,0,-1.55919094797856,0.551554195273488,-0.988292699172365,-1.32443026766195,1.19591848569397,0.991575666225303,0.24275572405883,0.287663517509148,-0.857291121760219,-1.47330109405514,-1.36322502511324,-2.27715266945263,1,1,0,0,1,1,0,0,0,0,0,0,NA,NA,NA,0,0,NA,-1.14541284912767,-0.297730924743109,-0.643099798748402,-0.323486370666634,-0.872884209549196,-0.147670784073403,-1.61567209383442,-1.20163919706451,-0.609079348311369,-0.413250186887226,-1.38249661230661,-1.13465177967311,1.72470136179282,1.18179239423951,NA,-0.521804677398393,-1.38303335034415,1.65796582839146
434,21,"männlich","deutsch","Heidelberg","lab",4,1,3,1,3,0,3,1,1,2,2,2,3,-1.55919094797856,0.551554195273488,-0.988292699172365,0.615817895154921,-2.66459031023043,-0.0220350148050064,-1.7513091521387,-1.65829557152332,-0.0717255520197794,0,-0.529337376772693,0.240852686192106,2,1,0,0,2,1,2,0,1,0,1,0,1,0,0,0,1,0,-0.632507095401825,-0.297730924743109,-0.643099798748402,-0.323486370666634,-0.24497072977671,-0.147670784073403,-0.661248578801105,-1.20163919706451,0.1852171117672,-0.413250186887226,-0.854591227812821,-1.13465177967311,-1.41312943745962,-1.55391387477859,-0.701045542388849,-0.521804677398393,-0.915735718333933,-1.41030288307157
348,19,"weiblich","deutsch","Heidelberg","lab",4,1,2,1,4,4,4,3,4,3,3,3,4,-1.55919094797856,-0.294162237479194,-0.988292699172365,1.58594197656336,1.19591848569397,0.991575666225303,0.24275572405883,1.26064306202538,0.713840017720661,0.736650547027571,0.30455027156785,1.08018780474035,2,3,0,0,2,3,NA,NA,1,0,NA,NA,NA,NA,0,1,NA,3,-0.632507095401825,0.846993147976085,-0.643099798748402,-0.323486370666634,-0.24497072977671,1.22443691794197,1.72481020878217,0.891841591571314,0.1852171117672,-0.413250186887226,1.78493569465614,1.20819402465192,0.379916733541775,0.269890304566808,-0.701045542388849,0.28069492991086,0.953454809706955,0.123831472659943
543,25,"weiblich","deutsch","Heidelberg","lab",4,1,1,1,1,4,4,3,3,2,3,3,4,-1.55919094797856,-1.13987867023188,-0.988292699172365,-1.32443026766195,1.19591848569397,0.991575666225303,0.24275572405883,0.287663517509148,-0.0717255520197794,0.736650547027571,0.30455027156785,1.08018780474035,3,3,0,1,3,2,NA,1,1,0,NA,1,NA,NA,0,1,NA,3,-0.119601341675981,0.846993147976085,-0.643099798748402,0.737358639019534,0.382942749995776,0.538383066934283,1.24759845126552,-0.678268999905552,0.1852171117672,-0.413250186887226,1.25703031016235,-0.54894032859185,-0.0683448092085732,0.269890304566808,-0.701045542388849,0.28069492991086,0.486157177696733,0.123831472659943
129,20,"männlich","andere","Heidelberg","lab",4,1,1,1,2,4,3,3,3,1,1,2,1,-1.55919094797856,-1.13987867023188,-0.988292699172365,-0.354306186253517,1.19591848569397,-0.0220350148050064,0.24275572405883,0.287663517509148,-0.857291121760219,-0.736650547027571,-0.529337376772693,-1.43781755090439,3,2,1,1,2,1,2,0,0,0,2,0,1,3,0,0,1,3,-0.119601341675981,0.274631111616488,0.119726026362734,0.737358639019534,-0.24497072977671,-0.147670784073403,-0.661248578801105,-1.20163919706451,-0.609079348311369,-0.413250186887226,-0.326685843319029,-1.13465177967311,-1.41312943745962,-0.186060740269542,-0.701045542388849,-0.521804677398393,-0.915735718333933,0.123831472659943
178,19,"weiblich","deutsch","Heidelberg","lab",4,4,3,3,3,3,4,3,3,3,2,3,3,1.39641826659618,0.551554195273488,0.844830855744117,0.615817895154921,0.230791286712872,0.991575666225303,0.24275572405883,0.287663517509148,0.713840017720661,0,0.30455027156785,0.240852686192106,NA,3,2,2,3,1,NA,3,NA,0,0,3,3,2,1,0,2,2,0.906210165775706,0.846993147976085,0.88255185147387,1.7982036487057,0.382942749995776,-0.147670784073403,1.72481020878217,0.368471394412359,NA,-0.413250186887226,-1.38249661230661,0.622482573570663,-0.516606351958921,-0.642011785105892,-0.113326910987671,-0.521804677398393,-0.448438086323711,-0.387546645917229
240,26,"weiblich","deutsch","Heidelberg","lab",4,3,1,1,3,4,4,3,3,3,1,3,3,0.411215195071269,-1.13987867023188,-0.988292699172365,0.615817895154921,1.19591848569397,0.991575666225303,0.24275572405883,0.287663517509148,0.713840017720661,-0.736650547027571,0.30455027156785,0.240852686192106,0,0,0,0,0,0,1,0,0,0,1,0,0,0,0,0,0,0,-1.65831860285351,-0.870092961102706,-0.643099798748402,-0.323486370666634,-1.50079768932168,-0.83372463508109,-1.13846033631776,-1.20163919706451,-0.609079348311369,-0.413250186887226,-0.854591227812821,-1.13465177967311,-1.86139098020997,-1.55391387477859,-0.701045542388849,-0.521804677398393,-1.38303335034415,-1.41030288307157
415,19,"männlich","deutsch","Heidelberg","lab",4,3,2,3,3,2,2,2,3,1,1,3,1,0.411215195071269,-0.294162237479194,0.844830855744117,0.615817895154921,-0.734335912268229,-1.03564569583532,-0.754276714039937,0.287663517509148,-0.857291121760219,-0.736650547027571,0.30455027156785,-1.43781755090439,NA,0,1,0,3,0,1,1,0,0,1,1,NA,3,0,0,NA,3,0.393304412049862,-0.870092961102706,0.119726026362734,-0.323486370666634,0.382942749995776,-0.83372463508109,-1.13846033631776,-0.678268999905552,-0.609079348311369,-0.413250186887226,-0.854591227812821,-0.54894032859185,-0.0683448092085732,-0.186060740269542,-0.701045542388849,-0.521804677398393,0.486157177696733,0.123831472659943
259,20,"weiblich","deutsch","Heidelberg","lab",4,3,3,4,3,3,3,3,3,1,1,2,1,0.411215195071269,0.551554195273488,1.76139263320236,0.615817895154921,0.230791286712872,-0.0220350148050064,0.24275572405883,0.287663517509148,-0.857291121760219,-0.736650547027571,-0.529337376772693,-1.43781755090439,0,0,0,0,0,0,0,0,0,0,0,0,0,0,0,0,0,0,-1.65831860285351,-0.870092961102706,-0.643099798748402,-0.323486370666634,-1.50079768932168,-0.83372463508109,-1.61567209383442,-1.20163919706451,-0.609079348311369,-0.413250186887226,-1.38249661230661,-1.13465177967311,-1.86139098020997,-1.55391387477859,-0.701045542388849,-0.521804677398393,-1.38303335034415,-1.41030288307157
269,25,"weiblich","deutsch","Heidelberg","lab",4,2,1,1,1,4,3,3,3,3,3,2,4,-0.573987876453645,-1.13987867023188,-0.988292699172365,-1.32443026766195,1.19591848569397,-0.0220350148050064,0.24275572405883,0.287663517509148,0.713840017720661,0.736650547027571,-0.529337376772693,1.08018780474035,NA,2,1,0,NA,2,1,1,0,0,1,1,NA,3,1,0,NA,3,0.906210165775706,0.274631111616488,0.119726026362734,-0.323486370666634,1.01085622976826,0.538383066934283,-1.13846033631776,-0.678268999905552,-0.609079348311369,-0.413250186887226,-0.854591227812821,-0.54894032859185,0.379916733541775,-0.186060740269542,-0.113326910987671,-0.521804677398393,0.486157177696733,0.123831472659943
142,21,"weiblich","deutsch","Heidelberg","lab",4,1,1,1,4,4,0,4,3,3,3,4,4,-1.55919094797856,-1.13987867023188,-0.988292699172365,1.58594197656336,1.19591848569397,-3.06286705789593,1.2397881621576,0.287663517509148,0.713840017720661,0.736650547027571,1.13843791990839,1.08018780474035,NA,2,2,0,3,2,NA,NA,1,1,NA,3,NA,NA,3,0,3,NA,0.906210165775706,0.274631111616488,0.88255185147387,-0.323486370666634,0.382942749995776,0.538383066934283,0.770386693748861,0.891841591571314,0.1852171117672,0.738684709060917,0.729124925668557,0.622482573570663,0.828178276292123,0.269890304566808,1.06211035181468,-0.521804677398393,0.0188595456865111,0.635209591237114
465,19,"weiblich","deutsch","Heidelberg","lab",4,2,3,1,1,2,2,1,4,2,1,1,4,-0.573987876453645,0.551554195273488,-0.988292699172365,-1.32443026766195,-0.734335912268229,-1.03564569583532,-1.7513091521387,1.26064306202538,-0.0717255520197794,-0.736650547027571,-1.36322502511324,1.08018780474035,2,0,0,0,2,0,0,1,0,0,0,1,1,0,0,0,1,0,-0.632507095401825,-0.870092961102706,-0.643099798748402,-0.323486370666634,-0.24497072977671,-0.83372463508109,-1.61567209383442,-0.678268999905552,-0.609079348311369,-0.413250186887226,-1.38249661230661,-0.54894032859185,-1.41312943745962,-1.55391387477859,-0.701045542388849,-0.521804677398393,-0.915735718333933,-1.41030288307157
317,20,"weiblich","deutsch","Heidelberg","lab",4,3,1,1,1,2,3,3,3,1,1,1,2,0.411215195071269,-1.13987867023188,-0.988292699172365,-1.32443026766195,-0.734335912268229,-0.0220350148050064,0.24275572405883,0.287663517509148,-0.857291121760219,-0.736650547027571,-1.36322502511324,-0.598482432356141,0,3,0,0,0,3,1,0,0,0,1,0,2,2,0,0,2,2,-1.65831860285351,0.846993147976085,-0.643099798748402,-0.323486370666634,-1.50079768932168,1.22443691794197,-1.13846033631776,-1.20163919706451,-0.609079348311369,-0.413250186887226,-0.854591227812821,-1.13465177967311,-0.96486789470927,-0.642011785105892,-0.701045542388849,-0.521804677398393,-0.448438086323711,-0.387546645917229
326,19,"weiblich","deutsch","Heidelberg","lab",4,3,1,1,3,3,4,3,3,4,3,3,4,0.411215195071269,-1.13987867023188,-0.988292699172365,0.615817895154921,0.230791286712872,0.991575666225303,0.24275572405883,0.287663517509148,1.4994055874611,0.736650547027571,0.30455027156785,1.08018780474035,NA,0,2,0,2,0,NA,2,3,1,1,1,NA,NA,1,0,3,NA,0.393304412049862,-0.870092961102706,0.88255185147387,-0.323486370666634,-0.24497072977671,-0.83372463508109,0.293174936232205,-0.154898802746597,1.77381003192434,0.738684709060917,-0.854591227812821,-0.54894032859185,-0.0683448092085732,0.269890304566808,-0.113326910987671,-0.521804677398393,0.0188595456865111,0.635209591237114
208,19,"weiblich","deutsch","Heidelberg","lab",4,4,3,2,1,3,3,3,3,2,2,2,1,1.39641826659618,0.551554195273488,-0.0717309217141236,-1.32443026766195,0.230791286712872,-0.0220350148050064,0.24275572405883,0.287663517509148,-0.0717255520197794,0,-0.529337376772693,-1.43781755090439,2,0,1,0,1,0,1,0,0,0,1,0,3,2,2,1,1,1,-0.632507095401825,-0.870092961102706,0.119726026362734,-0.323486370666634,-0.872884209549196,-0.83372463508109,-1.13846033631776,-1.20163919706451,-0.609079348311369,-0.413250186887226,-0.854591227812821,-1.13465177967311,-0.516606351958921,-0.642011785105892,0.474391720413507,0.28069492991086,-0.915735718333933,-0.8989247644944
250,21,"weiblich","deutsch","Heidelberg","lab",4,3,4,3,3,2,3,3,3,2,3,3,4,0.411215195071269,1.39727062802617,0.844830855744117,0.615817895154921,-0.734335912268229,-0.0220350148050064,0.24275572405883,0.287663517509148,-0.0717255520197794,0.736650547027571,0.30455027156785,1.08018780474035,3,2,0,0,3,2,NA,NA,0,0,NA,NA,1,1,0,0,1,1,-0.119601341675981,0.274631111616488,-0.643099798748402,-0.323486370666634,0.382942749995776,0.538383066934283,0.293174936232205,1.93858198588923,-0.609079348311369,-0.413250186887226,0.729124925668557,2.37961692681443,-1.41312943745962,-1.09796282994224,-0.701045542388849,-0.521804677398393,-0.915735718333933,-0.8989247644944
330,18,"weiblich","deutsch","Heidelberg","lab",4,4,3,2,3,3,3,3,2,2,0,0,0,1.39641826659618,0.551554195273488,-0.0717309217141236,0.615817895154921,0.230791286712872,-0.0220350148050064,0.24275572405883,-0.685316027007087,-0.0717255520197794,-1.47330109405514,-2.19711267345378,-2.27715266945263,1,3,0,0,1,3,NA,NA,0,0,NA,NA,NA,3,2,0,3,3,-1.14541284912767,0.846993147976085,-0.643099798748402,-0.323486370666634,-0.872884209549196,1.22443691794197,0.770386693748861,1.93858198588923,-0.609079348311369,-0.413250186887226,1.25703031016235,2.37961692681443,0.379916733541775,-0.186060740269542,0.474391720413507,-0.521804677398393,0.0188595456865111,0.123831472659943
233,23,"weiblich","deutsch","Heidelberg","lab",4,2,1,1,2,2,4,2,3,0,0,3,3,-0.573987876453645,-1.13987867023188,-0.988292699172365,-0.354306186253517,-0.734335912268229,0.991575666225303,-0.754276714039937,0.287663517509148,-1.64285669150066,-1.47330109405514,0.30455027156785,0.240852686192106,NA,0,1,0,3,0,3,2,1,0,2,2,NA,NA,2,2,3,NA,0.393304412049862,-0.870092961102706,0.119726026362734,-0.323486370666634,0.382942749995776,-0.83372463508109,-0.18403682128445,-0.154898802746597,0.1852171117672,-0.413250186887226,-0.326685843319029,0.0367711224894062,0.379916733541775,1.18179239423951,0.474391720413507,1.08319453722011,0.0188595456865111,0.635209591237114
491,21,"weiblich","deutsch","Heidelberg","lab",4,3,3,3,3,3,3,3,2,3,3,4,2,0.411215195071269,0.551554195273488,0.844830855744117,0.615817895154921,0.230791286712872,-0.0220350148050064,0.24275572405883,-0.685316027007087,0.713840017720661,0.736650547027571,1.13843791990839,-0.598482432356141,3,1,0,0,3,1,1,2,0,0,1,2,NA,NA,0,0,NA,NA,-0.119601341675981,-0.297730924743109,-0.643099798748402,-0.323486370666634,0.382942749995776,-0.147670784073403,-1.13846033631776,-0.154898802746597,-0.609079348311369,-0.413250186887226,-0.854591227812821,0.0367711224894062,0.828178276292123,0.269890304566808,-0.701045542388849,-0.521804677398393,1.42075244171718,0.635209591237114
218,20,"weiblich","deutsch","Heidelberg","lab",4,1,1,1,2,2,3,3,2,1,1,1,0,-1.55919094797856,-1.13987867023188,-0.988292699172365,-0.354306186253517,-0.734335912268229,-0.0220350148050064,0.24275572405883,-0.685316027007087,-0.857291121760219,-0.736650547027571,-1.36322502511324,-2.27715266945263,2,2,0,0,2,2,0,0,0,0,0,0,1,1,1,0,0,1,-0.632507095401825,0.274631111616488,-0.643099798748402,-0.323486370666634,-0.24497072977671,0.538383066934283,-1.61567209383442,-1.20163919706451,-0.609079348311369,-0.413250186887226,-1.38249661230661,-1.13465177967311,-1.41312943745962,-1.09796282994224,-0.113326910987671,-0.521804677398393,-1.38303335034415,-0.8989247644944
413,19,"weiblich","deutsch","Heidelberg","lab",4,3,1,2,3,3,3,3,3,4,3,3,1,0.411215195071269,-1.13987867023188,-0.0717309217141236,0.615817895154921,0.230791286712872,-0.0220350148050064,0.24275572405883,0.287663517509148,1.4994055874611,0.736650547027571,0.30455027156785,-1.43781755090439,NA,1,3,1,1,0,NA,2,1,0,3,2,2,NA,1,NA,1,0,0.393304412049862,-0.297730924743109,1.64537767658501,0.737358639019534,-0.872884209549196,-0.83372463508109,0.293174936232205,-0.154898802746597,0.1852171117672,-0.413250186887226,0.201219541174764,0.0367711224894062,-0.96486789470927,0.269890304566808,-0.113326910987671,2.68819375183862,-0.915735718333933,-1.41030288307157
168,24,"weiblich","deutsch","Heidelberg","lab",4,3,3,3,3,3,4,3,3,3,1,1,3,0.411215195071269,0.551554195273488,0.844830855744117,0.615817895154921,0.230791286712872,0.991575666225303,0.24275572405883,0.287663517509148,0.713840017720661,-0.736650547027571,-1.36322502511324,0.240852686192106,3,2,1,0,2,2,NA,3,3,1,2,2,NA,NA,2,2,NA,NA,-0.119601341675981,0.274631111616488,0.119726026362734,-0.323486370666634,-0.24497072977671,0.538383066934283,0.770386693748861,0.368471394412359,1.77381003192434,0.738684709060917,-0.326685843319029,0.0367711224894062,1.27643981904247,1.18179239423951,0.474391720413507,1.08319453722011,0.953454809706955,0.635209591237114
220,21,"weiblich","deutsch","Heidelberg","lab",4,4,4,2,2,3,3,3,3,4,3,4,4,1.39641826659618,1.39727062802617,-0.0717309217141236,-0.354306186253517,0.230791286712872,-0.0220350148050064,0.24275572405883,0.287663517509148,1.4994055874611,0.736650547027571,1.13843791990839,1.08018780474035,1,0,1,0,0,0,1,1,0,0,1,1,NA,0,2,0,2,0,-1.14541284912767,-0.870092961102706,0.119726026362734,-0.323486370666634,-1.50079768932168,-0.83372463508109,-1.13846033631776,-0.678268999905552,-0.609079348311369,-0.413250186887226,-0.854591227812821,-0.54894032859185,-0.0683448092085732,-1.55391387477859,0.474391720413507,-0.521804677398393,-0.448438086323711,-1.41030288307157
261,24,"weiblich","deutsch","Heidelberg","lab",4,3,1,1,1,3,4,3,3,4,4,4,3,0.411215195071269,-1.13987867023188,-0.988292699172365,-1.32443026766195,0.230791286712872,0.991575666225303,0.24275572405883,0.287663517509148,1.4994055874611,1.47330109405514,1.13843791990839,0.240852686192106,NA,3,1,0,NA,3,NA,3,1,0,NA,3,3,NA,0,0,3,NA,1.41911591950155,0.846993147976085,0.119726026362734,-0.323486370666634,1.63876970954075,1.22443691794197,1.24759845126552,0.368471394412359,0.1852171117672,-0.413250186887226,1.25703031016235,0.622482573570663,-0.516606351958921,1.18179239423951,-0.701045542388849,-0.521804677398393,0.0188595456865111,1.65796582839146
428,21,"weiblich","deutsch","Heidelberg","lab",4,3,4,1,1,3,4,4,4,3,3,3,2,0.411215195071269,1.39727062802617,-0.988292699172365,-1.32443026766195,0.230791286712872,0.991575666225303,1.2397881621576,1.26064306202538,0.713840017720661,0.736650547027571,0.30455027156785,-0.598482432356141,3,0,0,0,3,0,3,1,0,1,3,0,3,2,1,1,2,1,-0.119601341675981,-0.870092961102706,-0.643099798748402,-0.323486370666634,0.382942749995776,-0.83372463508109,-0.18403682128445,-0.678268999905552,-0.609079348311369,0.738684709060917,0.201219541174764,-1.13465177967311,-0.516606351958921,-0.642011785105892,-0.113326910987671,0.28069492991086,-0.448438086323711,-0.8989247644944
459,20,"weiblich","deutsch","Heidelberg","lab",4,1,2,2,3,4,4,4,4,4,4,4,4,-1.55919094797856,-0.294162237479194,-0.0717309217141236,0.615817895154921,1.19591848569397,0.991575666225303,1.2397881621576,1.26064306202538,1.4994055874611,1.47330109405514,1.13843791990839,1.08018780474035,0,0,0,0,0,0,0,0,0,0,0,0,1,0,0,0,1,0,-1.65831860285351,-0.870092961102706,-0.643099798748402,-0.323486370666634,-1.50079768932168,-0.83372463508109,-1.61567209383442,-1.20163919706451,-0.609079348311369,-0.413250186887226,-1.38249661230661,-1.13465177967311,-1.41312943745962,-1.55391387477859,-0.701045542388849,-0.521804677398393,-0.915735718333933,-1.41030288307157
180,34,"weiblich","deutsch","Heidelberg","lab",4,4,3,4,4,1,3,3,3,4,4,4,4,1.39641826659618,0.551554195273488,1.76139263320236,1.58594197656336,-1.69946311124933,-0.0220350148050064,0.24275572405883,0.287663517509148,1.4994055874611,1.47330109405514,1.13843791990839,1.08018780474035,NA,NA,0,0,NA,NA,0,2,0,1,0,1,0,0,0,0,0,0,0.393304412049862,2.56407925705488,-0.643099798748402,-0.323486370666634,1.01085622976826,NA,-1.61567209383442,-0.154898802746597,-0.609079348311369,0.738684709060917,-1.38249661230661,-0.54894032859185,-1.86139098020997,-1.55391387477859,-0.701045542388849,-0.521804677398393,-1.38303335034415,-1.41030288307157
114,21,"weiblich","deutsch","Heidelberg","lab",4,3,3,2,1,4,1,3,3,1,1,3,4,0.411215195071269,0.551554195273488,-0.0717309217141236,-1.32443026766195,1.19591848569397,-2.04925637686562,0.24275572405883,0.287663517509148,-0.857291121760219,-0.736650547027571,0.30455027156785,1.08018780474035,3,1,0,0,3,1,NA,NA,3,2,1,2,NA,NA,NA,1,0,NA,-0.119601341675981,-0.297730924743109,-0.643099798748402,-0.323486370666634,0.382942749995776,-0.147670784073403,0.293174936232205,0.891841591571314,1.77381003192434,1.89061960500906,-0.854591227812821,0.0367711224894062,1.27643981904247,1.18179239423951,NA,0.28069492991086,-1.38303335034415,1.14658770981429
581,19,"weiblich","deutsch","Heidelberg","lab",4,3,3,1,1,2,3,3,3,2,0,3,3,0.411215195071269,0.551554195273488,-0.988292699172365,-1.32443026766195,-0.734335912268229,-0.0220350148050064,0.24275572405883,0.287663517509148,-0.0717255520197794,-1.47330109405514,0.30455027156785,0.240852686192106,1,NA,1,NA,0,0,3,1,1,0,2,1,3,3,3,0,0,3,-1.14541284912767,1.41935518433568,0.119726026362734,NA,-1.50079768932168,-0.83372463508109,-0.18403682128445,-0.678268999905552,0.1852171117672,-0.413250186887226,-0.326685843319029,-0.54894032859185,-0.516606351958921,-0.186060740269542,1.06211035181468,-0.521804677398393,-1.38303335034415,0.123831472659943
212,25,"männlich","deutsch","Heidelberg","lab",4,3,3,3,3,3,3,4,3,1,1,1,1,0.411215195071269,0.551554195273488,0.844830855744117,0.615817895154921,0.230791286712872,-0.0220350148050064,1.2397881621576,0.287663517509148,-0.857291121760219,-0.736650547027571,-1.36322502511324,-1.43781755090439,NA,3,0,1,NA,2,NA,1,1,0,NA,1,NA,NA,1,0,3,NA,0.393304412049862,0.846993147976085,-0.643099798748402,0.737358639019534,1.01085622976826,0.538383066934283,0.770386693748861,-0.678268999905552,0.1852171117672,-0.413250186887226,0.729124925668557,-0.54894032859185,-0.0683448092085732,0.725841349403158,-0.113326910987671,-0.521804677398393,0.0188595456865111,1.14658770981429
507,21,"weiblich","deutsch","Heidelberg","lab",4,3,0,1,3,3,4,4,3,3,0,4,3,0.411215195071269,-1.98559510298456,-0.988292699172365,0.615817895154921,0.230791286712872,0.991575666225303,1.2397881621576,0.287663517509148,0.713840017720661,-1.47330109405514,1.13843791990839,0.240852686192106,NA,NA,1,3,NA,2,NA,1,0,0,NA,1,NA,NA,1,3,3,NA,0.906210165775706,1.99171722069528,0.119726026362734,2.85904865839187,1.01085622976826,0.538383066934283,0.293174936232205,-0.678268999905552,-0.609079348311369,-0.413250186887226,0.729124925668557,-0.54894032859185,-0.0683448092085732,2.09369448391221,-0.113326910987671,1.88569414452936,0.0188595456865111,1.14658770981429
371,24,"weiblich","deutsch","Heidelberg","lab",4,3,3,1,3,3,2,2,3,1,1,2,3,0.411215195071269,0.551554195273488,-0.988292699172365,0.615817895154921,0.230791286712872,-1.03564569583532,-0.754276714039937,0.287663517509148,-0.857291121760219,-0.736650547027571,-0.529337376772693,0.240852686192106,NA,NA,NA,NA,0,0,NA,NA,NA,NA,0,0,NA,NA,NA,NA,0,0,2.44492742695324,NA,NA,NA,-1.50079768932168,-0.83372463508109,2.20202196629883,2.98532238020714,NA,NA,-1.38249661230661,-1.13465177967311,1.72470136179282,2.09369448391221,NA,NA,-1.38303335034415,-1.41030288307157
195,21,"männlich","deutsch","Heidelberg","lab",4,4,2,3,4,1,3,1,0,3,4,4,4,1.39641826659618,-0.294162237479194,0.844830855744117,1.58594197656336,-1.69946311124933,-0.0220350148050064,-1.7513091521387,-2.63127511603956,0.713840017720661,1.47330109405514,1.13843791990839,1.08018780474035,NA,0,2,0,NA,0,NA,NA,2,1,3,NA,NA,NA,3,2,3,2,1.41911591950155,-0.870092961102706,0.88255185147387,-0.323486370666634,1.01085622976826,-0.83372463508109,0.770386693748861,1.41521178873027,0.979513571845769,0.738684709060917,0.201219541174764,1.20819402465192,0.828178276292123,0.269890304566808,1.06211035181468,1.08319453722011,0.0188595456865111,-0.387546645917229
549,22,"weiblich","deutsch","Heidelberg","lab",4,3,2,1,2,3,4,4,3,1,0,3,1,0.411215195071269,-0.294162237479194,-0.988292699172365,-0.354306186253517,0.230791286712872,0.991575666225303,1.2397881621576,0.287663517509148,-0.857291121760219,-1.47330109405514,0.30455027156785,-1.43781755090439,0,0,0,0,0,0,2,0,0,0,2,0,1,1,0,0,1,1,-1.65831860285351,-0.870092961102706,-0.643099798748402,-0.323486370666634,-1.50079768932168,-0.83372463508109,-0.661248578801105,-1.20163919706451,-0.609079348311369,-0.413250186887226,-0.326685843319029,-1.13465177967311,-1.41312943745962,-1.09796282994224,-0.701045542388849,-0.521804677398393,-0.915735718333933,-0.8989247644944
557,30,"weiblich","deutsch","Heidelberg","lab",4,4,4,4,4,3,3,3,3,2,1,3,2,1.39641826659618,1.39727062802617,1.76139263320236,1.58594197656336,0.230791286712872,-0.0220350148050064,0.24275572405883,0.287663517509148,-0.0717255520197794,-0.736650547027571,0.30455027156785,-0.598482432356141,2,0,1,0,1,0,3,2,2,0,1,2,NA,NA,2,2,2,2,-0.632507095401825,-0.870092961102706,0.119726026362734,-0.323486370666634,-0.872884209549196,-0.83372463508109,-0.18403682128445,-0.154898802746597,0.979513571845769,-0.413250186887226,-0.854591227812821,0.0367711224894062,-0.0683448092085732,0.269890304566808,0.474391720413507,1.08319453722011,-0.448438086323711,-0.387546645917229
542,21,"weiblich","deutsch","Heidelberg","lab",4,1,3,1,2,3,4,3,3,1,0,1,3,-1.55919094797856,0.551554195273488,-0.988292699172365,-0.354306186253517,0.230791286712872,0.991575666225303,0.24275572405883,0.287663517509148,-0.857291121760219,-1.47330109405514,-1.36322502511324,0.240852686192106,NA,2,0,0,NA,2,3,2,0,0,3,2,NA,3,0,0,NA,3,0.393304412049862,0.274631111616488,-0.643099798748402,-0.323486370666634,1.01085622976826,0.538383066934283,-0.18403682128445,-0.154898802746597,-0.609079348311369,-0.413250186887226,0.201219541174764,0.0367711224894062,0.828178276292123,-0.186060740269542,-0.701045542388849,-0.521804677398393,1.42075244171718,0.123831472659943
121,19,"weiblich","deutsch","Heidelberg","lab",4,1,3,1,2,4,4,3,3,1,3,3,2,-1.55919094797856,0.551554195273488,-0.988292699172365,-0.354306186253517,1.19591848569397,0.991575666225303,0.24275572405883,0.287663517509148,-0.857291121760219,0.736650547027571,0.30455027156785,-0.598482432356141,NA,1,0,0,NA,1,3,1,0,0,3,1,2,NA,0,0,2,NA,0.906210165775706,-0.297730924743109,-0.643099798748402,-0.323486370666634,1.63876970954075,-0.147670784073403,-0.18403682128445,-0.678268999905552,-0.609079348311369,-0.413250186887226,0.201219541174764,-0.54894032859185,-0.96486789470927,0.725841349403158,-0.701045542388849,-0.521804677398393,-0.448438086323711,1.14658770981429
392,20,"weiblich","deutsch","Heidelberg","lab",4,3,3,1,3,4,3,3,4,4,4,3,3,0.411215195071269,0.551554195273488,-0.988292699172365,0.615817895154921,1.19591848569397,-0.0220350148050064,0.24275572405883,1.26064306202538,1.4994055874611,1.47330109405514,0.30455027156785,0.240852686192106,NA,1,2,0,2,1,NA,3,NA,2,1,1,NA,3,NA,3,1,0,0.393304412049862,-0.297730924743109,0.88255185147387,-0.323486370666634,-0.24497072977671,-0.147670784073403,0.770386693748861,0.368471394412359,2.56810649200291,1.89061960500906,-0.854591227812821,-0.54894032859185,0.828178276292123,-0.186060740269542,2.23754761461704,1.88569414452936,-0.915735718333933,-1.41030288307157
328,23,"weiblich","deutsch","Heidelberg","lab",4,3,3,1,1,4,4,4,4,1,1,1,4,0.411215195071269,0.551554195273488,-0.988292699172365,-1.32443026766195,1.19591848569397,0.991575666225303,1.2397881621576,1.26064306202538,-0.857291121760219,-0.736650547027571,-1.36322502511324,1.08018780474035,1,0,0,0,1,0,2,1,0,0,2,1,3,0,1,0,2,0,-1.14541284912767,-0.870092961102706,-0.643099798748402,-0.323486370666634,-0.872884209549196,-0.83372463508109,-0.661248578801105,-0.678268999905552,-0.609079348311369,-0.413250186887226,-0.326685843319029,-0.54894032859185,-0.516606351958921,-1.55391387477859,-0.113326910987671,-0.521804677398393,-0.448438086323711,-1.41030288307157
598,22,"weiblich","deutsch","Heidelberg","lab",4,1,1,3,3,2,4,3,3,2,1,3,3,-1.55919094797856,-1.13987867023188,0.844830855744117,0.615817895154921,-0.734335912268229,0.991575666225303,0.24275572405883,0.287663517509148,-0.0717255520197794,-0.736650547027571,0.30455027156785,0.240852686192106,NA,NA,2,2,2,3,NA,2,1,0,3,2,NA,NA,0,0,NA,NA,0.393304412049862,1.99171722069528,0.88255185147387,1.7982036487057,-0.24497072977671,1.22443691794197,0.293174936232205,-0.154898802746597,0.1852171117672,-0.413250186887226,0.201219541174764,0.0367711224894062,0.379916733541775,1.18179239423951,-0.701045542388849,-0.521804677398393,0.953454809706955,1.65796582839146
532,20,"weiblich","deutsch","Heidelberg","lab",4,1,1,0,0,3,4,4,4,1,0,0,3,-1.55919094797856,-1.13987867023188,-1.90485447663061,-2.29455434907039,0.230791286712872,0.991575666225303,1.2397881621576,1.26064306202538,-0.857291121760219,-1.47330109405514,-2.19711267345378,0.240852686192106,3,3,0,0,3,3,2,NA,0,0,2,NA,NA,3,0,0,NA,3,-0.119601341675981,0.846993147976085,-0.643099798748402,-0.323486370666634,0.382942749995776,1.22443691794197,-0.661248578801105,0.891841591571314,-0.609079348311369,-0.413250186887226,-0.326685843319029,1.20819402465192,-0.0683448092085732,-0.186060740269542,-0.701045542388849,-0.521804677398393,0.486157177696733,0.123831472659943
410,19,"weiblich","deutsch","Heidelberg","lab",4,3,2,1,1,1,3,3,2,1,1,3,2,0.411215195071269,-0.294162237479194,-0.988292699172365,-1.32443026766195,-1.69946311124933,-0.0220350148050064,0.24275572405883,-0.685316027007087,-0.857291121760219,-0.736650547027571,0.30455027156785,-0.598482432356141,1,0,0,0,1,0,3,1,0,0,3,1,3,0,1,0,2,0,-1.14541284912767,-0.870092961102706,-0.643099798748402,-0.323486370666634,-0.872884209549196,-0.83372463508109,-0.18403682128445,-0.678268999905552,-0.609079348311369,-0.413250186887226,0.201219541174764,-0.54894032859185,-0.516606351958921,-1.55391387477859,-0.113326910987671,-0.521804677398393,-0.448438086323711,-1.41030288307157
359,22,"weiblich","deutsch","Heidelberg","lab",4,3,4,3,3,1,3,3,3,2,2,2,3,0.411215195071269,1.39727062802617,0.844830855744117,0.615817895154921,-1.69946311124933,-0.0220350148050064,0.24275572405883,0.287663517509148,-0.0717255520197794,0,-0.529337376772693,0.240852686192106,NA,3,1,0,NA,3,NA,NA,1,1,NA,3,NA,NA,0,1,NA,NA,1.41911591950155,0.846993147976085,0.119726026362734,-0.323486370666634,1.63876970954075,1.22443691794197,1.72481020878217,0.891841591571314,0.1852171117672,0.738684709060917,1.78493569465614,0.622482573570663,0.379916733541775,1.63774343907586,-0.701045542388849,0.28069492991086,0.953454809706955,1.65796582839146
270,21,"weiblich","deutsch","Heidelberg","lab",4,3,1,3,1,4,3,3,3,2,3,3,1,0.411215195071269,-1.13987867023188,0.844830855744117,-1.32443026766195,1.19591848569397,-0.0220350148050064,0.24275572405883,0.287663517509148,-0.0717255520197794,0.736650547027571,0.30455027156785,-1.43781755090439,NA,1,NA,0,2,1,NA,3,2,1,2,2,NA,NA,NA,1,1,NA,1.41911591950155,-0.297730924743109,2.40820350169614,-0.323486370666634,-0.24497072977671,-0.147670784073403,0.293174936232205,0.368471394412359,0.979513571845769,0.738684709060917,-0.326685843319029,0.0367711224894062,0.828178276292123,0.725841349403158,2.23754761461704,0.28069492991086,-0.915735718333933,0.635209591237114
125,22,"weiblich","deutsch","Heidelberg","lab",4,3,4,2,3,4,3,4,4,4,3,3,3,0.411215195071269,1.39727062802617,-0.0717309217141236,0.615817895154921,1.19591848569397,-0.0220350148050064,1.2397881621576,1.26064306202538,1.4994055874611,0.736650547027571,0.30455027156785,0.240852686192106,1,1,0,0,1,1,3,2,0,0,3,2,3,NA,0,0,3,NA,-1.14541284912767,-0.297730924743109,-0.643099798748402,-0.323486370666634,-0.872884209549196,-0.147670784073403,-0.18403682128445,-0.154898802746597,-0.609079348311369,-0.413250186887226,0.201219541174764,0.0367711224894062,-0.516606351958921,0.725841349403158,-0.701045542388849,-0.521804677398393,0.0188595456865111,1.14658770981429
151,20,"weiblich","deutsch","Heidelberg","lab",4,3,3,2,3,3,4,3,3,4,4,4,3,0.411215195071269,0.551554195273488,-0.0717309217141236,0.615817895154921,0.230791286712872,0.991575666225303,0.24275572405883,0.287663517509148,1.4994055874611,1.47330109405514,1.13843791990839,0.240852686192106,3,1,2,0,1,1,3,2,1,0,2,2,2,2,0,0,2,2,-0.119601341675981,-0.297730924743109,0.88255185147387,-0.323486370666634,-0.872884209549196,-0.147670784073403,-0.18403682128445,-0.154898802746597,0.1852171117672,-0.413250186887226,-0.326685843319029,0.0367711224894062,-0.96486789470927,-0.642011785105892,-0.701045542388849,-0.521804677398393,-0.448438086323711,-0.387546645917229
267,22,"weiblich","andere","Heidelberg","lab",4,4,2,2,3,1,1,1,1,1,1,3,3,1.39641826659618,-0.294162237479194,-0.0717309217141236,0.615817895154921,-1.69946311124933,-2.04925637686562,-1.7513091521387,-1.65829557152332,-0.857291121760219,-0.736650547027571,0.30455027156785,0.240852686192106,1,0,0,0,1,0,0,2,0,0,0,2,3,3,0,0,3,3,-1.14541284912767,-0.870092961102706,-0.643099798748402,-0.323486370666634,-0.872884209549196,-0.83372463508109,-1.61567209383442,-0.154898802746597,-0.609079348311369,-0.413250186887226,-1.38249661230661,0.0367711224894062,-0.516606351958921,-0.186060740269542,-0.701045542388849,-0.521804677398393,0.0188595456865111,0.123831472659943
402,19,"weiblich","deutsch","Heidelberg","lab",4,4,2,1,1,0,0,0,0,3,3,4,2,1.39641826659618,-0.294162237479194,-0.988292699172365,-1.32443026766195,-2.66459031023043,-3.06286705789593,-2.74834159023747,-2.63127511603956,0.713840017720661,0.736650547027571,1.13843791990839,-0.598482432356141,NA,2,1,0,3,2,NA,NA,1,3,NA,3,NA,NA,0,2,NA,NA,0.393304412049862,0.274631111616488,0.119726026362734,-0.323486370666634,0.382942749995776,0.538383066934283,0.770386693748861,1.93858198588923,0.1852171117672,NA,0.729124925668557,0.622482573570663,1.27643981904247,1.63774343907586,-0.701045542388849,1.08319453722011,1.8880500737274,1.14658770981429
449,29,"weiblich","deutsch","Heidelberg","lab",4,4,4,4,4,0,1,1,1,4,4,4,3,1.39641826659618,1.39727062802617,1.76139263320236,1.58594197656336,-2.66459031023043,-2.04925637686562,-1.7513091521387,-1.65829557152332,1.4994055874611,1.47330109405514,1.13843791990839,0.240852686192106,NA,NA,1,0,NA,NA,NA,NA,2,0,2,NA,NA,NA,1,0,NA,NA,1.41911591950155,1.41935518433568,0.119726026362734,-0.323486370666634,1.63876970954075,1.91049076894966,0.293174936232205,0.891841591571314,0.979513571845769,-0.413250186887226,-0.326685843319029,1.20819402465192,0.828178276292123,0.725841349403158,-0.113326910987671,-0.521804677398393,0.953454809706955,1.14658770981429
274,29,"weiblich","deutsch","Heidelberg","lab",4,3,3,3,3,3,3,3,2,0,1,1,0,0.411215195071269,0.551554195273488,0.844830855744117,0.615817895154921,0.230791286712872,-0.0220350148050064,0.24275572405883,-0.685316027007087,-1.64285669150066,-0.736650547027571,-1.36322502511324,-2.27715266945263,NA,1,1,0,3,1,NA,3,0,0,NA,3,NA,2,1,0,3,2,0.393304412049862,-0.297730924743109,0.119726026362734,-0.323486370666634,0.382942749995776,-0.147670784073403,0.293174936232205,0.368471394412359,-0.609079348311369,-0.413250186887226,0.729124925668557,0.622482573570663,-0.0683448092085732,-0.642011785105892,-0.113326910987671,-0.521804677398393,0.0188595456865111,-0.387546645917229
382,23,"weiblich","deutsch","Heidelberg","lab",4,2,4,1,2,3,1,3,4,4,3,4,4,-0.573987876453645,1.39727062802617,-0.988292699172365,-0.354306186253517,0.230791286712872,-2.04925637686562,0.24275572405883,1.26064306202538,1.4994055874611,0.736650547027571,1.13843791990839,1.08018780474035,0,0,0,0,0,0,1,1,0,0,1,1,3,2,0,0,3,2,-1.65831860285351,-0.870092961102706,-0.643099798748402,-0.323486370666634,-1.50079768932168,-0.83372463508109,-1.13846033631776,-0.678268999905552,-0.609079348311369,-0.413250186887226,-0.854591227812821,-0.54894032859185,-0.516606351958921,-0.642011785105892,-0.701045542388849,-0.521804677398393,0.0188595456865111,-0.387546645917229
173,20,"weiblich","deutsch","Heidelberg","lab",4,4,4,4,4,1,4,0,1,0,0,3,3,1.39641826659618,1.39727062802617,1.76139263320236,1.58594197656336,-1.69946311124933,0.991575666225303,-2.74834159023747,-1.65829557152332,-1.64285669150066,-1.47330109405514,0.30455027156785,0.240852686192106,NA,1,1,0,NA,1,NA,1,0,0,NA,1,NA,NA,0,0,NA,NA,1.41911591950155,-0.297730924743109,0.119726026362734,-0.323486370666634,1.63876970954075,-0.147670784073403,1.24759845126552,-0.678268999905552,-0.609079348311369,-0.413250186887226,1.78493569465614,-0.54894032859185,1.27643981904247,0.725841349403158,-0.701045542388849,-0.521804677398393,1.8880500737274,1.14658770981429
454,24,"weiblich","deutsch","Heidelberg","lab",4,3,3,3,3,3,1,3,3,0,0,1,4,0.411215195071269,0.551554195273488,0.844830855744117,0.615817895154921,0.230791286712872,-2.04925637686562,0.24275572405883,0.287663517509148,-1.64285669150066,-1.47330109405514,-1.36322502511324,1.08018780474035,2,1,1,1,1,0,2,NA,2,1,0,3,NA,NA,NA,2,1,NA,-0.632507095401825,-0.297730924743109,0.119726026362734,0.737358639019534,-0.872884209549196,-0.83372463508109,-0.661248578801105,0.891841591571314,0.979513571845769,0.738684709060917,-1.38249661230661,0.622482573570663,0.379916733541775,1.18179239423951,1.64982898321586,1.08319453722011,-0.915735718333933,0.635209591237114
484,21,"weiblich","andere","Heidelberg","lab",4,3,3,3,2,3,3,3,3,2,2,3,3,0.411215195071269,0.551554195273488,0.844830855744117,-0.354306186253517,0.230791286712872,-0.0220350148050064,0.24275572405883,0.287663517509148,-0.0717255520197794,0,0.30455027156785,0.240852686192106,3,2,0,0,3,2,3,0,0,0,3,0,NA,NA,0,0,NA,NA,-0.119601341675981,0.274631111616488,-0.643099798748402,-0.323486370666634,0.382942749995776,0.538383066934283,-0.18403682128445,-1.20163919706451,-0.609079348311369,-0.413250186887226,0.201219541174764,-1.13465177967311,0.379916733541775,1.18179239423951,-0.701045542388849,-0.521804677398393,0.953454809706955,1.65796582839146
573,20,"weiblich","deutsch","Heidelberg","lab",4,3,3,3,3,3,3,3,3,3,1,3,3,0.411215195071269,0.551554195273488,0.844830855744117,0.615817895154921,0.230791286712872,-0.0220350148050064,0.24275572405883,0.287663517509148,0.713840017720661,-0.736650547027571,0.30455027156785,0.240852686192106,NA,2,NA,1,3,1,NA,3,2,0,NA,3,1,1,0,0,1,1,1.93202167322739,0.274631111616488,2.40820350169614,0.737358639019534,0.382942749995776,-0.147670784073403,1.72481020878217,0.368471394412359,0.979513571845769,-0.413250186887226,1.25703031016235,0.622482573570663,-1.41312943745962,-1.09796282994224,-0.701045542388849,-0.521804677398393,-0.915735718333933,-0.8989247644944
192,19,"weiblich","deutsch","Heidelberg","lab",4,1,1,3,3,4,4,4,3,0,0,3,4,-1.55919094797856,-1.13987867023188,0.844830855744117,0.615817895154921,1.19591848569397,0.991575666225303,1.2397881621576,0.287663517509148,-1.64285669150066,-1.47330109405514,0.30455027156785,1.08018780474035,2,0,0,0,2,0,2,2,0,0,2,2,2,2,2,0,0,2,-0.632507095401825,-0.870092961102706,-0.643099798748402,-0.323486370666634,-0.24497072977671,-0.83372463508109,-0.661248578801105,-0.154898802746597,-0.609079348311369,-0.413250186887226,-0.326685843319029,0.0367711224894062,-0.96486789470927,-0.642011785105892,0.474391720413507,-0.521804677398393,-1.38303335034415,-0.387546645917229
223,26,"weiblich","deutsch","Heidelberg","lab",4,3,1,1,1,4,3,4,2,2,3,4,3,0.411215195071269,-1.13987867023188,-0.988292699172365,-1.32443026766195,1.19591848569397,-0.0220350148050064,1.2397881621576,-0.685316027007087,-0.0717255520197794,0.736650547027571,1.13843791990839,0.240852686192106,3,0,0,0,3,0,3,3,0,0,3,3,3,NA,0,0,3,NA,-0.119601341675981,-0.870092961102706,-0.643099798748402,-0.323486370666634,0.382942749995776,-0.83372463508109,-0.18403682128445,0.368471394412359,-0.609079348311369,-0.413250186887226,0.201219541174764,0.622482573570663,-0.516606351958921,0.269890304566808,-0.701045542388849,-0.521804677398393,0.0188595456865111,0.635209591237114
481,26,"weiblich","deutsch","Heidelberg","lab",4,2,1,1,1,4,3,1,3,0,0,0,0,-0.573987876453645,-1.13987867023188,-0.988292699172365,-1.32443026766195,1.19591848569397,-0.0220350148050064,-1.7513091521387,0.287663517509148,-1.64285669150066,-1.47330109405514,-2.19711267345378,-2.27715266945263,2,2,0,0,2,2,2,0,0,0,2,0,2,0,0,0,2,0,-0.632507095401825,0.274631111616488,-0.643099798748402,-0.323486370666634,-0.24497072977671,0.538383066934283,-0.661248578801105,-1.20163919706451,-0.609079348311369,-0.413250186887226,-0.326685843319029,-1.13465177967311,-0.96486789470927,-1.55391387477859,-0.701045542388849,-0.521804677398393,-0.448438086323711,-1.41030288307157
146,24,"männlich","deutsch","Heidelberg","lab",4,4,3,2,3,2,3,3,1,4,1,4,2,1.39641826659618,0.551554195273488,-0.0717309217141236,0.615817895154921,-0.734335912268229,-0.0220350148050064,0.24275572405883,-1.65829557152332,1.4994055874611,-0.736650547027571,1.13843791990839,-0.598482432356141,2,1,0,1,2,0,2,3,0,2,2,1,3,NA,3,3,0,2,-0.632507095401825,-0.297730924743109,-0.643099798748402,0.737358639019534,-0.24497072977671,-0.83372463508109,-0.661248578801105,0.368471394412359,-0.609079348311369,1.89061960500906,-0.326685843319029,-0.54894032859185,-0.516606351958921,0.725841349403158,1.06211035181468,1.88569414452936,-1.38303335034415,-0.387546645917229
574,24,"weiblich","deutsch","Heidelberg","lab",4,3,3,2,1,4,4,3,4,1,3,4,3,0.411215195071269,0.551554195273488,-0.0717309217141236,-1.32443026766195,1.19591848569397,0.991575666225303,0.24275572405883,1.26064306202538,-0.857291121760219,0.736650547027571,1.13843791990839,0.240852686192106,3,1,1,0,2,1,NA,3,1,0,3,3,NA,NA,1,3,3,2,-0.119601341675981,-0.297730924743109,0.119726026362734,-0.323486370666634,-0.24497072977671,-0.147670784073403,0.293174936232205,0.368471394412359,0.1852171117672,-0.413250186887226,0.201219541174764,0.622482573570663,-0.0683448092085732,0.725841349403158,-0.113326910987671,1.88569414452936,0.0188595456865111,-0.387546645917229
149,19,"männlich","deutsch","Heidelberg","lab",4,4,1,1,3,1,1,1,1,3,3,3,3,1.39641826659618,-1.13987867023188,-0.988292699172365,0.615817895154921,-1.69946311124933,-2.04925637686562,-1.7513091521387,-1.65829557152332,0.713840017720661,0.736650547027571,0.30455027156785,0.240852686192106,NA,NA,NA,NA,NA,NA,NA,NA,NA,NA,NA,NA,NA,NA,NA,NA,NA,NA,NA,NA,NA,NA,NA,NA,NA,NA,NA,NA,NA,NA,NA,NA,NA,NA,NA,NA
570,21,"weiblich","deutsch","Heidelberg","lab",4,3,3,1,2,3,3,2,2,1,3,3,3,0.411215195071269,0.551554195273488,-0.988292699172365,-0.354306186253517,0.230791286712872,-0.0220350148050064,-0.754276714039937,-0.685316027007087,-0.857291121760219,0.736650547027571,0.30455027156785,0.240852686192106,NA,NA,2,1,2,3,3,2,1,1,2,1,NA,3,2,1,NA,2,0.393304412049862,1.41935518433568,0.88255185147387,0.737358639019534,-0.24497072977671,1.22443691794197,-0.18403682128445,-0.154898802746597,0.1852171117672,0.738684709060917,-0.326685843319029,-0.54894032859185,0.828178276292123,-0.186060740269542,0.474391720413507,0.28069492991086,0.486157177696733,-0.387546645917229
277,22,"weiblich","deutsch","Heidelberg","lab",4,3,4,3,4,1,3,1,1,1,0,0,3,0.411215195071269,1.39727062802617,0.844830855744117,1.58594197656336,-1.69946311124933,-0.0220350148050064,-1.7513091521387,-1.65829557152332,-0.857291121760219,-1.47330109405514,-2.19711267345378,0.240852686192106,NA,0,0,0,NA,0,3,2,0,0,3,2,NA,NA,0,1,NA,3,0.393304412049862,-0.870092961102706,-0.643099798748402,-0.323486370666634,1.01085622976826,-0.83372463508109,-0.18403682128445,-0.154898802746597,-0.609079348311369,-0.413250186887226,0.201219541174764,0.0367711224894062,0.828178276292123,0.269890304566808,-0.701045542388849,0.28069492991086,1.42075244171718,0.123831472659943
127,21,"männlich","andere","Heidelberg","lab",4,1,1,1,0,4,3,4,4,4,4,4,4,-1.55919094797856,-1.13987867023188,-0.988292699172365,-2.29455434907039,1.19591848569397,-0.0220350148050064,1.2397881621576,1.26064306202538,1.4994055874611,1.47330109405514,1.13843791990839,1.08018780474035,NA,0,3,0,3,0,2,0,1,0,1,0,NA,NA,NA,NA,0,0,1.41911591950155,-0.870092961102706,1.64537767658501,-0.323486370666634,0.382942749995776,-0.83372463508109,-0.661248578801105,-1.20163919706451,0.1852171117672,-0.413250186887226,-0.854591227812821,-1.13465177967311,1.72470136179282,0.725841349403158,NA,NA,-1.38303335034415,-1.41030288307157
501,27,"weiblich","deutsch","Heidelberg","lab",4,3,2,3,3,2,3,3,3,3,3,4,4,0.411215195071269,-0.294162237479194,0.844830855744117,0.615817895154921,-0.734335912268229,-0.0220350148050064,0.24275572405883,0.287663517509148,0.713840017720661,0.736650547027571,1.13843791990839,1.08018780474035,3,1,0,0,3,1,NA,1,0,0,NA,1,NA,3,1,0,NA,3,-0.119601341675981,-0.297730924743109,-0.643099798748402,-0.323486370666634,0.382942749995776,-0.147670784073403,0.293174936232205,-0.678268999905552,-0.609079348311369,-0.413250186887226,0.729124925668557,-0.54894032859185,1.27643981904247,-0.186060740269542,-0.113326910987671,-0.521804677398393,1.42075244171718,0.123831472659943
314,23,"weiblich","deutsch","Heidelberg","lab",4,3,4,1,3,4,3,4,4,4,1,4,3,0.411215195071269,1.39727062802617,-0.988292699172365,0.615817895154921,1.19591848569397,-0.0220350148050064,1.2397881621576,1.26064306202538,1.4994055874611,-0.736650547027571,1.13843791990839,0.240852686192106,NA,NA,1,1,3,NA,NA,NA,0,1,NA,3,NA,NA,1,1,3,3,0.393304412049862,1.99171722069528,0.119726026362734,0.737358639019534,0.382942749995776,1.91049076894966,0.293174936232205,0.891841591571314,-0.609079348311369,0.738684709060917,0.729124925668557,0.622482573570663,-0.0683448092085732,0.269890304566808,-0.113326910987671,0.28069492991086,0.0188595456865111,0.123831472659943
437,20,"weiblich","deutsch","Heidelberg","lab",4,1,3,3,3,3,3,3,2,1,3,3,3,-1.55919094797856,0.551554195273488,0.844830855744117,0.615817895154921,0.230791286712872,-0.0220350148050064,0.24275572405883,-0.685316027007087,-0.857291121760219,0.736650547027571,0.30455027156785,0.240852686192106,3,2,2,0,1,2,NA,NA,2,0,3,NA,NA,NA,2,1,2,3,-0.119601341675981,0.274631111616488,0.88255185147387,-0.323486370666634,-0.872884209549196,0.538383066934283,0.770386693748861,0.891841591571314,0.979513571845769,-0.413250186887226,0.201219541174764,1.20819402465192,-0.0683448092085732,0.269890304566808,0.474391720413507,0.28069492991086,-0.448438086323711,0.123831472659943
237,19,"weiblich","deutsch","Heidelberg","lab",4,3,1,2,3,1,2,1,1,2,3,4,2,0.411215195071269,-1.13987867023188,-0.0717309217141236,0.615817895154921,-1.69946311124933,-1.03564569583532,-1.7513091521387,-1.65829557152332,-0.0717255520197794,0.736650547027571,1.13843791990839,-0.598482432356141,0,0,0,0,0,0,0,1,0,0,0,1,NA,2,0,0,NA,2,-1.65831860285351,-0.870092961102706,-0.643099798748402,-0.323486370666634,-1.50079768932168,-0.83372463508109,-1.61567209383442,-0.678268999905552,-0.609079348311369,-0.413250186887226,-1.38249661230661,-0.54894032859185,-0.0683448092085732,-0.642011785105892,-0.701045542388849,-0.521804677398393,0.486157177696733,-0.387546645917229
242,27,"weiblich","deutsch","Heidelberg","lab",4,3,1,2,3,3,3,3,2,2,3,4,4,0.411215195071269,-1.13987867023188,-0.0717309217141236,0.615817895154921,0.230791286712872,-0.0220350148050064,0.24275572405883,-0.685316027007087,-0.0717255520197794,0.736650547027571,1.13843791990839,1.08018780474035,2,0,0,0,2,0,NA,1,2,0,NA,1,NA,NA,2,0,NA,NA,-0.632507095401825,-0.870092961102706,-0.643099798748402,-0.323486370666634,-0.24497072977671,-0.83372463508109,1.24759845126552,-0.678268999905552,0.979513571845769,-0.413250186887226,0.729124925668557,-0.54894032859185,0.828178276292123,0.269890304566808,0.474391720413507,-0.521804677398393,0.486157177696733,0.635209591237114
354,23,"weiblich","deutsch","Heidelberg","lab",4,1,3,1,1,3,3,3,3,0,3,3,3,-1.55919094797856,0.551554195273488,-0.988292699172365,-1.32443026766195,0.230791286712872,-0.0220350148050064,0.24275572405883,0.287663517509148,-1.64285669150066,0.736650547027571,0.30455027156785,0.240852686192106,3,3,0,1,3,2,3,1,2,0,1,1,NA,NA,1,3,NA,1,-0.119601341675981,0.846993147976085,-0.643099798748402,0.737358639019534,0.382942749995776,0.538383066934283,-0.18403682128445,-0.678268999905552,0.979513571845769,-0.413250186887226,-0.854591227812821,-0.54894032859185,0.379916733541775,0.269890304566808,-0.113326910987671,1.88569414452936,0.486157177696733,-0.8989247644944
161,19,"weiblich","deutsch","Heidelberg","lab",4,3,3,1,3,4,4,4,4,3,4,3,3,0.411215195071269,0.551554195273488,-0.988292699172365,0.615817895154921,1.19591848569397,0.991575666225303,1.2397881621576,1.26064306202538,0.713840017720661,1.47330109405514,0.30455027156785,0.240852686192106,NA,2,3,2,1,0,2,1,2,1,0,0,NA,1,NA,1,0,0,0.393304412049862,0.274631111616488,1.64537767658501,1.7982036487057,-0.872884209549196,-0.83372463508109,-0.661248578801105,-0.678268999905552,0.979513571845769,0.738684709060917,-1.38249661230661,-1.13465177967311,0.379916733541775,-1.09796282994224,2.23754761461704,0.28069492991086,-1.38303335034415,-1.41030288307157
472,25,"weiblich","deutsch","Heidelberg","lab",4,3,0,3,3,1,0,3,1,4,4,4,4,0.411215195071269,-1.98559510298456,0.844830855744117,0.615817895154921,-1.69946311124933,-3.06286705789593,0.24275572405883,-1.65829557152332,1.4994055874611,1.47330109405514,1.13843791990839,1.08018780474035,NA,1,NA,0,2,1,NA,NA,3,0,3,NA,NA,NA,3,3,3,NA,1.41911591950155,-0.297730924743109,2.40820350169614,-0.323486370666634,-0.24497072977671,-0.147670784073403,1.24759845126552,1.93858198588923,1.77381003192434,-0.413250186887226,0.201219541174764,2.37961692681443,0.828178276292123,1.63774343907586,1.06211035181468,1.88569414452936,0.0188595456865111,0.635209591237114
455,22,"weiblich","deutsch","Heidelberg","lab",4,4,3,3,3,2,1,3,3,3,2,2,3,1.39641826659618,0.551554195273488,0.844830855744117,0.615817895154921,-0.734335912268229,-2.04925637686562,0.24275572405883,0.287663517509148,0.713840017720661,0,-0.529337376772693,0.240852686192106,3,1,0,0,3,1,3,0,0,0,3,0,0,2,0,0,0,2,-0.119601341675981,-0.297730924743109,-0.643099798748402,-0.323486370666634,0.382942749995776,-0.147670784073403,-0.18403682128445,-1.20163919706451,-0.609079348311369,-0.413250186887226,0.201219541174764,-1.13465177967311,-1.86139098020997,-0.642011785105892,-0.701045542388849,-0.521804677398393,-1.38303335034415,-0.387546645917229
509,30,"weiblich","deutsch","Heidelberg","lab",4,0,0,1,0,3,3,3,3,2,1,1,3,-2.54439401950347,-1.98559510298456,-0.988292699172365,-2.29455434907039,0.230791286712872,-0.0220350148050064,0.24275572405883,0.287663517509148,-0.0717255520197794,-0.736650547027571,-1.36322502511324,0.240852686192106,0,0,0,0,0,0,0,0,0,0,0,0,0,0,0,0,0,0,-1.65831860285351,-0.870092961102706,-0.643099798748402,-0.323486370666634,-1.50079768932168,-0.83372463508109,-1.61567209383442,-1.20163919706451,-0.609079348311369,-0.413250186887226,-1.38249661230661,-1.13465177967311,-1.86139098020997,-1.55391387477859,-0.701045542388849,-0.521804677398393,-1.38303335034415,-1.41030288307157
486,21,"weiblich","deutsch","Heidelberg","lab",4,1,2,3,2,1,3,1,1,2,3,3,2,-1.55919094797856,-0.294162237479194,0.844830855744117,-0.354306186253517,-1.69946311124933,-0.0220350148050064,-1.7513091521387,-1.65829557152332,-0.0717255520197794,0.736650547027571,0.30455027156785,-0.598482432356141,1,0,0,0,1,0,3,0,0,0,3,0,NA,NA,1,0,NA,NA,-1.14541284912767,-0.870092961102706,-0.643099798748402,-0.323486370666634,-0.872884209549196,-0.83372463508109,-0.18403682128445,-1.20163919706451,-0.609079348311369,-0.413250186887226,0.201219541174764,-1.13465177967311,0.828178276292123,0.725841349403158,-0.113326910987671,-0.521804677398393,0.953454809706955,1.14658770981429
239,20,"weiblich","deutsch","Heidelberg","lab",4,3,3,3,1,4,4,4,4,1,3,4,3,0.411215195071269,0.551554195273488,0.844830855744117,-1.32443026766195,1.19591848569397,0.991575666225303,1.2397881621576,1.26064306202538,-0.857291121760219,0.736650547027571,1.13843791990839,0.240852686192106,3,1,0,0,3,1,NA,NA,0,0,NA,NA,NA,NA,0,0,NA,NA,-0.119601341675981,-0.297730924743109,-0.643099798748402,-0.323486370666634,0.382942749995776,-0.147670784073403,1.72481020878217,0.891841591571314,-0.609079348311369,-0.413250186887226,2.31284107914993,1.20819402465192,0.379916733541775,0.269890304566808,-0.701045542388849,-0.521804677398393,0.953454809706955,0.635209591237114
253,20,"männlich","deutsch","Heidelberg","lab",4,1,3,2,1,4,4,4,4,2,1,3,3,-1.55919094797856,0.551554195273488,-0.0717309217141236,-1.32443026766195,1.19591848569397,0.991575666225303,1.2397881621576,1.26064306202538,-0.0717255520197794,-0.736650547027571,0.30455027156785,0.240852686192106,NA,3,3,2,1,1,NA,3,NA,2,0,1,NA,NA,3,1,3,NA,0.393304412049862,0.846993147976085,1.64537767658501,1.7982036487057,-0.872884209549196,-0.147670784073403,0.293174936232205,0.368471394412359,2.56810649200291,1.89061960500906,-1.38249661230661,-0.54894032859185,0.828178276292123,1.18179239423951,1.06211035181468,0.28069492991086,0.0188595456865111,1.14658770981429
258,23,"weiblich","deutsch","Heidelberg","lab",4,4,4,3,4,4,4,4,4,1,0,4,4,1.39641826659618,1.39727062802617,0.844830855744117,1.58594197656336,1.19591848569397,0.991575666225303,1.2397881621576,1.26064306202538,-0.857291121760219,-1.47330109405514,1.13843791990839,1.08018780474035,NA,NA,0,0,NA,NA,NA,2,0,0,NA,2,3,NA,0,0,3,NA,0.393304412049862,1.41935518433568,-0.643099798748402,-0.323486370666634,1.01085622976826,1.91049076894966,0.293174936232205,-0.154898802746597,-0.609079348311369,-0.413250186887226,0.729124925668557,0.0367711224894062,-0.516606351958921,0.725841349403158,-0.701045542388849,-0.521804677398393,0.0188595456865111,1.14658770981429
555,22,"weiblich","deutsch","Heidelberg","lab",4,1,1,0,1,4,4,4,3,1,0,0,0,-1.55919094797856,-1.13987867023188,-1.90485447663061,-1.32443026766195,1.19591848569397,0.991575666225303,1.2397881621576,0.287663517509148,-0.857291121760219,-1.47330109405514,-2.19711267345378,-2.27715266945263,NA,2,0,0,NA,2,1,NA,0,1,1,NA,3,NA,0,0,3,NA,0.393304412049862,0.274631111616488,-0.643099798748402,-0.323486370666634,1.01085622976826,0.538383066934283,-1.13846033631776,1.41521178873027,-0.609079348311369,0.738684709060917,-0.854591227812821,1.20819402465192,-0.516606351958921,1.18179239423951,-0.701045542388849,-0.521804677398393,0.0188595456865111,1.65796582839146
342,22,"männlich","deutsch","Heidelberg","lab",4,2,3,1,1,1,2,3,0,3,3,3,3,-0.573987876453645,0.551554195273488,-0.988292699172365,-1.32443026766195,-1.69946311124933,-1.03564569583532,0.24275572405883,-2.63127511603956,0.713840017720661,0.736650547027571,0.30455027156785,0.240852686192106,0,3,0,0,0,3,3,1,0,0,3,1,NA,NA,1,0,NA,NA,-1.65831860285351,0.846993147976085,-0.643099798748402,-0.323486370666634,-1.50079768932168,1.22443691794197,-0.18403682128445,-0.678268999905552,-0.609079348311369,-0.413250186887226,0.201219541174764,-0.54894032859185,0.828178276292123,0.269890304566808,-0.113326910987671,-0.521804677398393,0.953454809706955,0.635209591237114
538,24,"weiblich","deutsch","Heidelberg","lab",4,3,3,2,2,3,0,2,2,3,2,3,3,0.411215195071269,0.551554195273488,-0.0717309217141236,-0.354306186253517,0.230791286712872,-3.06286705789593,-0.754276714039937,-0.685316027007087,0.713840017720661,0,0.30455027156785,0.240852686192106,0,0,0,0,0,0,0,1,0,0,0,1,0,0,0,0,0,0,-1.65831860285351,-0.870092961102706,-0.643099798748402,-0.323486370666634,-1.50079768932168,-0.83372463508109,-1.61567209383442,-0.678268999905552,-0.609079348311369,-0.413250186887226,-1.38249661230661,-0.54894032859185,-1.86139098020997,-1.55391387477859,-0.701045542388849,-0.521804677398393,-1.38303335034415,-1.41030288307157
536,20,"männlich","deutsch","Heidelberg","lab",4,0,1,0,2,4,4,4,3,4,4,4,4,-2.54439401950347,-1.13987867023188,-1.90485447663061,-0.354306186253517,1.19591848569397,0.991575666225303,1.2397881621576,0.287663517509148,1.4994055874611,1.47330109405514,1.13843791990839,1.08018780474035,1,0,1,0,0,0,0,0,0,0,0,0,3,NA,2,NA,1,1,-1.14541284912767,-0.870092961102706,0.119726026362734,-0.323486370666634,-1.50079768932168,-0.83372463508109,-1.61567209383442,-1.20163919706451,-0.609079348311369,-0.413250186887226,-1.38249661230661,-1.13465177967311,-0.516606351958921,0.725841349403158,0.474391720413507,2.68819375183862,-0.915735718333933,-0.8989247644944
219,22,"weiblich","deutsch","Heidelberg","lab",4,1,1,2,3,3,3,3,1,2,0,2,1,-1.55919094797856,-1.13987867023188,-0.0717309217141236,0.615817895154921,0.230791286712872,-0.0220350148050064,0.24275572405883,-1.65829557152332,-0.0717255520197794,-1.47330109405514,-0.529337376772693,-1.43781755090439,1,3,0,0,1,3,1,0,1,0,0,0,0,0,0,0,0,0,-1.14541284912767,0.846993147976085,-0.643099798748402,-0.323486370666634,-0.872884209549196,1.22443691794197,-1.13846033631776,-1.20163919706451,0.1852171117672,-0.413250186887226,-1.38249661230661,-1.13465177967311,-1.86139098020997,-1.55391387477859,-0.701045542388849,-0.521804677398393,-1.38303335034415,-1.41030288307157
556,22,"weiblich","deutsch","Heidelberg","lab",4,3,3,4,4,1,3,3,3,4,4,4,4,0.411215195071269,0.551554195273488,1.76139263320236,1.58594197656336,-1.69946311124933,-0.0220350148050064,0.24275572405883,0.287663517509148,1.4994055874611,1.47330109405514,1.13843791990839,1.08018780474035,3,1,0,0,3,1,NA,3,0,1,NA,2,2,NA,2,0,0,NA,-0.119601341675981,-0.297730924743109,-0.643099798748402,-0.323486370666634,0.382942749995776,-0.147670784073403,0.293174936232205,0.368471394412359,-0.609079348311369,0.738684709060917,0.729124925668557,0.0367711224894062,-0.96486789470927,0.269890304566808,0.474391720413507,-0.521804677398393,-1.38303335034415,0.635209591237114
400,25,"weiblich","deutsch","Heidelberg","lab",4,3,2,4,3,4,4,2,3,1,0,3,3,0.411215195071269,-0.294162237479194,1.76139263320236,0.615817895154921,1.19591848569397,0.991575666225303,-0.754276714039937,0.287663517509148,-0.857291121760219,-1.47330109405514,0.30455027156785,0.240852686192106,NA,NA,0,0,NA,NA,NA,NA,0,0,NA,NA,NA,NA,0,0,NA,NA,0.393304412049862,2.56407925705488,-0.643099798748402,-0.323486370666634,1.01085622976826,NA,0.770386693748861,1.41521178873027,-0.609079348311369,-0.413250186887226,1.25703031016235,1.79390547573318,1.27643981904247,2.09369448391221,-0.701045542388849,-0.521804677398393,1.8880500737274,2.6807220655458
450,18,"weiblich","deutsch","Heidelberg","lab",4,3,1,2,1,4,4,4,4,3,3,3,4,0.411215195071269,-1.13987867023188,-0.0717309217141236,-1.32443026766195,1.19591848569397,0.991575666225303,1.2397881621576,1.26064306202538,0.713840017720661,0.736650547027571,0.30455027156785,1.08018780474035,2,0,0,0,2,0,3,3,0,0,3,3,NA,1,0,0,NA,1,-0.632507095401825,-0.870092961102706,-0.643099798748402,-0.323486370666634,-0.24497072977671,-0.83372463508109,-0.18403682128445,0.368471394412359,-0.609079348311369,-0.413250186887226,0.201219541174764,0.622482573570663,-0.0683448092085732,-1.09796282994224,-0.701045542388849,-0.521804677398393,0.486157177696733,-0.8989247644944
531,19,"weiblich","deutsch","Heidelberg","lab",4,4,2,3,3,2,1,2,1,1,4,3,3,1.39641826659618,-0.294162237479194,0.844830855744117,0.615817895154921,-0.734335912268229,-2.04925637686562,-0.754276714039937,-1.65829557152332,-0.857291121760219,1.47330109405514,0.30455027156785,0.240852686192106,2,0,0,0,2,0,NA,1,1,0,3,1,NA,2,1,0,3,2,-0.632507095401825,-0.870092961102706,-0.643099798748402,-0.323486370666634,-0.24497072977671,-0.83372463508109,0.293174936232205,-0.678268999905552,0.1852171117672,-0.413250186887226,0.201219541174764,-0.54894032859185,-0.0683448092085732,-0.642011785105892,-0.113326910987671,-0.521804677398393,0.0188595456865111,-0.387546645917229
338,19,"weiblich","deutsch","Heidelberg","lab",4,3,1,1,1,3,3,2,1,2,0,2,1,0.411215195071269,-1.13987867023188,-0.988292699172365,-1.32443026766195,0.230791286712872,-0.0220350148050064,-0.754276714039937,-1.65829557152332,-0.0717255520197794,-1.47330109405514,-0.529337376772693,-1.43781755090439,3,0,1,0,2,0,3,2,0,0,3,2,3,2,1,0,2,2,-0.119601341675981,-0.870092961102706,0.119726026362734,-0.323486370666634,-0.24497072977671,-0.83372463508109,-0.18403682128445,-0.154898802746597,-0.609079348311369,-0.413250186887226,0.201219541174764,0.0367711224894062,-0.516606351958921,-0.642011785105892,-0.113326910987671,-0.521804677398393,-0.448438086323711,-0.387546645917229
197,23,"weiblich","deutsch","Heidelberg","lab",4,3,1,1,2,3,3,3,4,2,4,4,4,0.411215195071269,-1.13987867023188,-0.988292699172365,-0.354306186253517,0.230791286712872,-0.0220350148050064,0.24275572405883,1.26064306202538,-0.0717255520197794,1.47330109405514,1.13843791990839,1.08018780474035,NA,NA,NA,NA,NA,NA,NA,NA,NA,NA,NA,NA,NA,NA,NA,NA,NA,NA,NA,NA,NA,NA,NA,NA,NA,NA,NA,NA,NA,NA,NA,NA,NA,NA,NA,NA
419,20,"männlich","deutsch","Heidelberg","lab",4,1,1,3,1,2,3,3,3,3,4,4,3,-1.55919094797856,-1.13987867023188,0.844830855744117,-1.32443026766195,-0.734335912268229,-0.0220350148050064,0.24275572405883,0.287663517509148,0.713840017720661,1.47330109405514,1.13843791990839,0.240852686192106,1,0,1,0,0,0,0,0,0,0,0,0,2,2,1,2,1,0,-1.14541284912767,-0.870092961102706,0.119726026362734,-0.323486370666634,-1.50079768932168,-0.83372463508109,-1.61567209383442,-1.20163919706451,-0.609079348311369,-0.413250186887226,-1.38249661230661,-1.13465177967311,-0.96486789470927,-0.642011785105892,-0.113326910987671,1.08319453722011,-0.915735718333933,-1.41030288307157
300,24,"weiblich","andere","Heidelberg","lab",4,3,2,1,3,4,3,3,3,2,3,4,4,0.411215195071269,-0.294162237479194,-0.988292699172365,0.615817895154921,1.19591848569397,-0.0220350148050064,0.24275572405883,0.287663517509148,-0.0717255520197794,0.736650547027571,1.13843791990839,1.08018780474035,NA,2,3,0,1,2,3,NA,0,0,3,NA,NA,3,2,1,NA,2,0.393304412049862,0.274631111616488,1.64537767658501,-0.323486370666634,-0.872884209549196,0.538383066934283,-0.18403682128445,0.891841591571314,-0.609079348311369,-0.413250186887226,0.201219541174764,1.20819402465192,0.828178276292123,-0.186060740269542,0.474391720413507,0.28069492991086,0.486157177696733,-0.387546645917229
547,23,"weiblich","deutsch","Heidelberg","lab",4,3,3,4,3,3,4,3,3,2,2,3,1,0.411215195071269,0.551554195273488,1.76139263320236,0.615817895154921,0.230791286712872,0.991575666225303,0.24275572405883,0.287663517509148,-0.0717255520197794,0,0.30455027156785,-1.43781755090439,NA,0,0,0,NA,0,2,3,0,0,2,3,NA,1,0,0,NA,1,0.393304412049862,-0.870092961102706,-0.643099798748402,-0.323486370666634,1.01085622976826,-0.83372463508109,-0.661248578801105,0.368471394412359,-0.609079348311369,-0.413250186887226,-0.326685843319029,0.622482573570663,0.828178276292123,-1.09796282994224,-0.701045542388849,-0.521804677398393,1.42075244171718,-0.8989247644944
320,20,"männlich","deutsch","Heidelberg","lab",4,4,4,3,3,3,3,3,3,3,3,4,2,1.39641826659618,1.39727062802617,0.844830855744117,0.615817895154921,0.230791286712872,-0.0220350148050064,0.24275572405883,0.287663517509148,0.713840017720661,0.736650547027571,1.13843791990839,-0.598482432356141,1,0,0,0,1,0,1,0,0,0,1,0,0,2,0,0,0,2,-1.14541284912767,-0.870092961102706,-0.643099798748402,-0.323486370666634,-0.872884209549196,-0.83372463508109,-1.13846033631776,-1.20163919706451,-0.609079348311369,-0.413250186887226,-0.854591227812821,-1.13465177967311,-1.86139098020997,-0.642011785105892,-0.701045542388849,-0.521804677398393,-1.38303335034415,-0.387546645917229
391,28,"männlich","deutsch","Heidelberg","lab",4,3,3,1,1,2,4,3,4,1,2,1,3,0.411215195071269,0.551554195273488,-0.988292699172365,-1.32443026766195,-0.734335912268229,0.991575666225303,0.24275572405883,1.26064306202538,-0.857291121760219,0,-1.36322502511324,0.240852686192106,2,1,0,0,2,1,2,1,0,0,2,1,NA,3,3,0,2,3,-0.632507095401825,-0.297730924743109,-0.643099798748402,-0.323486370666634,-0.24497072977671,-0.147670784073403,-0.661248578801105,-0.678268999905552,-0.609079348311369,-0.413250186887226,-0.326685843319029,-0.54894032859185,0.379916733541775,-0.186060740269542,1.06211035181468,-0.521804677398393,-0.448438086323711,0.123831472659943
445,19,"weiblich","andere","Heidelberg","lab",4,3,3,2,1,3,3,3,3,2,2,3,3,0.411215195071269,0.551554195273488,-0.0717309217141236,-1.32443026766195,0.230791286712872,-0.0220350148050064,0.24275572405883,0.287663517509148,-0.0717255520197794,0,0.30455027156785,0.240852686192106,1,0,0,0,1,0,1,0,0,0,1,0,2,0,0,0,2,0,-1.14541284912767,-0.870092961102706,-0.643099798748402,-0.323486370666634,-0.872884209549196,-0.83372463508109,-1.13846033631776,-1.20163919706451,-0.609079348311369,-0.413250186887226,-0.854591227812821,-1.13465177967311,-0.96486789470927,-1.55391387477859,-0.701045542388849,-0.521804677398393,-0.448438086323711,-1.41030288307157
476,19,"männlich","deutsch","Heidelberg","lab",4,1,1,1,1,4,4,4,3,0,0,2,2,-1.55919094797856,-1.13987867023188,-0.988292699172365,-1.32443026766195,1.19591848569397,0.991575666225303,1.2397881621576,0.287663517509148,-1.64285669150066,-1.47330109405514,-0.529337376772693,-0.598482432356141,2,0,0,0,2,0,1,3,0,0,1,3,2,0,0,0,2,0,-0.632507095401825,-0.870092961102706,-0.643099798748402,-0.323486370666634,-0.24497072977671,-0.83372463508109,-1.13846033631776,0.368471394412359,-0.609079348311369,-0.413250186887226,-0.854591227812821,0.622482573570663,-0.96486789470927,-1.55391387477859,-0.701045542388849,-0.521804677398393,-0.448438086323711,-1.41030288307157
249,22,"weiblich","deutsch","Heidelberg","lab",4,3,3,3,3,3,3,3,3,4,4,4,0,0.411215195071269,0.551554195273488,0.844830855744117,0.615817895154921,0.230791286712872,-0.0220350148050064,0.24275572405883,0.287663517509148,1.4994055874611,1.47330109405514,1.13843791990839,-2.27715266945263,3,2,2,0,1,2,NA,2,2,2,2,0,NA,NA,NA,1,3,NA,-0.119601341675981,0.274631111616488,0.88255185147387,-0.323486370666634,-0.872884209549196,0.538383066934283,0.293174936232205,-0.154898802746597,0.979513571845769,1.89061960500906,-0.326685843319029,-1.13465177967311,1.27643981904247,1.18179239423951,1.64982898321586,0.28069492991086,0.0188595456865111,1.14658770981429
329,20,"männlich","andere","Heidelberg","lab",4,4,1,3,3,2,3,2,2,1,1,2,2,1.39641826659618,-1.13987867023188,0.844830855744117,0.615817895154921,-0.734335912268229,-0.0220350148050064,-0.754276714039937,-0.685316027007087,-0.857291121760219,-0.736650547027571,-0.529337376772693,-0.598482432356141,NA,1,0,0,NA,1,NA,2,0,0,NA,2,NA,NA,2,0,NA,NA,0.393304412049862,-0.297730924743109,-0.643099798748402,-0.323486370666634,1.01085622976826,-0.147670784073403,0.770386693748861,-0.154898802746597,-0.609079348311369,-0.413250186887226,1.25703031016235,0.0367711224894062,0.828178276292123,0.725841349403158,0.474391720413507,-0.521804677398393,0.486157177696733,1.14658770981429
407,24,"weiblich","deutsch","Heidelberg","lab",4,3,4,3,3,3,4,3,3,4,4,4,3,0.411215195071269,1.39727062802617,0.844830855744117,0.615817895154921,0.230791286712872,0.991575666225303,0.24275572405883,0.287663517509148,1.4994055874611,1.47330109405514,1.13843791990839,0.240852686192106,3,0,0,0,3,0,NA,NA,0,0,NA,NA,NA,NA,0,0,NA,NA,-0.119601341675981,-0.870092961102706,-0.643099798748402,-0.323486370666634,0.382942749995776,-0.83372463508109,0.770386693748861,0.891841591571314,-0.609079348311369,-0.413250186887226,1.25703031016235,1.20819402465192,0.828178276292123,1.18179239423951,-0.701045542388849,-0.521804677398393,1.42075244171718,1.65796582839146
265,24,"weiblich","deutsch","Heidelberg","lab",4,3,3,1,3,3,3,2,1,3,3,3,3,0.411215195071269,0.551554195273488,-0.988292699172365,0.615817895154921,0.230791286712872,-0.0220350148050064,-0.754276714039937,-1.65829557152332,0.713840017720661,0.736650547027571,0.30455027156785,0.240852686192106,NA,2,2,0,2,2,NA,3,3,0,2,3,NA,NA,3,1,1,3,0.393304412049862,0.274631111616488,0.88255185147387,-0.323486370666634,-0.24497072977671,0.538383066934283,0.770386693748861,0.368471394412359,1.77381003192434,-0.413250186887226,-0.326685843319029,0.622482573570663,-0.0683448092085732,0.269890304566808,1.06211035181468,0.28069492991086,-0.915735718333933,0.123831472659943
150,20,"weiblich","deutsch","Heidelberg","lab",4,3,3,1,2,3,3,3,3,3,3,3,2,0.411215195071269,0.551554195273488,-0.988292699172365,-0.354306186253517,0.230791286712872,-0.0220350148050064,0.24275572405883,0.287663517509148,0.713840017720661,0.736650547027571,0.30455027156785,-0.598482432356141,NA,0,0,0,NA,0,NA,NA,1,0,3,NA,NA,NA,1,0,NA,NA,0.393304412049862,-0.870092961102706,-0.643099798748402,-0.323486370666634,1.01085622976826,-0.83372463508109,0.293174936232205,0.891841591571314,0.1852171117672,-0.413250186887226,0.201219541174764,1.20819402465192,0.828178276292123,0.269890304566808,-0.113326910987671,-0.521804677398393,0.953454809706955,0.635209591237114
544,22,"weiblich","andere","Heidelberg","lab",4,4,4,3,3,3,4,3,3,4,3,4,3,1.39641826659618,1.39727062802617,0.844830855744117,0.615817895154921,0.230791286712872,0.991575666225303,0.24275572405883,0.287663517509148,1.4994055874611,0.736650547027571,1.13843791990839,0.240852686192106,3,1,1,0,2,1,NA,3,0,0,NA,3,NA,NA,2,0,2,NA,-0.119601341675981,-0.297730924743109,0.119726026362734,-0.323486370666634,-0.24497072977671,-0.147670784073403,0.293174936232205,0.368471394412359,-0.609079348311369,-0.413250186887226,0.729124925668557,0.622482573570663,-0.0683448092085732,0.725841349403158,0.474391720413507,-0.521804677398393,-0.448438086323711,1.14658770981429
483,34,"weiblich","deutsch","Heidelberg","lab",4,3,2,1,2,1,4,1,1,2,3,3,3,0.411215195071269,-0.294162237479194,-0.988292699172365,-0.354306186253517,-1.69946311124933,0.991575666225303,-1.7513091521387,-1.65829557152332,-0.0717255520197794,0.736650547027571,0.30455027156785,0.240852686192106,NA,NA,2,0,NA,NA,NA,NA,1,1,NA,NA,NA,NA,0,2,NA,NA,2.44492742695324,1.99171722069528,0.88255185147387,-0.323486370666634,2.26668318931324,2.59654461995734,1.72481020878217,1.41521178873027,0.1852171117672,0.738684709060917,1.78493569465614,1.20819402465192,1.27643981904247,2.09369448391221,-0.701045542388849,1.08319453722011,1.8880500737274,1.65796582839146
301,20,"weiblich","deutsch","Heidelberg","lab",4,3,4,4,4,4,4,4,4,3,2,4,1,0.411215195071269,1.39727062802617,1.76139263320236,1.58594197656336,1.19591848569397,0.991575666225303,1.2397881621576,1.26064306202538,0.713840017720661,0,1.13843791990839,-1.43781755090439,1,0,0,0,1,0,NA,2,0,0,NA,2,2,NA,0,1,2,NA,-1.14541284912767,-0.870092961102706,-0.643099798748402,-0.323486370666634,-0.872884209549196,-0.83372463508109,0.293174936232205,-0.154898802746597,-0.609079348311369,-0.413250186887226,0.729124925668557,0.0367711224894062,-0.96486789470927,1.18179239423951,-0.701045542388849,0.28069492991086,-0.448438086323711,1.14658770981429
158,22,"weiblich","deutsch","Heidelberg","lab",4,4,3,2,3,3,3,3,3,4,2,3,1,1.39641826659618,0.551554195273488,-0.0717309217141236,0.615817895154921,0.230791286712872,-0.0220350148050064,0.24275572405883,0.287663517509148,1.4994055874611,0,0.30455027156785,-1.43781755090439,NA,NA,2,2,NA,2,NA,3,2,0,NA,3,NA,NA,NA,0,2,NA,1.93202167322739,1.41935518433568,0.88255185147387,1.7982036487057,1.63876970954075,0.538383066934283,1.24759845126552,0.368471394412359,0.979513571845769,-0.413250186887226,0.729124925668557,0.622482573570663,0.828178276292123,0.269890304566808,1.64982898321586,-0.521804677398393,-0.448438086323711,0.635209591237114
293,23,"weiblich","andere","Heidelberg","lab",4,3,4,3,3,3,3,2,1,4,4,4,2,0.411215195071269,1.39727062802617,0.844830855744117,0.615817895154921,0.230791286712872,-0.0220350148050064,-0.754276714039937,-1.65829557152332,1.4994055874611,1.47330109405514,1.13843791990839,-0.598482432356141,NA,NA,3,3,NA,3,NA,NA,2,3,2,2,NA,2,1,0,3,2,1.93202167322739,2.56407925705488,1.64537767658501,2.85904865839187,1.01085622976826,1.22443691794197,0.293174936232205,1.41521178873027,0.979513571845769,NA,-0.326685843319029,0.0367711224894062,-0.0683448092085732,-0.642011785105892,-0.113326910987671,-0.521804677398393,0.0188595456865111,-0.387546645917229
231,20,"weiblich","deutsch","Heidelberg","lab",4,3,4,3,3,3,4,3,3,0,0,1,4,0.411215195071269,1.39727062802617,0.844830855744117,0.615817895154921,0.230791286712872,0.991575666225303,0.24275572405883,0.287663517509148,-1.64285669150066,-1.47330109405514,-1.36322502511324,1.08018780474035,NA,2,2,0,3,2,NA,NA,NA,0,2,NA,NA,NA,1,0,3,NA,0.906210165775706,0.274631111616488,0.88255185147387,-0.323486370666634,0.382942749995776,0.538383066934283,1.24759845126552,1.41521178873027,2.56810649200291,-0.413250186887226,-0.326685843319029,1.79390547573318,-0.0683448092085732,0.269890304566808,-0.113326910987671,-0.521804677398393,0.0188595456865111,0.635209591237114
169,21,"weiblich","deutsch","Heidelberg","lab",4,3,3,3,3,3,3,1,1,3,3,3,2,0.411215195071269,0.551554195273488,0.844830855744117,0.615817895154921,0.230791286712872,-0.0220350148050064,-1.7513091521387,-1.65829557152332,0.713840017720661,0.736650547027571,0.30455027156785,-0.598482432356141,3,2,0,0,3,2,NA,3,0,0,NA,3,NA,3,0,0,NA,3,-0.119601341675981,0.274631111616488,-0.643099798748402,-0.323486370666634,0.382942749995776,0.538383066934283,0.293174936232205,0.368471394412359,-0.609079348311369,-0.413250186887226,0.729124925668557,0.622482573570663,0.379916733541775,-0.186060740269542,-0.701045542388849,-0.521804677398393,0.953454809706955,0.123831472659943
226,21,"weiblich","deutsch","Heidelberg","lab",4,3,3,4,4,2,3,3,1,2,0,0,1,0.411215195071269,0.551554195273488,1.76139263320236,1.58594197656336,-0.734335912268229,-0.0220350148050064,0.24275572405883,-1.65829557152332,-0.0717255520197794,-1.47330109405514,-2.19711267345378,-1.43781755090439,NA,1,0,0,NA,1,NA,NA,0,0,NA,NA,3,0,0,0,3,0,0.906210165775706,-0.297730924743109,-0.643099798748402,-0.323486370666634,1.63876970954075,-0.147670784073403,0.293174936232205,1.93858198588923,-0.609079348311369,-0.413250186887226,0.729124925668557,2.37961692681443,-0.516606351958921,-1.55391387477859,-0.701045542388849,-0.521804677398393,0.0188595456865111,-1.41030288307157
148,27,"männlich","andere","Heidelberg","lab",4,2,1,3,2,0,3,1,1,2,3,2,0,-0.573987876453645,-1.13987867023188,0.844830855744117,-0.354306186253517,-2.66459031023043,-0.0220350148050064,-1.7513091521387,-1.65829557152332,-0.0717255520197794,0.736650547027571,-0.529337376772693,-2.27715266945263,1,0,0,0,1,0,3,1,0,0,3,1,NA,NA,2,1,2,3,-1.14541284912767,-0.870092961102706,-0.643099798748402,-0.323486370666634,-0.872884209549196,-0.83372463508109,-0.18403682128445,-0.678268999905552,-0.609079348311369,-0.413250186887226,0.201219541174764,-0.54894032859185,-0.0683448092085732,0.269890304566808,0.474391720413507,0.28069492991086,-0.448438086323711,0.123831472659943
506,23,"weiblich","andere","Heidelberg","lab",4,3,4,1,1,3,3,3,4,2,2,2,4,0.411215195071269,1.39727062802617,-0.988292699172365,-1.32443026766195,0.230791286712872,-0.0220350148050064,0.24275572405883,1.26064306202538,-0.0717255520197794,0,-0.529337376772693,1.08018780474035,NA,1,1,0,3,1,NA,2,1,0,NA,2,3,NA,2,1,1,NA,0.393304412049862,-0.297730924743109,0.119726026362734,-0.323486370666634,0.382942749995776,-0.147670784073403,0.770386693748861,-0.154898802746597,0.1852171117672,-0.413250186887226,0.729124925668557,0.0367711224894062,-0.516606351958921,1.18179239423951,0.474391720413507,0.28069492991086,-0.915735718333933,1.14658770981429
513,26,"weiblich","deutsch","Heidelberg","lab",4,3,3,3,3,3,3,3,3,2,3,3,3,0.411215195071269,0.551554195273488,0.844830855744117,0.615817895154921,0.230791286712872,-0.0220350148050064,0.24275572405883,0.287663517509148,-0.0717255520197794,0.736650547027571,0.30455027156785,0.240852686192106,NA,3,0,1,NA,2,3,NA,1,2,2,2,3,2,1,1,2,1,0.393304412049862,0.846993147976085,-0.643099798748402,0.737358639019534,1.01085622976826,0.538383066934283,-0.18403682128445,0.891841591571314,0.1852171117672,1.89061960500906,-0.326685843319029,0.0367711224894062,-0.516606351958921,-0.642011785105892,-0.113326910987671,0.28069492991086,-0.448438086323711,-0.8989247644944
567,18,"weiblich","deutsch","Heidelberg","lab",4,1,3,2,3,0,3,1,1,4,3,4,3,-1.55919094797856,0.551554195273488,-0.0717309217141236,0.615817895154921,-2.66459031023043,-0.0220350148050064,-1.7513091521387,-1.65829557152332,1.4994055874611,0.736650547027571,1.13843791990839,0.240852686192106,3,0,1,0,2,0,3,1,0,0,3,1,1,0,0,0,1,0,-0.119601341675981,-0.870092961102706,0.119726026362734,-0.323486370666634,-0.24497072977671,-0.83372463508109,-0.18403682128445,-0.678268999905552,-0.609079348311369,-0.413250186887226,0.201219541174764,-0.54894032859185,-1.41312943745962,-1.55391387477859,-0.701045542388849,-0.521804677398393,-0.915735718333933,-1.41030288307157
550,21,"weiblich","deutsch","Heidelberg","lab",4,1,1,2,3,1,3,1,2,0,1,1,3,-1.55919094797856,-1.13987867023188,-0.0717309217141236,0.615817895154921,-1.69946311124933,-0.0220350148050064,-1.7513091521387,-0.685316027007087,-1.64285669150066,-0.736650547027571,-1.36322502511324,0.240852686192106,NA,1,1,1,3,0,NA,3,3,0,2,3,2,NA,0,0,2,NA,0.393304412049862,-0.297730924743109,0.119726026362734,0.737358639019534,0.382942749995776,-0.83372463508109,0.770386693748861,0.368471394412359,1.77381003192434,-0.413250186887226,-0.326685843319029,0.622482573570663,-0.96486789470927,0.725841349403158,-0.701045542388849,-0.521804677398393,-0.448438086323711,1.14658770981429
566,19,"weiblich","deutsch","Heidelberg","lab",4,3,2,4,4,4,4,4,4,1,0,1,3,0.411215195071269,-0.294162237479194,1.76139263320236,1.58594197656336,1.19591848569397,0.991575666225303,1.2397881621576,1.26064306202538,-0.857291121760219,-1.47330109405514,-1.36322502511324,0.240852686192106,3,NA,1,3,2,1,NA,NA,2,2,NA,3,NA,NA,NA,2,3,NA,-0.119601341675981,1.41935518433568,0.119726026362734,2.85904865839187,-0.24497072977671,-0.147670784073403,1.24759845126552,1.41521178873027,0.979513571845769,1.89061960500906,0.729124925668557,0.622482573570663,1.27643981904247,1.63774343907586,1.64982898321586,1.08319453722011,0.0188595456865111,1.14658770981429
458,25,"weiblich","deutsch","Heidelberg","lab",4,3,3,3,3,3,4,3,3,0,0,0,3,0.411215195071269,0.551554195273488,0.844830855744117,0.615817895154921,0.230791286712872,0.991575666225303,0.24275572405883,0.287663517509148,-1.64285669150066,-1.47330109405514,-2.19711267345378,0.240852686192106,1,2,0,0,1,2,3,2,0,0,3,2,NA,NA,0,0,NA,NA,-1.14541284912767,0.274631111616488,-0.643099798748402,-0.323486370666634,-0.872884209549196,0.538383066934283,-0.18403682128445,-0.154898802746597,-0.609079348311369,-0.413250186887226,0.201219541174764,0.0367711224894062,-0.0683448092085732,0.269890304566808,-0.701045542388849,-0.521804677398393,0.486157177696733,0.635209591237114
191,29,"weiblich","andere","Heidelberg","lab",4,3,4,3,3,3,3,3,3,1,3,3,1,0.411215195071269,1.39727062802617,0.844830855744117,0.615817895154921,0.230791286712872,-0.0220350148050064,0.24275572405883,0.287663517509148,-0.857291121760219,0.736650547027571,0.30455027156785,-1.43781755090439,0,0,0,0,0,0,0,0,0,0,0,0,0,1,0,0,0,1,-1.65831860285351,-0.870092961102706,-0.643099798748402,-0.323486370666634,-1.50079768932168,-0.83372463508109,-1.61567209383442,-1.20163919706451,-0.609079348311369,-0.413250186887226,-1.38249661230661,-1.13465177967311,-1.86139098020997,-1.09796282994224,-0.701045542388849,-0.521804677398393,-1.38303335034415,-0.8989247644944
470,23,"weiblich","deutsch","Heidelberg","lab",4,3,1,3,3,2,3,1,1,1,0,1,2,0.411215195071269,-1.13987867023188,0.844830855744117,0.615817895154921,-0.734335912268229,-0.0220350148050064,-1.7513091521387,-1.65829557152332,-0.857291121760219,-1.47330109405514,-1.36322502511324,-0.598482432356141,1,2,0,0,1,2,NA,3,1,0,NA,3,NA,NA,0,0,NA,NA,-1.14541284912767,0.274631111616488,-0.643099798748402,-0.323486370666634,-0.872884209549196,0.538383066934283,0.770386693748861,0.368471394412359,0.1852171117672,-0.413250186887226,0.729124925668557,0.622482573570663,0.379916733541775,0.725841349403158,-0.701045542388849,-0.521804677398393,0.953454809706955,1.14658770981429
463,20,"weiblich","deutsch","Heidelberg","lab",4,3,1,3,3,1,3,3,1,3,1,3,4,0.411215195071269,-1.13987867023188,0.844830855744117,0.615817895154921,-1.69946311124933,-0.0220350148050064,0.24275572405883,-1.65829557152332,0.713840017720661,-0.736650547027571,0.30455027156785,1.08018780474035,0,0,0,0,0,0,1,0,0,0,1,0,NA,0,1,0,NA,0,-1.65831860285351,-0.870092961102706,-0.643099798748402,-0.323486370666634,-1.50079768932168,-0.83372463508109,-1.13846033631776,-1.20163919706451,-0.609079348311369,-0.413250186887226,-0.854591227812821,-1.13465177967311,0.379916733541775,-1.55391387477859,-0.113326910987671,-0.521804677398393,0.486157177696733,-1.41030288307157
177,24,"weiblich","deutsch","Heidelberg","lab",4,3,3,3,3,2,3,3,3,4,4,4,2,0.411215195071269,0.551554195273488,0.844830855744117,0.615817895154921,-0.734335912268229,-0.0220350148050064,0.24275572405883,0.287663517509148,1.4994055874611,1.47330109405514,1.13843791990839,-0.598482432356141,3,2,3,0,0,2,0,0,0,0,0,0,0,0,0,0,0,0,-0.119601341675981,0.274631111616488,1.64537767658501,-0.323486370666634,-1.50079768932168,0.538383066934283,-1.61567209383442,-1.20163919706451,-0.609079348311369,-0.413250186887226,-1.38249661230661,-1.13465177967311,-1.86139098020997,-1.55391387477859,-0.701045542388849,-0.521804677398393,-1.38303335034415,-1.41030288307157
160,22,"weiblich","deutsch","Heidelberg","lab",4,3,3,3,3,3,3,3,3,1,1,1,3,0.411215195071269,0.551554195273488,0.844830855744117,0.615817895154921,0.230791286712872,-0.0220350148050064,0.24275572405883,0.287663517509148,-0.857291121760219,-0.736650547027571,-1.36322502511324,0.240852686192106,2,0,0,0,2,0,1,0,0,0,1,0,2,0,0,0,2,0,-0.632507095401825,-0.870092961102706,-0.643099798748402,-0.323486370666634,-0.24497072977671,-0.83372463508109,-1.13846033631776,-1.20163919706451,-0.609079348311369,-0.413250186887226,-0.854591227812821,-1.13465177967311,-0.96486789470927,-1.55391387477859,-0.701045542388849,-0.521804677398393,-0.448438086323711,-1.41030288307157
324,21,"weiblich","deutsch","Heidelberg","lab",4,3,3,3,3,3,4,2,3,0,1,0,4,0.411215195071269,0.551554195273488,0.844830855744117,0.615817895154921,0.230791286712872,0.991575666225303,-0.754276714039937,0.287663517509148,-1.64285669150066,-0.736650547027571,-2.19711267345378,1.08018780474035,NA,0,0,0,NA,0,NA,2,0,0,NA,2,2,3,0,0,2,3,0.393304412049862,-0.870092961102706,-0.643099798748402,-0.323486370666634,1.01085622976826,-0.83372463508109,0.770386693748861,-0.154898802746597,-0.609079348311369,-0.413250186887226,1.25703031016235,0.0367711224894062,-0.96486789470927,-0.186060740269542,-0.701045542388849,-0.521804677398393,-0.448438086323711,0.123831472659943
266,22,"männlich","deutsch","Heidelberg","lab",4,1,3,1,2,4,3,3,4,1,1,2,3,-1.55919094797856,0.551554195273488,-0.988292699172365,-0.354306186253517,1.19591848569397,-0.0220350148050064,0.24275572405883,1.26064306202538,-0.857291121760219,-0.736650547027571,-0.529337376772693,0.240852686192106,3,2,0,0,3,2,2,1,0,0,2,1,3,3,0,0,3,3,-0.119601341675981,0.274631111616488,-0.643099798748402,-0.323486370666634,0.382942749995776,0.538383066934283,-0.661248578801105,-0.678268999905552,-0.609079348311369,-0.413250186887226,-0.326685843319029,-0.54894032859185,-0.516606351958921,-0.186060740269542,-0.701045542388849,-0.521804677398393,0.0188595456865111,0.123831472659943
179,18,"männlich","deutsch","Heidelberg","lab",4,1,3,1,0,4,3,3,4,0,0,3,3,-1.55919094797856,0.551554195273488,-0.988292699172365,-2.29455434907039,1.19591848569397,-0.0220350148050064,0.24275572405883,1.26064306202538,-1.64285669150066,-1.47330109405514,0.30455027156785,0.240852686192106,1,0,1,0,0,0,3,0,2,0,1,0,NA,1,NA,1,0,0,-1.14541284912767,-0.870092961102706,0.119726026362734,-0.323486370666634,-1.50079768932168,-0.83372463508109,-0.18403682128445,-1.20163919706451,0.979513571845769,-0.413250186887226,-0.854591227812821,-1.13465177967311,0.379916733541775,-1.09796282994224,2.23754761461704,0.28069492991086,-1.38303335034415,-1.41030288307157
568,20,"männlich","deutsch","Heidelberg","lab",4,2,3,3,3,1,3,3,3,1,3,1,3,-0.573987876453645,0.551554195273488,0.844830855744117,0.615817895154921,-1.69946311124933,-0.0220350148050064,0.24275572405883,0.287663517509148,-0.857291121760219,0.736650547027571,-1.36322502511324,0.240852686192106,3,NA,0,0,3,NA,2,NA,2,0,0,NA,1,0,1,0,0,0,-0.119601341675981,1.99171722069528,-0.643099798748402,-0.323486370666634,0.382942749995776,2.59654461995734,-0.661248578801105,1.41521178873027,0.979513571845769,-0.413250186887226,-1.38249661230661,1.79390547573318,-1.41312943745962,-1.55391387477859,-0.113326910987671,-0.521804677398393,-1.38303335034415,-1.41030288307157
597,20,"weiblich","deutsch","Heidelberg","lab",4,3,3,1,3,3,4,4,4,0,0,1,0,0.411215195071269,0.551554195273488,-0.988292699172365,0.615817895154921,0.230791286712872,0.991575666225303,1.2397881621576,1.26064306202538,-1.64285669150066,-1.47330109405514,-1.36322502511324,-2.27715266945263,NA,NA,NA,NA,NA,NA,NA,NA,NA,NA,NA,NA,NA,NA,NA,NA,NA,NA,NA,NA,NA,NA,NA,NA,NA,NA,NA,NA,NA,NA,NA,NA,NA,NA,NA,NA
363,20,"weiblich","deutsch","Heidelberg","lab",4,3,3,1,3,2,3,4,3,2,1,3,3,0.411215195071269,0.551554195273488,-0.988292699172365,0.615817895154921,-0.734335912268229,-0.0220350148050064,1.2397881621576,0.287663517509148,-0.0717255520197794,-0.736650547027571,0.30455027156785,0.240852686192106,3,0,0,0,3,0,3,3,0,0,3,3,NA,NA,2,1,3,3,-0.119601341675981,-0.870092961102706,-0.643099798748402,-0.323486370666634,0.382942749995776,-0.83372463508109,-0.18403682128445,0.368471394412359,-0.609079348311369,-0.413250186887226,0.201219541174764,0.622482573570663,0.379916733541775,0.269890304566808,0.474391720413507,0.28069492991086,0.0188595456865111,0.123831472659943
431,22,"männlich","deutsch","Heidelberg","lab",4,1,0,2,1,4,4,4,4,3,1,2,1,-1.55919094797856,-1.98559510298456,-0.0717309217141236,-1.32443026766195,1.19591848569397,0.991575666225303,1.2397881621576,1.26064306202538,0.713840017720661,-0.736650547027571,-0.529337376772693,-1.43781755090439,1,1,0,0,1,1,0,2,0,0,0,2,1,3,0,0,1,3,-1.14541284912767,-0.297730924743109,-0.643099798748402,-0.323486370666634,-0.872884209549196,-0.147670784073403,-1.61567209383442,-0.154898802746597,-0.609079348311369,-0.413250186887226,-1.38249661230661,0.0367711224894062,-1.41312943745962,-0.186060740269542,-0.701045542388849,-0.521804677398393,-0.915735718333933,0.123831472659943
438,39,"weiblich","andere","Heidelberg","lab",4,3,3,3,3,3,3,3,3,2,1,1,1,0.411215195071269,0.551554195273488,0.844830855744117,0.615817895154921,0.230791286712872,-0.0220350148050064,0.24275572405883,0.287663517509148,-0.0717255520197794,-0.736650547027571,-1.36322502511324,-1.43781755090439,NA,2,2,0,3,2,NA,NA,0,0,NA,NA,NA,NA,1,1,NA,NA,0.906210165775706,0.274631111616488,0.88255185147387,-0.323486370666634,0.382942749995776,0.538383066934283,2.20202196629883,0.891841591571314,-0.609079348311369,-0.413250186887226,2.84074646364373,1.20819402465192,1.72470136179282,1.63774343907586,-0.113326910987671,0.28069492991086,1.8880500737274,1.65796582839146
535,21,"weiblich","andere","Heidelberg","lab",4,4,2,3,3,1,2,1,1,2,2,2,2,1.39641826659618,-0.294162237479194,0.844830855744117,0.615817895154921,-1.69946311124933,-1.03564569583532,-1.7513091521387,-1.65829557152332,-0.0717255520197794,0,-0.529337376772693,-0.598482432356141,NA,NA,0,0,NA,NA,NA,NA,0,1,NA,NA,NA,NA,0,0,NA,NA,1.41911591950155,2.56407925705488,-0.643099798748402,-0.323486370666634,2.26668318931324,NA,1.72481020878217,2.98532238020714,-0.609079348311369,0.738684709060917,2.31284107914993,2.96532837789569,1.72470136179282,2.09369448391221,-0.701045542388849,-0.521804677398393,2.35534770573762,2.6807220655458
313,25,"männlich","deutsch","Heidelberg","lab",4,2,0,3,1,3,3,1,2,3,2,3,4,-0.573987876453645,-1.98559510298456,0.844830855744117,-1.32443026766195,0.230791286712872,-0.0220350148050064,-1.7513091521387,-0.685316027007087,0.713840017720661,0,0.30455027156785,1.08018780474035,2,0,0,0,2,0,NA,1,0,0,NA,1,3,NA,2,2,1,3,-0.632507095401825,-0.870092961102706,-0.643099798748402,-0.323486370666634,-0.24497072977671,-0.83372463508109,0.293174936232205,-0.678268999905552,-0.609079348311369,-0.413250186887226,0.729124925668557,-0.54894032859185,-0.516606351958921,0.725841349403158,0.474391720413507,1.08319453722011,-0.915735718333933,0.123831472659943
120,20,"weiblich","deutsch","Heidelberg","lab",4,3,3,1,2,3,4,3,3,1,2,1,4,0.411215195071269,0.551554195273488,-0.988292699172365,-0.354306186253517,0.230791286712872,0.991575666225303,0.24275572405883,0.287663517509148,-0.857291121760219,0,-1.36322502511324,1.08018780474035,NA,3,1,1,3,2,NA,3,1,0,3,3,NA,3,2,0,2,3,0.393304412049862,0.846993147976085,0.119726026362734,0.737358639019534,0.382942749995776,0.538383066934283,0.293174936232205,0.368471394412359,0.1852171117672,-0.413250186887226,0.201219541174764,0.622482573570663,-0.0683448092085732,-0.186060740269542,0.474391720413507,-0.521804677398393,-0.448438086323711,0.123831472659943
497,21,"weiblich","deutsch","Heidelberg","lab",4,1,0,0,1,4,4,4,4,0,0,1,4,-1.55919094797856,-1.98559510298456,-1.90485447663061,-1.32443026766195,1.19591848569397,0.991575666225303,1.2397881621576,1.26064306202538,-1.64285669150066,-1.47330109405514,-1.36322502511324,1.08018780474035,NA,0,0,0,NA,0,NA,3,0,0,NA,3,NA,2,0,0,NA,2,0.393304412049862,-0.870092961102706,-0.643099798748402,-0.323486370666634,1.01085622976826,-0.83372463508109,1.24759845126552,0.368471394412359,-0.609079348311369,-0.413250186887226,1.78493569465614,0.622482573570663,1.27643981904247,-0.642011785105892,-0.701045542388849,-0.521804677398393,1.8880500737274,-0.387546645917229
499,20,"weiblich","deutsch","Heidelberg","lab",4,3,1,3,3,4,4,4,4,3,3,3,4,0.411215195071269,-1.13987867023188,0.844830855744117,0.615817895154921,1.19591848569397,0.991575666225303,1.2397881621576,1.26064306202538,0.713840017720661,0.736650547027571,0.30455027156785,1.08018780474035,3,0,0,0,3,0,2,2,0,1,2,1,NA,3,1,0,NA,3,-0.119601341675981,-0.870092961102706,-0.643099798748402,-0.323486370666634,0.382942749995776,-0.83372463508109,-0.661248578801105,-0.154898802746597,-0.609079348311369,0.738684709060917,-0.326685843319029,-0.54894032859185,0.379916733541775,-0.186060740269542,-0.113326910987671,-0.521804677398393,0.486157177696733,0.123831472659943
181,21,"männlich","andere","Heidelberg","lab",4,3,3,1,2,3,3,3,3,2,0,3,4,0.411215195071269,0.551554195273488,-0.988292699172365,-0.354306186253517,0.230791286712872,-0.0220350148050064,0.24275572405883,0.287663517509148,-0.0717255520197794,-1.47330109405514,0.30455027156785,1.08018780474035,3,3,0,0,3,3,NA,NA,0,0,NA,NA,NA,3,0,0,NA,3,-0.119601341675981,0.846993147976085,-0.643099798748402,-0.323486370666634,0.382942749995776,1.22443691794197,1.72481020878217,1.93858198588923,-0.609079348311369,-0.413250186887226,2.31284107914993,2.37961692681443,1.27643981904247,-0.186060740269542,-0.701045542388849,-0.521804677398393,1.8880500737274,0.123831472659943
140,21,"weiblich","deutsch","Heidelberg","lab",4,3,3,3,3,3,3,3,3,2,2,3,3,0.411215195071269,0.551554195273488,0.844830855744117,0.615817895154921,0.230791286712872,-0.0220350148050064,0.24275572405883,0.287663517509148,-0.0717255520197794,0,0.30455027156785,0.240852686192106,2,0,2,0,0,0,3,1,2,0,1,1,NA,3,NA,0,2,3,-0.632507095401825,-0.870092961102706,0.88255185147387,-0.323486370666634,-1.50079768932168,-0.83372463508109,-0.18403682128445,-0.678268999905552,0.979513571845769,-0.413250186887226,-0.854591227812821,-0.54894032859185,0.828178276292123,-0.186060740269542,1.64982898321586,-0.521804677398393,-0.448438086323711,0.123831472659943
358,23,"weiblich","deutsch","Heidelberg","lab",4,3,3,1,3,3,3,3,3,3,4,4,3,0.411215195071269,0.551554195273488,-0.988292699172365,0.615817895154921,0.230791286712872,-0.0220350148050064,0.24275572405883,0.287663517509148,0.713840017720661,1.47330109405514,1.13843791990839,0.240852686192106,NA,1,2,0,NA,1,NA,1,1,0,NA,1,NA,NA,3,1,NA,NA,1.41911591950155,-0.297730924743109,0.88255185147387,-0.323486370666634,1.01085622976826,-0.147670784073403,1.72481020878217,-0.678268999905552,0.1852171117672,-0.413250186887226,1.78493569465614,-0.54894032859185,1.72470136179282,0.725841349403158,1.06211035181468,0.28069492991086,0.953454809706955,0.635209591237114
102,19,"weiblich","deutsch","Heidelberg","lab",4,2,3,3,3,3,4,3,4,4,3,4,3,-0.573987876453645,0.551554195273488,0.844830855744117,0.615817895154921,0.230791286712872,0.991575666225303,0.24275572405883,1.26064306202538,1.4994055874611,0.736650547027571,1.13843791990839,0.240852686192106,NA,NA,1,2,NA,NA,NA,NA,2,2,NA,2,NA,NA,1,1,NA,3,0.906210165775706,2.56407925705488,0.119726026362734,1.7982036487057,1.01085622976826,1.91049076894966,1.24759845126552,0.891841591571314,0.979513571845769,1.89061960500906,0.729124925668557,0.0367711224894062,1.27643981904247,0.269890304566808,-0.113326910987671,0.28069492991086,1.42075244171718,0.123831472659943
182,25,"weiblich","deutsch","Heidelberg","lab",4,3,3,3,3,3,3,3,3,3,3,3,3,0.411215195071269,0.551554195273488,0.844830855744117,0.615817895154921,0.230791286712872,-0.0220350148050064,0.24275572405883,0.287663517509148,0.713840017720661,0.736650547027571,0.30455027156785,0.240852686192106,NA,2,2,1,3,1,NA,2,1,0,NA,2,NA,NA,1,3,NA,2,0.906210165775706,0.274631111616488,0.88255185147387,0.737358639019534,0.382942749995776,-0.147670784073403,0.770386693748861,-0.154898802746597,0.1852171117672,-0.413250186887226,0.729124925668557,0.0367711224894062,0.379916733541775,0.725841349403158,-0.113326910987671,1.88569414452936,0.486157177696733,-0.387546645917229
380,24,"männlich","deutsch","Heidelberg","lab",4,3,1,3,4,3,3,3,4,4,4,3,4,0.411215195071269,-1.13987867023188,0.844830855744117,1.58594197656336,0.230791286712872,-0.0220350148050064,0.24275572405883,1.26064306202538,1.4994055874611,1.47330109405514,0.30455027156785,1.08018780474035,NA,1,0,0,NA,1,NA,NA,0,0,NA,NA,NA,3,0,0,NA,3,0.393304412049862,-0.297730924743109,-0.643099798748402,-0.323486370666634,1.01085622976826,-0.147670784073403,0.770386693748861,1.41521178873027,-0.609079348311369,-0.413250186887226,1.25703031016235,1.79390547573318,-0.0683448092085732,-0.186060740269542,-0.701045542388849,-0.521804677398393,0.486157177696733,0.123831472659943
288,25,"weiblich","deutsch","Heidelberg","lab",4,3,3,3,3,3,3,3,4,1,3,3,3,0.411215195071269,0.551554195273488,0.844830855744117,0.615817895154921,0.230791286712872,-0.0220350148050064,0.24275572405883,1.26064306202538,-0.857291121760219,0.736650547027571,0.30455027156785,0.240852686192106,NA,0,2,0,3,0,NA,3,NA,1,1,2,NA,1,3,1,3,0,0.906210165775706,-0.870092961102706,0.88255185147387,-0.323486370666634,0.382942749995776,-0.83372463508109,0.770386693748861,0.368471394412359,2.56810649200291,0.738684709060917,-0.854591227812821,0.0367711224894062,0.828178276292123,-1.09796282994224,1.06211035181468,0.28069492991086,0.0188595456865111,-1.41030288307157
548,23,"weiblich","deutsch","Heidelberg","lab",4,3,1,1,3,3,4,3,3,2,2,3,4,0.411215195071269,-1.13987867023188,-0.988292699172365,0.615817895154921,0.230791286712872,0.991575666225303,0.24275572405883,0.287663517509148,-0.0717255520197794,0,0.30455027156785,1.08018780474035,1,0,0,0,1,0,3,1,0,0,3,1,1,3,0,0,1,3,-1.14541284912767,-0.870092961102706,-0.643099798748402,-0.323486370666634,-0.872884209549196,-0.83372463508109,-0.18403682128445,-0.678268999905552,-0.609079348311369,-0.413250186887226,0.201219541174764,-0.54894032859185,-1.41312943745962,-0.186060740269542,-0.701045542388849,-0.521804677398393,-0.915735718333933,0.123831472659943
393,20,"männlich","deutsch","Heidelberg","lab",4,1,1,0,1,4,4,4,3,0,0,1,2,-1.55919094797856,-1.13987867023188,-1.90485447663061,-1.32443026766195,1.19591848569397,0.991575666225303,1.2397881621576,0.287663517509148,-1.64285669150066,-1.47330109405514,-1.36322502511324,-0.598482432356141,2,NA,0,0,2,NA,1,2,0,0,1,2,NA,3,0,0,NA,3,-0.632507095401825,1.41935518433568,-0.643099798748402,-0.323486370666634,-0.24497072977671,1.91049076894966,-1.13846033631776,-0.154898802746597,-0.609079348311369,-0.413250186887226,-0.854591227812821,0.0367711224894062,0.379916733541775,-0.186060740269542,-0.701045542388849,-0.521804677398393,0.953454809706955,0.123831472659943
323,19,"weiblich","deutsch","Heidelberg","lab",4,3,4,1,3,3,4,1,4,2,3,3,4,0.411215195071269,1.39727062802617,-0.988292699172365,0.615817895154921,0.230791286712872,0.991575666225303,-1.7513091521387,1.26064306202538,-0.0717255520197794,0.736650547027571,0.30455027156785,1.08018780474035,NA,1,NA,0,0,1,3,NA,2,2,1,2,NA,NA,3,0,3,NA,0.393304412049862,-0.297730924743109,2.40820350169614,-0.323486370666634,-1.50079768932168,-0.147670784073403,-0.18403682128445,0.891841591571314,0.979513571845769,1.89061960500906,-0.854591227812821,0.0367711224894062,0.828178276292123,1.18179239423951,1.06211035181468,-0.521804677398393,0.0188595456865111,1.65796582839146
385,20,"weiblich","andere","Heidelberg","lab",4,2,3,1,3,3,3,3,3,3,2,1,3,-0.573987876453645,0.551554195273488,-0.988292699172365,0.615817895154921,0.230791286712872,-0.0220350148050064,0.24275572405883,0.287663517509148,0.713840017720661,0,-1.36322502511324,0.240852686192106,1,0,1,0,0,0,0,0,0,0,0,0,3,0,0,0,3,0,-1.14541284912767,-0.870092961102706,0.119726026362734,-0.323486370666634,-1.50079768932168,-0.83372463508109,-1.61567209383442,-1.20163919706451,-0.609079348311369,-0.413250186887226,-1.38249661230661,-1.13465177967311,-0.516606351958921,-1.55391387477859,-0.701045542388849,-0.521804677398393,0.0188595456865111,-1.41030288307157
101,20,"weiblich","deutsch","Heidelberg","lab",4,3,3,3,3,3,4,3,3,3,3,4,1,0.411215195071269,0.551554195273488,0.844830855744117,0.615817895154921,0.230791286712872,0.991575666225303,0.24275572405883,0.287663517509148,0.713840017720661,0.736650547027571,1.13843791990839,-1.43781755090439,0,0,0,0,0,0,3,0,0,0,3,0,2,3,1,0,1,3,-1.65831860285351,-0.870092961102706,-0.643099798748402,-0.323486370666634,-1.50079768932168,-0.83372463508109,-0.18403682128445,-1.20163919706451,-0.609079348311369,-0.413250186887226,0.201219541174764,-1.13465177967311,-0.96486789470927,-0.186060740269542,-0.113326910987671,-0.521804677398393,-0.915735718333933,0.123831472659943
296,26,"männlich","deutsch","Heidelberg","lab",4,1,1,2,2,1,3,0,2,2,3,4,3,-1.55919094797856,-1.13987867023188,-0.0717309217141236,-0.354306186253517,-1.69946311124933,-0.0220350148050064,-2.74834159023747,-0.685316027007087,-0.0717255520197794,0.736650547027571,1.13843791990839,0.240852686192106,NA,1,1,0,3,1,NA,0,1,0,3,0,NA,1,NA,0,NA,1,0.393304412049862,-0.297730924743109,0.119726026362734,-0.323486370666634,0.382942749995776,-0.147670784073403,0.293174936232205,-1.20163919706451,0.1852171117672,-0.413250186887226,0.201219541174764,-1.13465177967311,1.72470136179282,-1.09796282994224,1.64982898321586,-0.521804677398393,0.486157177696733,-0.8989247644944
292,18,"männlich","deutsch","Heidelberg","lab",4,0,1,1,1,4,3,3,1,1,1,0,4,-2.54439401950347,-1.13987867023188,-0.988292699172365,-1.32443026766195,1.19591848569397,-0.0220350148050064,0.24275572405883,-1.65829557152332,-0.857291121760219,-0.736650547027571,-2.19711267345378,1.08018780474035,3,1,2,0,1,1,NA,NA,2,NA,3,0,NA,NA,NA,NA,3,1,-0.119601341675981,-0.297730924743109,0.88255185147387,-0.323486370666634,-0.872884209549196,-0.147670784073403,0.770386693748861,0.891841591571314,0.979513571845769,NA,0.201219541174764,-1.13465177967311,1.72470136179282,1.63774343907586,2.23754761461704,NA,0.0188595456865111,-0.8989247644944
105,24,"weiblich","deutsch","Heidelberg","lab",4,4,2,3,3,1,0,1,1,3,4,3,1,1.39641826659618,-0.294162237479194,0.844830855744117,0.615817895154921,-1.69946311124933,-3.06286705789593,-1.7513091521387,-1.65829557152332,0.713840017720661,1.47330109405514,0.30455027156785,-1.43781755090439,0,1,0,0,0,1,1,1,0,0,1,1,NA,2,1,0,NA,2,-1.65831860285351,-0.297730924743109,-0.643099798748402,-0.323486370666634,-1.50079768932168,-0.147670784073403,-1.13846033631776,-0.678268999905552,-0.609079348311369,-0.413250186887226,-0.854591227812821,-0.54894032859185,0.379916733541775,-0.642011785105892,-0.113326910987671,-0.521804677398393,0.486157177696733,-0.387546645917229
138,22,"weiblich","andere","Heidelberg","lab",4,1,2,1,2,2,0,4,3,2,2,2,2,-1.55919094797856,-0.294162237479194,-0.988292699172365,-0.354306186253517,-0.734335912268229,-3.06286705789593,1.2397881621576,0.287663517509148,-0.0717255520197794,0,-0.529337376772693,-0.598482432356141,2,NA,1,0,1,NA,0,0,0,0,0,0,0,2,0,0,0,2,-0.632507095401825,1.41935518433568,0.119726026362734,-0.323486370666634,-0.872884209549196,1.91049076894966,-1.61567209383442,-1.20163919706451,-0.609079348311369,-0.413250186887226,-1.38249661230661,-1.13465177967311,-1.86139098020997,-0.642011785105892,-0.701045542388849,-0.521804677398393,-1.38303335034415,-0.387546645917229
546,18,"weiblich","andere","Heidelberg","lab",4,3,3,3,2,3,4,4,3,3,3,3,1,0.411215195071269,0.551554195273488,0.844830855744117,-0.354306186253517,0.230791286712872,0.991575666225303,1.2397881621576,0.287663517509148,0.713840017720661,0.736650547027571,0.30455027156785,-1.43781755090439,3,1,1,0,2,1,3,1,0,0,3,1,NA,2,1,0,3,2,-0.119601341675981,-0.297730924743109,0.119726026362734,-0.323486370666634,-0.24497072977671,-0.147670784073403,-0.18403682128445,-0.678268999905552,-0.609079348311369,-0.413250186887226,0.201219541174764,-0.54894032859185,-0.0683448092085732,-0.642011785105892,-0.113326910987671,-0.521804677398393,0.0188595456865111,-0.387546645917229
234,24,"weiblich","andere","Heidelberg","lab",4,1,2,2,2,3,3,3,3,1,0,1,2,-1.55919094797856,-0.294162237479194,-0.0717309217141236,-0.354306186253517,0.230791286712872,-0.0220350148050064,0.24275572405883,0.287663517509148,-0.857291121760219,-1.47330109405514,-1.36322502511324,-0.598482432356141,2,2,0,1,2,1,2,0,0,0,2,0,NA,1,0,0,NA,1,-0.632507095401825,0.274631111616488,-0.643099798748402,0.737358639019534,-0.24497072977671,-0.147670784073403,-0.661248578801105,-1.20163919706451,-0.609079348311369,-0.413250186887226,-0.326685843319029,-1.13465177967311,1.72470136179282,-1.09796282994224,-0.701045542388849,-0.521804677398393,2.35534770573762,-0.8989247644944
273,28,"männlich","deutsch","Heidelberg","lab",4,3,2,3,3,2,3,3,3,3,3,3,3,0.411215195071269,-0.294162237479194,0.844830855744117,0.615817895154921,-0.734335912268229,-0.0220350148050064,0.24275572405883,0.287663517509148,0.713840017720661,0.736650547027571,0.30455027156785,0.240852686192106,NA,NA,1,0,3,NA,3,NA,1,0,2,NA,NA,NA,NA,2,2,2,0.393304412049862,1.41935518433568,0.119726026362734,-0.323486370666634,0.382942749995776,1.91049076894966,-0.18403682128445,0.891841591571314,0.1852171117672,-0.413250186887226,-0.326685843319029,1.20819402465192,0.828178276292123,0.269890304566808,1.64982898321586,1.08319453722011,-0.448438086323711,-0.387546645917229
429,23,"weiblich","deutsch","Heidelberg","lab",4,3,1,2,3,2,4,3,1,2,1,1,4,0.411215195071269,-1.13987867023188,-0.0717309217141236,0.615817895154921,-0.734335912268229,0.991575666225303,0.24275572405883,-1.65829557152332,-0.0717255520197794,-0.736650547027571,-1.36322502511324,1.08018780474035,NA,2,2,0,NA,2,NA,NA,1,0,NA,NA,NA,NA,0,0,NA,NA,1.93202167322739,0.274631111616488,0.88255185147387,-0.323486370666634,1.63876970954075,0.538383066934283,2.20202196629883,2.98532238020714,0.1852171117672,-0.413250186887226,2.31284107914993,NA,1.72470136179282,2.09369448391221,-0.701045542388849,-0.521804677398393,2.35534770573762,2.6807220655458
364,20,"männlich","deutsch","Heidelberg","lab",4,3,3,2,2,3,3,2,1,1,1,3,2,0.411215195071269,0.551554195273488,-0.0717309217141236,-0.354306186253517,0.230791286712872,-0.0220350148050064,-0.754276714039937,-1.65829557152332,-0.857291121760219,-0.736650547027571,0.30455027156785,-0.598482432356141,2,1,0,0,2,1,NA,2,2,0,3,2,0,NA,0,0,0,NA,-0.632507095401825,-0.297730924743109,-0.643099798748402,-0.323486370666634,-0.24497072977671,-0.147670784073403,0.770386693748861,-0.154898802746597,0.979513571845769,-0.413250186887226,0.201219541174764,0.0367711224894062,-1.86139098020997,0.269890304566808,-0.701045542388849,-0.521804677398393,-1.38303335034415,0.635209591237114
523,20,"weiblich","deutsch","Heidelberg","lab",4,3,4,3,3,3,3,1,3,0,1,0,3,0.411215195071269,1.39727062802617,0.844830855744117,0.615817895154921,0.230791286712872,-0.0220350148050064,-1.7513091521387,0.287663517509148,-1.64285669150066,-0.736650547027571,-2.19711267345378,0.240852686192106,2,1,0,0,2,1,NA,3,0,0,NA,3,NA,NA,0,0,NA,NA,-0.632507095401825,-0.297730924743109,-0.643099798748402,-0.323486370666634,-0.24497072977671,-0.147670784073403,0.770386693748861,0.368471394412359,-0.609079348311369,-0.413250186887226,1.25703031016235,0.622482573570663,-0.0683448092085732,0.269890304566808,-0.701045542388849,-0.521804677398393,0.486157177696733,0.635209591237114
227,20,"weiblich","deutsch","Heidelberg","lab",4,4,4,4,3,2,1,1,1,4,4,4,3,1.39641826659618,1.39727062802617,1.76139263320236,0.615817895154921,-0.734335912268229,-2.04925637686562,-1.7513091521387,-1.65829557152332,1.4994055874611,1.47330109405514,1.13843791990839,0.240852686192106,NA,3,3,0,1,3,3,1,0,0,3,1,NA,NA,NA,0,1,NA,0.393304412049862,0.846993147976085,1.64537767658501,-0.323486370666634,-0.872884209549196,1.22443691794197,-0.18403682128445,-0.678268999905552,-0.609079348311369,-0.413250186887226,0.201219541174764,-0.54894032859185,0.828178276292123,0.269890304566808,2.23754761461704,-0.521804677398393,-0.915735718333933,0.635209591237114
147,27,"männlich","deutsch","Heidelberg","lab",4,3,3,3,1,0,4,0,4,1,3,3,4,0.411215195071269,0.551554195273488,0.844830855744117,-1.32443026766195,-2.66459031023043,0.991575666225303,-2.74834159023747,1.26064306202538,-0.857291121760219,0.736650547027571,0.30455027156785,1.08018780474035,3,2,0,0,3,2,2,1,0,0,2,1,NA,0,0,0,NA,0,-0.119601341675981,0.274631111616488,-0.643099798748402,-0.323486370666634,0.382942749995776,0.538383066934283,-0.661248578801105,-0.678268999905552,-0.609079348311369,-0.413250186887226,-0.326685843319029,-0.54894032859185,-0.0683448092085732,-1.55391387477859,-0.701045542388849,-0.521804677398393,0.486157177696733,-1.41030288307157
310,19,"männlich","deutsch","Heidelberg","lab",4,2,3,1,1,3,1,3,3,2,2,4,3,-0.573987876453645,0.551554195273488,-0.988292699172365,-1.32443026766195,0.230791286712872,-2.04925637686562,0.24275572405883,0.287663517509148,-0.0717255520197794,0,1.13843791990839,0.240852686192106,3,3,1,0,2,3,1,1,1,1,0,0,NA,1,3,1,1,0,-0.119601341675981,0.846993147976085,0.119726026362734,-0.323486370666634,-0.24497072977671,1.22443691794197,-1.13846033631776,-0.678268999905552,0.1852171117672,0.738684709060917,-1.38249661230661,-1.13465177967311,-0.0683448092085732,-1.09796282994224,1.06211035181468,0.28069492991086,-0.915735718333933,-1.41030288307157
132,21,"männlich","deutsch","Heidelberg","lab",4,3,3,3,3,1,1,1,1,3,3,3,4,0.411215195071269,0.551554195273488,0.844830855744117,0.615817895154921,-1.69946311124933,-2.04925637686562,-1.7513091521387,-1.65829557152332,0.713840017720661,0.736650547027571,0.30455027156785,1.08018780474035,NA,3,0,0,NA,3,NA,NA,0,0,NA,NA,NA,NA,0,0,NA,NA,1.41911591950155,0.846993147976085,-0.643099798748402,-0.323486370666634,2.26668318931324,1.22443691794197,2.20202196629883,1.41521178873027,-0.609079348311369,-0.413250186887226,2.84074646364373,1.79390547573318,1.72470136179282,1.63774343907586,-0.701045542388849,-0.521804677398393,2.35534770573762,2.16934394696863
136,20,"weiblich","deutsch","Heidelberg","lab",4,3,0,3,3,2,3,3,3,1,3,3,1,0.411215195071269,-1.98559510298456,0.844830855744117,0.615817895154921,-0.734335912268229,-0.0220350148050064,0.24275572405883,0.287663517509148,-0.857291121760219,0.736650547027571,0.30455027156785,-1.43781755090439,3,0,0,0,3,0,2,0,0,0,2,0,NA,0,1,0,3,0,-0.119601341675981,-0.870092961102706,-0.643099798748402,-0.323486370666634,0.382942749995776,-0.83372463508109,-0.661248578801105,-1.20163919706451,-0.609079348311369,-0.413250186887226,-0.326685843319029,-1.13465177967311,-0.0683448092085732,-1.55391387477859,-0.113326910987671,-0.521804677398393,0.0188595456865111,-1.41030288307157
435,24,"weiblich","deutsch","Heidelberg","lab",4,1,2,2,2,3,3,4,3,2,2,2,2,-1.55919094797856,-0.294162237479194,-0.0717309217141236,-0.354306186253517,0.230791286712872,-0.0220350148050064,1.2397881621576,0.287663517509148,-0.0717255520197794,0,-0.529337376772693,-0.598482432356141,NA,NA,NA,0,NA,NA,NA,NA,0,0,NA,NA,NA,NA,0,0,NA,NA,2.44492742695324,1.99171722069528,2.40820350169614,-0.323486370666634,1.01085622976826,2.59654461995734,1.24759845126552,0.891841591571314,-0.609079348311369,-0.413250186887226,1.78493569465614,1.20819402465192,0.379916733541775,0.725841349403158,-0.701045542388849,-0.521804677398393,0.953454809706955,1.14658770981429
222,22,"weiblich","deutsch","Heidelberg","lab",4,3,4,3,1,1,4,1,1,1,3,4,4,0.411215195071269,1.39727062802617,0.844830855744117,-1.32443026766195,-1.69946311124933,0.991575666225303,-1.7513091521387,-1.65829557152332,-0.857291121760219,0.736650547027571,1.13843791990839,1.08018780474035,NA,0,3,0,3,0,NA,NA,NA,0,1,NA,NA,NA,NA,3,0,NA,1.41911591950155,-0.870092961102706,1.64537767658501,-0.323486370666634,0.382942749995776,-0.83372463508109,1.72481020878217,0.891841591571314,NA,-0.413250186887226,-0.854591227812821,1.20819402465192,1.72470136179282,1.63774343907586,NA,1.88569414452936,-1.38303335034415,0.635209591237114
512,21,"männlich","deutsch","Heidelberg","lab",4,2,0,1,1,4,4,4,4,0,0,0,3,-0.573987876453645,-1.98559510298456,-0.988292699172365,-1.32443026766195,1.19591848569397,0.991575666225303,1.2397881621576,1.26064306202538,-1.64285669150066,-1.47330109405514,-2.19711267345378,0.240852686192106,3,0,2,0,1,0,2,2,2,1,0,1,NA,3,NA,2,0,1,-0.119601341675981,-0.870092961102706,0.88255185147387,-0.323486370666634,-0.872884209549196,-0.83372463508109,-0.661248578801105,-0.154898802746597,0.979513571845769,0.738684709060917,-1.38249661230661,-0.54894032859185,-0.0683448092085732,-0.186060740269542,1.64982898321586,1.08319453722011,-1.38303335034415,-0.8989247644944
442,21,"weiblich","deutsch","Heidelberg","lab",4,3,4,4,4,2,3,1,1,1,1,1,4,0.411215195071269,1.39727062802617,1.76139263320236,1.58594197656336,-0.734335912268229,-0.0220350148050064,-1.7513091521387,-1.65829557152332,-0.857291121760219,-0.736650547027571,-1.36322502511324,1.08018780474035,NA,NA,2,1,2,3,NA,1,2,0,2,1,3,NA,1,3,2,3,0.393304412049862,1.41935518433568,0.88255185147387,0.737358639019534,-0.24497072977671,1.22443691794197,0.293174936232205,-0.678268999905552,0.979513571845769,-0.413250186887226,-0.326685843319029,-0.54894032859185,-0.516606351958921,1.18179239423951,-0.113326910987671,1.88569414452936,-0.448438086323711,0.123831472659943
510,19,"männlich","deutsch","Heidelberg","lab",4,2,1,1,2,3,3,3,3,2,2,3,3,-0.573987876453645,-1.13987867023188,-0.988292699172365,-0.354306186253517,0.230791286712872,-0.0220350148050064,0.24275572405883,0.287663517509148,-0.0717255520197794,0,0.30455027156785,0.240852686192106,NA,0,2,0,2,0,3,2,1,0,2,2,NA,3,1,0,NA,3,0.393304412049862,-0.870092961102706,0.88255185147387,-0.323486370666634,-0.24497072977671,-0.83372463508109,-0.18403682128445,-0.154898802746597,0.1852171117672,-0.413250186887226,-0.326685843319029,0.0367711224894062,0.379916733541775,-0.186060740269542,-0.113326910987671,-0.521804677398393,0.486157177696733,0.123831472659943
184,19,"männlich","deutsch","Heidelberg","lab",4,3,1,0,1,3,4,3,3,3,1,4,4,0.411215195071269,-1.13987867023188,-1.90485447663061,-1.32443026766195,0.230791286712872,0.991575666225303,0.24275572405883,0.287663517509148,0.713840017720661,-0.736650547027571,1.13843791990839,1.08018780474035,1,2,1,0,0,2,3,3,2,1,1,2,3,2,3,2,0,0,-1.14541284912767,0.274631111616488,0.119726026362734,-0.323486370666634,-1.50079768932168,0.538383066934283,-0.18403682128445,0.368471394412359,0.979513571845769,0.738684709060917,-0.854591227812821,0.0367711224894062,-0.516606351958921,-0.642011785105892,1.06211035181468,1.08319453722011,-1.38303335034415,-1.41030288307157
369,32,"männlich","deutsch","Heidelberg","lab",4,1,3,1,1,3,3,3,1,0,2,3,3,-1.55919094797856,0.551554195273488,-0.988292699172365,-1.32443026766195,0.230791286712872,-0.0220350148050064,0.24275572405883,-1.65829557152332,-1.64285669150066,0,0.30455027156785,0.240852686192106,3,3,0,0,3,3,0,3,0,0,0,3,3,3,0,0,3,3,-0.119601341675981,0.846993147976085,-0.643099798748402,-0.323486370666634,0.382942749995776,1.22443691794197,-1.61567209383442,0.368471394412359,-0.609079348311369,-0.413250186887226,-1.38249661230661,0.622482573570663,-0.516606351958921,-0.186060740269542,-0.701045542388849,-0.521804677398393,0.0188595456865111,0.123831472659943
309,35,"weiblich","deutsch","Heidelberg","lab",4,1,3,1,1,3,3,4,4,1,2,3,3,-1.55919094797856,0.551554195273488,-0.988292699172365,-1.32443026766195,0.230791286712872,-0.0220350148050064,1.2397881621576,1.26064306202538,-0.857291121760219,0,0.30455027156785,0.240852686192106,3,1,1,0,2,1,NA,NA,2,1,2,3,NA,NA,2,1,3,3,-0.119601341675981,-0.297730924743109,0.119726026362734,-0.323486370666634,-0.24497072977671,-0.147670784073403,0.293174936232205,0.891841591571314,0.979513571845769,0.738684709060917,-0.326685843319029,0.622482573570663,0.379916733541775,0.269890304566808,0.474391720413507,0.28069492991086,0.0188595456865111,0.123831472659943
401,22,"weiblich","deutsch","Heidelberg","lab",4,4,4,4,4,3,2,3,3,4,3,4,4,1.39641826659618,1.39727062802617,1.76139263320236,1.58594197656336,0.230791286712872,-1.03564569583532,0.24275572405883,0.287663517509148,1.4994055874611,0.736650547027571,1.13843791990839,1.08018780474035,NA,NA,NA,NA,NA,NA,NA,NA,NA,NA,NA,NA,NA,NA,NA,NA,NA,NA,NA,NA,NA,NA,NA,NA,NA,NA,NA,NA,NA,NA,NA,NA,NA,NA,NA,NA
163,28,"männlich","deutsch","Heidelberg","lab",4,4,3,4,4,2,3,3,2,4,3,4,4,1.39641826659618,0.551554195273488,1.76139263320236,1.58594197656336,-0.734335912268229,-0.0220350148050064,0.24275572405883,-0.685316027007087,1.4994055874611,0.736650547027571,1.13843791990839,1.08018780474035,NA,0,0,0,NA,0,NA,NA,0,0,NA,NA,NA,NA,3,0,3,NA,0.906210165775706,-0.870092961102706,-0.643099798748402,-0.323486370666634,1.63876970954075,-0.83372463508109,0.770386693748861,0.891841591571314,-0.609079348311369,-0.413250186887226,1.25703031016235,1.20819402465192,0.828178276292123,0.269890304566808,1.06211035181468,-0.521804677398393,0.0188595456865111,0.635209591237114
254,22,"männlich","deutsch","Heidelberg","lab",4,3,4,3,3,3,2,3,3,4,4,4,4,0.411215195071269,1.39727062802617,0.844830855744117,0.615817895154921,0.230791286712872,-1.03564569583532,0.24275572405883,0.287663517509148,1.4994055874611,1.47330109405514,1.13843791990839,1.08018780474035,NA,NA,1,0,NA,NA,NA,3,2,0,NA,3,NA,NA,1,2,NA,NA,1.93202167322739,NA,0.119726026362734,-0.323486370666634,2.26668318931324,NA,1.72481020878217,0.368471394412359,0.979513571845769,-0.413250186887226,1.25703031016235,0.622482573570663,0.828178276292123,1.18179239423951,-0.113326910987671,1.08319453722011,0.953454809706955,0.635209591237114
533,22,"männlich","deutsch","Heidelberg","lab",4,3,0,1,1,1,4,3,3,4,0,2,3,0.411215195071269,-1.98559510298456,-0.988292699172365,-1.32443026766195,-1.69946311124933,0.991575666225303,0.24275572405883,0.287663517509148,1.4994055874611,-1.47330109405514,-0.529337376772693,0.240852686192106,3,0,1,0,2,0,NA,1,2,1,2,0,0,NA,0,NA,0,0,-0.119601341675981,-0.870092961102706,0.119726026362734,-0.323486370666634,-0.24497072977671,-0.83372463508109,0.293174936232205,-0.678268999905552,0.979513571845769,0.738684709060917,-0.326685843319029,-1.13465177967311,-1.86139098020997,0.269890304566808,-0.701045542388849,2.68819375183862,-1.38303335034415,-1.41030288307157
228,23,"weiblich","deutsch","Heidelberg","lab",4,3,3,1,2,4,4,4,4,0,0,0,0,0.411215195071269,0.551554195273488,-0.988292699172365,-0.354306186253517,1.19591848569397,0.991575666225303,1.2397881621576,1.26064306202538,-1.64285669150066,-1.47330109405514,-2.19711267345378,-2.27715266945263,0,2,0,0,0,2,3,NA,0,0,3,NA,1,1,0,0,1,1,-1.65831860285351,0.274631111616488,-0.643099798748402,-0.323486370666634,-1.50079768932168,0.538383066934283,-0.18403682128445,1.93858198588923,-0.609079348311369,-0.413250186887226,0.201219541174764,2.37961692681443,-1.41312943745962,-1.09796282994224,-0.701045542388849,-0.521804677398393,-0.915735718333933,-0.8989247644944
384,21,"weiblich","deutsch","Heidelberg","lab",4,3,3,3,3,2,1,3,3,0,0,0,3,0.411215195071269,0.551554195273488,0.844830855744117,0.615817895154921,-0.734335912268229,-2.04925637686562,0.24275572405883,0.287663517509148,-1.64285669150066,-1.47330109405514,-2.19711267345378,0.240852686192106,3,1,0,0,3,1,NA,1,0,0,NA,1,NA,NA,0,0,NA,NA,-0.119601341675981,-0.297730924743109,-0.643099798748402,-0.323486370666634,0.382942749995776,-0.147670784073403,0.293174936232205,-0.678268999905552,-0.609079348311369,-0.413250186887226,0.729124925668557,-0.54894032859185,0.828178276292123,0.269890304566808,-0.701045542388849,-0.521804677398393,1.42075244171718,0.635209591237114
583,22,"weiblich","deutsch","Heidelberg","lab",4,3,3,1,3,3,3,3,4,2,1,0,3,0.411215195071269,0.551554195273488,-0.988292699172365,0.615817895154921,0.230791286712872,-0.0220350148050064,0.24275572405883,1.26064306202538,-0.0717255520197794,-0.736650547027571,-2.19711267345378,0.240852686192106,NA,2,NA,0,2,2,NA,NA,NA,1,2,NA,NA,NA,NA,NA,0,2,2.44492742695324,0.274631111616488,NA,-0.323486370666634,-0.24497072977671,0.538383066934283,1.24759845126552,1.41521178873027,2.56810649200291,0.738684709060917,-0.326685843319029,1.20819402465192,1.27643981904247,1.63774343907586,NA,NA,-1.38303335034415,-0.387546645917229
559,18,"weiblich","deutsch","Heidelberg","lab",4,3,1,2,3,2,2,2,2,3,3,3,3,0.411215195071269,-1.13987867023188,-0.0717309217141236,0.615817895154921,-0.734335912268229,-1.03564569583532,-0.754276714039937,-0.685316027007087,0.713840017720661,0.736650547027571,0.30455027156785,0.240852686192106,NA,NA,1,2,NA,NA,NA,NA,0,2,NA,2,NA,NA,1,NA,NA,2,1.93202167322739,NA,0.119726026362734,1.7982036487057,2.26668318931324,2.59654461995734,1.72481020878217,0.891841591571314,-0.609079348311369,1.89061960500906,2.31284107914993,0.0367711224894062,0.828178276292123,2.09369448391221,-0.113326910987671,NA,0.953454809706955,-0.387546645917229
426,22,"weiblich","deutsch","Heidelberg","lab",4,1,0,1,1,4,3,4,4,1,1,3,3,-1.55919094797856,-1.98559510298456,-0.988292699172365,-1.32443026766195,1.19591848569397,-0.0220350148050064,1.2397881621576,1.26064306202538,-0.857291121760219,-0.736650547027571,0.30455027156785,0.240852686192106,1,1,0,0,1,1,0,2,0,0,0,2,1,2,0,0,1,2,-1.14541284912767,-0.297730924743109,-0.643099798748402,-0.323486370666634,-0.872884209549196,-0.147670784073403,-1.61567209383442,-0.154898802746597,-0.609079348311369,-0.413250186887226,-1.38249661230661,0.0367711224894062,-1.41312943745962,-0.642011785105892,-0.701045542388849,-0.521804677398393,-0.915735718333933,-0.387546645917229
999,22,"weiblich","deutsch","Heidelberg","lab",4,2,1,1,1,4,3,4,3,1,1,3,1,-0.573987876453645,-1.13987867023188,-0.988292699172365,-1.32443026766195,1.19591848569397,-0.0220350148050064,1.2397881621576,0.287663517509148,-0.857291121760219,-0.736650547027571,0.30455027156785,-1.43781755090439,NA,0,0,0,NA,0,NA,3,1,0,NA,3,NA,NA,0,0,NA,NA,0.393304412049862,-0.870092961102706,-0.643099798748402,-0.323486370666634,1.01085622976826,-0.83372463508109,0.770386693748861,0.368471394412359,0.1852171117672,-0.413250186887226,0.729124925668557,0.622482573570663,1.27643981904247,1.18179239423951,-0.701045542388849,-0.521804677398393,1.8880500737274,1.65796582839146
