"subject","location","type","id","Age","gender","education","BMW3_UN_01","BMW3_UN_02","BMW3_UN_03","BMW3_UN_04","BMW3_ME_01","BMW3_ME_02","BMW3_ME_03","BMW3_ME_04","BMW3_IN_01","BMW3_IN_02","BMW3_IN_03","BMW3_IN_04","BMW3_UN","BMW3_ME","BMW3_IN","IPIP_E_01","IPIP_A_01","IPIP_C_01","IPIP_S_01","IPIP_I_01","IPIP_E_02","IPIP_A_02","IPIP_C_02","IPIP_S_02","IPIP_I_02","IPIP_E_03","IPIP_A_03","IPIP_C_03","IPIP_S_03","IPIP_I_03","IPIP_E_04","IPIP_A_04","IPIP_C_04","IPIP_S_04","IPIP_I_04","IPIP_E_05","IPIP_A_05","IPIP_C_05","IPIP_S_05","IPIP_I_05","IPIP_E_06","IPIP_A_06","IPIP_C_06","IPIP_S_06","IPIP_I_06","IPIP_E_07","IPIP_A_07","IPIP_C_07","IPIP_S_07","IPIP_I_07","IPIP_E_08","IPIP_A_08","IPIP_C_08","IPIP_S_08","IPIP_I_08","IPIP_E_09","IPIP_A_09","IPIP_C_09","IPIP_S_09","IPIP_I_09","IPIP_E_10","IPIP_A_10","IPIP_C_10","IPIP_S_10","IPIP_I_10","IPIP_E_p1","IPIP_E_p2","IPIP_E_p3","IPIP_A_p1","IPIP_A_p2","IPIP_A_p3","IPIP_C_p1","IPIP_C_p2","IPIP_C_p3","IPIP_S_p1","IPIP_S_p2","IPIP_S_p3","IPIP_I_p1","IPIP_I_p2","IPIP_I_p3","IPIP_E","IPIP_A","IPIP_C","IPIP_S","IPIP_I","DMW_01","DMW_02","DMW_03","DMW_04","SMW_01","SMW_02","SMW_03","SMW_04","MW_D","MW_S","MAAS_01","MAAS_02","MAAS_03","MAAS_04","MAAS_05","MAAS_06","MAAS_07","MAAS_08","MAAS_09","MAAS_10","MAAS_11","MAAS_12","MAAS_13","MAAS_14","MAAS_15","MAAS_p1","MAAS_p2","MAAS_p3","MAAS","BMW3_UN_01_z","BMW3_UN_02_z","BMW3_UN_03_z","BMW3_UN_04_z","BMW3_ME_01_z","BMW3_ME_02_z","BMW3_ME_03_z","BMW3_ME_04_z","BMW3_IN_01_z","BMW3_IN_02_z","BMW3_IN_03_z","BMW3_IN_04_z","BMW3_UN_z","BMW3_ME_z","BMW3_IN_z","IPIP_E_01_z","IPIP_A_01_z","IPIP_C_01_z","IPIP_S_01_z","IPIP_I_01_z","IPIP_E_02_z","IPIP_A_02_z","IPIP_C_02_z","IPIP_S_02_z","IPIP_I_02_z","IPIP_E_03_z","IPIP_A_03_z","IPIP_C_03_z","IPIP_S_03_z","IPIP_I_03_z","IPIP_E_04_z","IPIP_A_04_z","IPIP_C_04_z","IPIP_S_04_z","IPIP_I_04_z","IPIP_E_05_z","IPIP_A_05_z","IPIP_C_05_z","IPIP_S_05_z","IPIP_I_05_z","IPIP_E_06_z","IPIP_A_06_z","IPIP_C_06_z","IPIP_S_06_z","IPIP_I_06_z","IPIP_E_07_z","IPIP_A_07_z","IPIP_C_07_z","IPIP_S_07_z","IPIP_I_07_z","IPIP_E_08_z","IPIP_A_08_z","IPIP_C_08_z","IPIP_S_08_z","IPIP_I_08_z","IPIP_E_09_z","IPIP_A_09_z","IPIP_C_09_z","IPIP_S_09_z","IPIP_I_09_z","IPIP_E_10_z","IPIP_A_10_z","IPIP_C_10_z","IPIP_S_10_z","IPIP_I_10_z","IPIP_E_p1_z","IPIP_E_p2_z","IPIP_E_p3_z","IPIP_A_p1_z","IPIP_A_p2_z","IPIP_A_p3_z","IPIP_C_p1_z","IPIP_C_p2_z","IPIP_C_p3_z","IPIP_S_p1_z","IPIP_S_p2_z","IPIP_S_p3_z","IPIP_I_p1_z","IPIP_I_p2_z","IPIP_I_p3_z","IPIP_E_z","IPIP_A_z","IPIP_C_z","IPIP_S_z","IPIP_I_z","DMW_01_z","DMW_02_z","DMW_03_z","DMW_04_z","SMW_01_z","SMW_02_z","SMW_03_z","SMW_04_z","MW_D_z","MW_S_z","MAAS_01_z","MAAS_02_z","MAAS_03_z","MAAS_04_z","MAAS_05_z","MAAS_06_z","MAAS_07_z","MAAS_08_z","MAAS_09_z","MAAS_10_z","MAAS_11_z","MAAS_12_z","MAAS_13_z","MAAS_14_z","MAAS_15_z","MAAS_p1_z","MAAS_p2_z","MAAS_p3_z","MAAS_z"
1,"Mainz","online",1,23,"female","other",4,4,4,4,1,1,1,1,1,1,1,1,4,1,1,2,4,5,1,2,1,4,1,2,2,4,5,2,2,2,1,5,4,4,1,1,5,5,1,2,4,5,1,2,2,1,5,2,2,4,2,5,4,2,2,1,5,2,2,5,2,5,4,1,1,1.5,1.33333333333333,3,4.75,4.66666666666667,5,3.75,3.33333333333333,1.66666666666667,2,1.66666666666667,2,2,2,3,1.9,4.8,3,1.9,2.3,5,1,2,2,7,6,7,5,2.5,6.25,5,5,1,2,5,1,1,3,5,4,4,5,2,5,5,3.66666666666667,3.8,3.4,3.53333333333333,1.26845119593814,1.48742838807674,1.57363719554458,1.50034848759557,-1.80440673023198,-2.25481033180641,-1.83330619038797,-1.49031873108235,-0.756743211530565,-0.520775132283564,-1.29628480947081,-1.58583113318791,1.86295462244254,-2.2732114310617,-1.35411752766521,-0.676507162074881,-0.169543222793955,1.50142245514155,-1.49648900909297,-2.11528528056662,-2.05338197933467,-0.304667161586281,-1.51995746681711,-0.948985819435749,-2.33671292047767,0.329302007678913,0.715130526386106,-2.59472212021668,0.0121145710309808,-1.98415968357025,-1.67479139379783,0.775901312388939,0.1919903848747,0.952368235265172,-2.76853459148352,-2.40118389949925,0.969013067921489,1.88960303372231,-1.49086280673749,-1.82439124537044,0.213010297599965,1.01036297108185,-1.93026489559819,-0.936490235288351,-1.69899426814706,-1.69051747493213,0.869072164615631,-2.56929789722162,-1.09235613056672,0.0381863997137484,-0.586257166615464,1.17600273455411,0.578707967418675,-1.05240491303574,-1.36009794704248,-1.46608130505512,1.09731002978386,-1.68661551172963,-1.19623071050313,0.97890199052883,-0.772199949954385,1.23887457281108,0.0705730537083977,-1.75071279100165,-2.82519472367951,-1.46216646799368,-2.08253359780771,-0.474113909857901,0.88650244958131,0.824123222547078,1.27855214193623,-0.163427649110769,0.317391309001027,-3.06606633913075,-1.08023633411443,-1.41062957985677,-0.947717616615505,-3.14692649643016,-2.58593614737099,-1.45050737666119,-1.51486866049589,1.15317862204173,-0.846136853490556,-1.27982578260538,-2.86034668598528,0.503446015735495,-2.09275714474272,-1.94706893160957,-1.86068450048651,1.44743055304307,0.826673226637226,1.88224612678893,0.28070451675915,-1.72207597687967,1.34973543526378,1.03016099448708,0.37279687141257,-2.22137724637303,-0.864508047569971,0.877400358425984,-1.34603278829359,-2.18061902716664,-0.624749884768366,0.983884064995606,0.0526983377035892,0.519363949083322,0.570006518770709,-1.1172242626697,1.26644844507372,0.290709182302516,-0.274181082065236,0.0253778408558194,-0.281471186504045,-0.293247055868873
2,"Mainz","online",1,25,"female","prefer not to answer",1,3,1,2,4,4,4,4,2,2,3,4,1.75,4,2.75,3,5,5,3,5,5,5,4,4,5,5,5,5,2,4,3,5,5,4,5,5,5,4,3,5,5,5,5,3,5,4,5,5,4,5,3,5,4,5,4,4,5,5,4,5,5,2,5,5,5,3.75,4.33333333333333,4.66666666666667,4.25,5,5,5,4,5,4,4,3,5,4.66666666666667,4.66666666666667,4.2,4.7,4.7,3.7,4.8,5,4,6,6,3,4,4,4,5.25,3.75,5,6,4,3,6,5,5,6,5,4,4,6,4,4,4,4.5,5.2,4.8,4.73333333333333,-1.76205663870139,0.484411544009668,-1.24290666631148,-0.413139438613273,1.24920465939137,1.00694269612177,1.29933351357594,1.46790792309615,0.0705040259189969,0.32010948498164,0.47228981430332,1.12393857012347,-0.939438655761625,1.56147111079318,0.6390399324107,0.144632565684975,0.825110350930578,1.50142245514155,0.319939029530222,1.20873444603807,1.41323891623273,0.836214124353836,0.861459573181214,0.886415325846579,1.2814232144555,1.27941927573611,0.715130526386106,1.16905062559213,0.0121145710309808,0.0344073933567096,0.161739978840289,0.775901312388939,1.13061004426212,0.952368235265172,0.986857224324569,1.36370132376906,0.969013067921489,1.01900058886596,0.241096625512004,1.69122400118282,1.19958430753665,1.01036297108185,1.3841411690387,-0.0912477665152752,1.00302071252055,0.689731129772309,0.869072164615631,0.972710692159621,0.747401563019337,1.3823476696377,0.36912488268381,1.17600273455411,0.578707967418675,1.60630223568613,0.643058861990797,1.08027043530377,1.09731002978386,1.40551292644135,0.642516931842293,0.97890199052883,1.77605988489509,-2.7016421407085,1.3126587989762,1.34602541217714,1.2757064834759,0.851591459380933,1.3042561546845,1.56110677636138,0.123546796151919,1.30760884644136,1.27855214193623,1.8340213955764,1.00280076156766,2.01517354492774,1.10821367801955,1.09354281550856,0.238052292325221,1.83158193837171,1.67752766468797,0.900222810193041,1.29806176963593,0.9777599206767,1.76111491339281,0.958985967418831,1.74636100740243,0.503446015735495,-0.260293177206806,0.412202200667775,0.81262547572268,-0.972975882449382,-0.351419792700035,0.244971077456879,-0.307438280260022,0.447045097446317,-0.398266305769519,1.03016099448708,1.11001315645316,0.339511806214219,-0.06370059297884,1.67751674745693,1.3614160201598,1.06495347838371,1.99324963235621,0.983884064995606,0.0526983377035892,0.519363949083322,1.3022776669725,0.455827499169239,0.412444895905236,-0.419913263325856,0.731149552173961,1.76235005943194,1.34656872792311,1.33089048432796
3,"Mainz","online",1,24,"female","prefer not to answer",3,3,3,3,3,3,3,3,2,1,2,3,3,3,2,2,5,4,2,3,3,4,3,3,4,4,5,4,2,4,2,4,4,3,4,3,5,3,2,3,2,4,2,4,4,2,5,4,4,4,2,4,4,4,2,3,4,3,4,4,2,4,4,4,4,2,2.66666666666667,3,4.5,4.33333333333333,4.33333333333333,4,3.33333333333333,3,3.25,3,3.33333333333333,3.75,3,4,2.5,4.4,3.5,3.2,3.6,3,4,5,5,5,6,4,4,4.25,4.75,4,5,3,3,5,4,3,3,4,4,3,4,3,4,5,3.83333333333333,3.8,3.8,3.8,0.25828191772496,0.484411544009668,0.634789241592561,0.54360452449115,0.231334196183588,-0.0803083131876254,0.255120278921303,0.481832371703316,0.0705040259189969,-0.520775132283564,-0.411997497583747,0.22068200235301,0.617446498796247,0.283243596841553,-0.215170407621831,-0.676507162074881,0.825110350930578,0.504251315123012,-0.588274989781376,-1.00727870503172,-0.320071531550967,-0.304667161586281,0.0676538931817709,-0.0312852467945852,0.0753778361444409,0.329302007678913,0.715130526386106,-0.0855402896774732,0.0121145710309808,0.0344073933567096,-0.75652570747877,-0.476930164495953,0.1919903848747,0.122582050083636,0.0480092703725467,-0.518741287865094,0.969013067921489,0.148398144009606,-0.624883090612745,-0.652519496519355,-1.7601377222734,-0.144337567297406,-1.10166337943897,0.753994702257801,0.102349052298016,-0.897101273363984,0.869072164615631,-0.207958837634126,0.747401563019337,0.0381863997137484,-0.586257166615464,-0.323826839949683,0.578707967418675,0.720066519445508,-1.36009794704248,0.231486521850808,0.00619949169369431,-0.655906032339299,0.642516931842293,-0.297296160086534,-0.772199949954385,-0.0746309983621132,0.0705730537083977,0.571840861382447,0.250481181687049,-0.947998039688208,-0.577293707811171,-0.474113909857901,0.505024622866614,0.340637598652792,0.273975458986334,0.236062159826666,0.317391309001027,-1.03357038550735,0.287544923469308,0.0203260746377058,0.633308928638797,-0.242796576129069,-0.98713721784888,-0.0400692645486515,-0.781060722200633,0.451503816581596,-0.0792980985248617,0.337093814634327,-0.464858685423669,-0.790079513745486,-0.260293177206806,-0.177615582401561,0.144297981670382,0.237227335296845,0.826673226637226,0.244971077456879,-0.307438280260022,-0.341726202308589,0.300934390643802,0.141394646302149,0.37279687141257,-0.51411787798153,-0.06370059297884,0.877400358425984,0.684553818046453,-0.557832774391467,-0.624749884768366,0.10488104246146,0.0526983377035892,-0.296779399476184,-0.162264629431078,-0.330698381750232,0.412444895905236,0.290709182302516,-0.073114955217396,0.0253778408558194,0.183683074760855,0.0676723975082011
4,"Mainz","online",1,22,"male","prefer not to answer",2,3,2,3,4,3,3,3,3,3,4,3,2.5,3.25,3.25,2,4,3,4,5,2,4,2,3,4,2,5,4,2,5,2,4,4,5,5,2,4,1,4,4,4,3,2,5,4,1,4,2,4,4,2,4,3,5,4,2,3,4,4,5,2,3,4,5,4,1.75,2,2.66666666666667,3.75,4,3.66666666666667,3.25,2,3.33333333333333,4.5,4,3.66666666666667,4.5,4,4.66666666666667,2.1,3.8,2.9,4.1,4.4,5,5,6,6,3,2,2,3,5.5,2.5,5,5,4,2,4,2,4,3,3,5,3,4,3,3,6,4.33333333333333,3.6,3.2,3.73333333333333,-0.751887360488216,0.484411544009668,-0.304058712359462,0.54360452449115,1.24920465939137,-0.0803083131876254,0.255120278921303,0.481832371703316,0.897751263368559,1.16099410224684,1.35657712619039,0.22068200235301,-0.00530756302690199,0.602800475329459,1.20851349243239,-0.676507162074881,-0.169543222793955,-0.492919824895528,1.22815304884182,1.20873444603807,-1.18672675544282,-0.304667161586281,-0.726151786817672,-0.0312852467945852,0.0753778361444409,-1.57093252843547,0.715130526386106,-0.0855402896774732,0.0121145710309808,1.04369093182019,-0.75652570747877,-0.476930164495953,0.1919903848747,1.78215442044671,0.986857224324569,-1.45996259368217,0.153002063356025,-1.5928067457031,1.10707634163675,0.519352252331732,0.213010297599965,-1.29903810567666,-1.10166337943897,1.59923717103088,0.102349052298016,-1.69051747493213,-0.0635906461913878,-2.56929789722162,0.747401563019337,0.0381863997137484,-0.586257166615464,-0.323826839949683,-0.284449678900705,1.60630223568613,0.643058861990797,-0.617297391602155,-1.08491104639647,0.374803447051028,0.642516931842293,0.97890199052883,-0.772199949954385,-1.38813656953531,0.0705730537083977,1.34602541217714,0.250481181687049,-1.20508225384094,-1.32991365280944,-0.881158047101758,-0.639408857277472,-0.142848025241494,-0.730601223963557,-0.962407266985639,-1.05342759613224,-0.525446397101504,1.65532618105304,1.09354281550856,1.02856556495237,1.0018305325714,0.611661711673233,0.900222810193041,-1.27026601439747,-0.601008391608614,-0.999504604483695,1.45649968964643,1.0092877764604,0.503446015735495,0.350528145305166,0.412202200667775,0.81262547572268,-0.972975882449382,-1.5295128120373,-0.846545622097823,-0.895581077279193,0.644237922385043,-1.27226717628617,1.03016099448708,0.37279687141257,0.339511806214219,-0.864508047569971,0.0772839693950349,-0.669170586180241,0.253560351996121,-0.624749884768366,-0.774121980072685,0.980189081286761,-0.296779399476184,-0.162264629431078,-0.330698381750232,-0.441558653263252,1.00133162793089,0.530083425326121,-0.222761047512197,-0.514048317136495,-0.022557465836067
5,"Mainz","online",1,20,"female","other",3,3,3,3,4,4,4,3,2,2,2,4,3,3.75,2.5,3,3,5,1,4,3,4,5,1,4,4,5,5,2,3,2,4,5,1,2,3,4,4,1,3,4,4,5,2,4,4,3,5,2,4,2,3,4,2,4,2,4,4,2,4,2,4,5,2,4,2.75,2.66666666666667,3.33333333333333,3.5,3.66666666666667,4.33333333333333,5,4.33333333333333,4.66666666666667,1.5,1.33333333333333,2,3.5,3.66666666666667,3.66666666666667,2.9,3.8,4.7,1.6,3.6,6,2,4,2,6,7,4,6,3.5,5.75,5,6,3,3,5,2,2,2,2,2,2,3,1,3,4,3.16666666666667,3.2,2.6,3,0.25828191772496,0.484411544009668,0.634789241592561,0.54360452449115,1.24920465939137,1.00694269612177,1.29933351357594,0.481832371703316,0.0705040259189969,0.32010948498164,-0.411997497583747,1.12393857012347,0.617446498796247,1.24191423230527,0.354303152399856,0.144632565684975,-1.16419679651849,1.50142245514155,-1.49648900909297,0.100727870503172,-0.320071531550967,-0.304667161586281,1.65526525318066,-1.86668639207691,0.0753778361444409,0.329302007678913,0.715130526386106,1.16905062559213,0.0121145710309808,-0.974876145106769,-0.75652570747877,-0.476930164495953,1.13061004426212,-1.53699032027944,-1.8296866375315,-0.518741287865094,0.153002063356025,1.01900058886596,-1.49086280673749,-0.652519496519355,0.213010297599965,-0.144337567297406,1.3841411690387,-0.936490235288351,0.102349052298016,0.689731129772309,-0.996253456998407,0.972710692159621,-1.09235613056672,0.0381863997137484,-0.586257166615464,-1.82365641445348,0.578707967418675,-1.05240491303574,0.643058861990797,-0.617297391602155,0.00619949169369431,0.374803447051028,-1.19623071050313,-0.297296160086534,-0.772199949954385,-0.0746309983621132,1.3126587989762,-0.976528240206948,0.250481181687049,-0.176745397230005,-0.577293707811171,-0.0670697726140443,-1.02088668399217,-0.62633364913578,0.273975458986334,1.8340213955764,1.34550548785098,1.5070495565219,-1.62734883714792,-1.76836849348039,-0.947717616615505,-0.657672279029225,0.0787287351658617,-0.510215301919498,-0.291855430003796,-0.601008391608614,1.76111491339281,-1.65296107427608,-0.464858685423669,1.15020878047599,-1.48193582223075,-0.767433365470897,-1.86068450048651,0.842328944169959,1.41571973630586,0.244971077456879,0.868847313778322,-0.933304677124768,1.00013508705712,1.03016099448708,1.11001315645316,-0.51411787798153,-0.06370059297884,0.877400358425984,-0.669170586180241,-1.36922590077905,-1.49741639047656,-1.65312500260683,-1.80228314946276,-1.11292274803569,-0.894535777632864,-1.90375014358917,-0.441558653263252,-0.419913263325856,-0.877379462608753,-0.71903882424823,-1.21177970903385,-1.01508596262302
6,"Mainz","online",1,26,"male","prefer not to answer",1,0,1,0,4,4,4,3,2,1,2,4,0.5,3.75,2.25,3,5,5,5,5,3,5,2,5,4,5,5,4,5,4,4,5,5,4,5,4,4,3,5,4,5,4,2,5,5,4,5,4,4,5,4,5,2,5,4,5,4,3,5,5,4,5,2,4,4,3.75,3.66666666666667,5,5,4.66666666666667,4.33333333333333,4,2.33333333333333,3,4.25,5,5,4.75,4,4.66666666666667,4.1,4.7,3.2,4.7,4.5,3,1,6,6,2,2,1,2,4,1.75,6,6,6,3,5,4,6,5,6,5,4,6,6,5,5,5.16666666666667,5.2,5.4,5.2,-1.76205663870139,-2.52463898819156,-1.24290666631148,-2.32662736482212,1.24920465939137,1.00694269612177,1.29933351357594,0.481832371703316,0.0705040259189969,-0.520775132283564,-0.411997497583747,1.12393857012347,-2.4963238103195,1.24191423230527,0.0695663723890129,0.144632565684975,0.825110350930578,1.50142245514155,2.13636706815342,1.20873444603807,-0.320071531550967,0.836214124353836,-0.726151786817672,1.80411589848774,0.0753778361444409,1.27941927573611,0.715130526386106,-0.0855402896774732,3.21036132320988,0.0344073933567096,1.08000566515935,0.775901312388939,1.13061004426212,0.952368235265172,0.986857224324569,0.422480017951983,0.153002063356025,0.148398144009606,1.9730560577615,0.519352252331732,1.19958430753665,-0.144337567297406,-1.10166337943897,1.59923717103088,1.00302071252055,0.689731129772309,0.869072164615631,-0.207958837634126,0.747401563019337,1.3823476696377,1.32450693198308,1.17600273455411,-1.14760732522009,1.60630223568613,0.643058861990797,1.92905434875673,0.00619949169369431,-0.655906032339299,1.561890753015,0.97890199052883,0.926639939945262,1.23887457281108,-2.41359843682721,0.571840861382447,0.250481181687049,0.851591459380933,0.55163620968623,1.96815091360524,1.267980276296,0.824123222547078,0.273975458986334,0.236062159826666,-0.710722869848925,-1.03357038550735,1.3817699295363,2.16675955637942,2.60959211020667,1.41670623547156,0.611661711673233,0.900222810193041,1.17576044658672,0.9777599206767,-0.539401351504278,2.20277027298784,1.19355608419591,-0.790079513745486,-2.09275714474272,0.412202200667775,0.81262547572268,-1.5780774913225,-1.5295128120373,-1.39230397187517,-1.48372387429837,-0.538919027247315,-1.79666769859616,1.91892734267202,1.11001315645316,2.04677117460572,-0.06370059297884,0.877400358425984,0.684553818046453,1.8763466047713,1.12058312664802,1.86288708752975,0.980189081286761,0.519363949083322,1.3022776669725,2.02887926100818,1.26644844507372,0.290709182302516,1.53541405956532,1.76235005943194,2.04430011982046,1.96249952773784
7,"Mainz","online",1,30,"female","prefer not to answer",3,3,2,2,3,4,3,3,3,3,3,3,2.5,3.25,3,3,5,4,3,5,3,5,5,3,5,3,5,5,1,5,3,5,5,2,5,4,5,4,2,5,5,5,5,5,5,3,5,5,3,2,3,5,5,2,4,3,5,5,5,5,3,5,5,2,5,3,3.33333333333333,3.66666666666667,5,5,5,4.75,4.66666666666667,5,2.5,2.33333333333333,3.66666666666667,4.25,4.66666666666667,5,3.3,5,4.8,2.8,4.6,5,5,7,6,4,3,2,3,5.75,3,5,6,4,4,4,4,4,3,5,5,6,4,3,4,6,4.66666666666667,4.4,4.2,4.46666666666667,0.25828191772496,0.484411544009668,-0.304058712359462,-0.413139438613273,0.231334196183588,1.00694269612177,0.255120278921303,0.481832371703316,0.897751263368559,1.16099410224684,0.47228981430332,0.22068200235301,-0.00530756302690199,0.602800475329459,0.923776712421544,0.144632565684975,0.825110350930578,0.504251315123012,0.319939029530222,1.20873444603807,-0.320071531550967,0.836214124353836,1.65526525318066,-0.0312852467945852,1.2814232144555,-0.620815260378279,0.715130526386106,1.16905062559213,-1.05396767969532,1.04369093182019,0.161739978840289,0.775901312388939,1.13061004426212,-0.7072041350979,0.986857224324569,0.422480017951983,0.969013067921489,1.01900058886596,-0.624883090612745,1.69122400118282,1.19958430753665,1.01036297108185,1.3841411690387,1.59923717103088,1.00302071252055,-0.103685071795837,0.869072164615631,0.972710692159621,-0.172477283773693,-2.65013614013415,0.36912488268381,1.17600273455411,1.44186561373806,-1.05240491303574,0.643058861990797,0.231486521850808,1.09731002978386,1.40551292644135,1.561890753015,0.97890199052883,0.0772199949954384,1.23887457281108,1.3126587989762,-0.976528240206948,1.2757064834759,0.0803388169227295,0.175326237187096,0.339974364629812,1.267980276296,1.30760884644136,1.27855214193623,1.43453158663897,1.6882102141343,2.01517354492774,-0.533123831080933,-0.695151752609533,1.02856556495237,0.586954829671243,1.67752766468797,1.37036884756389,0.197349862193042,1.5040160247718,1.91448266438594,-0.160419907593276,1.37782439193142,0.503446015735495,0.350528145305166,1.00201998373711,0.81262547572268,-0.367874273576268,-0.940466302368666,-0.846545622097823,-0.895581077279193,0.84143074732377,-0.92266682807951,1.03016099448708,1.11001315645316,0.339511806214219,0.737106861612291,0.0772839693950349,0.684553818046453,0.253560351996121,-0.624749884768366,0.983884064995606,0.980189081286761,2.15165064620234,-0.162264629431078,-0.330698381750232,0.412444895905236,1.00133162793089,0.9322156790218,0.76979450595987,0.648837336025757,0.969971030950887
8,"Mainz","online",1,24,"female","prefer not to answer",1,3,1,3,0,4,0,0,3,4,4,4,2,1,3.75,1,4,4,2,5,2,5,2,4,4,2,5,5,1,5,1,5,5,2,4,2,5,2,1,4,3,4,4,3,5,1,5,4,2,4,2,4,4,2,4,1,4,4,3,5,1,2,4,2,4,1,2,2,4,4.66666666666667,4.33333333333333,4.25,2.66666666666667,4.33333333333333,2,2.33333333333333,2.33333333333333,4.25,4,5,1.6,4.3,3.8,2.2,4.4,6,6,7,6,3,6,3,3,6.25,3.75,2,4,5,5,3,3,5,5,3,2,5,3,2,4,4,3.5,3.8,3.6,3.66666666666667,-1.76205663870139,0.484411544009668,-1.24290666631148,0.54360452449115,-2.82227719343977,1.00694269612177,-2.87751942504261,-2.47639428247518,0.897751263368559,2.00187871951205,1.35657712619039,1.12393857012347,-0.628061624850051,-2.2732114310617,1.77798705245407,-1.49764688983474,-0.169543222793955,0.504251315123012,-0.588274989781376,1.20873444603807,-1.18672675544282,0.836214124353836,-0.726151786817672,0.886415325846579,0.0753778361444409,-1.57093252843547,0.715130526386106,1.16905062559213,-1.05396767969532,1.04369093182019,-1.67479139379783,0.775901312388939,1.13061004426212,-0.7072041350979,0.0480092703725467,-1.45996259368217,0.969013067921489,-0.722204300846748,-1.49086280673749,0.519352252331732,-0.773563712336717,-0.144337567297406,0.55553965287948,-0.0912477665152752,1.00302071252055,-1.69051747493213,0.869072164615631,-0.207958837634126,-1.09235613056672,0.0381863997137484,-0.586257166615464,-0.323826839949683,0.578707967418675,-1.05240491303574,0.643058861990797,-1.46608130505512,0.00619949169369431,0.374803447051028,-0.276856889330419,0.97890199052883,-1.62161989490421,-2.7016421407085,0.0705730537083977,-0.976528240206948,0.250481181687049,-1.97633489629915,-1.32991365280944,-1.69524632158947,-0.257931030562777,0.824123222547078,0.273975458986334,0.6355519687641,-0.368018143565608,0.998925568116045,-1.08023633411443,-0.695151752609533,-0.552460980301929,0.586954829671243,0.611661711673233,1.37036884756389,-1.88177262964352,0.27608511521656,0.380805154454555,-0.90669049093468,1.0092877764604,1.15020878047599,0.961349467817139,1.00201998373711,0.81262547572268,-0.972975882449382,0.826673226637226,-0.300787272320472,-0.895581077279193,1.23581639720122,-0.398266305769519,-1.63613805006772,-0.364419413628018,1.19314149040997,1.53791431620342,-0.722832419635914,0.00769161593310614,1.06495347838371,1.12058312664802,-0.774121980072685,-1.80228314946276,1.33550729764283,-0.894535777632864,-1.1172242626697,0.412444895905236,-0.419913263325856,-0.475247208913075,0.0253778408558194,-0.0488940558715946,-0.112787329180336
9,"Mainz","online",1,19,"female","other",3,3,3,3,1,1,1,1,2,1,2,2,3,1,1.75,5,5,3,3,4,4,5,2,3,4,4,5,4,2,4,4,5,4,3,4,5,4,3,3,4,4,4,3,2,4,4,4,4,2,3,4,4,2,2,3,4,5,4,2,4,5,4,4,3,4,4.5,4.33333333333333,4,4.5,4.33333333333333,4.66666666666667,3.75,2.33333333333333,3.66666666666667,2.75,2.66666666666667,2,3.75,3.66666666666667,4,4.3,4.5,3.3,2.5,3.8,3,4,5,4,6,6,4,6,4,5.5,4,6,3,5,5,4,4,4,5,4,5,5,5,4,4,4.33333333333333,5,4.2,4.46666666666667,0.25828191772496,0.484411544009668,0.634789241592561,0.54360452449115,-1.80440673023198,-2.25481033180641,-1.83330619038797,-1.49031873108235,0.0705040259189969,-0.520775132283564,-0.411997497583747,-0.682574565417449,0.617446498796247,-2.2732114310617,-0.499907187632674,1.78691202120468,0.825110350930578,-0.492919824895528,0.319939029530222,0.100727870503172,0.546583692340883,0.836214124353836,-0.726151786817672,-0.0312852467945852,0.0753778361444409,0.329302007678913,0.715130526386106,-0.0855402896774732,0.0121145710309808,0.0344073933567096,1.08000566515935,0.775901312388939,0.1919903848747,0.122582050083636,0.0480092703725467,1.36370132376906,0.153002063356025,0.148398144009606,0.241096625512004,0.519352252331732,0.213010297599965,-0.144337567297406,-0.273061863279744,-0.936490235288351,0.102349052298016,0.689731129772309,-0.0635906461913878,-0.207958837634126,-1.09235613056672,-1.3059748702102,1.32450693198308,-0.323826839949683,-1.14760732522009,-1.05240491303574,-0.358519542525843,1.08027043530377,1.09731002978386,0.374803447051028,-1.19623071050313,-0.297296160086534,1.77605988489509,-0.0746309983621132,0.0705730537083977,-0.20234368941225,0.250481181687049,1.62284410183914,1.3042561546845,0.747018501873669,0.505024622866614,0.340637598652792,0.77626380046128,-0.163427649110769,-0.710722869848925,-0.0173224086956545,-0.259567579564186,-0.337412838985914,-0.947717616615505,-0.242796576129069,0.0787287351658617,-0.0400692645486515,1.42036309268514,0.62692251794663,-0.38603360051114,-0.533555199263978,-0.0963220699526522,-0.790079513745486,-0.260293177206806,-0.177615582401561,-0.524029512381915,0.842328944169959,0.826673226637226,0.244971077456879,0.868847313778322,-0.538919027247315,0.825334912953793,0.141394646302149,1.11001315645316,-0.51411787798153,1.53791431620342,0.877400358425984,0.684553818046453,0.253560351996121,0.247916620939828,0.983884064995606,0.0526983377035892,1.33550729764283,0.570006518770709,1.24235338008871,0.412444895905236,-0.419913263325856,0.530083425326121,1.51421117106392,0.648837336025757,0.969971030950887
10,"Mainz","online",1,24,"male","prefer not to answer",2,1,1,2,3,3,3,3,2,1,2,3,1.5,3,2,1,4,4,2,3,2,4,4,3,4,3,4,4,2,3,2,4,5,2,4,3,4,5,2,4,2,4,4,3,4,2,4,5,3,4,1,4,5,4,3,1,4,4,3,4,2,3,4,2,3,1.75,2,2,3.75,4,4,4.5,4.66666666666667,4,2.25,3,2.66666666666667,3.5,3.66666666666667,3.66666666666667,1.9,3.9,4.4,2.6,3.6,4,5,5,5,5,3,3,3,4.75,3.5,4,4,3,4,5,4,5,5,4,3,4,4,3,4,5,4.16666666666667,4.2,3.8,4.06666666666667,-0.751887360488216,-1.52162214412449,-1.24290666631148,-0.413139438613273,0.231334196183588,-0.0803083131876254,0.255120278921303,0.481832371703316,0.0705040259189969,-0.520775132283564,-0.411997497583747,0.22068200235301,-1.2508156866732,0.283243596841553,-0.215170407621831,-1.49764688983474,-0.169543222793955,0.504251315123012,-0.588274989781376,-1.00727870503172,-1.18672675544282,-0.304667161586281,0.861459573181214,-0.0312852467945852,0.0753778361444409,-0.620815260378279,-0.360621376553677,-0.0855402896774732,0.0121145710309808,-0.974876145106769,-0.75652570747877,-0.476930164495953,1.13061004426212,-0.7072041350979,0.0480092703725467,-0.518741287865094,0.153002063356025,1.88960303372231,-0.624883090612745,0.519352252331732,-1.7601377222734,-0.144337567297406,0.55553965287948,-0.0912477665152752,0.102349052298016,-0.897101273363984,-0.0635906461913878,0.972710692159621,-0.172477283773693,0.0381863997137484,-1.54163921591474,-0.323826839949683,1.44186561373806,0.720066519445508,-0.358519542525843,-1.46608130505512,0.00619949169369431,0.374803447051028,-0.276856889330419,-0.297296160086534,-0.772199949954385,-1.38813656953531,0.0705730537083977,-0.976528240206948,-0.774744120101803,-1.20508225384094,-1.32991365280944,-1.69524632158947,-0.639408857277472,-0.142848025241494,-0.228312882488611,1.03504177770154,1.6882102141343,0.490801579710196,-0.80668008259768,0.0203260746377058,-0.157204343988354,-0.657672279029225,0.0787287351658617,-0.510215301919498,-1.51486866049589,-0.425589690243579,1.30101166041339,-0.409176768707077,-0.464858685423669,-0.143316749004995,0.350528145305166,-0.177615582401561,0.144297981670382,0.237227335296845,-0.940466302368666,-0.300787272320472,-0.895581077279193,0.0526594475688642,-0.57306647987285,0.141394646302149,-0.364419413628018,-0.51411787798153,0.737106861612291,0.877400358425984,0.684553818046453,1.06495347838371,1.12058312664802,0.10488104246146,-0.874792405879583,0.519363949083322,-0.162264629431078,-0.330698381750232,0.412444895905236,0.290709182302516,0.329017298478283,0.521655617591853,0.183683074760855,0.428591850885275
11,"Mainz","online",1,19,"female","other",2,3,1,1,3,4,4,3,2,3,1,2,1.75,3.5,2,4,4,5,2,4,5,4,5,1,5,4,5,4,2,4,3,4,5,3,5,4,1,5,2,3,3,5,5,2,5,5,5,5,3,5,1,5,5,3,5,1,5,5,4,5,5,5,5,3,4,4.25,3.33333333333333,2.66666666666667,4.5,3.33333333333333,5,5,5,4.66666666666667,2.75,2,2.66666666666667,4.5,4.33333333333333,4.66666666666667,3.5,4.3,4.9,2.5,4.5,5,5,5,5,1,4,4,5,5,3.5,5,5,5,2,2,3,3,2,3,4,2,6,6,6,6,4.33333333333333,3.4,4.6,4,-0.751887360488216,0.484411544009668,-1.24290666631148,-1.3698834017177,0.231334196183588,1.00694269612177,1.29933351357594,0.481832371703316,0.0705040259189969,1.16099410224684,-1.29628480947081,-0.682574565417449,-0.939438655761625,0.922357353817365,-0.215170407621831,0.96577229344483,-0.169543222793955,1.50142245514155,-0.588274989781376,0.100727870503172,1.41323891623273,-0.304667161586281,1.65526525318066,-1.86668639207691,1.2814232144555,0.329302007678913,0.715130526386106,-0.0855402896774732,0.0121145710309808,0.0344073933567096,0.161739978840289,-0.476930164495953,1.13061004426212,0.122582050083636,0.986857224324569,0.422480017951983,-2.29503095034037,1.88960303372231,-0.624883090612745,-0.652519496519355,-0.773563712336717,1.01036297108185,1.3841411690387,-0.936490235288351,1.00302071252055,1.48314733134046,0.869072164615631,0.972710692159621,-0.172477283773693,1.3823476696377,-1.54163921591474,1.17600273455411,1.44186561373806,-0.166169196795117,1.64463726650744,-1.46608130505512,1.09731002978386,1.40551292644135,0.642516931842293,0.97890199052883,1.77605988489509,1.23887457281108,1.3126587989762,-0.20234368941225,0.250481181687049,1.3657598876864,0.175326237187096,-0.881158047101758,0.505024622866614,-1.10981927303007,1.27855214193623,1.8340213955764,2.03091494041762,1.5070495565219,-0.259567579564186,-1.05289066623315,-0.157204343988354,1.0018305325714,1.1445946881806,0.900222810193041,0.441952508291462,0.27608511521656,2.06785041537908,-0.533555199263978,1.19355608419591,0.503446015735495,0.350528145305166,-0.177615582401561,0.144297981670382,-2.18317910019561,-0.351419792700035,0.244971077456879,0.28070451675915,0.249852272507591,-0.57306647987285,1.03016099448708,0.37279687141257,1.19314149040997,-0.864508047569971,-1.52294880866686,0.00769161593310614,-0.557832774391467,-1.49741639047656,-0.774121980072685,0.0526983377035892,-1.11292274803569,1.3022776669725,2.02887926100818,2.12045199424221,1.00133162793089,0.530083425326121,-0.470899935880214,1.11399159729066,0.338361987541007
12,"Mainz","online",1,26,"female","other",1,1,1,1,3,3,3,3,1,1,3,3,1,3,2,4,4,4,4,3,4,4,4,4,4,4,5,4,2,5,4,5,4,4,4,4,5,4,4,4,3,4,5,5,1,4,5,4,5,4,4,4,4,5,3,4,3,4,5,4,4,5,5,4,4,4,4,3.66666666666667,4.75,4.33333333333333,4,4.25,4,4.33333333333333,4.25,4.33333333333333,4,3.75,3.66666666666667,3.33333333333333,3.9,4.4,4.2,4.2,3.6,3,5,6,5,1,7,1,1,4.75,2.5,4,4,4,3,4,3,4,4,5,5,5,4,5,4,5,4.16666666666667,4.4,4,4.2,-1.76205663870139,-1.52162214412449,-1.24290666631148,-1.3698834017177,0.231334196183588,-0.0803083131876254,0.255120278921303,0.481832371703316,-0.756743211530565,-0.520775132283564,0.47228981430332,0.22068200235301,-1.87356974849635,0.283243596841553,-0.215170407621831,0.96577229344483,-0.169543222793955,0.504251315123012,1.22815304884182,-1.00727870503172,0.546583692340883,-0.304667161586281,0.861459573181214,0.886415325846579,0.0753778361444409,0.329302007678913,0.715130526386106,-0.0855402896774732,0.0121145710309808,1.04369093182019,1.08000566515935,0.775901312388939,0.1919903848747,0.952368235265172,0.0480092703725467,0.422480017951983,0.969013067921489,1.01900058886596,1.10707634163675,0.519352252331732,-0.773563712336717,-0.144337567297406,1.3841411690387,1.59923717103088,-2.5996659283696,0.689731129772309,0.869072164615631,-0.207958837634126,1.66728040981237,0.0381863997137484,1.32450693198308,-0.323826839949683,0.578707967418675,1.60630223568613,-0.358519542525843,1.08027043530377,-1.08491104639647,0.374803447051028,1.561890753015,-0.297296160086534,0.926639939945262,1.23887457281108,1.3126587989762,0.571840861382447,0.250481181687049,1.10867567353367,0.927946182185364,0.339974364629812,0.88650244958131,0.340637598652792,-0.228312882488611,0.6355519687641,1.00280076156766,0.998925568116045,1.3817699295363,1.45128172913218,1.42382220126595,-0.242796576129069,0.0787287351658617,-0.980361339290343,0.931157800488299,0.451503816581596,0.994276158427111,1.58087812020333,-0.464858685423669,-0.790079513745486,0.350528145305166,0.412202200667775,0.144297981670382,-2.18317910019561,1.41571973630586,-1.39230397187517,-2.07186667131754,0.0526594475688642,-1.27226717628617,0.141394646302149,-0.364419413628018,0.339511806214219,-0.06370059297884,0.0772839693950349,0.00769161593310614,0.253560351996121,0.247916620939828,0.983884064995606,0.980189081286761,1.33550729764283,-0.162264629431078,1.24235338008871,0.412444895905236,0.290709182302516,0.329017298478283,0.76979450595987,0.416260205393306,0.609051577573813
13,"Mainz","online",1,20,"female","other",3,3,3,3,3,3,3,3,1,1,1,1,3,3,1,4,4,5,1,4,4,4,3,2,4,4,3,5,1,4,2,5,4,2,4,5,4,4,1,4,4,4,2,2,4,4,4,5,2,4,1,4,4,2,4,3,5,4,1,5,4,4,5,1,4,3.5,3.33333333333333,3.66666666666667,4.25,4,4,4.75,3.66666666666667,3.66666666666667,1.5,1.66666666666667,1.33333333333333,4,4,4.33333333333333,3.5,4.1,4.1,1.5,4.1,7,2,4,3,6,5,5,7,4,5.75,5,5,3,2,2,5,2,2,2,2,2,2,2,2,6,3.16666666666667,2.6,2.8,2.93333333333333,0.25828191772496,0.484411544009668,0.634789241592561,0.54360452449115,0.231334196183588,-0.0803083131876254,0.255120278921303,0.481832371703316,-0.756743211530565,-0.520775132283564,-1.29628480947081,-1.58583113318791,0.617446498796247,0.283243596841553,-1.35411752766521,0.96577229344483,-0.169543222793955,1.50142245514155,-1.49648900909297,0.100727870503172,0.546583692340883,-0.304667161586281,0.0676538931817709,-0.948985819435749,0.0753778361444409,0.329302007678913,-1.43637327949346,1.16905062559213,-1.05396767969532,0.0344073933567096,-0.75652570747877,0.775901312388939,0.1919903848747,-0.7072041350979,0.0480092703725467,1.36370132376906,0.153002063356025,1.01900058886596,-1.49086280673749,0.519352252331732,0.213010297599965,-0.144337567297406,-1.10166337943897,-0.936490235288351,0.102349052298016,0.689731129772309,-0.0635906461913878,0.972710692159621,-1.09235613056672,0.0381863997137484,-1.54163921591474,-0.323826839949683,0.578707967418675,-1.05240491303574,0.643058861990797,0.231486521850808,1.09731002978386,0.374803447051028,-2.11560453167584,0.97890199052883,0.926639939945262,-0.0746309983621132,1.3126587989762,-1.75071279100165,0.250481181687049,0.594507245228198,0.175326237187096,0.339974364629812,0.123546796151919,-0.142848025241494,-0.228312882488611,1.43453158663897,0.660096035284345,-0.0173224086956545,-1.62734883714792,-1.41062957985677,-1.73823088924266,0.172079126771087,0.611661711673233,0.430076772822194,0.441952508291462,-0.0747522875135097,0.840908407433971,-1.77733950483298,0.456482853253873,1.79697154521648,-1.48193582223075,-0.767433365470897,-1.19235700643421,0.842328944169959,0.237626716968595,0.790729427234231,1.45699011079749,-0.538919027247315,1.00013508705712,1.03016099448708,0.37279687141257,-0.51411787798153,-0.864508047569971,-1.52294880866686,1.3614160201598,-1.36922590077905,-1.49741639047656,-1.65312500260683,-1.80228314946276,-1.11292274803569,-1.62680692583465,-1.1172242626697,-1.29556220243174,1.00133162793089,-0.877379462608753,-1.46345548935228,-0.979202578401397,-1.10531582596729
14,"Mainz","online",1,23,"female","prefer not to answer",3,2,3,3,3,3,3,3,3,2,3,3,2.75,3,2.75,2,4,4,3,4,4,4,4,3,4,3,3,5,2,5,2,5,5,3,5,3,4,3,2,3,4,4,4,2,4,2,4,5,3,4,2,4,4,3,4,2,4,4,2,4,3,5,4,4,4,2.25,3,3,4.5,4,3.66666666666667,4.5,3.66666666666667,4.33333333333333,3.25,2.66666666666667,2,4.25,3.66666666666667,4.33333333333333,2.7,4.1,4.2,2.7,4.1,4,5,6,5,4,5,4,6,5,4.75,3,5,3,2,4,3,3,4,5,3,3,3,3,4,3,2.83333333333333,3.8,3.6,3.4,0.25828191772496,-0.518605300057409,0.634789241592561,0.54360452449115,0.231334196183588,-0.0803083131876254,0.255120278921303,0.481832371703316,0.897751263368559,0.32010948498164,0.47228981430332,0.22068200235301,0.306069467884672,0.283243596841553,0.6390399324107,-0.676507162074881,-0.169543222793955,0.504251315123012,0.319939029530222,0.100727870503172,0.546583692340883,-0.304667161586281,0.861459573181214,-0.0312852467945852,0.0753778361444409,-0.620815260378279,-1.43637327949346,1.16905062559213,0.0121145710309808,1.04369093182019,-0.75652570747877,0.775901312388939,1.13061004426212,0.122582050083636,0.986857224324569,-0.518741287865094,0.153002063356025,0.148398144009606,-0.624883090612745,-0.652519496519355,0.213010297599965,-0.144337567297406,0.55553965287948,-0.936490235288351,0.102349052298016,-0.897101273363984,-0.0635906461913878,0.972710692159621,-0.172477283773693,0.0381863997137484,-0.586257166615464,-0.323826839949683,0.578707967418675,-0.166169196795117,0.643058861990797,-0.617297391602155,0.00619949169369431,0.374803447051028,-1.19623071050313,-0.297296160086534,0.0772199949954384,1.23887457281108,0.0705730537083977,0.571840861382447,0.250481181687049,-0.690913825535474,-0.200983735312038,-0.474113909857901,0.505024622866614,-0.142848025241494,-0.730601223963557,1.03504177770154,0.660096035284345,0.998925568116045,0.287544923469308,-0.337412838985914,-0.947717616615505,0.586954829671243,0.0787287351658617,0.430076772822194,-0.536458076102214,-0.0747522875135097,0.994276158427111,-0.284798338150176,0.456482853253873,-0.143316749004995,0.350528145305166,0.412202200667775,0.144297981670382,-0.367874273576268,0.237626716968595,0.244971077456879,0.868847313778322,0.249852272507591,0.300934390643802,-0.747371701882785,0.37279687141257,-0.51411787798153,-0.864508047569971,0.0772839693950349,0.00769161593310614,-0.557832774391467,0.247916620939828,0.983884064995606,-0.874792405879583,-0.296779399476184,-0.894535777632864,-0.330698381750232,0.412444895905236,-1.13053570895423,-1.27951171630443,0.0253778408558194,-0.0488940558715946,-0.47370678255741
15,"Mainz","online",1,22,"female","other",3,3,3,3,1,3,1,1,2,3,3,3,3,1.5,2.75,1,3,2,2,4,3,4,2,2,3,2,5,4,2,4,2,4,4,1,4,2,4,2,2,2,2,4,2,2,4,1,4,2,2,1,1,4,2,2,4,1,4,4,2,4,2,4,4,1,4,1.5,2,1.66666666666667,3.75,4,4.33333333333333,3,2,3.33333333333333,1.5,2,2,3.25,3,4,1.7,4,2.8,1.8,3.4,5,5,5,6,5,5,5,6,5.25,5.25,5,5,5,5,5,5,5,5,5,2,5,5,4,3,4,4.33333333333333,4.8,4.6,4.53333333333333,0.25828191772496,0.484411544009668,0.634789241592561,0.54360452449115,-1.80440673023198,-0.0803083131876254,-1.83330619038797,-1.49031873108235,0.0705040259189969,1.16099410224684,0.47228981430332,0.22068200235301,0.617446498796247,-1.63409767408588,0.6390399324107,-1.49764688983474,-1.16419679651849,-1.49009096491407,-0.588274989781376,0.100727870503172,-0.320071531550967,-0.304667161586281,-0.726151786817672,-0.948985819435749,-1.13066754216661,-1.57093252843547,0.715130526386106,-0.0855402896774732,0.0121145710309808,0.0344073933567096,-0.75652570747877,-0.476930164495953,0.1919903848747,-1.53699032027944,0.0480092703725467,-1.45996259368217,0.153002063356025,-0.722204300846748,-0.624883090612745,-1.82439124537044,-1.7601377222734,-0.144337567297406,-1.10166337943897,-0.936490235288351,0.102349052298016,-1.69051747493213,-0.0635906461913878,-2.56929789722162,-1.09235613056672,-3.99429741005809,-1.54163921591474,-0.323826839949683,-1.14760732522009,-1.05240491303574,0.643058861990797,-1.46608130505512,0.00619949169369431,0.374803447051028,-1.19623071050313,-0.297296160086534,-0.772199949954385,-0.0746309983621132,0.0705730537083977,-1.75071279100165,0.250481181687049,-1.46216646799368,-1.32991365280944,-2.10229045883333,-0.639408857277472,-0.142848025241494,0.273975458986334,-1.36189707592307,-1.05342759613224,-0.525446397101504,-1.62734883714792,-1.05289066623315,-0.947717616615505,-1.07254798192938,-0.98713721784888,-0.0400692645486515,-1.75947130659431,-0.250170988878544,-1.15287235547683,-1.40420421316228,-0.833395300894687,0.503446015735495,0.350528145305166,-0.177615582401561,0.81262547572268,0.237227335296845,0.237626716968595,0.790729427234231,0.868847313778322,0.447045097446317,0.650534738850462,1.03016099448708,0.37279687141257,1.19314149040997,1.53791431620342,0.877400358425984,1.3614160201598,1.06495347838371,1.12058312664802,0.983884064995606,-1.80228314946276,1.33550729764283,0.570006518770709,0.455827499169239,-0.441558653263252,-0.419913263325856,0.530083425326121,1.2660722826959,1.11399159729066,1.06020089429515
16,"Mainz","online",1,20,"female","other",1,3,1,2,3,4,3,3,2,1,2,3,1.75,3.25,2,3,5,5,3,4,5,5,4,4,5,5,5,4,2,4,3,5,4,2,4,4,5,3,4,2,4,3,5,4,4,3,5,4,4,4,3,4,4,4,4,3,4,5,4,4,4,4,5,4,2,3.25,4,4,4.75,4.66666666666667,4,4.5,3.66666666666667,4.66666666666667,3.25,4,3.33333333333333,3.5,3.66666666666667,4,3.7,4.5,4.3,3.5,3.7,3,4,6,6,5,3,4,5,4.75,4.25,3,5,4,4,5,5,5,3,3,4,6,5,4,4,2,3.83333333333333,4.6,4.2,4.13333333333333,-1.76205663870139,0.484411544009668,-1.24290666631148,-0.413139438613273,0.231334196183588,1.00694269612177,0.255120278921303,0.481832371703316,0.0705040259189969,-0.520775132283564,-0.411997497583747,0.22068200235301,-0.939438655761625,0.602800475329459,-0.215170407621831,0.144632565684975,0.825110350930578,1.50142245514155,0.319939029530222,0.100727870503172,1.41323891623273,0.836214124353836,0.861459573181214,0.886415325846579,1.2814232144555,1.27941927573611,0.715130526386106,-0.0855402896774732,0.0121145710309808,0.0344073933567096,0.161739978840289,0.775901312388939,0.1919903848747,-0.7072041350979,0.0480092703725467,0.422480017951983,0.969013067921489,0.148398144009606,1.10707634163675,-1.82439124537044,0.213010297599965,-1.29903810567666,1.3841411690387,0.753994702257801,0.102349052298016,-0.103685071795837,0.869072164615631,-0.207958837634126,0.747401563019337,0.0381863997137484,0.36912488268381,-0.323826839949683,0.578707967418675,0.720066519445508,0.643058861990797,0.231486521850808,0.00619949169369431,1.40551292644135,0.642516931842293,-0.297296160086534,0.926639939945262,-0.0746309983621132,1.3126587989762,0.571840861382447,-1.79996942189066,0.337423031075464,0.927946182185364,0.747018501873669,0.88650244958131,0.824123222547078,-0.228312882488611,1.03504177770154,0.660096035284345,1.5070495565219,0.287544923469308,1.09354281550856,0.633308928638797,-0.657672279029225,0.0787287351658617,-0.0400692645486515,0.686555154389881,0.62692251794663,1.14764390942025,0.710229106305029,-0.28059037768816,-0.790079513745486,-0.260293177206806,0.412202200667775,0.81262547572268,0.237227335296845,-0.940466302368666,0.244971077456879,0.28070451675915,0.0526594475688642,-0.0486659575628588,-0.747371701882785,0.37279687141257,0.339511806214219,0.737106861612291,0.877400358425984,1.3614160201598,1.06495347838371,-0.624749884768366,-0.774121980072685,0.0526983377035892,2.15165064620234,0.570006518770709,0.455827499169239,0.412444895905236,-1.8411581545826,-0.073114955217396,1.01793339432789,0.648837336025757,0.518821714229545
17,"Mainz","online",1,24,"female","prefer not to answer",3,2,2,3,2,3,3,3,3,4,4,3,2.5,2.75,3.5,4,4,3,3,3,4,5,2,3,5,4,5,4,3,5,3,4,4,4,5,5,4,2,2,3,3,4,2,3,2,4,4,4,4,4,2,4,3,4,3,2,4,4,3,4,4,4,3,4,4,3.75,3.66666666666667,3,4,4.33333333333333,4.33333333333333,3.5,2.33333333333333,3.33333333333333,3.75,3,3,4,3.66666666666667,3.66666666666667,3.5,4.2,3.1,3.3,3.8,6,7,7,7,5,6,2,6,6.75,4.75,4,4,3,3,2,2,4,3,2,4,3,4,3,4,5,4,3,3,3.33333333333333,0.25828191772496,-0.518605300057409,-0.304058712359462,0.54360452449115,-0.786536267024197,-0.0803083131876254,0.255120278921303,0.481832371703316,0.897751263368559,2.00187871951205,1.35657712619039,0.22068200235301,-0.00530756302690199,-0.0363132816463534,1.49325027244323,0.96577229344483,-0.169543222793955,-0.492919824895528,0.319939029530222,-1.00727870503172,0.546583692340883,0.836214124353836,-0.726151786817672,-0.0312852467945852,1.2814232144555,0.329302007678913,0.715130526386106,-0.0855402896774732,1.07819682175728,1.04369093182019,0.161739978840289,-0.476930164495953,0.1919903848747,0.952368235265172,0.986857224324569,1.36370132376906,0.153002063356025,-0.722204300846748,-0.624883090612745,-0.652519496519355,-0.773563712336717,-0.144337567297406,-1.10166337943897,-0.0912477665152752,-1.69899426814706,0.689731129772309,-0.0635906461913878,-0.207958837634126,0.747401563019337,0.0381863997137484,-0.586257166615464,-0.323826839949683,-0.284449678900705,0.720066519445508,-0.358519542525843,-0.617297391602155,0.00619949169369431,0.374803447051028,-0.276856889330419,-0.297296160086534,0.926639939945262,-0.0746309983621132,-1.17151269155941,0.571840861382447,0.250481181687049,0.851591459380933,0.55163620968623,-0.474113909857901,-0.257931030562777,0.340637598652792,0.273975458986334,-0.562917458048204,-0.710722869848925,-0.525446397101504,0.834657426502802,0.0203260746377058,0.238052292325221,0.172079126771087,0.0787287351658617,-0.510215301919498,0.441952508291462,0.100666413851526,-0.692769102497417,0.461472245191228,-0.0963220699526522,1.15020878047599,1.57217079032911,1.00201998373711,1.48095296977498,0.237227335296845,0.826673226637226,-0.846545622097823,0.868847313778322,1.63020204707868,0.300934390643802,0.141394646302149,-0.364419413628018,-0.51411787798153,-0.06370059297884,-1.52294880866686,-0.669170586180241,0.253560351996121,-0.624749884768366,-1.65312500260683,0.0526983377035892,-0.296779399476184,-0.162264629431078,-0.330698381750232,0.412444895905236,0.290709182302516,0.127951171630443,-0.967177712616247,-0.746625447768946,-0.563936645901678
18,"Mainz","online",1,26,"male","prefer not to answer",1,2,3,3,3,4,3,3,1,1,3,4,2.25,3.25,2.25,4,4,3,4,5,5,5,2,3,4,5,4,4,1,5,4,4,3,2,4,5,4,2,4,4,5,4,3,2,5,4,5,2,1,5,4,4,2,1,5,5,5,2,2,5,4,5,2,2,3,4,4.66666666666667,5,4.5,4.33333333333333,4.33333333333333,2.5,2,3,2.25,2.66666666666667,1.66666666666667,4.25,4.33333333333333,5,4.5,4.4,2.5,2.2,4.5,5,3,5,5,6,5,6,5,4.5,5.5,3,4,4,3,2,6,3,3,4,3,4,4,2,3,5,3.5,3,4.2,3.53333333333333,-1.76205663870139,-0.518605300057409,0.634789241592561,0.54360452449115,0.231334196183588,1.00694269612177,0.255120278921303,0.481832371703316,-0.756743211530565,-0.520775132283564,0.47228981430332,1.12393857012347,-0.316684593938476,0.602800475329459,0.0695663723890129,0.96577229344483,-0.169543222793955,-0.492919824895528,1.22815304884182,1.20873444603807,1.41323891623273,0.836214124353836,-0.726151786817672,-0.0312852467945852,0.0753778361444409,1.27941927573611,-0.360621376553677,-0.0855402896774732,-1.05396767969532,1.04369093182019,1.08000566515935,-0.476930164495953,-0.74662927451272,-0.7072041350979,0.0480092703725467,1.36370132376906,0.153002063356025,-0.722204300846748,1.10707634163675,0.519352252331732,1.19958430753665,-0.144337567297406,-0.273061863279744,-0.936490235288351,1.00302071252055,0.689731129772309,0.869072164615631,-2.56929789722162,-2.01223497735975,1.3823476696377,1.32450693198308,-0.323826839949683,-1.14760732522009,-1.93864062927637,1.64463726650744,1.92905434875673,1.09731002978386,-1.68661551172963,-1.19623071050313,0.97890199052883,0.926639939945262,1.23887457281108,-2.41359843682721,-0.976528240206948,-0.774744120101803,1.10867567353367,1.68056612718363,1.96815091360524,0.505024622866614,0.340637598652792,0.273975458986334,-2.16087669379794,-1.05342759613224,-1.03357038550735,-0.80668008259768,-0.337412838985914,-1.34297425292908,0.586954829671243,1.1445946881806,1.37036884756389,1.66496573878356,0.451503816581596,-1.61297560845625,-0.90669049093468,1.19355608419591,0.503446015735495,-0.871114499718779,-0.177615582401561,0.144297981670382,0.842328944169959,0.237626716968595,1.33648777701158,0.28070451675915,-0.144533377369862,0.825334912953793,-0.747371701882785,-0.364419413628018,0.339511806214219,-0.06370059297884,-1.52294880866686,2.03827822227315,-0.557832774391467,-0.624749884768366,0.10488104246146,-0.874792405879583,0.519363949083322,-0.162264629431078,-1.1172242626697,-0.441558653263252,0.290709182302516,-0.475247208913075,-0.967177712616247,0.648837336025757,-0.293247055868873
19,"Mainz","online",1,27,"female","prefer not to answer",3,3,3,3,3,4,3,4,1,0,3,3,3,3.5,1.75,2,5,4,1,3,4,5,4,4,4,4,5,5,2,4,4,5,4,1,4,4,5,2,2,4,4,5,2,5,1,4,5,5,4,4,2,4,1,4,4,2,5,4,4,4,3,5,5,2,4,3.25,3.33333333333333,3.33333333333333,5,4.66666666666667,5,4.5,2.33333333333333,3.66666666666667,2,3.33333333333333,3.66666666666667,3.75,4,3,3.3,4.9,3.6,2.9,3.6,5,5,7,6,5,6,5,5,5.75,5.25,5,5,2,2,3,1,2,4,4,2,2,2,5,2,1,2.33333333333333,3.8,2.2,2.8,0.25828191772496,0.484411544009668,0.634789241592561,0.54360452449115,0.231334196183588,1.00694269612177,0.255120278921303,1.46790792309615,-0.756743211530565,-1.36165974954877,0.47228981430332,0.22068200235301,0.617446498796247,0.922357353817365,-0.499907187632674,-0.676507162074881,0.825110350930578,0.504251315123012,-1.49648900909297,-1.00727870503172,0.546583692340883,0.836214124353836,0.861459573181214,0.886415325846579,0.0753778361444409,0.329302007678913,0.715130526386106,1.16905062559213,0.0121145710309808,0.0344073933567096,1.08000566515935,0.775901312388939,0.1919903848747,-1.53699032027944,0.0480092703725467,0.422480017951983,0.969013067921489,-0.722204300846748,-0.624883090612745,0.519352252331732,0.213010297599965,1.01036297108185,-1.10166337943897,1.59923717103088,-2.5996659283696,0.689731129772309,0.869072164615631,0.972710692159621,0.747401563019337,0.0381863997137484,-0.586257166615464,-0.323826839949683,-2.01076497153947,0.720066519445508,0.643058861990797,-0.617297391602155,1.09731002978386,0.374803447051028,0.642516931842293,-0.297296160086534,0.0772199949954384,1.23887457281108,1.3126587989762,-0.976528240206948,0.250481181687049,0.337423031075464,0.175326237187096,-0.0670697726140443,1.267980276296,0.824123222547078,1.27855214193623,1.03504177770154,-0.710722869848925,-0.0173224086956545,-1.08023633411443,0.378064988261326,1.02856556495237,-0.242796576129069,0.611661711673233,-1.45050737666119,0.197349862193042,1.32859732340677,0.0740696524682774,-0.036041477036375,-0.464858685423669,0.503446015735495,0.350528145305166,1.00201998373711,0.81262547572268,0.237227335296845,0.826673226637226,0.790729427234231,0.28070451675915,0.84143074732377,0.650534738850462,1.03016099448708,0.37279687141257,-1.36774756217728,-0.864508047569971,-0.722832419635914,-1.34603278829359,-1.36922590077905,0.247916620939828,0.10488104246146,-1.80228314946276,-1.11292274803569,-1.62680692583465,1.24235338008871,-1.29556220243174,-2.55178060021097,-1.88271009684795,0.0253778408558194,-1.67693397029875,-1.28577555265583
20,"Mainz","online",1,22,"female","other",4,3,1,3,3,4,3,1,4,2,3,0,2.75,2.75,2.25,1,5,2,2,5,4,5,3,3,5,3,5,4,3,5,4,5,5,2,2,4,5,3,2,3,5,5,5,4,4,5,4,4,3,5,4,5,2,2,4,5,5,2,3,4,5,5,2,2,4,3.75,4,4.33333333333333,4.75,5,5,3.25,2.66666666666667,3.66666666666667,2.25,2.33333333333333,3.33333333333333,4,4,4.33333333333333,4,4.9,3.2,2.6,4.1,2,2,7,7,7,4,5,7,4.5,5.75,2,1,3,5,2,6,5,4,4,3,5,6,3,3,6,4.5,3,4.4,3.86666666666667,1.26845119593814,0.484411544009668,-1.24290666631148,0.54360452449115,0.231334196183588,1.00694269612177,0.255120278921303,-1.49031873108235,1.72499850081812,0.32010948498164,0.47228981430332,-2.48908770095837,0.306069467884672,-0.0363132816463534,0.0695663723890129,-1.49764688983474,0.825110350930578,-1.49009096491407,-0.588274989781376,1.20873444603807,0.546583692340883,0.836214124353836,0.0676538931817709,-0.0312852467945852,1.2814232144555,-0.620815260378279,0.715130526386106,-0.0855402896774732,1.07819682175728,1.04369093182019,1.08000566515935,0.775901312388939,1.13061004426212,-0.7072041350979,-1.8296866375315,0.422480017951983,0.969013067921489,0.148398144009606,-0.624883090612745,-0.652519496519355,1.19958430753665,1.01036297108185,1.3841411690387,0.753994702257801,0.102349052298016,1.48314733134046,-0.0635906461913878,-0.207958837634126,-0.172477283773693,1.3823476696377,1.32450693198308,1.17600273455411,-1.14760732522009,-1.05240491303574,0.643058861990797,1.92905434875673,1.09731002978386,-1.68661551172963,-0.276856889330419,-0.297296160086534,1.77605988489509,1.23887457281108,-2.41359843682721,-0.976528240206948,0.250481181687049,0.851591459380933,0.927946182185364,1.15406263911753,0.88650244958131,1.30760884644136,1.27855214193623,-0.962407266985639,-0.368018143565608,-0.0173224086956545,-0.80668008259768,-0.695151752609533,0.633308928638797,0.172079126771087,0.611661711673233,0.430076772822194,1.05345912353751,1.32859732340677,-0.539401351504278,-0.409176768707077,0.456482853253873,-1.43684227848598,-1.48193582223075,1.00201998373711,1.48095296977498,1.44743055304307,-0.351419792700035,0.790729427234231,1.45699011079749,-0.144533377369862,1.00013508705712,-1.63613805006772,-2.57606826874978,-0.51411787798153,1.53791431620342,-1.52294880866686,2.03827822227315,1.06495347838371,0.247916620939828,0.10488104246146,-0.874792405879583,1.33550729764283,1.3022776669725,-0.330698381750232,-0.441558653263252,1.00133162793089,0.731149552173961,-0.967177712616247,0.881414466658207,0.15790226085247
21,"Mainz","online",1,36,"female","other",3,3,3,3,4,4,3,3,3,3,4,4,3,3.5,3.5,4,5,3,2,4,4,4,2,2,4,4,4,5,1,5,5,5,2,1,5,5,5,3,1,5,5,5,3,2,5,3,5,5,2,5,4,4,3,2,3,4,5,4,2,5,4,5,5,2,5,4,4.33333333333333,4.33333333333333,5,4.33333333333333,4.66666666666667,3.75,2.66666666666667,4,1.75,1.66666666666667,1.66666666666667,4.75,4,5,4.2,4.7,3.5,1.7,4.6,5,6,7,7,4,4,2,5,6.25,3.75,5,5,3,3,5,1,3,4,4,3,3,2,3,3,3,3.16666666666667,4,2.6,3.33333333333333,0.25828191772496,0.484411544009668,0.634789241592561,0.54360452449115,1.24920465939137,1.00694269612177,0.255120278921303,0.481832371703316,0.897751263368559,1.16099410224684,1.35657712619039,1.12393857012347,0.617446498796247,0.922357353817365,1.49325027244323,0.96577229344483,0.825110350930578,-0.492919824895528,-0.588274989781376,0.100727870503172,0.546583692340883,-0.304667161586281,-0.726151786817672,-0.948985819435749,0.0753778361444409,0.329302007678913,-0.360621376553677,1.16905062559213,-1.05396767969532,1.04369093182019,1.99827135147841,0.775901312388939,-1.68524893390014,-1.53699032027944,0.986857224324569,1.36370132376906,0.969013067921489,0.148398144009606,-1.49086280673749,1.69122400118282,1.19958430753665,1.01036297108185,-0.273061863279744,-0.936490235288351,1.00302071252055,-0.103685071795837,0.869072164615631,0.972710692159621,-1.09235613056672,1.3823476696377,1.32450693198308,-0.323826839949683,-0.284449678900705,-1.05240491303574,-0.358519542525843,1.08027043530377,1.09731002978386,0.374803447051028,-1.19623071050313,0.97890199052883,0.926639939945262,1.23887457281108,1.3126587989762,-0.976528240206948,1.2757064834759,1.10867567353367,1.3042561546845,1.15406263911753,1.267980276296,0.340637598652792,0.77626380046128,-0.163427649110769,-0.368018143565608,0.490801579710196,-1.35379258563117,-1.41062957985677,-1.34297425292908,1.41670623547156,0.611661711673233,1.37036884756389,1.29806176963593,0.9777599206767,-0.0792980985248617,-1.52858264371918,1.37782439193142,0.503446015735495,0.961349467817139,1.00201998373711,1.48095296977498,-0.367874273576268,-0.351419792700035,-0.846545622097823,0.28070451675915,1.23581639720122,-0.398266305769519,1.03016099448708,0.37279687141257,-0.51411787798153,-0.06370059297884,0.877400358425984,-1.34603278829359,-0.557832774391467,0.247916620939828,0.10488104246146,-0.874792405879583,-0.296779399476184,-1.62680692583465,-0.330698381750232,-0.441558653263252,-1.13053570895423,-0.877379462608753,0.273516729223836,-1.21177970903385,-0.563936645901678
22,"Mainz","online",1,30,"female","prefer not to answer",3,3,4,3,4,0,3,4,4,2,3,3,3.25,2.75,3,3,5,4,4,1,5,4,3,3,5,1,5,2,3,5,4,4,4,4,2,5,2,4,4,4,4,4,3,4,4,4,1,4,4,4,4,4,4,2,3,2,5,3,4,3,4,5,5,4,4,3.75,4.66666666666667,2.33333333333333,3.75,3.33333333333333,4.66666666666667,4.25,3.66666666666667,2.66666666666667,4,3,3.66666666666667,2.75,4,4,3.6,3.9,3.6,3.6,3.5,5,4,5,5,5,5,2,3,4.75,3.75,4,5,4,2,2,3,2,5,2,5,4,4,3,3,2,3.16666666666667,3.8,3.2,3.33333333333333,0.25828191772496,0.484411544009668,1.57363719554458,0.54360452449115,1.24920465939137,-3.3420613411158,0.255120278921303,1.46790792309615,1.72499850081812,0.32010948498164,0.47228981430332,0.22068200235301,0.928823529707821,-0.0363132816463534,0.923776712421544,0.144632565684975,0.825110350930578,0.504251315123012,1.22815304884182,-3.22329185610152,1.41323891623273,-0.304667161586281,0.0676538931817709,-0.0312852467945852,1.2814232144555,-2.52104979649266,0.715130526386106,-2.59472212021668,1.07819682175728,1.04369093182019,1.08000566515935,-0.476930164495953,0.1919903848747,0.952368235265172,-1.8296866375315,1.36370132376906,-1.4790199457749,1.01900058886596,1.10707634163675,0.519352252331732,0.213010297599965,-0.144337567297406,-0.273061863279744,0.753994702257801,0.102349052298016,0.689731129772309,-2.86157907861244,-0.207958837634126,0.747401563019337,0.0381863997137484,1.32450693198308,-0.323826839949683,0.578707967418675,-1.05240491303574,-0.358519542525843,-0.617297391602155,1.09731002978386,-0.655906032339299,0.642516931842293,-1.5734943107019,0.926639939945262,1.23887457281108,1.3126587989762,0.571840861382447,0.250481181687049,0.851591459380933,1.68056612718363,-1.28820218434561,-0.639408857277472,-1.10981927303007,0.77626380046128,0.6355519687641,0.660096035284345,-1.5416943739132,1.10821367801955,0.0203260746377058,1.02856556495237,-1.90229938772969,0.611661711673233,-0.0400692645486515,0.564253831340671,-0.425589690243579,0.0740696524682774,0.83460753686193,-0.649126993159178,0.503446015735495,-0.260293177206806,-0.177615582401561,0.144297981670382,0.237227335296845,0.237626716968595,-0.846545622097823,-0.895581077279193,0.0526594475688642,-0.398266305769519,0.141394646302149,0.37279687141257,0.339511806214219,-0.864508047569971,-1.52294880866686,0.00769161593310614,-1.36922590077905,1.12058312664802,-1.65312500260683,0.980189081286761,0.519363949083322,-0.162264629431078,-0.330698381750232,-0.441558653263252,-1.8411581545826,-0.877379462608753,0.0253778408558194,-0.514048317136495,-0.563936645901678
23,"Mainz","online",1,23,"female","prefer not to answer",3,3,1,1,3,3,3,2,3,3,3,3,2,2.75,3,4,4,4,3,4,4,4,4,4,4,1,5,4,4,3,2,4,4,4,4,4,4,2,4,3,4,4,4,4,4,4,5,3,4,4,2,5,4,4,3,2,4,3,4,4,4,4,4,5,3,3.5,3.33333333333333,2.33333333333333,4.25,4.33333333333333,4.33333333333333,3.75,3.33333333333333,3.66666666666667,4,4,4,3.75,3.33333333333333,3.66666666666667,3.1,4.3,3.6,4,3.6,5,3,7,5,6,6,4,5,5,5.25,4,4,3,3,2,2,3,4,5,3,2,2,5,3,5,3.33333333333333,3.4,3,3.33333333333333,0.25828191772496,0.484411544009668,-1.24290666631148,-1.3698834017177,0.231334196183588,-0.0803083131876254,0.255120278921303,-0.504243179689517,0.897751263368559,1.16099410224684,0.47228981430332,0.22068200235301,-0.628061624850051,-0.0363132816463534,0.923776712421544,0.96577229344483,-0.169543222793955,0.504251315123012,0.319939029530222,0.100727870503172,0.546583692340883,-0.304667161586281,0.861459573181214,0.886415325846579,0.0753778361444409,-2.52104979649266,0.715130526386106,-0.0855402896774732,2.14427907248358,-0.974876145106769,-0.75652570747877,-0.476930164495953,0.1919903848747,0.952368235265172,0.0480092703725467,0.422480017951983,0.153002063356025,-0.722204300846748,1.10707634163675,-0.652519496519355,0.213010297599965,-0.144337567297406,0.55553965287948,0.753994702257801,0.102349052298016,0.689731129772309,0.869072164615631,-1.38862836742787,0.747401563019337,0.0381863997137484,-0.586257166615464,1.17600273455411,0.578707967418675,0.720066519445508,-0.358519542525843,-0.617297391602155,0.00619949169369431,-0.655906032339299,0.642516931842293,-0.297296160086534,0.926639939945262,-0.0746309983621132,0.0705730537083977,1.34602541217714,-0.774744120101803,0.594507245228198,0.175326237187096,-1.28820218434561,0.123546796151919,0.340637598652792,0.273975458986334,-0.163427649110769,0.317391309001027,-0.0173224086956545,1.10821367801955,1.09354281550856,1.42382220126595,-0.242796576129069,-0.454204241341509,-0.510215301919498,-0.0472527839053763,0.27608511521656,0.0740696524682774,1.33212125908953,-0.464858685423669,0.503446015735495,-0.871114499718779,1.00201998373711,0.144297981670382,0.842328944169959,0.826673226637226,0.244971077456879,0.28070451675915,0.249852272507591,0.650534738850462,0.141394646302149,-0.364419413628018,-0.51411787798153,-0.06370059297884,-1.52294880866686,-0.669170586180241,-0.557832774391467,0.247916620939828,0.983884064995606,-0.874792405879583,-1.11292274803569,-1.62680692583465,1.24235338008871,-0.441558653263252,0.290709182302516,-0.676313335760914,-0.470899935880214,-0.746625447768946,-0.563936645901678
24,"Mainz","online",1,21,"male","other",3,1,2,3,3,3,3,3,2,2,3,1,2.25,3,2,5,5,3,2,4,5,5,2,4,4,5,4,3,2,4,4,4,3,4,4,5,5,2,4,3,5,5,2,2,4,5,5,2,4,4,4,5,3,4,4,3,3,1,4,4,5,4,4,4,4,4.75,4.66666666666667,4.33333333333333,4.5,5,4,3,2.33333333333333,2,3.5,4,2.66666666666667,4,3.66666666666667,4,4.6,4.5,2.5,3.4,3.9,5,5,6,6,5,5,4,5,5.5,4.75,5,3,3,4,5,3,5,3,2,4,4,5,2,3,4,4.5,3.4,3.2,3.66666666666667,0.25828191772496,-1.52162214412449,-0.304058712359462,0.54360452449115,0.231334196183588,-0.0803083131876254,0.255120278921303,0.481832371703316,0.0705040259189969,0.32010948498164,0.47228981430332,-1.58583113318791,-0.316684593938476,0.283243596841553,-0.215170407621831,1.78691202120468,0.825110350930578,-0.492919824895528,-0.588274989781376,0.100727870503172,1.41323891623273,0.836214124353836,-0.726151786817672,0.886415325846579,0.0753778361444409,1.27941927573611,-0.360621376553677,-1.34013120494708,0.0121145710309808,0.0344073933567096,1.08000566515935,-0.476930164495953,-0.74662927451272,0.952368235265172,0.0480092703725467,1.36370132376906,0.969013067921489,-0.722204300846748,1.10707634163675,-0.652519496519355,1.19958430753665,1.01036297108185,-1.10166337943897,-0.936490235288351,0.102349052298016,1.48314733134046,0.869072164615631,-2.56929789722162,0.747401563019337,0.0381863997137484,1.32450693198308,1.17600273455411,-0.284449678900705,0.720066519445508,0.643058861990797,0.231486521850808,-1.08491104639647,-2.71732499111995,0.642516931842293,-0.297296160086534,1.77605988489509,-0.0746309983621132,0.0705730537083977,0.571840861382447,0.250481181687049,1.87992831599187,1.68056612718363,1.15406263911753,0.505024622866614,1.30760884644136,-0.228312882488611,-1.36189707592307,-0.710722869848925,-2.5579423507249,0.561101174986055,1.09354281550856,-0.157204343988354,0.172079126771087,0.0787287351658617,-0.0400692645486515,1.78726706183277,0.62692251794663,-1.61297560845625,0.585850675748129,0.0879462377828566,0.503446015735495,0.350528145305166,0.412202200667775,0.81262547572268,0.237227335296845,0.237626716968595,0.244971077456879,0.28070451675915,0.644237922385043,0.300934390643802,1.03016099448708,-1.10163569866861,-0.51411787798153,0.737106861612291,0.877400358425984,0.00769161593310614,1.06495347838371,-0.624749884768366,-1.65312500260683,0.0526983377035892,0.519363949083322,0.570006518770709,-1.1172242626697,-0.441558653263252,-0.419913263325856,0.731149552173961,-0.470899935880214,-0.514048317136495,-0.112787329180336
25,"Mainz","online",1,34,"female","prefer not to answer",4,1,2,2,4,4,3,3,3,3,4,4,2.25,3.5,3.5,3,5,4,3,4,5,5,2,4,5,5,5,5,2,5,3,5,3,3,5,5,5,4,2,4,5,5,2,3,5,3,5,5,3,4,2,5,5,3,4,4,5,4,3,4,3,5,4,4,4,3,4,4.66666666666667,5,5,5,4,3.66666666666667,3.66666666666667,3.25,3,2.66666666666667,4.25,4.33333333333333,4.66666666666667,3.8,5,3.8,3,4.4,6,6,7,6,4,3,1,4,6.25,3,4,4,4,3,5,3,6,5,4,4,3,5,5,4,5,4.5,4.4,4,4.26666666666667,1.26845119593814,-1.52162214412449,-0.304058712359462,-0.413139438613273,1.24920465939137,1.00694269612177,0.255120278921303,0.481832371703316,0.897751263368559,1.16099410224684,1.35657712619039,1.12393857012347,-0.316684593938476,0.922357353817365,1.49325027244323,0.144632565684975,0.825110350930578,0.504251315123012,0.319939029530222,0.100727870503172,1.41323891623273,0.836214124353836,-0.726151786817672,0.886415325846579,1.2814232144555,1.27941927573611,0.715130526386106,1.16905062559213,0.0121145710309808,1.04369093182019,0.161739978840289,0.775901312388939,-0.74662927451272,0.122582050083636,0.986857224324569,1.36370132376906,0.969013067921489,1.01900058886596,-0.624883090612745,0.519352252331732,1.19958430753665,1.01036297108185,-1.10166337943897,-0.0912477665152752,1.00302071252055,-0.103685071795837,0.869072164615631,0.972710692159621,-0.172477283773693,0.0381863997137484,-0.586257166615464,1.17600273455411,1.44186561373806,-0.166169196795117,0.643058861990797,1.08027043530377,1.09731002978386,0.374803447051028,-0.276856889330419,-0.297296160086534,0.0772199949954384,1.23887457281108,0.0705730537083977,0.571840861382447,0.250481181687049,0.0803388169227295,0.927946182185364,1.56110677636138,1.267980276296,1.30760884644136,1.27855214193623,0.236062159826666,0.660096035284345,-0.0173224086956545,0.287544923469308,0.0203260746377058,-0.157204343988354,0.586954829671243,1.1445946881806,0.900222810193041,0.80885647743909,1.5040160247718,0.380805154454555,0.0883369535205258,1.0092877764604,1.15020878047599,0.961349467817139,1.00201998373711,0.81262547572268,-0.367874273576268,-0.940466302368666,-1.39230397187517,-0.307438280260022,1.23581639720122,-0.92266682807951,0.141394646302149,-0.364419413628018,0.339511806214219,-0.06370059297884,0.877400358425984,0.00769161593310614,1.8763466047713,1.12058312664802,0.10488104246146,0.0526983377035892,-0.296779399476184,0.570006518770709,1.24235338008871,0.412444895905236,0.290709182302516,0.731149552173961,0.76979450595987,0.416260205393306,0.699281440918081
26,"Mainz","online",1,30,"female","prefer not to answer",1,2,1,1,3,3,3,3,1,1,1,3,1.25,3,1.5,1,5,5,2,4,2,4,5,3,5,4,5,5,2,4,3,5,5,3,5,4,4,4,3,4,3,4,5,3,4,3,4,5,4,4,2,4,5,4,4,4,5,4,4,4,2,4,5,4,4,2.25,2.66666666666667,3.66666666666667,4.5,4,4.66666666666667,5,4.66666666666667,4.66666666666667,3.25,3.33333333333333,3,4.25,4.33333333333333,4,2.8,4.4,4.8,3.2,4.2,5,4,4,5,2,2,2,3,4.5,2.25,4,4,4,2,5,2,3,4,4,3,5,4,4,4,4,3.33333333333333,4.4,3.6,3.73333333333333,-1.76205663870139,-0.518605300057409,-1.24290666631148,-1.3698834017177,0.231334196183588,-0.0803083131876254,0.255120278921303,0.481832371703316,-0.756743211530565,-0.520775132283564,-1.29628480947081,0.22068200235301,-1.56219271758477,0.283243596841553,-0.784643967643518,-1.49764688983474,0.825110350930578,1.50142245514155,-0.588274989781376,0.100727870503172,-1.18672675544282,-0.304667161586281,1.65526525318066,-0.0312852467945852,1.2814232144555,0.329302007678913,0.715130526386106,1.16905062559213,0.0121145710309808,0.0344073933567096,0.161739978840289,0.775901312388939,1.13061004426212,0.122582050083636,0.986857224324569,0.422480017951983,0.153002063356025,1.01900058886596,0.241096625512004,0.519352252331732,-0.773563712336717,-0.144337567297406,1.3841411690387,-0.0912477665152752,0.102349052298016,-0.103685071795837,-0.0635906461913878,0.972710692159621,0.747401563019337,0.0381863997137484,-0.586257166615464,-0.323826839949683,1.44186561373806,0.720066519445508,0.643058861990797,1.08027043530377,1.09731002978386,0.374803447051028,0.642516931842293,-0.297296160086534,-0.772199949954385,-0.0746309983621132,1.3126587989762,0.571840861382447,0.250481181687049,-0.690913825535474,-0.577293707811171,0.339974364629812,0.505024622866614,-0.142848025241494,0.77626380046128,1.8340213955764,1.6882102141343,1.5070495565219,0.287544923469308,0.378064988261326,0.238052292325221,0.586954829671243,1.1445946881806,-0.0400692645486515,-0.414156753053005,0.451503816581596,1.91448266438594,0.337093814634327,0.640751160989383,0.503446015735495,-0.260293177206806,-0.767433365470897,0.144297981670382,-1.5780774913225,-1.5295128120373,-0.846545622097823,-0.895581077279193,-0.144533377369862,-1.4470673503895,0.141394646302149,-0.364419413628018,0.339511806214219,-0.864508047569971,0.877400358425984,-0.669170586180241,-0.557832774391467,0.247916620939828,0.10488104246146,-0.874792405879583,1.33550729764283,-0.162264629431078,0.455827499169239,0.412444895905236,-0.419913263325856,-0.676313335760914,0.76979450595987,-0.0488940558715946,-0.022557465836067
27,"Mainz","online",1,18,"female","other",3,2,3,1,3,3,3,2,0,0,3,3,2.25,2.75,1.5,4,4,4,2,4,2,3,2,2,4,4,3,4,2,4,2,4,4,2,2,4,4,1,1,2,3,5,3,2,5,4,4,5,2,4,4,4,4,2,4,4,4,4,2,5,1,5,5,2,4,2.75,3.33333333333333,3.66666666666667,4.25,3.66666666666667,4,4.5,2.33333333333333,3.66666666666667,2,1.66666666666667,2,3.5,3.33333333333333,4.66666666666667,3.2,4,3.6,1.9,3.8,2,2,5,6,5,5,3,6,3.75,4.75,5,4,4,3,4,1,3,4,4,4,3,3,3,3,3,3.5,3.6,3,3.4,0.25828191772496,-0.518605300057409,0.634789241592561,-1.3698834017177,0.231334196183588,-0.0803083131876254,0.255120278921303,-0.504243179689517,-1.58399044898013,-1.36165974954877,0.47228981430332,0.22068200235301,-0.316684593938476,-0.0363132816463534,-0.784643967643518,0.96577229344483,-0.169543222793955,0.504251315123012,-0.588274989781376,0.100727870503172,-1.18672675544282,-1.4455484475264,-0.726151786817672,-0.948985819435749,0.0753778361444409,0.329302007678913,-1.43637327949346,-0.0855402896774732,0.0121145710309808,0.0344073933567096,-0.75652570747877,-0.476930164495953,0.1919903848747,-0.7072041350979,-1.8296866375315,0.422480017951983,0.153002063356025,-1.5928067457031,-1.49086280673749,-1.82439124537044,-0.773563712336717,1.01036297108185,-0.273061863279744,-0.936490235288351,1.00302071252055,0.689731129772309,-0.0635906461913878,0.972710692159621,-1.09235613056672,0.0381863997137484,1.32450693198308,-0.323826839949683,0.578707967418675,-1.05240491303574,0.643058861990797,1.08027043530377,0.00619949169369431,0.374803447051028,-1.19623071050313,0.97890199052883,-1.62161989490421,1.23887457281108,1.3126587989762,-0.976528240206948,0.250481181687049,-0.176745397230005,0.175326237187096,0.339974364629812,0.123546796151919,-0.62633364913578,-0.228312882488611,1.03504177770154,-0.710722869848925,-0.0173224086956545,-1.08023633411443,-1.41062957985677,-0.947717616615505,-0.657672279029225,-0.454204241341509,0.900222810193041,0.0750485391438333,-0.250170988878544,0.0740696524682774,-1.27982578260538,-0.0963220699526522,-1.43684227848598,-1.48193582223075,-0.177615582401561,0.81262547572268,0.237227335296845,0.237626716968595,-0.300787272320472,0.868847313778322,-0.736111852186041,0.300934390643802,1.03016099448708,-0.364419413628018,0.339511806214219,-0.06370059297884,0.0772839693950349,-1.34603278829359,-0.557832774391467,0.247916620939828,0.10488104246146,0.0526983377035892,-0.296779399476184,-0.894535777632864,-0.330698381750232,-0.441558653263252,-1.13053570895423,-0.475247208913075,-0.222761047512197,-0.746625447768946,-0.47370678255741
28,"Mainz","online",1,NA,"female","prefer not to answer",2,1,1,1,4,1,4,4,0,0,1,0,1.25,3.25,0.25,3,1,4,4,5,3,3,4,5,5,3,4,4,4,4,3,1,3,4,3,3,2,4,4,4,4,1,4,4,5,4,4,5,5,5,3,3,5,5,5,3,1,5,5,3,3,3,5,5,5,3.25,3,3.33333333333333,2.25,2.66666666666667,2,4.25,4.33333333333333,4.33333333333333,4.5,4.66666666666667,4.33333333333333,4.5,4.66666666666667,4,3.2,2.3,4.3,4.5,4.4,3,3,4,3,2,2,2,2,3.25,2,5,6,5,5,6,1,4,4,5,5,3,6,5,4,4,4.83333333333333,4.8,4.2,4.53333333333333,-0.751887360488216,-1.52162214412449,-1.24290666631148,-1.3698834017177,1.24920465939137,-2.25481033180641,1.29933351357594,1.46790792309615,-1.58399044898013,-1.36165974954877,-1.29628480947081,-2.48908770095837,-1.56219271758477,0.602800475329459,-2.20832786769774,0.144632565684975,-3.15350394396756,0.504251315123012,1.22815304884182,1.20873444603807,-0.320071531550967,-1.4455484475264,0.861459573181214,1.80411589848774,1.2814232144555,-0.620815260378279,-0.360621376553677,-0.0855402896774732,2.14427907248358,0.0344073933567096,0.161739978840289,-4.23542459515063,-0.74662927451272,0.952368235265172,-0.890838683579476,-0.518741287865094,-1.4790199457749,1.01900058886596,1.10707634163675,0.519352252331732,0.213010297599965,-3.60843918243516,0.55553965287948,0.753994702257801,1.00302071252055,0.689731129772309,-0.0635906461913878,0.972710692159621,1.66728040981237,1.3823476696377,0.36912488268381,-1.82365641445348,1.44186561373806,1.60630223568613,1.64463726650744,0.231486521850808,-3.26713212257681,1.40551292644135,1.561890753015,-1.5734943107019,0.0772199949954384,-1.38813656953531,1.3126587989762,1.34602541217714,1.2757064834759,0.337423031075464,-0.200983735312038,-0.0670697726140443,-2.92827581756565,-2.07679052081864,-3.24204293133828,0.6355519687641,1.34550548785098,0.998925568116045,1.65532618105304,1.8090206427558,1.81907883757952,1.0018305325714,1.67752766468797,-0.0400692645486515,0.0750485391438333,-3.23228891208414,1.14764390942025,1.95401341187404,1.0092877764604,-0.790079513745486,-0.871114499718779,-0.767433365470897,-1.19235700643421,-1.5780774913225,-1.5295128120373,-0.846545622097823,-1.48372387429837,-1.13049750206349,-1.62186752449283,1.03016099448708,1.11001315645316,1.19314149040997,1.53791431620342,1.67751674745693,-1.34603278829359,0.253560351996121,0.247916620939828,0.983884064995606,0.980189081286761,-0.296779399476184,1.3022776669725,1.24235338008871,0.412444895905236,-0.419913263325856,1.13328180586964,1.2660722826959,0.648837336025757,1.06020089429515
29,"Mainz","online",1,28,"female","prefer not to answer",3,2,1,3,2,3,3,2,1,2,3,3,2.25,2.5,2.25,3,4,4,4,4,4,4,4,4,4,4,4,3,3,4,3,3,4,4,4,3,3,4,3,4,4,3,4,4,4,4,4,4,4,4,3,4,4,4,3,2,3,4,4,4,4,4,3,4,4,3.5,3.33333333333333,3.33333333333333,3.75,3.66666666666667,3.33333333333333,3.75,4,3.66666666666667,4,3.66666666666667,3.66666666666667,4,3.66666666666667,4,3.4,3.6,3.8,3.8,3.9,5,5,3,5,5,3,4,5,4.5,4.25,5,5,3,4,5,2,4,5,4,5,5,4,3,4,4,4.33333333333333,4.6,3.4,4.13333333333333,0.25828191772496,-0.518605300057409,-1.24290666631148,0.54360452449115,-0.786536267024197,-0.0803083131876254,0.255120278921303,-0.504243179689517,-0.756743211530565,0.32010948498164,0.47228981430332,0.22068200235301,-0.316684593938476,-0.35587016013426,0.0695663723890129,0.144632565684975,-0.169543222793955,0.504251315123012,1.22815304884182,0.100727870503172,0.546583692340883,-0.304667161586281,0.861459573181214,0.886415325846579,0.0753778361444409,0.329302007678913,-0.360621376553677,-1.34013120494708,1.07819682175728,0.0344073933567096,0.161739978840289,-1.72976164138085,0.1919903848747,0.952368235265172,0.0480092703725467,-0.518741287865094,-0.66300894120944,1.01900058886596,0.241096625512004,0.519352252331732,0.213010297599965,-1.29903810567666,0.55553965287948,0.753994702257801,0.102349052298016,0.689731129772309,-0.0635906461913878,-0.207958837634126,0.747401563019337,0.0381863997137484,0.36912488268381,-0.323826839949683,0.578707967418675,0.720066519445508,-0.358519542525843,-0.617297391602155,-1.08491104639647,0.374803447051028,0.642516931842293,-0.297296160086534,0.926639939945262,-0.0746309983621132,-1.17151269155941,0.571840861382447,0.250481181687049,0.594507245228198,0.175326237187096,-0.0670697726140443,-0.639408857277472,-0.62633364913578,-1.2328895654385,-0.163427649110769,1.00280076156766,-0.0173224086956545,1.10821367801955,0.735803901884945,1.02856556495237,0.172079126771087,0.0787287351658617,-0.0400692645486515,0.319651185242252,-0.951845794338683,0.380805154454555,1.08336439797573,0.0879462377828566,0.503446015735495,0.350528145305166,-1.35725114854023,0.144297981670382,0.237227335296845,-0.940466302368666,0.244971077456879,0.28070451675915,-0.144533377369862,-0.0486659575628588,1.03016099448708,0.37279687141257,-0.51411787798153,0.737106861612291,0.877400358425984,-0.669170586180241,0.253560351996121,1.12058312664802,0.10488104246146,0.980189081286761,1.33550729764283,-0.162264629431078,-0.330698381750232,0.412444895905236,-0.419913263325856,0.530083425326121,1.01793339432789,-0.281471186504045,0.518821714229545
30,"Mainz","online",1,27,"female","other",3,4,3,4,3,3,3,3,3,3,4,4,3.5,3,3.5,4,5,4,2,5,4,5,4,4,3,4,4,4,2,5,3,5,4,4,3,5,5,2,2,4,5,4,4,4,5,4,5,4,4,5,4,2,4,4,4,3,4,5,4,4,4,4,4,4,5,3.75,4.33333333333333,4,4.75,4,4,4,3.33333333333333,4.33333333333333,3.5,3.33333333333333,3.33333333333333,4.5,3.66666666666667,4.66666666666667,4,4.3,3.9,3.4,4.3,5,3,5,5,7,7,5,6,4.5,6.25,4,4,1,1,5,4,2,2,1,2,4,2,2,1,1,2,3.4,1.8,2.4,0.25828191772496,1.48742838807674,0.634789241592561,1.50034848759557,0.231334196183588,-0.0803083131876254,0.255120278921303,0.481832371703316,0.897751263368559,1.16099410224684,1.35657712619039,1.12393857012347,1.2402005606194,0.283243596841553,1.49325027244323,0.96577229344483,0.825110350930578,0.504251315123012,-0.588274989781376,1.20873444603807,0.546583692340883,0.836214124353836,0.861459573181214,0.886415325846579,-1.13066754216661,0.329302007678913,-0.360621376553677,-0.0855402896774732,0.0121145710309808,1.04369093182019,0.161739978840289,0.775901312388939,0.1919903848747,0.952368235265172,-0.890838683579476,1.36370132376906,0.969013067921489,-0.722204300846748,-0.624883090612745,0.519352252331732,1.19958430753665,-0.144337567297406,0.55553965287948,0.753994702257801,1.00302071252055,0.689731129772309,0.869072164615631,-0.207958837634126,0.747401563019337,1.3823476696377,1.32450693198308,-3.32348598895727,0.578707967418675,0.720066519445508,0.643058861990797,0.231486521850808,0.00619949169369431,1.40551292644135,0.642516931842293,-0.297296160086534,0.926639939945262,-0.0746309983621132,0.0705730537083977,0.571840861382447,1.2757064834759,0.851591459380933,1.3042561546845,0.747018501873669,0.88650244958131,-0.142848025241494,-0.228312882488611,0.236062159826666,0.317391309001027,0.998925568116045,0.561101174986055,0.378064988261326,0.633308928638797,1.0018305325714,0.0787287351658617,0.900222810193041,1.05345912353751,0.27608511521656,0.534172905447694,0.585850675748129,0.825019468724891,0.503446015735495,-0.871114499718779,-0.177615582401561,0.144297981670382,1.44743055304307,1.41571973630586,0.790729427234231,0.868847313778322,-0.144533377369862,1.34973543526378,0.141394646302149,-0.364419413628018,-2.22137724637303,-1.6653155021611,0.877400358425984,0.684553818046453,-1.36922590077905,-1.49741639047656,-2.53212802514098,-1.80228314946276,0.519363949083322,-1.62680692583465,-1.1172242626697,-2.14956575160023,-2.55178060021097,-2.28484235054363,-0.470899935880214,-2.14208823156365,-1.82715473272144
31,"Mainz","online",1,22,"female","other",1,1,1,1,3,3,3,3,1,1,1,3,1,3,1.5,3,5,4,3,4,5,5,4,2,4,5,5,3,2,2,3,4,4,4,4,4,5,3,3,3,4,5,4,4,2,4,5,4,3,4,2,5,4,3,2,2,4,4,4,4,4,4,4,4,3,3.5,3.66666666666667,3.66666666666667,4.5,5,4.66666666666667,4,3.66666666666667,3.66666666666667,3.5,2.66666666666667,3.33333333333333,3.75,3,2.66666666666667,3.6,4.7,3.8,3.2,3.2,2,2,2,3,3,2,2,2,2.25,2.25,4,5,5,4,4,4,5,4,4,5,4,3,4,5,5,4.33333333333333,4.2,4.2,4.33333333333333,-1.76205663870139,-1.52162214412449,-1.24290666631148,-1.3698834017177,0.231334196183588,-0.0803083131876254,0.255120278921303,0.481832371703316,-0.756743211530565,-0.520775132283564,-1.29628480947081,0.22068200235301,-1.87356974849635,0.283243596841553,-0.784643967643518,0.144632565684975,0.825110350930578,0.504251315123012,0.319939029530222,0.100727870503172,1.41323891623273,0.836214124353836,0.861459573181214,-0.948985819435749,0.0753778361444409,1.27941927573611,0.715130526386106,-1.34013120494708,0.0121145710309808,-1.98415968357025,0.161739978840289,-0.476930164495953,0.1919903848747,0.952368235265172,0.0480092703725467,0.422480017951983,0.969013067921489,0.148398144009606,0.241096625512004,-0.652519496519355,0.213010297599965,1.01036297108185,0.55553965287948,0.753994702257801,-1.69899426814706,0.689731129772309,0.869072164615631,-0.207958837634126,-0.172477283773693,0.0381863997137484,-0.586257166615464,1.17600273455411,0.578707967418675,-0.166169196795117,-1.36009794704248,-0.617297391602155,0.00619949169369431,0.374803447051028,0.642516931842293,-0.297296160086534,0.926639939945262,-0.0746309983621132,0.0705730537083977,0.571840861382447,-0.774744120101803,0.594507245228198,0.55163620968623,0.339974364629812,0.505024622866614,1.30760884644136,0.77626380046128,0.236062159826666,0.660096035284345,-0.0173224086956545,0.561101174986055,-0.337412838985914,0.633308928638797,-0.242796576129069,-0.98713721784888,-1.92065341403204,0.564253831340671,0.9777599206767,0.380805154454555,0.337093814634327,-1.2019319163657,-1.43684227848598,-1.48193582223075,-1.94706893160957,-1.19235700643421,-0.972975882449382,-1.5295128120373,-0.846545622097823,-1.48372387429837,-1.9192688018184,-1.4470673503895,0.141394646302149,0.37279687141257,1.19314149040997,0.737106861612291,0.0772839693950349,0.684553818046453,1.06495347838371,0.247916620939828,0.10488104246146,0.980189081286761,0.519363949083322,-0.894535777632864,0.455827499169239,1.26644844507372,0.290709182302516,0.530083425326121,0.521655617591853,0.648837336025757,0.789511304262349
32,"Mainz","online",1,22,"female","other",4,4,4,4,1,1,1,1,3,3,3,3,4,1,3,3,5,1,2,3,4,5,1,2,3,3,5,3,1,4,2,5,1,2,4,4,5,1,2,2,3,5,1,4,3,2,5,4,4,3,2,5,2,4,4,2,5,2,5,5,2,5,4,3,2,2.25,3.33333333333333,2.66666666666667,5,5,5,2.5,1.33333333333333,2,2.75,2.66666666666667,3.33333333333333,3,3,4,2.7,5,2,2.9,3.3,4,3,6,5,6,6,6,7,4.5,6.25,1,1,1,2,4,2,3,3,5,4,4,3,1,2,1,2.33333333333333,2.6,2.6,2.46666666666667,1.26845119593814,1.48742838807674,1.57363719554458,1.50034848759557,-1.80440673023198,-2.25481033180641,-1.83330619038797,-1.49031873108235,0.897751263368559,1.16099410224684,0.47228981430332,0.22068200235301,1.86295462244254,-2.2732114310617,0.923776712421544,0.144632565684975,0.825110350930578,-2.48726210493261,-0.588274989781376,-1.00727870503172,0.546583692340883,0.836214124353836,-1.51995746681711,-0.948985819435749,-1.13066754216661,-0.620815260378279,0.715130526386106,-1.34013120494708,-1.05396767969532,0.0344073933567096,-0.75652570747877,0.775901312388939,-2.62386859328756,-0.7072041350979,0.0480092703725467,0.422480017951983,0.969013067921489,-1.5928067457031,-0.624883090612745,-1.82439124537044,-0.773563712336717,1.01036297108185,-1.93026489559819,0.753994702257801,-0.798322607924522,-0.897101273363984,0.869072164615631,-0.207958837634126,0.747401563019337,-1.3059748702102,-0.586257166615464,1.17600273455411,-1.14760732522009,0.720066519445508,0.643058861990797,-0.617297391602155,1.09731002978386,-1.68661551172963,1.561890753015,0.97890199052883,-0.772199949954385,1.23887457281108,0.0705730537083977,-0.20234368941225,-1.79996942189066,-0.690913825535474,0.175326237187096,-0.881158047101758,1.267980276296,1.30760884644136,1.27855214193623,-2.16087669379794,-1.73883704869888,-2.5579423507249,-0.259567579564186,-0.337412838985914,0.633308928638797,-1.48742368482954,-0.98713721784888,-0.0400692645486515,-0.536458076102214,1.5040160247718,-2.37981436342195,-0.036041477036375,-1.0176636086302,-0.143316749004995,-0.871114499718779,0.412202200667775,0.144297981670382,0.842328944169959,0.826673226637226,1.33648777701158,1.45699011079749,-0.144533377369862,1.34973543526378,-2.52490439825265,-2.57606826874978,-2.22137724637303,-0.864508047569971,0.0772839693950349,-0.669170586180241,-0.557832774391467,-0.624749884768366,0.983884064995606,0.0526983377035892,0.519363949083322,-0.894535777632864,-1.90375014358917,-1.29556220243174,-2.55178060021097,-1.88271009684795,-1.46345548935228,-1.21177970903385,-1.73692486937717
33,"Mainz","online",1,20,"male","other",3,1,2,2,3,3,3,1,2,1,3,2,2,2.5,2,3,2,3,4,4,3,5,4,4,5,3,4,3,2,2,2,2,5,3,5,5,5,3,5,3,4,2,4,4,2,3,4,4,4,4,4,4,3,4,4,3,2,4,2,4,2,4,3,3,3,2.5,4,3.33333333333333,3,4.66666666666667,2.66666666666667,3.75,3.33333333333333,3.66666666666667,3.5,4.33333333333333,2.66666666666667,4,4,2.66666666666667,3.2,3.4,3.6,3.5,3.6,4,4,3,4,4,3,4,3,3.75,3.5,4,6,4,2,4,4,3,3,4,4,1,6,4,3,6,4.16666666666667,3.6,4.2,3.86666666666667,0.25828191772496,-1.52162214412449,-0.304058712359462,-0.413139438613273,0.231334196183588,-0.0803083131876254,0.255120278921303,-1.49031873108235,0.0705040259189969,-0.520775132283564,0.47228981430332,-0.682574565417449,-0.628061624850051,-0.35587016013426,-0.215170407621831,0.144632565684975,-2.15885037024302,-0.492919824895528,1.22815304884182,0.100727870503172,-0.320071531550967,0.836214124353836,0.861459573181214,0.886415325846579,1.2814232144555,-0.620815260378279,-0.360621376553677,-1.34013120494708,0.0121145710309808,-1.98415968357025,-0.75652570747877,-2.98259311826574,1.13061004426212,0.122582050083636,0.986857224324569,1.36370132376906,0.969013067921489,0.148398144009606,1.9730560577615,-0.652519496519355,0.213010297599965,-2.45373864405591,0.55553965287948,0.753994702257801,-1.69899426814706,-0.103685071795837,-0.0635906461913878,-0.207958837634126,0.747401563019337,0.0381863997137484,1.32450693198308,-0.323826839949683,-0.284449678900705,0.720066519445508,0.643058861990797,0.231486521850808,-2.17602158448664,0.374803447051028,-1.19623071050313,-0.297296160086534,-0.772199949954385,-0.0746309983621132,-1.17151269155941,-0.20234368941225,-0.774744120101803,-0.433829611382739,0.927946182185364,-0.0670697726140443,-1.78384233742156,0.824123222547078,-2.23746624838839,-0.163427649110769,0.317391309001027,-0.0173224086956545,0.561101174986055,1.45128172913218,-0.157204343988354,0.172079126771087,0.611661711673233,-1.92065341403204,0.0750485391438333,-1.30268319706875,0.0740696524682774,0.710229106305029,-0.464858685423669,-0.143316749004995,-0.260293177206806,-1.35725114854023,-0.524029512381915,-0.367874273576268,-0.940466302368666,0.244971077456879,-0.895581077279193,-0.736111852186041,-0.57306647987285,0.141394646302149,1.11001315645316,0.339511806214219,-0.864508047569971,0.0772839693950349,0.684553818046453,-0.557832774391467,-0.624749884768366,0.10488104246146,0.0526983377035892,-1.9290660965952,1.3022776669725,0.455827499169239,-0.441558653263252,1.00133162793089,0.329017298478283,-0.222761047512197,0.648837336025757,0.15790226085247
34,"Mainz","online",1,NA,"female","prefer not to answer",3,3,2,2,3,3,3,3,2,2,3,3,2.5,3,2.5,1,4,4,2,2,3,4,5,2,3,4,5,4,3,4,1,5,5,4,2,5,4,5,2,3,4,5,4,4,3,3,4,5,4,4,1,4,5,4,1,2,5,4,4,3,3,4,4,4,4,2,3,3.33333333333333,4.25,4,5,4.5,5,4,3.5,2.66666666666667,3.66666666666667,3,2.33333333333333,3.33333333333333,2.7,4.4,4.5,3.3,2.9,4,5,6,5,2,1,1,1,5,1.25,6,5,4,4,5,3,3,3,2,4,3,5,5,5,4,4.33333333333333,4.2,3.8,4.06666666666667,0.25828191772496,0.484411544009668,-0.304058712359462,-0.413139438613273,0.231334196183588,-0.0803083131876254,0.255120278921303,0.481832371703316,0.0705040259189969,0.32010948498164,0.47228981430332,0.22068200235301,-0.00530756302690199,0.283243596841553,0.354303152399856,-1.49764688983474,-0.169543222793955,0.504251315123012,-0.588274989781376,-2.11528528056662,-0.320071531550967,-0.304667161586281,1.65526525318066,-0.948985819435749,-1.13066754216661,0.329302007678913,0.715130526386106,-0.0855402896774732,1.07819682175728,0.0344073933567096,-1.67479139379783,0.775901312388939,1.13061004426212,0.952368235265172,-1.8296866375315,1.36370132376906,0.153002063356025,1.88960303372231,-0.624883090612745,-0.652519496519355,0.213010297599965,1.01036297108185,0.55553965287948,0.753994702257801,-0.798322607924522,-0.103685071795837,-0.0635906461913878,0.972710692159621,0.747401563019337,0.0381863997137484,-1.54163921591474,-0.323826839949683,1.44186561373806,0.720066519445508,-2.36167635155912,-0.617297391602155,1.09731002978386,0.374803447051028,0.642516931842293,-1.5734943107019,0.0772199949954384,-0.0746309983621132,0.0705730537083977,0.571840861382447,0.250481181687049,-0.947998039688208,-0.200983735312038,-0.0670697726140443,0.123546796151919,-0.142848025241494,1.27855214193623,1.03504177770154,2.03091494041762,0.490801579710196,0.561101174986055,-0.337412838985914,1.02856556495237,-1.48742368482954,-2.05300317086362,-0.980361339290343,-0.536458076102214,0.451503816581596,1.45437941140653,0.461472245191228,-1.75473683957223,-0.143316749004995,0.350528145305166,0.412202200667775,0.144297981670382,-1.5780774913225,-2.11855932170593,-1.39230397187517,-2.07186667131754,0.249852272507591,-2.14626804680282,1.91892734267202,0.37279687141257,0.339511806214219,0.737106861612291,0.877400358425984,0.00769161593310614,-0.557832774391467,-0.624749884768366,-1.65312500260683,0.0526983377035892,-0.296779399476184,0.570006518770709,1.24235338008871,1.26644844507372,-0.419913263325856,0.530083425326121,0.521655617591853,0.183683074760855,0.428591850885275
35,"Mainz","online",1,21,"female","other",1,1,1,1,4,4,4,4,2,0,0,3,1,4,1.25,5,5,4,4,5,5,5,4,4,4,5,4,5,3,4,4,5,4,4,4,5,4,4,4,3,5,4,4,4,4,5,5,4,4,4,4,5,4,4,4,4,3,5,4,3,4,4,5,4,4,4.5,4.66666666666667,4.66666666666667,4.75,4.66666666666667,3.66666666666667,4.25,4,4.66666666666667,4,4,3.66666666666667,4.25,3.66666666666667,3.66666666666667,4.6,4.4,4.3,3.9,3.9,2,2,2,3,3,3,2,3,2.25,2.75,5,6,5,3,5,5,6,6,5,5,2,6,5,5,6,5.16666666666667,4.8,5.2,5,-1.76205663870139,-1.52162214412449,-1.24290666631148,-1.3698834017177,1.24920465939137,1.00694269612177,1.29933351357594,1.46790792309615,0.0705040259189969,-1.36165974954877,-2.18057212135788,0.22068200235301,-1.87356974849635,1.56147111079318,-1.06938074765436,1.78691202120468,0.825110350930578,0.504251315123012,1.22815304884182,1.20873444603807,1.41323891623273,0.836214124353836,0.861459573181214,0.886415325846579,0.0753778361444409,1.27941927573611,-0.360621376553677,1.16905062559213,1.07819682175728,0.0344073933567096,1.08000566515935,0.775901312388939,0.1919903848747,0.952368235265172,0.0480092703725467,1.36370132376906,0.153002063356025,1.01900058886596,1.10707634163675,-0.652519496519355,1.19958430753665,-0.144337567297406,0.55553965287948,0.753994702257801,0.102349052298016,1.48314733134046,0.869072164615631,-0.207958837634126,0.747401563019337,0.0381863997137484,1.32450693198308,1.17600273455411,0.578707967418675,0.720066519445508,0.643058861990797,1.08027043530377,-1.08491104639647,1.40551292644135,0.642516931842293,-1.5734943107019,0.926639939945262,-0.0746309983621132,1.3126587989762,0.571840861382447,0.250481181687049,1.62284410183914,1.68056612718363,1.56110677636138,0.88650244958131,0.824123222547078,-0.730601223963557,0.6355519687641,1.00280076156766,1.5070495565219,1.10821367801955,1.09354281550856,1.02856556495237,0.586954829671243,0.0787287351658617,-0.510215301919498,1.78726706183277,0.451503816581596,1.14764390942025,1.20774282853263,0.0879462377828566,-1.43684227848598,-1.48193582223075,-1.94706893160957,-1.19235700643421,-0.972975882449382,-0.940466302368666,-0.846545622097823,-0.895581077279193,-1.9192688018184,-1.09746700218284,1.03016099448708,1.11001315645316,1.19314149040997,-0.06370059297884,0.877400358425984,1.3614160201598,1.8763466047713,1.99324963235621,0.983884064995606,0.980189081286761,-1.11292274803569,1.3022776669725,1.24235338008871,1.26644844507372,1.00133162793089,1.53541405956532,1.2660722826959,1.81172298918801,1.69180993770503
36,"Mainz","online",1,25,"female","other",3,4,2,3,3,3,3,2,1,2,3,3,3,2.75,2.25,3,5,5,2,5,3,5,4,3,4,4,5,4,1,5,3,5,5,4,4,4,5,3,4,3,4,5,5,2,5,3,5,5,4,4,2,5,4,3,4,2,5,5,3,5,3,4,4,4,4,3,3,3.33333333333333,4.75,5,5,4.75,3.66666666666667,4.66666666666667,3.5,3.33333333333333,2,4.25,3.66666666666667,5,3.1,4.9,4.4,3,4.3,4,3,5,6,5,6,5,5,4.5,5.25,4,5,4,3,3,1,4,4,3,4,4,5,2,4,5,4.16666666666667,3.6,3.4,3.66666666666667,0.25828191772496,1.48742838807674,-0.304058712359462,0.54360452449115,0.231334196183588,-0.0803083131876254,0.255120278921303,-0.504243179689517,-0.756743211530565,0.32010948498164,0.47228981430332,0.22068200235301,0.617446498796247,-0.0363132816463534,0.0695663723890129,0.144632565684975,0.825110350930578,1.50142245514155,-0.588274989781376,1.20873444603807,-0.320071531550967,0.836214124353836,0.861459573181214,-0.0312852467945852,0.0753778361444409,0.329302007678913,0.715130526386106,-0.0855402896774732,-1.05396767969532,1.04369093182019,0.161739978840289,0.775901312388939,1.13061004426212,0.952368235265172,0.0480092703725467,0.422480017951983,0.969013067921489,0.148398144009606,1.10707634163675,-0.652519496519355,0.213010297599965,1.01036297108185,1.3841411690387,-0.936490235288351,1.00302071252055,-0.103685071795837,0.869072164615631,0.972710692159621,0.747401563019337,0.0381863997137484,-0.586257166615464,1.17600273455411,0.578707967418675,-0.166169196795117,0.643058861990797,-0.617297391602155,1.09731002978386,1.40551292644135,-0.276856889330419,0.97890199052883,0.0772199949954384,-0.0746309983621132,0.0705730537083977,0.571840861382447,0.250481181687049,0.0803388169227295,-0.200983735312038,-0.0670697726140443,0.88650244958131,1.30760884644136,1.27855214193623,1.43453158663897,0.660096035284345,1.5070495565219,0.561101174986055,0.378064988261326,-0.947717616615505,0.586954829671243,0.0787287351658617,1.37036884756389,-0.0472527839053763,1.32859732340677,1.30101166041339,0.0883369535205258,0.825019468724891,-0.143316749004995,-0.871114499718779,-0.177615582401561,0.81262547572268,0.237227335296845,0.826673226637226,0.790729427234231,0.28070451675915,-0.144533377369862,0.650534738850462,0.141394646302149,0.37279687141257,0.339511806214219,-0.06370059297884,-0.722832419635914,-1.34603278829359,0.253560351996121,0.247916620939828,-0.774121980072685,0.0526983377035892,0.519363949083322,0.570006518770709,-1.1172242626697,0.412444895905236,0.290709182302516,0.329017298478283,-0.222761047512197,-0.281471186504045,-0.112787329180336
37,"Mainz","online",1,24,"female","other",3,3,2,3,2,4,2,1,0,0,1,0,2.75,2.25,0.25,3,4,3,2,4,4,5,3,2,4,4,5,4,1,4,3,5,5,2,5,4,5,4,2,3,4,4,3,3,2,2,5,5,4,3,2,4,3,4,3,2,4,3,4,5,3,4,5,2,5,2.75,3.33333333333333,3.33333333333333,4.5,4.66666666666667,4.33333333333333,4.5,3.33333333333333,3.33333333333333,2.5,2.66666666666667,2.66666666666667,4.25,3.33333333333333,3.66666666666667,3.1,4.5,3.8,2.6,3.8,5,2,4,1,6,7,5,7,3,6.25,2,6,4,1,1,2,3,2,2,4,3,6,3,2,4,3.33333333333333,3,3.2,3,0.25828191772496,0.484411544009668,-0.304058712359462,0.54360452449115,-0.786536267024197,1.00694269612177,-0.789092955733334,-1.49031873108235,-1.58399044898013,-1.36165974954877,-1.29628480947081,-2.48908770095837,0.306069467884672,-0.675427038622166,-2.20832786769774,0.144632565684975,-0.169543222793955,-0.492919824895528,-0.588274989781376,0.100727870503172,0.546583692340883,0.836214124353836,0.0676538931817709,-0.948985819435749,0.0753778361444409,0.329302007678913,0.715130526386106,-0.0855402896774732,-1.05396767969532,0.0344073933567096,0.161739978840289,0.775901312388939,1.13061004426212,-0.7072041350979,0.986857224324569,0.422480017951983,0.969013067921489,1.01900058886596,-0.624883090612745,-0.652519496519355,0.213010297599965,-0.144337567297406,-0.273061863279744,-0.0912477665152752,-1.69899426814706,-0.897101273363984,0.869072164615631,0.972710692159621,0.747401563019337,-1.3059748702102,-0.586257166615464,-0.323826839949683,-0.284449678900705,0.720066519445508,-0.358519542525843,-0.617297391602155,0.00619949169369431,-0.655906032339299,0.642516931842293,0.97890199052883,0.0772199949954384,-0.0746309983621132,1.3126587989762,-0.976528240206948,1.2757064834759,-0.176745397230005,0.175326237187096,-0.0670697726140443,0.505024622866614,0.824123222547078,0.273975458986334,1.03504177770154,0.317391309001027,-0.525446397101504,-0.533123831080933,-0.337412838985914,-0.157204343988354,0.586954829671243,-0.454204241341509,-0.510215301919498,-0.0472527839053763,0.62692251794663,0.380805154454555,-0.409176768707077,-0.0963220699526522,0.503446015735495,-1.48193582223075,-0.767433365470897,-2.52901199453881,0.842328944169959,1.41571973630586,0.790729427234231,1.45699011079749,-1.32769032700222,1.34973543526378,-1.63613805006772,1.11001315645316,0.339511806214219,-1.6653155021611,-2.32306519769781,-0.669170586180241,-0.557832774391467,-1.49741639047656,-1.65312500260683,0.0526983377035892,-0.296779399476184,1.3022776669725,-0.330698381750232,-1.29556220243174,-0.419913263325856,-0.676313335760914,-0.967177712616247,-0.514048317136495,-1.01508596262302
38,"Mainz","online",1,32,"male","prefer not to answer",3,3,3,1,4,4,4,4,4,3,4,3,2.5,4,3.5,4,1,2,5,5,2,2,1,5,5,3,2,4,4,5,1,1,2,5,5,4,1,2,5,4,5,1,4,4,5,3,1,4,4,5,3,2,2,4,5,4,1,2,2,4,4,5,4,5,5,3,3,4,2,1.66666666666667,1.33333333333333,3,1.66666666666667,3.33333333333333,4.75,4.66666666666667,3.33333333333333,5,4.66666666666667,4.66666666666667,3.3,1.7,2.7,4.3,4.8,7,6,7,7,2,6,1,1,6.75,2.5,6,6,6,5,5,2,5,4,5,6,2,6,5,6,6,5.66666666666667,4.4,5,5,0.25828191772496,0.484411544009668,0.634789241592561,-1.3698834017177,1.24920465939137,1.00694269612177,1.29933351357594,1.46790792309615,1.72499850081812,1.16099410224684,1.35657712619039,0.22068200235301,-0.00530756302690199,1.56147111079318,1.49325027244323,0.96577229344483,-3.15350394396756,-1.49009096491407,2.13636706815342,1.20873444603807,-1.18672675544282,-2.58642973346652,-1.51995746681711,1.80411589848774,1.2814232144555,-0.620815260378279,-2.51212518243324,-0.0855402896774732,2.14427907248358,1.04369093182019,-1.67479139379783,-4.23542459515063,-1.68524893390014,1.78215442044671,0.986857224324569,0.422480017951983,-2.29503095034037,-0.722204300846748,1.9730560577615,0.519352252331732,1.19958430753665,-3.60843918243516,0.55553965287948,0.753994702257801,1.00302071252055,-0.103685071795837,-2.86157907861244,-0.207958837634126,0.747401563019337,1.3823476696377,0.36912488268381,-3.32348598895727,-1.14760732522009,0.720066519445508,1.64463726650744,1.08027043530377,-3.26713212257681,-1.68661551172963,-1.19623071050313,-0.297296160086534,0.926639939945262,1.23887457281108,0.0705730537083977,1.34602541217714,1.2757064834759,0.0803388169227295,-0.200983735312038,0.747018501873669,-3.30975364428034,-3.52724739250149,-4.24661961428818,-1.36189707592307,-1.39613232241556,-0.525446397101504,1.92888243256979,1.8090206427558,0.633308928638797,1.83158193837171,1.67752766468797,0.900222810193041,0.197349862193042,-4.28480112027434,-1.30624010646997,1.70525655076023,1.74636100740243,1.79697154521648,0.961349467817139,1.00201998373711,1.48095296977498,-1.5780774913225,0.826673226637226,-1.39230397187517,-2.07186667131754,1.63020204707868,-1.27226717628617,1.91892734267202,1.11001315645316,2.04677117460572,1.53791431620342,0.877400358425984,-0.669170586180241,1.06495347838371,0.247916620939828,0.983884064995606,1.90767982486993,-1.11292274803569,1.3022776669725,1.24235338008871,2.12045199424221,1.00133162793089,2.13861244010884,0.76979450595987,1.57914585855556,1.69180993770503
39,"Mainz","online",1,19,"female","other",2,3,2,3,3,3,3,3,3,2,3,3,2.5,3,2.75,1,4,3,4,4,4,5,1,4,4,5,5,3,2,1,4,4,4,4,4,4,4,1,3,3,5,5,4,4,2,1,5,3,5,4,2,5,4,5,4,2,3,3,4,4,1,4,4,4,2,1.75,3.33333333333333,4,4.25,4.66666666666667,4.33333333333333,3.5,2,3.33333333333333,4.25,4,3.33333333333333,3.5,3.66666666666667,2.33333333333333,2.9,4.4,3,3.9,3.2,6,7,7,7,7,7,1,7,6.75,5.5,3,6,3,5,5,2,4,5,5,4,4,3,3,4,6,4.16666666666667,4.6,3.4,4.13333333333333,-0.751887360488216,0.484411544009668,-0.304058712359462,0.54360452449115,0.231334196183588,-0.0803083131876254,0.255120278921303,0.481832371703316,0.897751263368559,0.32010948498164,0.47228981430332,0.22068200235301,-0.00530756302690199,0.283243596841553,0.6390399324107,-1.49764688983474,-0.169543222793955,-0.492919824895528,1.22815304884182,0.100727870503172,0.546583692340883,0.836214124353836,-1.51995746681711,0.886415325846579,0.0753778361444409,1.27941927573611,0.715130526386106,-1.34013120494708,0.0121145710309808,-2.99344322203373,1.08000566515935,-0.476930164495953,0.1919903848747,0.952368235265172,0.0480092703725467,0.422480017951983,0.153002063356025,-1.5928067457031,0.241096625512004,-0.652519496519355,1.19958430753665,1.01036297108185,0.55553965287948,0.753994702257801,-1.69899426814706,-1.69051747493213,0.869072164615631,-1.38862836742787,1.66728040981237,0.0381863997137484,-0.586257166615464,1.17600273455411,0.578707967418675,1.60630223568613,0.643058861990797,-0.617297391602155,-1.08491104639647,-0.655906032339299,0.642516931842293,-0.297296160086534,-1.62161989490421,-0.0746309983621132,0.0705730537083977,0.571840861382447,-1.79996942189066,-1.20508225384094,0.175326237187096,0.747018501873669,0.123546796151919,0.824123222547078,0.273975458986334,-0.562917458048204,-1.05342759613224,-0.525446397101504,1.3817699295363,1.09354281550856,0.633308928638797,-0.657672279029225,0.0787287351658617,-2.39079945140288,-0.291855430003796,0.451503816581596,-0.846136853490556,1.20774282853263,-1.2019319163657,1.15020878047599,1.57217079032911,1.00201998373711,1.48095296977498,1.44743055304307,1.41571973630586,-1.39230397187517,1.45699011079749,1.63020204707868,0.825334912953793,-0.747371701882785,1.11001315645316,-0.51411787798153,1.53791431620342,0.877400358425984,-0.669170586180241,0.253560351996121,1.12058312664802,0.983884064995606,0.0526983377035892,0.519363949083322,-0.894535777632864,-0.330698381750232,0.412444895905236,1.00133162793089,0.329017298478283,1.01793339432789,-0.281471186504045,0.518821714229545
40,"Mainz","online",1,19,"female","other",3,1,2,1,4,4,4,4,1,2,1,4,1.75,4,2,3,5,4,2,3,5,4,2,2,2,4,5,4,2,2,4,4,2,3,2,4,2,2,2,3,3,5,2,2,2,4,4,2,2,3,2,4,4,1,3,3,4,4,2,4,4,4,4,5,3,3.75,3.66666666666667,3.33333333333333,4.25,3.33333333333333,4.66666666666667,3,2.66666666666667,3.33333333333333,3,1.66666666666667,2,2.75,2.66666666666667,2.66666666666667,3.6,4.1,3,2.3,2.7,3,6,7,6,5,7,7,6,5.5,6.25,5,6,4,3,5,1,3,2,2,3,2,2,5,3,1,2.83333333333333,4,2.4,3.13333333333333,0.25828191772496,-1.52162214412449,-0.304058712359462,-1.3698834017177,1.24920465939137,1.00694269612177,1.29933351357594,1.46790792309615,-0.756743211530565,0.32010948498164,-1.29628480947081,1.12393857012347,-0.939438655761625,1.56147111079318,-0.215170407621831,0.144632565684975,0.825110350930578,0.504251315123012,-0.588274989781376,-1.00727870503172,1.41323891623273,-0.304667161586281,-0.726151786817672,-0.948985819435749,-2.33671292047767,0.329302007678913,0.715130526386106,-0.0855402896774732,0.0121145710309808,-1.98415968357025,1.08000566515935,-0.476930164495953,-1.68524893390014,0.122582050083636,-1.8296866375315,0.422480017951983,-1.4790199457749,-0.722204300846748,-0.624883090612745,-0.652519496519355,-0.773563712336717,1.01036297108185,-1.10166337943897,-0.936490235288351,-1.69899426814706,0.689731129772309,-0.0635906461913878,-2.56929789722162,-1.09235613056672,-1.3059748702102,-0.586257166615464,-0.323826839949683,0.578707967418675,-1.93864062927637,-0.358519542525843,0.231486521850808,0.00619949169369431,0.374803447051028,-1.19623071050313,-0.297296160086534,0.926639939945262,-0.0746309983621132,0.0705730537083977,1.34602541217714,-0.774744120101803,0.851591459380933,0.55163620968623,-0.0670697726140443,0.123546796151919,-1.10981927303007,0.77626380046128,-1.36189707592307,-0.368018143565608,-0.525446397101504,0.0139886719525613,-1.41062957985677,-0.947717616615505,-1.90229938772969,-1.52007019435625,-1.92065341403204,0.564253831340671,-0.0747522875135097,-0.846136853490556,-0.782312060377779,-2.12327345504325,-0.790079513745486,0.961349467817139,1.00201998373711,0.81262547572268,0.237227335296845,1.41571973630586,1.88224612678893,0.868847313778322,0.644237922385043,1.34973543526378,1.03016099448708,1.11001315645316,0.339511806214219,-0.06370059297884,0.877400358425984,-1.34603278829359,-0.557832774391467,-1.49741639047656,-1.65312500260683,-0.874792405879583,-1.11292274803569,-1.62680692583465,1.24235338008871,-0.441558653263252,-2.55178060021097,-1.27951171630443,0.273516729223836,-1.4443568396663,-0.834626235934484
41,"Mainz","online",1,21,"female","other",4,3,4,4,2,2,2,2,1,0,3,4,3.75,2,2,2,4,3,2,4,4,3,2,3,3,2,5,3,2,3,3,5,5,2,3,3,4,2,2,3,4,5,3,4,4,1,3,4,2,4,2,4,2,2,3,2,4,4,2,4,1,4,3,2,3,1.75,3,2.66666666666667,4,3.66666666666667,4.66666666666667,3.75,2,3.33333333333333,2,2.33333333333333,2.66666666666667,3.5,3,3.66666666666667,2.4,4.1,3.1,2.3,3.4,5,2,7,6,7,5,5,7,5,6,3,5,2,1,3,3,2,1,1,2,2,2,2,2,4,2.33333333333333,2.6,2,2.33333333333333,1.26845119593814,0.484411544009668,1.57363719554458,1.50034848759557,-0.786536267024197,-1.16755932249702,-0.789092955733334,-0.504243179689517,-0.756743211530565,-1.36165974954877,0.47228981430332,1.12393857012347,1.55157759153097,-0.994983917110072,-0.215170407621831,-0.676507162074881,-0.169543222793955,-0.492919824895528,-0.588274989781376,0.100727870503172,0.546583692340883,-1.4455484475264,-0.726151786817672,-0.0312852467945852,-1.13066754216661,-1.57093252843547,0.715130526386106,-1.34013120494708,0.0121145710309808,-0.974876145106769,0.161739978840289,0.775901312388939,1.13061004426212,-0.7072041350979,-0.890838683579476,-0.518741287865094,0.153002063356025,-0.722204300846748,-0.624883090612745,-0.652519496519355,0.213010297599965,1.01036297108185,-0.273061863279744,0.753994702257801,0.102349052298016,-1.69051747493213,-0.996253456998407,-0.207958837634126,-1.09235613056672,0.0381863997137484,-0.586257166615464,-0.323826839949683,-1.14760732522009,-1.05240491303574,-0.358519542525843,-0.617297391602155,0.00619949169369431,0.374803447051028,-1.19623071050313,-0.297296160086534,-1.62161989490421,-0.0746309983621132,-1.17151269155941,-0.976528240206948,-0.774744120101803,-1.20508225384094,-0.200983735312038,-0.881158047101758,-0.257931030562777,-0.62633364913578,0.77626380046128,-0.163427649110769,-1.05342759613224,-0.525446397101504,-1.08023633411443,-0.695151752609533,-0.157204343988354,-0.657672279029225,-0.98713721784888,-0.510215301919498,-0.903362045249843,-0.0747522875135097,-0.692769102497417,-0.782312060377779,-0.833395300894687,0.503446015735495,-1.48193582223075,1.00201998373711,0.81262547572268,1.44743055304307,0.237626716968595,0.790729427234231,1.45699011079749,0.249852272507591,1.17493526116045,-0.747371701882785,0.37279687141257,-1.36774756217728,-1.6653155021611,-0.722832419635914,0.00769161593310614,-1.36922590077905,-2.37008289618475,-2.53212802514098,-1.80228314946276,-1.11292274803569,-1.62680692583465,-1.1172242626697,-1.29556220243174,-0.419913263325856,-1.88271009684795,-1.46345548935228,-1.9095111009312,-1.91738459606571
42,"Mainz","online",1,27,"female","prefer not to answer",2,2,3,3,3,3,3,2,1,1,2,3,2.5,2.75,1.75,4,4,2,3,4,3,4,2,2,4,4,5,4,4,4,3,4,3,2,4,2,5,3,2,3,4,4,4,3,5,3,5,5,3,4,2,4,4,4,3,2,4,4,4,3,2,4,4,5,4,3,2.33333333333333,3.33333333333333,4.25,4.33333333333333,4.33333333333333,3.5,3,4,3.25,2.66666666666667,3.66666666666667,4,3.33333333333333,4,2.9,4.3,3.5,3.2,3.8,2,3,4,4,4,4,2,2,3.25,3,3,5,4,2,3,5,3,4,4,4,3,3,3,4,4,3.16666666666667,3.6,4,3.6,-0.751887360488216,-0.518605300057409,0.634789241592561,0.54360452449115,0.231334196183588,-0.0803083131876254,0.255120278921303,-0.504243179689517,-0.756743211530565,-0.520775132283564,-0.411997497583747,0.22068200235301,-0.00530756302690199,-0.0363132816463534,-0.499907187632674,0.96577229344483,-0.169543222793955,-1.49009096491407,0.319939029530222,0.100727870503172,-0.320071531550967,-0.304667161586281,-0.726151786817672,-0.948985819435749,0.0753778361444409,0.329302007678913,0.715130526386106,-0.0855402896774732,2.14427907248358,0.0344073933567096,0.161739978840289,-0.476930164495953,-0.74662927451272,-0.7072041350979,0.0480092703725467,-1.45996259368217,0.969013067921489,0.148398144009606,-0.624883090612745,-0.652519496519355,0.213010297599965,-0.144337567297406,0.55553965287948,-0.0912477665152752,1.00302071252055,-0.103685071795837,0.869072164615631,0.972710692159621,-0.172477283773693,0.0381863997137484,-0.586257166615464,-0.323826839949683,0.578707967418675,0.720066519445508,-0.358519542525843,-0.617297391602155,0.00619949169369431,0.374803447051028,0.642516931842293,-1.5734943107019,-0.772199949954385,-0.0746309983621132,0.0705730537083977,1.34602541217714,0.250481181687049,0.0803388169227295,-0.953603680310305,-0.0670697726140443,0.123546796151919,0.340637598652792,0.273975458986334,-0.562917458048204,-0.0253134172822903,0.490801579710196,0.287544923469308,-0.337412838985914,1.02856556495237,0.172079126771087,-0.454204241341509,-0.0400692645486515,-0.291855430003796,0.27608511521656,-0.0792980985248617,0.337093814634327,-0.0963220699526522,-1.43684227848598,-0.871114499718779,-0.767433365470897,-0.524029512381915,-0.367874273576268,-0.351419792700035,-0.846545622097823,-1.48372387429837,-1.13049750206349,-0.92266682807951,-0.747371701882785,0.37279687141257,0.339511806214219,-0.864508047569971,-0.722832419635914,1.3614160201598,-0.557832774391467,0.247916620939828,0.10488104246146,0.0526983377035892,-0.296779399476184,-0.894535777632864,-0.330698381750232,0.412444895905236,-0.419913263325856,-0.877379462608753,-0.222761047512197,0.416260205393306,-0.203017192524604
43,"Mainz","online",1,22,"female","prefer not to answer",2,1,1,1,3,4,3,3,1,2,3,3,1.25,3.25,2.25,2,5,4,4,4,4,4,5,5,4,4,5,4,4,5,2,4,5,4,5,4,4,4,4,4,4,3,5,4,5,3,5,5,4,5,2,4,5,4,3,2,4,4,5,4,3,4,4,5,5,2.5,3.33333333333333,3.33333333333333,4.5,4,4,4.5,4.66666666666667,4.33333333333333,4.25,4.33333333333333,4.33333333333333,4.75,3.66666666666667,4.66666666666667,3,4.2,4.5,4.3,4.4,3,5,6,5,3,2,1,3,4.75,2.25,5,5,5,5,5,2,4,6,5,5,5,5,5,5,5,4.83333333333333,5.2,4.4,4.8,-0.751887360488216,-1.52162214412449,-1.24290666631148,-1.3698834017177,0.231334196183588,1.00694269612177,0.255120278921303,0.481832371703316,-0.756743211530565,0.32010948498164,0.47228981430332,0.22068200235301,-1.56219271758477,0.602800475329459,0.0695663723890129,-0.676507162074881,0.825110350930578,0.504251315123012,1.22815304884182,0.100727870503172,0.546583692340883,-0.304667161586281,1.65526525318066,1.80411589848774,0.0753778361444409,0.329302007678913,0.715130526386106,-0.0855402896774732,2.14427907248358,1.04369093182019,-0.75652570747877,-0.476930164495953,1.13061004426212,0.952368235265172,0.986857224324569,0.422480017951983,0.153002063356025,1.01900058886596,1.10707634163675,0.519352252331732,0.213010297599965,-1.29903810567666,1.3841411690387,0.753994702257801,1.00302071252055,-0.103685071795837,0.869072164615631,0.972710692159621,0.747401563019337,1.3823476696377,-0.586257166615464,-0.323826839949683,1.44186561373806,0.720066519445508,-0.358519542525843,-0.617297391602155,0.00619949169369431,0.374803447051028,1.561890753015,-0.297296160086534,0.0772199949954384,-0.0746309983621132,0.0705730537083977,1.34602541217714,1.2757064834759,-0.433829611382739,0.175326237187096,-0.0670697726140443,0.505024622866614,-0.142848025241494,-0.228312882488611,1.03504177770154,1.6882102141343,0.998925568116045,1.3817699295363,1.45128172913218,1.81907883757952,1.41670623547156,0.0787287351658617,0.900222810193041,-0.169554106954586,0.100666413851526,1.45437941140653,1.70525655076023,1.0092877764604,-0.790079513745486,0.350528145305166,0.412202200667775,0.144297981670382,-0.972975882449382,-1.5295128120373,-1.39230397187517,-0.895581077279193,0.0526594475688642,-1.4470673503895,1.03016099448708,0.37279687141257,1.19314149040997,1.53791431620342,0.877400358425984,-0.669170586180241,0.253560351996121,1.99324963235621,0.983884064995606,0.980189081286761,1.33550729764283,0.570006518770709,1.24235338008871,1.26644844507372,0.290709182302516,1.13328180586964,1.76235005943194,0.881414466658207,1.42112034767223
44,"Mainz","online",1,27,"female","prefer not to answer",3,3,2,1,3,3,3,3,1,2,1,3,2.25,3,1.75,4,4,2,4,4,4,4,2,4,2,4,4,4,3,3,3,4,5,4,3,4,4,1,5,2,4,4,3,5,3,4,4,4,4,4,3,4,3,4,3,4,4,3,4,4,3,4,4,4,2,3.5,3.66666666666667,4,4,4,4,3.75,2,3.33333333333333,4,4.33333333333333,4,3.25,2.33333333333333,3.33333333333333,3.7,4,3.1,4.1,3,4,5,6,6,5,4,5,5,5.25,4.75,3,5,3,4,5,3,4,4,4,5,3,3,3,3,4,3.83333333333333,4,3.2,3.73333333333333,0.25828191772496,0.484411544009668,-0.304058712359462,-1.3698834017177,0.231334196183588,-0.0803083131876254,0.255120278921303,0.481832371703316,-0.756743211530565,0.32010948498164,-1.29628480947081,0.22068200235301,-0.316684593938476,0.283243596841553,-0.499907187632674,0.96577229344483,-0.169543222793955,-1.49009096491407,1.22815304884182,0.100727870503172,0.546583692340883,-0.304667161586281,-0.726151786817672,0.886415325846579,-2.33671292047767,0.329302007678913,-0.360621376553677,-0.0855402896774732,1.07819682175728,-0.974876145106769,0.161739978840289,-0.476930164495953,1.13061004426212,0.952368235265172,-0.890838683579476,0.422480017951983,0.153002063356025,-1.5928067457031,1.9730560577615,-1.82439124537044,0.213010297599965,-0.144337567297406,-0.273061863279744,1.59923717103088,-0.798322607924522,0.689731129772309,-0.0635906461913878,-0.207958837634126,0.747401563019337,0.0381863997137484,0.36912488268381,-0.323826839949683,-0.284449678900705,0.720066519445508,-0.358519542525843,1.08027043530377,0.00619949169369431,-0.655906032339299,0.642516931842293,-0.297296160086534,0.0772199949954384,-0.0746309983621132,0.0705730537083977,0.571840861382447,-1.79996942189066,0.594507245228198,0.55163620968623,0.747018501873669,-0.257931030562777,-0.142848025241494,-0.228312882488611,-0.163427649110769,-1.05342759613224,-0.525446397101504,1.10821367801955,1.45128172913218,1.42382220126595,-1.07254798192938,-2.05300317086362,-0.980361339290343,0.686555154389881,-0.250170988878544,-0.692769102497417,1.45649968964643,-1.57046853183672,-0.143316749004995,0.350528145305166,0.412202200667775,0.81262547572268,0.237227335296845,-0.351419792700035,0.790729427234231,0.28070451675915,0.447045097446317,0.300934390643802,-0.747371701882785,0.37279687141257,-0.51411787798153,0.737106861612291,0.877400358425984,0.00769161593310614,0.253560351996121,0.247916620939828,0.10488104246146,0.980189081286761,-0.296779399476184,-0.894535777632864,-0.330698381750232,-0.441558653263252,-0.419913263325856,-0.073114955217396,0.273516729223836,-0.514048317136495,-0.022557465836067
45,"Mainz","online",1,31,"female","prefer not to answer",4,3,4,4,4,3,3,3,4,3,4,3,3.75,3.25,3.5,4,1,2,2,5,5,3,4,4,3,4,5,5,1,4,4,3,5,2,4,5,4,4,2,4,4,4,5,4,4,5,2,5,4,4,4,4,4,4,4,4,2,4,3,4,5,5,4,2,2,4.5,4.66666666666667,4,2.75,3.66666666666667,3.66666666666667,4,4,4.66666666666667,2.5,3.33333333333333,2.66666666666667,3.75,3.66666666666667,4,4.4,3.3,4.2,2.8,3.8,6,5,7,6,6,5,3,6,6,5,3,6,3,2,3,1,2,2,3,2,3,3,3,2,6,3,3.4,2.4,2.93333333333333,1.26845119593814,0.484411544009668,1.57363719554458,1.50034848759557,1.24920465939137,-0.0803083131876254,0.255120278921303,0.481832371703316,1.72499850081812,1.16099410224684,1.35657712619039,0.22068200235301,1.55157759153097,0.602800475329459,1.49325027244323,0.96577229344483,-3.15350394396756,-1.49009096491407,-0.588274989781376,1.20873444603807,1.41323891623273,-1.4455484475264,0.861459573181214,0.886415325846579,-1.13066754216661,0.329302007678913,0.715130526386106,1.16905062559213,-1.05396767969532,0.0344073933567096,1.08000566515935,-1.72976164138085,1.13061004426212,-0.7072041350979,0.0480092703725467,1.36370132376906,0.153002063356025,1.01900058886596,-0.624883090612745,0.519352252331732,0.213010297599965,-0.144337567297406,1.3841411690387,0.753994702257801,0.102349052298016,1.48314733134046,-1.92891626780543,0.972710692159621,0.747401563019337,0.0381863997137484,1.32450693198308,-0.323826839949683,0.578707967418675,0.720066519445508,0.643058861990797,1.08027043530377,-2.17602158448664,0.374803447051028,-0.276856889330419,-0.297296160086534,1.77605988489509,1.23887457281108,0.0705730537083977,-0.976528240206948,-1.79996942189066,1.62284410183914,1.68056612718363,0.747018501873669,-2.16532016413625,-0.62633364913578,-0.730601223963557,0.236062159826666,1.00280076156766,1.5070495565219,-0.533123831080933,0.378064988261326,-0.157204343988354,-0.242796576129069,0.0787287351658617,-0.0400692645486515,1.54266441573435,-1.47810189843379,0.994276158427111,-0.160419907593276,-0.0963220699526522,1.15020878047599,0.350528145305166,1.00201998373711,0.81262547572268,0.842328944169959,0.237626716968595,-0.300787272320472,0.868847313778322,1.0386235722625,0.475734564747132,-0.747371701882785,1.11001315645316,-0.51411787798153,-0.864508047569971,-0.722832419635914,-1.34603278829359,-1.36922590077905,-1.49741639047656,-0.774121980072685,-1.80228314946276,-0.296779399476184,-0.894535777632864,-0.330698381750232,-1.29556220243174,1.00133162793089,-1.07844558945659,-0.470899935880214,-1.4443568396663,-1.10531582596729
46,"Mainz","online",1,20,"female","other",1,3,1,3,3,3,3,3,2,3,3,3,2,3,2.75,1,5,4,2,4,4,5,5,4,3,3,5,2,1,4,1,5,3,2,1,4,2,4,2,4,2,5,2,4,4,2,5,5,3,4,1,5,4,3,2,1,4,4,4,4,2,3,4,2,4,1.5,3,2,4.5,4,4.66666666666667,4,4.33333333333333,2.66666666666667,2.25,3,3,3.25,3,4,2.1,4.4,3.7,2.7,3.4,6,5,6,6,3,5,3,6,5.75,4.25,4,4,5,2,2,2,5,4,5,3,4,5,5,4,6,4.16666666666667,3.8,4.2,4,-1.76205663870139,0.484411544009668,-1.24290666631148,0.54360452449115,0.231334196183588,-0.0803083131876254,0.255120278921303,0.481832371703316,0.0705040259189969,1.16099410224684,0.47228981430332,0.22068200235301,-0.628061624850051,0.283243596841553,0.6390399324107,-1.49764688983474,0.825110350930578,0.504251315123012,-0.588274989781376,0.100727870503172,0.546583692340883,0.836214124353836,1.65526525318066,0.886415325846579,-1.13066754216661,-0.620815260378279,0.715130526386106,-2.59472212021668,-1.05396767969532,0.0344073933567096,-1.67479139379783,0.775901312388939,-0.74662927451272,-0.7072041350979,-2.76853459148352,0.422480017951983,-1.4790199457749,1.01900058886596,-0.624883090612745,0.519352252331732,-1.7601377222734,1.01036297108185,-1.10166337943897,0.753994702257801,0.102349052298016,-0.897101273363984,0.869072164615631,0.972710692159621,-0.172477283773693,0.0381863997137484,-1.54163921591474,1.17600273455411,0.578707967418675,-0.166169196795117,-1.36009794704248,-1.46608130505512,0.00619949169369431,0.374803447051028,0.642516931842293,-0.297296160086534,-0.772199949954385,-1.38813656953531,0.0705730537083977,-0.976528240206948,0.250481181687049,-1.46216646799368,-0.200983735312038,-1.69524632158947,0.505024622866614,-0.142848025241494,0.77626380046128,0.236062159826666,1.34550548785098,-1.5416943739132,-0.80668008259768,0.0203260746377058,0.238052292325221,-1.07254798192938,-0.98713721784888,-0.0400692645486515,-1.27026601439747,0.451503816581596,0.227437403461416,-0.284798338150176,-0.833395300894687,1.15020878047599,0.350528145305166,0.412202200667775,0.81262547572268,-0.972975882449382,0.237626716968595,-0.300787272320472,0.868847313778322,0.84143074732377,-0.0486659575628588,0.141394646302149,-0.364419413628018,1.19314149040997,-0.864508047569971,-1.52294880866686,-0.669170586180241,1.06495347838371,0.247916620939828,0.983884064995606,-0.874792405879583,0.519363949083322,0.570006518770709,1.24235338008871,0.412444895905236,1.00133162793089,0.329017298478283,0.0253778408558194,0.648837336025757,0.338361987541007
47,"Mainz","online",1,22,"female","prefer not to answer",3,2,3,3,1,1,2,3,3,2,2,2,2.75,1.75,2.25,5,5,5,2,4,5,4,2,2,4,4,5,4,2,4,5,4,3,4,4,5,4,4,3,4,5,4,4,2,2,4,2,4,4,4,5,4,4,4,3,4,5,4,3,4,5,4,4,4,4,4.75,5,4.33333333333333,3.75,4,4.66666666666667,4,3.33333333333333,4,3.5,3,2.33333333333333,4,3.66666666666667,3.33333333333333,4.7,4.1,3.8,3,3.7,2,2,1,2,1,2,1,1,1.75,1.25,5,4,5,4,4,4,5,5,2,3,2,3,3,3,2,3.66666666666667,3.6,3.4,3.6,0.25828191772496,-0.518605300057409,0.634789241592561,0.54360452449115,-1.80440673023198,-2.25481033180641,-0.789092955733334,0.481832371703316,0.897751263368559,0.32010948498164,-0.411997497583747,-0.682574565417449,0.306069467884672,-1.31454079559798,0.0695663723890129,1.78691202120468,0.825110350930578,1.50142245514155,-0.588274989781376,0.100727870503172,1.41323891623273,-0.304667161586281,-0.726151786817672,-0.948985819435749,0.0753778361444409,0.329302007678913,0.715130526386106,-0.0855402896774732,0.0121145710309808,0.0344073933567096,1.99827135147841,-0.476930164495953,-0.74662927451272,0.952368235265172,0.0480092703725467,1.36370132376906,0.153002063356025,1.01900058886596,0.241096625512004,0.519352252331732,1.19958430753665,-0.144337567297406,0.55553965287948,-0.936490235288351,-1.69899426814706,0.689731129772309,-1.92891626780543,-0.207958837634126,0.747401563019337,0.0381863997137484,2.27988898128236,-0.323826839949683,0.578707967418675,0.720066519445508,-0.358519542525843,1.08027043530377,1.09731002978386,0.374803447051028,-0.276856889330419,-0.297296160086534,1.77605988489509,-0.0746309983621132,0.0705730537083977,0.571840861382447,0.250481181687049,1.87992831599187,2.05687609968276,1.15406263911753,-0.639408857277472,-0.142848025241494,0.77626380046128,0.236062159826666,0.317391309001027,0.490801579710196,0.561101174986055,0.0203260746377058,-0.552460980301929,0.172079126771087,0.0787287351658617,-0.980361339290343,1.90956838488198,-0.0747522875135097,0.380805154454555,0.0883369535205258,-0.28059037768816,-1.43684227848598,-1.48193582223075,-2.5368867146789,-1.86068450048651,-2.18317910019561,-1.5295128120373,-1.39230397187517,-2.07186667131754,-2.31365445169585,-2.14626804680282,1.03016099448708,-0.364419413628018,1.19314149040997,0.737106861612291,0.0772839693950349,0.684553818046453,1.06495347838371,1.12058312664802,-1.65312500260683,-0.874792405879583,-1.11292274803569,-0.894535777632864,-0.330698381750232,-0.441558653263252,-1.8411581545826,-0.274181082065236,-0.222761047512197,-0.281471186504045,-0.203017192524604
48,"Mainz","online",1,19,"female","other",3,3,3,3,2,2,2,2,1,1,3,3,3,2,2,4,4,4,3,4,4,5,2,4,4,4,4,4,2,4,4,4,3,4,4,3,4,2,4,4,4,4,3,4,4,4,4,5,3,4,3,4,3,4,4,4,4,4,4,4,4,5,4,4,4,4,3.33333333333333,4,4.25,4.33333333333333,4,4,2.33333333333333,3.66666666666667,3.5,4,3.33333333333333,4,4,4,3.8,4.2,3.4,3.6,4,3,3,5,3,6,6,4,5,3.5,5.25,3,4,3,3,4,3,3,3,4,4,3,5,3,3,6,4,3.4,3.6,3.6,0.25828191772496,0.484411544009668,0.634789241592561,0.54360452449115,-0.786536267024197,-1.16755932249702,-0.789092955733334,-0.504243179689517,-0.756743211530565,-0.520775132283564,0.47228981430332,0.22068200235301,0.617446498796247,-0.994983917110072,-0.215170407621831,0.96577229344483,-0.169543222793955,0.504251315123012,0.319939029530222,0.100727870503172,0.546583692340883,0.836214124353836,-0.726151786817672,0.886415325846579,0.0753778361444409,0.329302007678913,-0.360621376553677,-0.0855402896774732,0.0121145710309808,0.0344073933567096,1.08000566515935,-0.476930164495953,-0.74662927451272,0.952368235265172,0.0480092703725467,-0.518741287865094,0.153002063356025,-0.722204300846748,1.10707634163675,0.519352252331732,0.213010297599965,-0.144337567297406,-0.273061863279744,0.753994702257801,0.102349052298016,0.689731129772309,-0.0635906461913878,0.972710692159621,-0.172477283773693,0.0381863997137484,0.36912488268381,-0.323826839949683,-0.284449678900705,0.720066519445508,0.643058861990797,1.08027043530377,0.00619949169369431,0.374803447051028,0.642516931842293,-0.297296160086534,0.926639939945262,1.23887457281108,0.0705730537083977,0.571840861382447,0.250481181687049,1.10867567353367,0.175326237187096,0.747018501873669,0.123546796151919,0.340637598652792,-0.228312882488611,0.236062159826666,-0.710722869848925,-0.0173224086956545,0.561101174986055,1.09354281550856,0.633308928638797,0.172079126771087,0.611661711673233,-0.0400692645486515,0.80885647743909,0.100666413851526,-0.232665849518001,0.83460753686193,0.272214545518365,-0.790079513745486,-0.871114499718779,-0.177615582401561,-1.19235700643421,0.842328944169959,0.826673226637226,0.244971077456879,0.28070451675915,-0.933304677124768,0.650534738850462,-0.747371701882785,-0.364419413628018,-0.51411787798153,-0.06370059297884,0.0772839693950349,0.00769161593310614,-0.557832774391467,-0.624749884768366,0.10488104246146,0.0526983377035892,-0.296779399476184,0.570006518770709,-0.330698381750232,-0.441558653263252,1.00133162793089,0.127951171630443,-0.470899935880214,-0.0488940558715946,-0.203017192524604
49,"Mainz","online",1,25,"female","prefer not to answer",3,2,3,3,4,4,3,3,0,0,2,3,2.75,3.5,1.25,3,5,4,2,3,4,5,5,1,4,5,5,4,2,3,4,5,5,3,5,3,5,4,2,4,4,5,5,4,2,3,5,5,3,4,1,4,4,3,2,2,4,4,3,5,3,4,4,3,4,3.25,2.66666666666667,3.66666666666667,4.75,4.66666666666667,4.66666666666667,4.5,4.33333333333333,4.33333333333333,2.75,2,3,4,3.33333333333333,3.33333333333333,3.2,4.7,4.4,2.6,3.6,5,5,4,4,5,2,4,6,4.5,4.25,5,5,4,4,5,2,5,5,4,5,3,4,3,4,4,4.5,4.2,3.6,4.13333333333333,0.25828191772496,-0.518605300057409,0.634789241592561,0.54360452449115,1.24920465939137,1.00694269612177,0.255120278921303,0.481832371703316,-1.58399044898013,-1.36165974954877,-0.411997497583747,0.22068200235301,0.306069467884672,0.922357353817365,-1.06938074765436,0.144632565684975,0.825110350930578,0.504251315123012,-0.588274989781376,-1.00727870503172,0.546583692340883,0.836214124353836,1.65526525318066,-1.86668639207691,0.0753778361444409,1.27941927573611,0.715130526386106,-0.0855402896774732,0.0121145710309808,-0.974876145106769,1.08000566515935,0.775901312388939,1.13061004426212,0.122582050083636,0.986857224324569,-0.518741287865094,0.969013067921489,1.01900058886596,-0.624883090612745,0.519352252331732,0.213010297599965,1.01036297108185,1.3841411690387,0.753994702257801,-1.69899426814706,-0.103685071795837,0.869072164615631,0.972710692159621,-0.172477283773693,0.0381863997137484,-1.54163921591474,-0.323826839949683,0.578707967418675,-0.166169196795117,-1.36009794704248,-0.617297391602155,0.00619949169369431,0.374803447051028,-0.276856889330419,0.97890199052883,0.0772199949954384,-0.0746309983621132,0.0705730537083977,-0.20234368941225,0.250481181687049,0.337423031075464,-0.577293707811171,0.339974364629812,0.88650244958131,0.824123222547078,0.77626380046128,1.03504177770154,1.34550548785098,0.998925568116045,-0.259567579564186,-1.05289066623315,0.238052292325221,0.172079126771087,-0.454204241341509,-0.980361339290343,0.0750485391438333,0.9777599206767,1.30101166041339,-0.409176768707077,-0.464858685423669,0.503446015735495,0.350528145305166,-0.767433365470897,-0.524029512381915,0.237227335296845,-1.5295128120373,0.244971077456879,0.868847313778322,-0.144533377369862,-0.0486659575628588,1.03016099448708,0.37279687141257,0.339511806214219,0.737106861612291,0.877400358425984,-0.669170586180241,1.06495347838371,1.12058312664802,0.10488104246146,0.980189081286761,-0.296779399476184,-0.162264629431078,-0.330698381750232,0.412444895905236,-0.419913263325856,0.731149552173961,0.521655617591853,-0.0488940558715946,0.518821714229545
50,"Mainz","online",1,23,"female","prefer not to answer",3,2,1,2,4,3,4,3,0,0,2,1,2,3.5,0.75,2,3,5,3,4,3,4,4,3,4,4,5,4,3,4,3,3,5,2,5,3,3,4,3,3,3,3,5,4,5,4,3,5,4,4,3,4,5,4,3,3,2,4,5,3,3,2,4,3,3,3,3,3.33333333333333,2.75,3.66666666666667,3.33333333333333,4.75,4.33333333333333,4.33333333333333,3,3.33333333333333,4,4,3.33333333333333,4,3.1,3.2,4.5,3.4,3.8,3,2,5,5,5,5,3,5,3.75,4.5,5,6,4,3,4,4,5,4,5,5,5,6,4,5,6,5,4.6,4.8,4.73333333333333,0.25828191772496,-0.518605300057409,-1.24290666631148,-0.413139438613273,1.24920465939137,-0.0803083131876254,1.29933351357594,0.481832371703316,-1.58399044898013,-1.36165974954877,-0.411997497583747,-1.58583113318791,-0.628061624850051,0.922357353817365,-1.63885430767605,-0.676507162074881,-1.16419679651849,1.50142245514155,0.319939029530222,0.100727870503172,-0.320071531550967,-0.304667161586281,0.861459573181214,-0.0312852467945852,0.0753778361444409,0.329302007678913,0.715130526386106,-0.0855402896774732,1.07819682175728,0.0344073933567096,0.161739978840289,-1.72976164138085,1.13061004426212,-0.7072041350979,0.986857224324569,-0.518741287865094,-0.66300894120944,1.01900058886596,0.241096625512004,-0.652519496519355,-0.773563712336717,-1.29903810567666,1.3841411690387,0.753994702257801,1.00302071252055,0.689731129772309,-0.996253456998407,0.972710692159621,0.747401563019337,0.0381863997137484,0.36912488268381,-0.323826839949683,1.44186561373806,0.720066519445508,-0.358519542525843,0.231486521850808,-2.17602158448664,0.374803447051028,1.561890753015,-1.5734943107019,0.0772199949954384,-2.7016421407085,0.0705730537083977,-0.20234368941225,-0.774744120101803,0.0803388169227295,-0.200983735312038,-0.0670697726140443,-2.16532016413625,-0.62633364913578,-1.2328895654385,1.43453158663897,1.34550548785098,0.998925568116045,0.0139886719525613,0.378064988261326,1.42382220126595,0.172079126771087,-0.454204241341509,-0.0400692645486515,-0.0472527839053763,-1.65352059979882,1.45437941140653,0.585850675748129,-0.0963220699526522,-0.790079513745486,-1.48193582223075,-0.177615582401561,0.144297981670382,0.237227335296845,0.237626716968595,-0.300787272320472,0.28070451675915,-0.736111852186041,0.126134216540471,1.03016099448708,1.11001315645316,0.339511806214219,-0.06370059297884,0.0772839693950349,0.684553818046453,1.06495347838371,0.247916620939828,0.983884064995606,0.980189081286761,1.33550729764283,1.3022776669725,0.455827499169239,1.26644844507372,1.00133162793089,1.33434793271748,1.01793339432789,1.34656872792311,1.33089048432796
51,"Mainz","online",1,23,"female","other",4,4,4,4,1,3,1,1,1,0,2,3,4,1.5,1.5,3,4,4,1,4,2,4,4,2,3,4,5,4,1,4,1,5,4,2,4,3,4,4,1,2,4,4,4,3,4,2,4,5,2,4,1,4,5,3,4,2,5,4,2,5,1,4,4,2,3,1.75,2,3.33333333333333,4.25,4,4.66666666666667,4.25,4.33333333333333,4,1.75,2,2,3.75,3,4.33333333333333,2.3,4.3,4.2,1.9,3.7,5,5,6,6,7,7,5,6,5.5,6.25,2,3,2,2,2,2,1,2,3,3,3,1,1,1,1,1.66666666666667,2.2,1.8,1.93333333333333,1.26845119593814,1.48742838807674,1.57363719554458,1.50034848759557,-1.80440673023198,-0.0803083131876254,-1.83330619038797,-1.49031873108235,-0.756743211530565,-1.36165974954877,-0.411997497583747,0.22068200235301,1.86295462244254,-1.63409767408588,-0.784643967643518,0.144632565684975,-0.169543222793955,0.504251315123012,-1.49648900909297,0.100727870503172,-1.18672675544282,-0.304667161586281,0.861459573181214,-0.948985819435749,-1.13066754216661,0.329302007678913,0.715130526386106,-0.0855402896774732,-1.05396767969532,0.0344073933567096,-1.67479139379783,0.775901312388939,0.1919903848747,-0.7072041350979,0.0480092703725467,-0.518741287865094,0.153002063356025,1.01900058886596,-1.49086280673749,-1.82439124537044,0.213010297599965,-0.144337567297406,0.55553965287948,-0.0912477665152752,0.102349052298016,-0.897101273363984,-0.0635906461913878,0.972710692159621,-1.09235613056672,0.0381863997137484,-1.54163921591474,-0.323826839949683,1.44186561373806,-0.166169196795117,0.643058861990797,-0.617297391602155,1.09731002978386,0.374803447051028,-1.19623071050313,0.97890199052883,-1.62161989490421,-0.0746309983621132,0.0705730537083977,-0.976528240206948,-0.774744120101803,-1.20508225384094,-1.32991365280944,-0.0670697726140443,0.123546796151919,-0.142848025241494,0.77626380046128,0.6355519687641,1.34550548785098,0.490801579710196,-1.35379258563117,-1.05289066623315,-0.947717616615505,-0.242796576129069,-0.98713721784888,0.430076772822194,-1.02566336829905,0.27608511521656,0.994276158427111,-1.27982578260538,-0.28059037768816,0.503446015735495,0.350528145305166,0.412202200667775,0.81262547572268,1.44743055304307,1.41571973630586,0.790729427234231,0.868847313778322,0.644237922385043,1.34973543526378,-1.63613805006772,-1.10163569866861,-1.36774756217728,-0.864508047569971,-1.52294880866686,-0.669170586180241,-2.18061902716664,-1.49741639047656,-0.774121980072685,-0.874792405879583,-0.296779399476184,-2.35907807403644,-1.90375014358917,-2.14956575160023,-2.55178060021097,-2.68697460423931,-1.95973326608831,-2.14208823156365,-2.45876377613132
52,"Mainz","online",1,27,"male","prefer not to answer",3,3,3,3,3,4,2,2,3,1,3,3,3,2.75,2.5,2,3,2,3,4,3,2,2,4,4,2,4,3,2,3,2,4,2,3,4,3,2,2,2,3,2,4,2,4,2,2,2,4,2,3,2,4,2,2,4,2,4,4,4,4,2,4,3,2,4,2,2.66666666666667,2,3.25,2.66666666666667,4,2.75,2,3,2.5,2.66666666666667,3.33333333333333,3.75,3.66666666666667,3,2.2,3.3,2.6,2.8,3.5,5,3,6,5,5,6,6,5,4.75,5.5,3,4,3,3,3,4,2,2,3,3,2,4,3,3,5,3.33333333333333,2.8,3.4,3.13333333333333,0.25828191772496,0.484411544009668,0.634789241592561,0.54360452449115,0.231334196183588,1.00694269612177,-0.789092955733334,-0.504243179689517,0.897751263368559,-0.520775132283564,0.47228981430332,0.22068200235301,0.617446498796247,-0.0363132816463534,0.354303152399856,-0.676507162074881,-1.16419679651849,-1.49009096491407,0.319939029530222,0.100727870503172,-0.320071531550967,-2.58642973346652,-0.726151786817672,0.886415325846579,0.0753778361444409,-1.57093252843547,-0.360621376553677,-1.34013120494708,0.0121145710309808,-0.974876145106769,-0.75652570747877,-0.476930164495953,-1.68524893390014,0.122582050083636,0.0480092703725467,-0.518741287865094,-1.4790199457749,-0.722204300846748,-0.624883090612745,-0.652519496519355,-1.7601377222734,-0.144337567297406,-1.10166337943897,0.753994702257801,-1.69899426814706,-0.897101273363984,-1.92891626780543,-0.207958837634126,-1.09235613056672,-1.3059748702102,-0.586257166615464,-0.323826839949683,-1.14760732522009,-1.05240491303574,0.643058861990797,-0.617297391602155,0.00619949169369431,0.374803447051028,0.642516931842293,-0.297296160086534,-0.772199949954385,-0.0746309983621132,-1.17151269155941,-0.976528240206948,0.250481181687049,-0.947998039688208,-0.577293707811171,-1.69524632158947,-1.40236451070686,-2.07679052081864,-0.228312882488611,-1.76138688486051,-1.05342759613224,-1.03357038550735,-0.533123831080933,-0.337412838985914,0.633308928638797,-0.242796576129069,0.0787287351658617,-1.45050737666119,-1.14796469134826,-1.47810189843379,-1.45960785746311,-0.160419907593276,-0.649126993159178,0.503446015735495,-0.871114499718779,0.412202200667775,0.144297981670382,0.237227335296845,0.826673226637226,1.33648777701158,0.28070451675915,0.0526594475688642,0.825334912953793,-0.747371701882785,-0.364419413628018,-0.51411787798153,-0.06370059297884,-0.722832419635914,0.684553818046453,-1.36922590077905,-1.49741639047656,-0.774121980072685,-0.874792405879583,-1.11292274803569,-0.162264629431078,-0.330698381750232,-0.441558653263252,0.290709182302516,-0.676313335760914,-1.21531660098426,-0.281471186504045,-0.834626235934484
53,"Mainz","online",1,22,"female","other",1,2,1,1,3,3,3,3,1,1,1,1,1.25,3,1,3,4,4,3,4,4,5,4,4,4,5,5,5,3,4,4,5,4,4,4,4,4,3,3,3,4,5,4,2,3,3,4,4,3,4,2,4,3,3,3,3,4,4,3,4,3,4,4,5,4,3.25,3.33333333333333,4,4.25,4.33333333333333,4.66666666666667,4,3.33333333333333,4.33333333333333,3.75,3.33333333333333,2.66666666666667,4,3.33333333333333,3.66666666666667,3.5,4.4,3.9,3.3,3.7,2,2,2,2,2,2,2,2,2,2,4,5,5,5,4,3,3,3,5,4,4,5,5,5,5,4.33333333333333,4.2,4.6,4.33333333333333,-1.76205663870139,-0.518605300057409,-1.24290666631148,-1.3698834017177,0.231334196183588,-0.0803083131876254,0.255120278921303,0.481832371703316,-0.756743211530565,-0.520775132283564,-1.29628480947081,-1.58583113318791,-1.56219271758477,0.283243596841553,-1.35411752766521,0.144632565684975,-0.169543222793955,0.504251315123012,0.319939029530222,0.100727870503172,0.546583692340883,0.836214124353836,0.861459573181214,0.886415325846579,0.0753778361444409,1.27941927573611,0.715130526386106,1.16905062559213,1.07819682175728,0.0344073933567096,1.08000566515935,0.775901312388939,0.1919903848747,0.952368235265172,0.0480092703725467,0.422480017951983,0.153002063356025,0.148398144009606,0.241096625512004,-0.652519496519355,0.213010297599965,1.01036297108185,0.55553965287948,-0.936490235288351,-0.798322607924522,-0.103685071795837,-0.0635906461913878,-0.207958837634126,-0.172477283773693,0.0381863997137484,-0.586257166615464,-0.323826839949683,-0.284449678900705,-0.166169196795117,-0.358519542525843,0.231486521850808,0.00619949169369431,0.374803447051028,-0.276856889330419,-0.297296160086534,0.0772199949954384,-0.0746309983621132,0.0705730537083977,1.34602541217714,0.250481181687049,0.337423031075464,0.175326237187096,0.747018501873669,0.123546796151919,0.340637598652792,0.77626380046128,0.236062159826666,0.317391309001027,0.998925568116045,0.834657426502802,0.378064988261326,-0.157204343988354,0.172079126771087,-0.454204241341509,-0.510215301919498,0.441952508291462,0.451503816581596,0.534172905447694,0.461472245191228,-0.28059037768816,-1.43684227848598,-1.48193582223075,-1.94706893160957,-1.86068450048651,-1.5780774913225,-1.5295128120373,-0.846545622097823,-1.48372387429837,-2.11646162675713,-1.62186752449283,0.141394646302149,0.37279687141257,1.19314149040997,1.53791431620342,0.0772839693950349,0.00769161593310614,-0.557832774391467,-0.624749884768366,0.983884064995606,0.0526983377035892,0.519363949083322,0.570006518770709,1.24235338008871,1.26644844507372,0.290709182302516,0.530083425326121,0.521655617591853,1.11399159729066,0.789511304262349
54,"Mainz","online",1,23,"female","prefer not to answer",3,2,3,1,4,4,4,3,1,1,3,4,2.25,3.75,2.25,4,5,4,3,5,5,5,4,3,4,5,5,5,2,5,4,5,4,3,5,5,5,4,4,4,5,4,4,3,4,5,5,4,4,4,4,5,4,4,5,4,5,4,4,4,5,5,5,4,5,4.5,4.66666666666667,4.66666666666667,5,5,4.66666666666667,4.25,4,4.33333333333333,3.5,3.66666666666667,3,4.75,4.33333333333333,4.33333333333333,4.6,4.9,4.2,3.4,4.5,5,6,6,4,3,5,3,4,5.25,3.75,3,5,6,3,2,2,4,2,3,3,3,5,6,3,6,4,3.6,3.8,3.73333333333333,0.25828191772496,-0.518605300057409,0.634789241592561,-1.3698834017177,1.24920465939137,1.00694269612177,1.29933351357594,0.481832371703316,-0.756743211530565,-0.520775132283564,0.47228981430332,1.12393857012347,-0.316684593938476,1.24191423230527,0.0695663723890129,0.96577229344483,0.825110350930578,0.504251315123012,0.319939029530222,1.20873444603807,1.41323891623273,0.836214124353836,0.861459573181214,-0.0312852467945852,0.0753778361444409,1.27941927573611,0.715130526386106,1.16905062559213,0.0121145710309808,1.04369093182019,1.08000566515935,0.775901312388939,0.1919903848747,0.122582050083636,0.986857224324569,1.36370132376906,0.969013067921489,1.01900058886596,1.10707634163675,0.519352252331732,1.19958430753665,-0.144337567297406,0.55553965287948,-0.0912477665152752,0.102349052298016,1.48314733134046,0.869072164615631,-0.207958837634126,0.747401563019337,0.0381863997137484,1.32450693198308,1.17600273455411,0.578707967418675,0.720066519445508,1.64463726650744,1.08027043530377,1.09731002978386,0.374803447051028,0.642516931842293,-0.297296160086534,1.77605988489509,1.23887457281108,1.3126587989762,0.571840861382447,1.2757064834759,1.62284410183914,1.68056612718363,1.56110677636138,1.267980276296,1.30760884644136,0.77626380046128,0.6355519687641,1.00280076156766,0.998925568116045,0.561101174986055,0.735803901884945,0.238052292325221,1.41670623547156,1.1445946881806,0.430076772822194,1.78726706183277,1.32859732340677,0.994276158427111,0.585850675748129,1.19355608419591,0.503446015735495,0.961349467817139,0.412202200667775,-0.524029512381915,-0.972975882449382,0.237626716968595,-0.300787272320472,-0.307438280260022,0.447045097446317,-0.398266305769519,-0.747371701882785,0.37279687141257,2.04677117460572,-0.06370059297884,-1.52294880866686,-0.669170586180241,0.253560351996121,-1.49741639047656,-0.774121980072685,-0.874792405879583,-0.296779399476184,0.570006518770709,2.02887926100818,-0.441558653263252,1.00133162793089,0.127951171630443,-0.222761047512197,0.183683074760855,-0.022557465836067
55,"Mainz","online",1,23,"female","prefer not to answer",3,1,2,3,3,3,3,3,2,2,3,1,2.25,3,2,3,5,4,2,4,5,5,2,3,4,5,4,5,1,5,4,4,5,4,2,4,5,2,4,4,5,5,2,2,5,4,5,4,4,3,2,5,4,4,4,2,5,4,4,5,4,4,4,4,4,3.75,3.66666666666667,4,4.5,5,4.66666666666667,4.25,2.66666666666667,3.66666666666667,3.5,3.66666666666667,2.33333333333333,3.25,4,5,3.8,4.7,3.6,3.2,4,5,5,7,4,4,3,1,3,5.25,2.75,5,6,4,5,4,2,5,5,3,5,3,6,3,5,6,5.33333333333333,4.2,4,4.46666666666667,0.25828191772496,-1.52162214412449,-0.304058712359462,0.54360452449115,0.231334196183588,-0.0803083131876254,0.255120278921303,0.481832371703316,0.0705040259189969,0.32010948498164,0.47228981430332,-1.58583113318791,-0.316684593938476,0.283243596841553,-0.215170407621831,0.144632565684975,0.825110350930578,0.504251315123012,-0.588274989781376,0.100727870503172,1.41323891623273,0.836214124353836,-0.726151786817672,-0.0312852467945852,0.0753778361444409,1.27941927573611,-0.360621376553677,1.16905062559213,-1.05396767969532,1.04369093182019,1.08000566515935,-0.476930164495953,1.13061004426212,0.952368235265172,-1.8296866375315,0.422480017951983,0.969013067921489,-0.722204300846748,1.10707634163675,0.519352252331732,1.19958430753665,1.01036297108185,-1.10166337943897,-0.936490235288351,1.00302071252055,0.689731129772309,0.869072164615631,-0.207958837634126,0.747401563019337,-1.3059748702102,-0.586257166615464,1.17600273455411,0.578707967418675,0.720066519445508,0.643058861990797,-0.617297391602155,1.09731002978386,0.374803447051028,0.642516931842293,0.97890199052883,0.926639939945262,-0.0746309983621132,0.0705730537083977,0.571840861382447,0.250481181687049,0.851591459380933,0.55163620968623,0.747018501873669,0.505024622866614,1.30760884644136,0.77626380046128,0.6355519687641,-0.368018143565608,-0.0173224086956545,0.561101174986055,0.735803901884945,-0.552460980301929,-1.07254798192938,0.611661711673233,1.37036884756389,0.80885647743909,0.9777599206767,0.0740696524682774,0.337093814634327,0.272214545518365,0.503446015735495,0.350528145305166,1.00201998373711,-0.524029512381915,-0.367874273576268,-0.940466302368666,-1.39230397187517,-0.895581077279193,0.447045097446317,-1.09746700218284,1.03016099448708,1.11001315645316,0.339511806214219,1.53791431620342,0.0772839693950349,-0.669170586180241,1.06495347838371,1.12058312664802,-0.774121980072685,0.980189081286761,-0.296779399476184,1.3022776669725,-0.330698381750232,1.26644844507372,1.00133162793089,1.73648018641316,0.521655617591853,0.416260205393306,0.969971030950887
56,"Mainz","online",1,27,"male","other",3,2,3,3,3,3,3,1,1,2,3,3,2.75,2.5,2.25,2,3,2,2,4,1,3,2,2,2,4,4,3,2,4,2,3,4,2,2,3,3,2,3,3,3,3,3,3,4,2,3,2,3,3,4,3,2,3,4,2,3,4,3,4,2,4,3,2,4,2,2.66666666666667,3,3.25,3,3.33333333333333,2.75,2,3.33333333333333,2.25,2.66666666666667,2.66666666666667,3.25,3,4,2.5,3.2,2.7,2.5,3.4,5,4,4,5,4,4,3,4,4.5,3.75,5,3,3,2,4,3,3,3,4,4,3,3,3,3,5,3.66666666666667,3.2,3.2,3.4,0.25828191772496,-0.518605300057409,0.634789241592561,0.54360452449115,0.231334196183588,-0.0803083131876254,0.255120278921303,-1.49031873108235,-0.756743211530565,0.32010948498164,0.47228981430332,0.22068200235301,0.306069467884672,-0.35587016013426,0.0695663723890129,-0.676507162074881,-1.16419679651849,-1.49009096491407,-0.588274989781376,0.100727870503172,-2.05338197933467,-1.4455484475264,-0.726151786817672,-0.948985819435749,-2.33671292047767,0.329302007678913,-0.360621376553677,-1.34013120494708,0.0121145710309808,0.0344073933567096,-0.75652570747877,-1.72976164138085,0.1919903848747,-0.7072041350979,-1.8296866375315,-0.518741287865094,-0.66300894120944,-0.722204300846748,0.241096625512004,-0.652519496519355,-0.773563712336717,-1.29903810567666,-0.273061863279744,-0.0912477665152752,0.102349052298016,-0.897101273363984,-0.996253456998407,-2.56929789722162,-0.172477283773693,-1.3059748702102,1.32450693198308,-1.82365641445348,-1.14760732522009,-0.166169196795117,0.643058861990797,-0.617297391602155,-1.08491104639647,0.374803447051028,-0.276856889330419,-0.297296160086534,-0.772199949954385,-0.0746309983621132,-1.17151269155941,-0.976528240206948,0.250481181687049,-0.947998039688208,-0.577293707811171,-0.474113909857901,-1.40236451070686,-1.59330489692435,-1.2328895654385,-1.76138688486051,-1.05342759613224,-0.525446397101504,-0.80668008259768,-0.337412838985914,-0.157204343988354,-1.07254798192938,-0.98713721784888,-0.0400692645486515,-0.781060722200633,-1.65352059979882,-1.30624010646997,-0.533555199263978,-0.833395300894687,0.503446015735495,-0.260293177206806,-0.767433365470897,0.144297981670382,-0.367874273576268,-0.351419792700035,-0.300787272320472,-0.307438280260022,-0.144533377369862,-0.398266305769519,1.03016099448708,-1.10163569866861,-0.51411787798153,-0.864508047569971,0.0772839693950349,0.00769161593310614,-0.557832774391467,-0.624749884768366,0.10488104246146,0.0526983377035892,-0.296779399476184,-0.894535777632864,-0.330698381750232,-0.441558653263252,0.290709182302516,-0.274181082065236,-0.71903882424823,-0.514048317136495,-0.47370678255741
57,"Mainz","online",1,22,"male","other",4,2,4,3,3,3,3,2,3,2,3,4,3.25,2.75,3,4,5,5,4,5,4,5,5,3,5,5,5,3,2,5,4,5,5,5,5,5,4,4,5,5,5,4,5,5,5,4,5,5,2,4,5,5,5,3,2,5,4,4,3,5,5,4,5,5,5,4.25,4.66666666666667,5,4.75,4.66666666666667,4.33333333333333,5,4.66666666666667,4,4,3.66666666666667,3.33333333333333,4.75,4,5,4.6,4.6,4.6,3.7,4.6,6,5,7,6,6,5,4,7,6,5.5,2,6,2,3,4,3,4,2,3,4,2,3,3,2,2,3,3.4,2.6,3,1.26845119593814,-0.518605300057409,1.57363719554458,0.54360452449115,0.231334196183588,-0.0803083131876254,0.255120278921303,-0.504243179689517,0.897751263368559,0.32010948498164,0.47228981430332,1.12393857012347,0.928823529707821,-0.0363132816463534,0.923776712421544,0.96577229344483,0.825110350930578,1.50142245514155,1.22815304884182,1.20873444603807,0.546583692340883,0.836214124353836,1.65526525318066,-0.0312852467945852,1.2814232144555,1.27941927573611,0.715130526386106,-1.34013120494708,0.0121145710309808,1.04369093182019,1.08000566515935,0.775901312388939,1.13061004426212,1.78215442044671,0.986857224324569,1.36370132376906,0.153002063356025,1.01900058886596,1.9730560577615,1.69122400118282,1.19958430753665,-0.144337567297406,1.3841411690387,1.59923717103088,1.00302071252055,0.689731129772309,0.869072164615631,0.972710692159621,-1.09235613056672,0.0381863997137484,2.27988898128236,1.17600273455411,1.44186561373806,-0.166169196795117,-1.36009794704248,1.92905434875673,0.00619949169369431,0.374803447051028,-0.276856889330419,0.97890199052883,1.77605988489509,-0.0746309983621132,1.3126587989762,1.34602541217714,1.2757064834759,1.3657598876864,1.68056612718363,1.96815091360524,0.88650244958131,0.824123222547078,0.273975458986334,1.8340213955764,1.6882102141343,0.490801579710196,1.10821367801955,0.735803901884945,0.633308928638797,1.41670623547156,0.611661711673233,1.37036884756389,1.78726706183277,0.802341219311664,1.60774716239967,0.958985967418831,1.37782439193142,1.15020878047599,0.350528145305166,1.00201998373711,0.81262547572268,0.842328944169959,0.237626716968595,0.244971077456879,1.45699011079749,1.0386235722625,0.825334912953793,-1.63613805006772,1.11001315645316,-1.36774756217728,-0.06370059297884,0.0772839693950349,0.00769161593310614,0.253560351996121,-1.49741639047656,-0.774121980072685,0.0526983377035892,-1.11292274803569,-0.894535777632864,-0.330698381750232,-1.29556220243174,-1.8411581545826,-1.07844558945659,-0.470899935880214,-1.21177970903385,-1.01508596262302
58,"Mainz","online",1,25,"female","other",3,4,2,3,2,4,3,2,1,1,3,4,3,2.75,2.25,2,5,4,3,4,4,5,2,3,4,4,5,5,2,4,4,4,4,2,5,4,2,3,3,4,5,4,2,3,4,3,4,4,2,4,4,4,3,2,4,4,4,3,4,4,4,5,5,2,4,3.25,4,4.33333333333333,4.5,3.66666666666667,4.33333333333333,4.25,2.66666666666667,3.33333333333333,2.25,2.66666666666667,3,4.25,4,4,3.8,4.2,3.5,2.6,4.1,3,5,5,5,5,5,3,6,4.5,4.75,4,4,3,2,3,1,5,3,4,4,5,4,3,4,4,3.83333333333333,3.6,3.2,3.53333333333333,0.25828191772496,1.48742838807674,-0.304058712359462,0.54360452449115,-0.786536267024197,1.00694269612177,0.255120278921303,-0.504243179689517,-0.756743211530565,-0.520775132283564,0.47228981430332,1.12393857012347,0.617446498796247,-0.0363132816463534,0.0695663723890129,-0.676507162074881,0.825110350930578,0.504251315123012,0.319939029530222,0.100727870503172,0.546583692340883,0.836214124353836,-0.726151786817672,-0.0312852467945852,0.0753778361444409,0.329302007678913,0.715130526386106,1.16905062559213,0.0121145710309808,0.0344073933567096,1.08000566515935,-0.476930164495953,0.1919903848747,-0.7072041350979,0.986857224324569,0.422480017951983,-1.4790199457749,0.148398144009606,0.241096625512004,0.519352252331732,1.19958430753665,-0.144337567297406,-1.10166337943897,-0.0912477665152752,0.102349052298016,-0.103685071795837,-0.0635906461913878,-0.207958837634126,-1.09235613056672,0.0381863997137484,1.32450693198308,-0.323826839949683,-0.284449678900705,-1.05240491303574,0.643058861990797,1.08027043530377,0.00619949169369431,-0.655906032339299,0.642516931842293,-0.297296160086534,0.926639939945262,1.23887457281108,1.3126587989762,-0.976528240206948,0.250481181687049,0.337423031075464,0.927946182185364,1.15406263911753,0.505024622866614,-0.62633364913578,0.273975458986334,0.6355519687641,-0.368018143565608,-0.525446397101504,-0.80668008259768,-0.337412838985914,0.238052292325221,0.586954829671243,0.611661711673233,-0.0400692645486515,0.80885647743909,0.100666413851526,-0.0792980985248617,-0.409176768707077,0.456482853253873,-0.790079513745486,0.350528145305166,-0.177615582401561,0.144297981670382,0.237227335296845,0.237626716968595,-0.300787272320472,0.868847313778322,-0.144533377369862,0.300934390643802,0.141394646302149,-0.364419413628018,-0.51411787798153,-0.864508047569971,-0.722832419635914,-1.34603278829359,1.06495347838371,-0.624749884768366,0.10488104246146,0.0526983377035892,1.33550729764283,-0.162264629431078,-0.330698381750232,0.412444895905236,-0.419913263325856,-0.073114955217396,-0.222761047512197,-0.514048317136495,-0.293247055868873
59,"Mainz","online",1,21,"female","other",1,3,4,1,3,3,3,3,1,1,1,3,2.25,3,1.5,3,4,4,2,5,3,5,4,4,4,3,5,5,1,3,3,5,5,2,3,3,5,4,2,4,4,3,4,3,4,3,1,4,3,5,3,4,5,3,5,3,5,3,3,5,3,5,5,2,3,3,3,3.33333333333333,3.75,4.66666666666667,4.33333333333333,4.5,4.33333333333333,4,2.25,3,2.33333333333333,4,4.33333333333333,4,3.1,4.2,4.3,2.5,4.1,2,4,5,3,2,4,2,2,3.5,2.5,2,6,5,2,1,3,4,3,3,4,6,5,4,3,4,3.5,4,3.8,3.66666666666667,-1.76205663870139,0.484411544009668,1.57363719554458,-1.3698834017177,0.231334196183588,-0.0803083131876254,0.255120278921303,0.481832371703316,-0.756743211530565,-0.520775132283564,-1.29628480947081,0.22068200235301,-0.316684593938476,0.283243596841553,-0.784643967643518,0.144632565684975,-0.169543222793955,0.504251315123012,-0.588274989781376,1.20873444603807,-0.320071531550967,0.836214124353836,0.861459573181214,0.886415325846579,0.0753778361444409,-0.620815260378279,0.715130526386106,1.16905062559213,-1.05396767969532,-0.974876145106769,0.161739978840289,0.775901312388939,1.13061004426212,-0.7072041350979,-0.890838683579476,-0.518741287865094,0.969013067921489,1.01900058886596,-0.624883090612745,0.519352252331732,0.213010297599965,-1.29903810567666,0.55553965287948,-0.0912477665152752,0.102349052298016,-0.103685071795837,-2.86157907861244,-0.207958837634126,-0.172477283773693,1.3823476696377,0.36912488268381,-0.323826839949683,1.44186561373806,-0.166169196795117,1.64463726650744,0.231486521850808,1.09731002978386,-0.655906032339299,-0.276856889330419,0.97890199052883,0.0772199949954384,1.23887457281108,1.3126587989762,-0.976528240206948,-0.774744120101803,0.0803388169227295,-0.200983735312038,-0.0670697726140443,-0.639408857277472,0.824123222547078,0.273975458986334,1.03504177770154,1.34550548785098,0.490801579710196,-0.80668008259768,0.0203260746377058,-0.552460980301929,0.172079126771087,1.1445946881806,-0.0400692645486515,-0.0472527839053763,0.100666413851526,1.14764390942025,-0.533555199263978,0.456482853253873,-1.43684227848598,-0.260293177206806,-0.177615582401561,-1.19235700643421,-1.5780774913225,-0.351419792700035,-0.846545622097823,-1.48372387429837,-0.933304677124768,-1.27226717628617,-1.63613805006772,1.11001315645316,1.19314149040997,-0.864508047569971,-2.32306519769781,0.00769161593310614,0.253560351996121,-0.624749884768366,-0.774121980072685,0.0526983377035892,2.15165064620234,0.570006518770709,0.455827499169239,-0.441558653263252,-0.419913263325856,-0.475247208913075,0.273516729223836,0.183683074760855,-0.112787329180336
60,"Mainz","online",1,24,"female","prefer not to answer",3,3,2,2,3,3,3,2,3,3,3,3,2.5,2.75,3,4,5,4,3,5,5,5,2,2,5,1,5,4,2,5,4,5,5,3,5,4,1,2,3,4,5,4,4,2,1,4,5,4,2,4,4,5,4,3,4,1,4,4,3,4,4,5,4,3,5,4,4.33333333333333,2.33333333333333,5,3.66666666666667,4.33333333333333,4.25,2.66666666666667,4,2.75,2.66666666666667,2.33333333333333,4.75,4.33333333333333,3.33333333333333,3.6,4.4,3.7,2.6,4.2,6,6,6,6,3,3,3,3,6,3,2,5,4,2,3,3,4,4,5,5,3,4,4,3,4,3.5,3.8,3.8,3.66666666666667,0.25828191772496,0.484411544009668,-0.304058712359462,-0.413139438613273,0.231334196183588,-0.0803083131876254,0.255120278921303,-0.504243179689517,0.897751263368559,1.16099410224684,0.47228981430332,0.22068200235301,-0.00530756302690199,-0.0363132816463534,0.923776712421544,0.96577229344483,0.825110350930578,0.504251315123012,0.319939029530222,1.20873444603807,1.41323891623273,0.836214124353836,-0.726151786817672,-0.948985819435749,1.2814232144555,-2.52104979649266,0.715130526386106,-0.0855402896774732,0.0121145710309808,1.04369093182019,1.08000566515935,0.775901312388939,1.13061004426212,0.122582050083636,0.986857224324569,0.422480017951983,-2.29503095034037,-0.722204300846748,0.241096625512004,0.519352252331732,1.19958430753665,-0.144337567297406,0.55553965287948,-0.936490235288351,-2.5996659283696,0.689731129772309,0.869072164615631,-0.207958837634126,-1.09235613056672,0.0381863997137484,1.32450693198308,1.17600273455411,0.578707967418675,-0.166169196795117,0.643058861990797,-1.46608130505512,0.00619949169369431,0.374803447051028,-0.276856889330419,-0.297296160086534,0.926639939945262,1.23887457281108,0.0705730537083977,-0.20234368941225,1.2757064834759,1.10867567353367,1.3042561546845,-1.28820218434561,1.267980276296,-0.62633364913578,0.273975458986334,0.6355519687641,-0.368018143565608,0.490801579710196,-0.259567579564186,-0.337412838985914,-0.552460980301929,1.41670623547156,1.1445946881806,-0.980361339290343,0.564253831340671,0.451503816581596,0.227437403461416,-0.409176768707077,0.640751160989383,1.15020878047599,0.961349467817139,0.412202200667775,0.81262547572268,-0.972975882449382,-0.940466302368666,-0.300787272320472,-0.895581077279193,1.0386235722625,-0.92266682807951,-1.63613805006772,0.37279687141257,0.339511806214219,-0.864508047569971,-0.722832419635914,0.00769161593310614,0.253560351996121,0.247916620939828,0.983884064995606,0.980189081286761,-0.296779399476184,-0.162264629431078,0.455827499169239,-0.441558653263252,-0.419913263325856,-0.475247208913075,0.0253778408558194,0.183683074760855,-0.112787329180336
61,"Mainz","online",1,23,"female","prefer not to answer",1,3,3,3,3,4,4,3,1,0,1,3,2.5,3.5,1.25,1,5,4,2,4,4,5,2,3,4,3,5,4,2,4,2,5,5,3,4,2,4,2,2,4,3,4,3,5,2,2,5,4,5,4,2,5,2,4,4,2,4,3,4,4,1,5,4,4,4,1.5,2.66666666666667,2.66666666666667,5,4.66666666666667,4.33333333333333,4.25,2,3.33333333333333,3.5,3,3.66666666666667,4,4,3.33333333333333,2.2,4.7,3.3,3.4,3.8,4,5,5,5,6,3,1,6,4.75,4,4,6,4,2,3,2,5,5,5,5,5,6,3,4,5,4.5,4.4,4.2,4.26666666666667,-1.76205663870139,0.484411544009668,0.634789241592561,0.54360452449115,0.231334196183588,1.00694269612177,1.29933351357594,0.481832371703316,-0.756743211530565,-1.36165974954877,-1.29628480947081,0.22068200235301,-0.00530756302690199,0.922357353817365,-1.06938074765436,-1.49764688983474,0.825110350930578,0.504251315123012,-0.588274989781376,0.100727870503172,0.546583692340883,0.836214124353836,-0.726151786817672,-0.0312852467945852,0.0753778361444409,-0.620815260378279,0.715130526386106,-0.0855402896774732,0.0121145710309808,0.0344073933567096,-0.75652570747877,0.775901312388939,1.13061004426212,0.122582050083636,0.0480092703725467,-1.45996259368217,0.153002063356025,-0.722204300846748,-0.624883090612745,0.519352252331732,-0.773563712336717,-0.144337567297406,-0.273061863279744,1.59923717103088,-1.69899426814706,-0.897101273363984,0.869072164615631,-0.207958837634126,1.66728040981237,0.0381863997137484,-0.586257166615464,1.17600273455411,-1.14760732522009,0.720066519445508,0.643058861990797,-0.617297391602155,0.00619949169369431,-0.655906032339299,0.642516931842293,-0.297296160086534,-1.62161989490421,1.23887457281108,0.0705730537083977,0.571840861382447,0.250481181687049,-1.46216646799368,-0.577293707811171,-0.881158047101758,1.267980276296,0.824123222547078,0.273975458986334,0.6355519687641,-1.05342759613224,-0.525446397101504,0.561101174986055,0.0203260746377058,1.02856556495237,0.172079126771087,0.611661711673233,-0.980361339290343,-1.14796469134826,0.9777599206767,-0.38603360051114,0.585850675748129,-0.0963220699526522,-0.143316749004995,0.350528145305166,-0.177615582401561,0.144297981670382,0.842328944169959,-0.940466302368666,-1.39230397187517,0.868847313778322,0.0526594475688642,-0.223466131666189,0.141394646302149,1.11001315645316,0.339511806214219,-0.864508047569971,-0.722832419635914,-0.669170586180241,1.06495347838371,1.12058312664802,0.983884064995606,0.980189081286761,1.33550729764283,1.3022776669725,-0.330698381750232,0.412444895905236,0.290709182302516,0.731149552173961,0.76979450595987,0.648837336025757,0.699281440918081
62,"Mainz","online",1,26,"female","other",3,3,3,3,3,3,3,3,3,3,3,3,3,3,3,1,5,2,1,4,4,4,2,2,2,4,4,2,1,2,3,4,4,2,4,4,4,1,2,2,4,5,4,2,2,2,4,4,4,3,4,4,1,4,4,2,4,2,2,4,2,4,4,2,2,2,4,3.33333333333333,4.25,4,4.33333333333333,3.5,1.33333333333333,2.66666666666667,2.25,2.66666666666667,1.66666666666667,3.25,2.66666666666667,2.66666666666667,3,4.2,2.6,2.2,2.9,3,3,5,5,6,3,6,6,4,5.25,3,4,3,3,3,2,4,3,3,5,4,5,4,4,6,4.33333333333333,3.6,3.4,3.73333333333333,0.25828191772496,0.484411544009668,0.634789241592561,0.54360452449115,0.231334196183588,-0.0803083131876254,0.255120278921303,0.481832371703316,0.897751263368559,1.16099410224684,0.47228981430332,0.22068200235301,0.617446498796247,0.283243596841553,0.923776712421544,-1.49764688983474,0.825110350930578,-1.49009096491407,-1.49648900909297,0.100727870503172,0.546583692340883,-0.304667161586281,-0.726151786817672,-0.948985819435749,-2.33671292047767,0.329302007678913,-0.360621376553677,-2.59472212021668,-1.05396767969532,-1.98415968357025,0.161739978840289,-0.476930164495953,0.1919903848747,-0.7072041350979,0.0480092703725467,0.422480017951983,0.153002063356025,-1.5928067457031,-0.624883090612745,-1.82439124537044,0.213010297599965,1.01036297108185,0.55553965287948,-0.936490235288351,-1.69899426814706,-0.897101273363984,-0.0635906461913878,-0.207958837634126,0.747401563019337,-1.3059748702102,1.32450693198308,-0.323826839949683,-2.01076497153947,0.720066519445508,0.643058861990797,-0.617297391602155,0.00619949169369431,-1.68661551172963,-1.19623071050313,-0.297296160086534,-0.772199949954385,-0.0746309983621132,0.0705730537083977,-0.976528240206948,-1.79996942189066,-0.947998039688208,0.927946182185364,-0.0670697726140443,0.123546796151919,-0.142848025241494,0.273975458986334,-0.562917458048204,-1.73883704869888,-1.5416943739132,-0.80668008259768,-0.337412838985914,-1.34297425292908,-1.07254798192938,-1.52007019435625,-1.92065341403204,-0.169554106954586,0.100666413851526,-1.45960785746311,-0.90669049093468,-1.75473683957223,-0.790079513745486,-0.871114499718779,-0.177615582401561,0.144297981670382,0.842328944169959,-0.940466302368666,1.33648777701158,0.868847313778322,-0.538919027247315,0.650534738850462,-0.747371701882785,-0.364419413628018,-0.51411787798153,-0.06370059297884,-0.722832419635914,-0.669170586180241,0.253560351996121,-0.624749884768366,-0.774121980072685,0.980189081286761,0.519363949083322,0.570006518770709,0.455827499169239,0.412444895905236,1.00133162793089,0.530083425326121,-0.222761047512197,-0.281471186504045,-0.022557465836067
63,"Mainz","online",1,20,"female","other",0,0,3,3,4,4,4,3,2,2,3,1,1.5,3.75,2,3,5,3,2,4,4,5,4,3,5,4,5,5,3,5,2,5,4,4,5,2,5,4,3,5,4,4,5,3,5,2,5,4,4,4,4,4,2,4,3,4,4,3,4,3,3,5,5,4,5,2.5,3.33333333333333,4,5,4.66666666666667,4.33333333333333,4,3.33333333333333,4.33333333333333,3.5,3.33333333333333,3.33333333333333,4.5,4.33333333333333,4.33333333333333,3.2,4.7,3.9,3.4,4.4,3,4,6,4,2,3,2,2,4.25,2.25,3,5,4,4,6,4,5,6,5,6,5,6,4,5,6,5,5.2,4.8,4.93333333333333,-2.77222591691457,-2.52463898819156,0.634789241592561,0.54360452449115,1.24920465939137,1.00694269612177,1.29933351357594,0.481832371703316,0.0705040259189969,0.32010948498164,0.47228981430332,-1.58583113318791,-1.2508156866732,1.24191423230527,-0.215170407621831,0.144632565684975,0.825110350930578,-0.492919824895528,-0.588274989781376,0.100727870503172,0.546583692340883,0.836214124353836,0.861459573181214,-0.0312852467945852,1.2814232144555,0.329302007678913,0.715130526386106,1.16905062559213,1.07819682175728,1.04369093182019,-0.75652570747877,0.775901312388939,0.1919903848747,0.952368235265172,0.986857224324569,-1.45996259368217,0.969013067921489,1.01900058886596,0.241096625512004,1.69122400118282,0.213010297599965,-0.144337567297406,1.3841411690387,-0.0912477665152752,1.00302071252055,-0.897101273363984,0.869072164615631,-0.207958837634126,0.747401563019337,0.0381863997137484,1.32450693198308,-0.323826839949683,-1.14760732522009,0.720066519445508,-0.358519542525843,1.08027043530377,0.00619949169369431,-0.655906032339299,0.642516931842293,-1.5734943107019,0.0772199949954384,1.23887457281108,1.3126587989762,0.571840861382447,1.2757064834759,-0.433829611382739,0.175326237187096,0.747018501873669,1.267980276296,0.824123222547078,0.273975458986334,0.236062159826666,0.317391309001027,0.998925568116045,0.561101174986055,0.378064988261326,0.633308928638797,1.0018305325714,1.1445946881806,0.430076772822194,0.0750485391438333,0.9777599206767,0.534172905447694,0.585850675748129,1.0092877764604,-0.790079513745486,-0.260293177206806,0.412202200667775,-0.524029512381915,-1.5780774913225,-0.940466302368666,-0.846545622097823,-1.48372387429837,-0.341726202308589,-1.4470673503895,-0.747371701882785,0.37279687141257,0.339511806214219,0.737106861612291,1.67751674745693,0.684553818046453,1.06495347838371,1.99324963235621,0.983884064995606,1.90767982486993,1.33550729764283,1.3022776669725,0.455827499169239,1.26644844507372,1.00133162793089,1.33434793271748,1.76235005943194,1.34656872792311,1.60158007436077
64,"Mainz","online",1,22,"female","other",4,4,4,4,1,2,1,1,3,3,3,1,4,1.25,2.5,1,5,2,1,5,2,4,1,1,3,1,5,3,1,5,1,5,1,1,3,2,4,1,1,4,3,5,1,2,4,1,5,3,1,3,1,4,1,1,5,1,5,2,1,5,1,4,3,1,5,1,1.66666666666667,1.66666666666667,4.75,4,5,2.25,1,2,1,1,1.33333333333333,4,4,4.66666666666667,1.4,4.6,1.8,1.1,4.2,6,3,5,3,7,7,7,7,4.25,7,3,1,1,2,1,2,3,3,3,3,2,3,1,2,2,2.66666666666667,1.6,2.2,2.13333333333333,1.26845119593814,1.48742838807674,1.57363719554458,1.50034848759557,-1.80440673023198,-1.16755932249702,-1.83330619038797,-1.49031873108235,0.897751263368559,1.16099410224684,0.47228981430332,-1.58583113318791,1.86295462244254,-1.95365455257379,0.354303152399856,-1.49764688983474,0.825110350930578,-1.49009096491407,-1.49648900909297,1.20873444603807,-1.18672675544282,-0.304667161586281,-1.51995746681711,-1.86668639207691,-1.13066754216661,-2.52104979649266,0.715130526386106,-1.34013120494708,-1.05396767969532,1.04369093182019,-1.67479139379783,0.775901312388939,-2.62386859328756,-1.53699032027944,-0.890838683579476,-1.45996259368217,0.153002063356025,-1.5928067457031,-1.49086280673749,0.519352252331732,-0.773563712336717,1.01036297108185,-1.93026489559819,-0.936490235288351,0.102349052298016,-1.69051747493213,0.869072164615631,-1.38862836742787,-2.01223497735975,-1.3059748702102,-1.54163921591474,-0.323826839949683,-2.01076497153947,-1.93864062927637,1.64463726650744,-1.46608130505512,1.09731002978386,-1.68661551172963,-2.11560453167584,0.97890199052883,-1.62161989490421,-0.0746309983621132,-1.17151269155941,-1.75071279100165,1.2757064834759,-1.97633489629915,-1.70622362530857,-2.10229045883333,0.88650244958131,-0.142848025241494,1.27855214193623,-2.56036650273538,-2.0815417749822,-2.5579423507249,-2.17446134018142,-2.12610740710401,-1.73823088924266,0.172079126771087,0.611661711673233,0.900222810193041,-2.12637527574194,0.802341219311664,-2.68654986540822,-2.27485322706059,0.640751160989383,1.15020878047599,-0.871114499718779,-0.177615582401561,-1.19235700643421,1.44743055304307,1.41571973630586,1.88224612678893,1.45699011079749,-0.341726202308589,1.87413595757377,-0.747371701882785,-2.57606826874978,-2.22137724637303,-0.864508047569971,-2.32306519769781,-0.669170586180241,-0.557832774391467,-0.624749884768366,-0.774121980072685,-0.874792405879583,-1.11292274803569,-0.894535777632864,-1.90375014358917,-1.29556220243174,-1.8411581545826,-1.48057784315227,-2.70414993119236,-1.67693397029875,-2.18807418609851
65,"Mainz","online",1,25,"female","prefer not to answer",1,1,0,0,4,3,3,3,3,1,3,1,0.5,3.25,2,4,5,4,5,3,5,5,2,4,5,5,5,4,5,5,5,4,5,4,5,5,5,2,5,4,5,4,2,5,5,5,5,2,5,5,4,5,5,5,3,4,4,3,5,1,5,4,4,5,5,4.75,4.66666666666667,4.66666666666667,4.5,5,4.33333333333333,3.75,3,3,4.75,4.66666666666667,5,4.5,4,3.66666666666667,4.7,4.6,3.3,4.8,4.1,5,6,6,6,3,2,6,2,5.75,3.25,3,5,5,4,6,4,5,5,6,5,4,5,6,4,5,4.5,5.2,4.8,4.8,-1.76205663870139,-1.52162214412449,-2.18175462026351,-2.32662736482212,1.24920465939137,-0.0803083131876254,0.255120278921303,0.481832371703316,0.897751263368559,-0.520775132283564,0.47228981430332,-1.58583113318791,-2.4963238103195,0.602800475329459,-0.215170407621831,0.96577229344483,0.825110350930578,0.504251315123012,2.13636706815342,-1.00727870503172,1.41323891623273,0.836214124353836,-0.726151786817672,0.886415325846579,1.2814232144555,1.27941927573611,0.715130526386106,-0.0855402896774732,3.21036132320988,1.04369093182019,1.99827135147841,-0.476930164495953,1.13061004426212,0.952368235265172,0.986857224324569,1.36370132376906,0.969013067921489,-0.722204300846748,1.9730560577615,0.519352252331732,1.19958430753665,-0.144337567297406,-1.10166337943897,1.59923717103088,1.00302071252055,1.48314733134046,0.869072164615631,-2.56929789722162,1.66728040981237,1.3823476696377,1.32450693198308,1.17600273455411,1.44186561373806,1.60630223568613,-0.358519542525843,1.08027043530377,0.00619949169369431,-0.655906032339299,1.561890753015,-4.12589061193263,1.77605988489509,-0.0746309983621132,0.0705730537083977,1.34602541217714,1.2757064834759,1.87992831599187,1.68056612718363,1.56110677636138,0.505024622866614,1.30760884644136,0.273975458986334,-0.163427649110769,-0.0253134172822903,-1.03357038550735,1.92888243256979,1.8090206427558,2.60959211020667,1.0018305325714,0.611661711673233,-0.510215301919498,1.90956838488198,0.802341219311664,-0.38603360051114,2.32714870354474,0.456482853253873,0.503446015735495,0.961349467817139,0.412202200667775,0.81262547572268,-0.972975882449382,-1.5295128120373,1.33648777701158,-1.48372387429837,0.84143074732377,-0.74786665397618,-0.747371701882785,0.37279687141257,1.19314149040997,0.737106861612291,1.67751674745693,0.684553818046453,1.06495347838371,1.12058312664802,1.86288708752975,0.980189081286761,0.519363949083322,0.570006518770709,2.02887926100818,0.412444895905236,0.290709182302516,0.731149552173961,1.76235005943194,1.34656872792311,1.42112034767223
66,"Mainz","online",1,26,"female","prefer not to answer",3,3,3,3,3,3,3,3,1,1,1,3,3,3,1.5,1,5,4,4,4,1,4,5,4,2,4,5,3,2,2,1,5,5,1,1,3,5,5,4,2,4,5,4,5,4,1,4,5,5,4,1,5,5,5,2,1,5,4,4,4,1,5,4,5,2,1,1.66666666666667,3,4.75,4.66666666666667,5,4.5,5,3.66666666666667,3.75,4.33333333333333,3.66666666666667,2.75,2,3.33333333333333,1.8,4.8,4.4,3.9,2.7,1,1,1,1,6,6,2,5,1,4.75,4,4,3,2,3,3,4,4,3,3,3,3,3,3,4,3.33333333333333,3.4,3,3.26666666666667,0.25828191772496,0.484411544009668,0.634789241592561,0.54360452449115,0.231334196183588,-0.0803083131876254,0.255120278921303,0.481832371703316,-0.756743211530565,-0.520775132283564,-1.29628480947081,0.22068200235301,0.617446498796247,0.283243596841553,-0.784643967643518,-1.49764688983474,0.825110350930578,0.504251315123012,1.22815304884182,0.100727870503172,-2.05338197933467,-0.304667161586281,1.65526525318066,0.886415325846579,-2.33671292047767,0.329302007678913,0.715130526386106,-1.34013120494708,0.0121145710309808,-1.98415968357025,-1.67479139379783,0.775901312388939,1.13061004426212,-1.53699032027944,-2.76853459148352,-0.518741287865094,0.969013067921489,1.88960303372231,1.10707634163675,-1.82439124537044,0.213010297599965,1.01036297108185,0.55553965287948,1.59923717103088,0.102349052298016,-1.69051747493213,-0.0635906461913878,0.972710692159621,1.66728040981237,0.0381863997137484,-1.54163921591474,1.17600273455411,1.44186561373806,1.60630223568613,-1.36009794704248,-1.46608130505512,1.09731002978386,0.374803447051028,0.642516931842293,-0.297296160086534,-1.62161989490421,1.23887457281108,0.0705730537083977,1.34602541217714,-1.79996942189066,-1.97633489629915,-1.70622362530857,-0.474113909857901,0.88650244958131,0.824123222547078,1.27855214193623,1.03504177770154,2.03091494041762,-0.0173224086956545,0.834657426502802,1.45128172913218,1.02856556495237,-1.90229938772969,-2.58593614737099,-0.980361339290343,-1.6371699835451,1.15317862204173,1.30101166041339,1.20774282853263,-2.12327345504325,-2.08360504322647,-2.09275714474272,-2.5368867146789,-2.52901199453881,0.842328944169959,0.826673226637226,-0.846545622097823,0.28070451675915,-2.90523292651203,0.300934390643802,0.141394646302149,-0.364419413628018,-0.51411787798153,-0.864508047569971,-0.722832419635914,0.00769161593310614,0.253560351996121,0.247916620939828,-0.774121980072685,-0.874792405879583,-0.296779399476184,-0.894535777632864,-0.330698381750232,-0.441558653263252,-0.419913263325856,-0.676313335760914,-0.470899935880214,-0.746625447768946,-0.654166509245947
67,"Mainz","online",1,24,"female","prefer not to answer",3,1,3,3,2,2,2,2,3,3,4,3,2.5,2,3.25,4,3,4,4,5,3,4,4,4,5,4,5,4,2,5,3,4,4,2,5,3,5,2,3,4,3,2,4,3,5,3,3,4,4,4,3,4,4,4,4,3,4,5,4,4,3,4,4,3,4,3.25,3,3.33333333333333,3.5,4.33333333333333,3.66666666666667,4,3.33333333333333,4.33333333333333,3.25,3.66666666666667,3,4.5,4.33333333333333,4.66666666666667,3.2,3.8,3.9,3.3,4.5,6,6,7,6,5,3,1,2,6.25,2.75,4,6,4,2,4,2,6,5,5,5,4,5,3,4,4,4.33333333333333,4.4,4,4.2,0.25828191772496,-1.52162214412449,0.634789241592561,0.54360452449115,-0.786536267024197,-1.16755932249702,-0.789092955733334,-0.504243179689517,0.897751263368559,1.16099410224684,1.35657712619039,0.22068200235301,-0.00530756302690199,-0.994983917110072,1.20851349243239,0.96577229344483,-1.16419679651849,0.504251315123012,1.22815304884182,1.20873444603807,-0.320071531550967,-0.304667161586281,0.861459573181214,0.886415325846579,1.2814232144555,0.329302007678913,0.715130526386106,-0.0855402896774732,0.0121145710309808,1.04369093182019,0.161739978840289,-0.476930164495953,0.1919903848747,-0.7072041350979,0.986857224324569,-0.518741287865094,0.969013067921489,-0.722204300846748,0.241096625512004,0.519352252331732,-0.773563712336717,-2.45373864405591,0.55553965287948,-0.0912477665152752,1.00302071252055,-0.103685071795837,-0.996253456998407,-0.207958837634126,0.747401563019337,0.0381863997137484,0.36912488268381,-0.323826839949683,0.578707967418675,0.720066519445508,0.643058861990797,0.231486521850808,0.00619949169369431,1.40551292644135,0.642516931842293,-0.297296160086534,0.0772199949954384,-0.0746309983621132,0.0705730537083977,-0.20234368941225,0.250481181687049,0.337423031075464,-0.200983735312038,-0.0670697726140443,-1.02088668399217,0.340637598652792,-0.730601223963557,0.236062159826666,0.317391309001027,0.998925568116045,0.287544923469308,0.735803901884945,0.238052292325221,1.0018305325714,1.1445946881806,0.900222810193041,0.0750485391438333,-0.601008391608614,0.534172905447694,0.461472245191228,1.19355608419591,1.15020878047599,0.961349467817139,1.00201998373711,0.81262547572268,0.237227335296845,-0.940466302368666,-1.39230397187517,-1.48372387429837,1.23581639720122,-1.09746700218284,0.141394646302149,1.11001315645316,0.339511806214219,-0.864508047569971,0.0772839693950349,-0.669170586180241,1.8763466047713,1.12058312664802,0.983884064995606,0.980189081286761,0.519363949083322,0.570006518770709,-0.330698381750232,0.412444895905236,-0.419913263325856,0.530083425326121,0.76979450595987,0.416260205393306,0.609051577573813
68,"Mainz","online",1,27,"female","prefer not to answer",3,2,3,2,2,2,1,1,2,1,2,3,2.5,1.5,2,3,4,3,3,4,4,4,2,4,4,4,5,4,1,3,4,4,3,3,1,4,2,2,2,3,4,4,2,2,3,2,4,3,3,5,3,4,2,2,4,3,4,3,2,5,3,4,4,4,2,3,3.66666666666667,3.66666666666667,4,3.33333333333333,4.33333333333333,3.25,2,3,3.25,2.66666666666667,1.66666666666667,3,3.66666666666667,3.66666666666667,3.4,3.9,2.8,2.6,3.4,3,5,4,5,6,2,2,5,4.25,3.75,3,3,3,4,4,4,3,3,4,4,4,3,4,3,5,3.66666666666667,3.6,3.4,3.6,0.25828191772496,-0.518605300057409,0.634789241592561,-0.413139438613273,-0.786536267024197,-1.16755932249702,-1.83330619038797,-1.49031873108235,0.0705040259189969,-0.520775132283564,-0.411997497583747,0.22068200235301,-0.00530756302690199,-1.63409767408588,-0.215170407621831,0.144632565684975,-0.169543222793955,-0.492919824895528,0.319939029530222,0.100727870503172,0.546583692340883,-0.304667161586281,-0.726151786817672,0.886415325846579,0.0753778361444409,0.329302007678913,0.715130526386106,-0.0855402896774732,-1.05396767969532,-0.974876145106769,1.08000566515935,-0.476930164495953,-0.74662927451272,0.122582050083636,-2.76853459148352,0.422480017951983,-1.4790199457749,-0.722204300846748,-0.624883090612745,-0.652519496519355,0.213010297599965,-0.144337567297406,-1.10166337943897,-0.936490235288351,-0.798322607924522,-0.897101273363984,-0.0635906461913878,-1.38862836742787,-0.172477283773693,1.3823476696377,0.36912488268381,-0.323826839949683,-1.14760732522009,-1.05240491303574,0.643058861990797,0.231486521850808,0.00619949169369431,-0.655906032339299,-1.19623071050313,0.97890199052883,0.0772199949954384,-0.0746309983621132,0.0705730537083977,0.571840861382447,-1.79996942189066,0.0803388169227295,0.55163620968623,0.339974364629812,-0.257931030562777,-1.10981927303007,0.273975458986334,-0.962407266985639,-1.05342759613224,-1.03357038550735,0.287544923469308,-0.337412838985914,-1.34297425292908,-1.48742368482954,0.0787287351658617,-0.510215301919498,0.319651185242252,-0.425589690243579,-1.15287235547683,-0.409176768707077,-0.833395300894687,-0.790079513745486,0.350528145305166,-0.767433365470897,0.144297981670382,0.842328944169959,-1.5295128120373,-0.846545622097823,0.28070451675915,-0.341726202308589,-0.398266305769519,-0.747371701882785,-1.10163569866861,-0.51411787798153,0.737106861612291,0.0772839693950349,0.684553818046453,-0.557832774391467,-0.624749884768366,0.10488104246146,0.0526983377035892,0.519363949083322,-0.894535777632864,0.455827499169239,-0.441558653263252,0.290709182302516,-0.274181082065236,-0.222761047512197,-0.281471186504045,-0.203017192524604
69,"Mainz","online",1,21,"female","other",2,1,1,1,3,3,3,3,0,0,1,1,1.25,3,0.5,1,4,4,2,5,4,5,5,3,4,4,5,4,2,4,3,5,5,3,4,4,5,4,2,4,5,5,5,5,4,2,5,5,4,5,2,5,4,3,4,1,4,2,4,2,4,4,4,4,4,2.5,3.33333333333333,3.33333333333333,4.5,5,4.66666666666667,4.5,4.33333333333333,3.66666666666667,3.25,2.66666666666667,3.66666666666667,4.5,4,3.33333333333333,3,4.7,4.2,3.2,4,2,1,1,3,5,4,5,4,1.75,4.5,5,5,5,3,4,6,5,4,4,4,4,5,3,3,5,4.5,4,4.6,4.33333333333333,-0.751887360488216,-1.52162214412449,-1.24290666631148,-1.3698834017177,0.231334196183588,-0.0803083131876254,0.255120278921303,0.481832371703316,-1.58399044898013,-1.36165974954877,-1.29628480947081,-1.58583113318791,-1.56219271758477,0.283243596841553,-1.92359108768689,-1.49764688983474,-0.169543222793955,0.504251315123012,-0.588274989781376,1.20873444603807,0.546583692340883,0.836214124353836,1.65526525318066,-0.0312852467945852,0.0753778361444409,0.329302007678913,0.715130526386106,-0.0855402896774732,0.0121145710309808,0.0344073933567096,0.161739978840289,0.775901312388939,1.13061004426212,0.122582050083636,0.0480092703725467,0.422480017951983,0.969013067921489,1.01900058886596,-0.624883090612745,0.519352252331732,1.19958430753665,1.01036297108185,1.3841411690387,1.59923717103088,0.102349052298016,-0.897101273363984,0.869072164615631,0.972710692159621,0.747401563019337,1.3823476696377,-0.586257166615464,1.17600273455411,0.578707967418675,-0.166169196795117,0.643058861990797,-1.46608130505512,0.00619949169369431,-1.68661551172963,0.642516931842293,-2.84969246131726,0.926639939945262,-0.0746309983621132,0.0705730537083977,0.571840861382447,0.250481181687049,-0.433829611382739,0.175326237187096,-0.0670697726140443,0.505024622866614,1.30760884644136,0.77626380046128,1.03504177770154,1.34550548785098,-0.0173224086956545,0.287544923469308,-0.337412838985914,1.02856556495237,1.0018305325714,0.611661711673233,-0.980361339290343,-0.169554106954586,0.9777599206767,0.994276158427111,0.337093814634327,0.272214545518365,-1.43684227848598,-2.09275714474272,-2.5368867146789,-1.19235700643421,0.237227335296845,-0.351419792700035,0.790729427234231,-0.307438280260022,-2.31365445169585,0.126134216540471,1.03016099448708,0.37279687141257,1.19314149040997,-0.06370059297884,0.0772839693950349,2.03827822227315,1.06495347838371,0.247916620939828,0.10488104246146,0.0526983377035892,0.519363949083322,0.570006518770709,-0.330698381750232,-0.441558653263252,0.290709182302516,0.731149552173961,0.273516729223836,1.11399159729066,0.789511304262349
70,"Mainz","online",1,27,"male","prefer not to answer",1,3,4,3,3,4,4,4,2,1,1,4,2.75,3.75,2,1,2,2,4,5,2,3,2,4,5,1,5,5,1,5,1,3,4,1,1,1,4,3,4,5,5,5,3,4,5,1,2,3,4,5,2,5,2,4,5,3,2,2,4,5,3,5,5,1,5,1.5,1.66666666666667,3,3,4,4,3.5,2.33333333333333,3.33333333333333,2.5,4,3,4,5,5,2,3.6,3.1,3.1,4.6,4,4,5,5,6,7,3,6,4.5,5.5,4,6,4,3,3,2,4,4,5,4,4,5,4,6,6,4.33333333333333,4.2,4.4,4.26666666666667,-1.76205663870139,0.484411544009668,1.57363719554458,0.54360452449115,0.231334196183588,1.00694269612177,1.29933351357594,1.46790792309615,0.0705040259189969,-0.520775132283564,-1.29628480947081,1.12393857012347,0.306069467884672,1.24191423230527,-0.215170407621831,-1.49764688983474,-2.15885037024302,-1.49009096491407,1.22815304884182,1.20873444603807,-1.18672675544282,-1.4455484475264,-0.726151786817672,0.886415325846579,1.2814232144555,-2.52104979649266,0.715130526386106,1.16905062559213,-1.05396767969532,1.04369093182019,-1.67479139379783,-1.72976164138085,0.1919903848747,-1.53699032027944,-2.76853459148352,-2.40118389949925,0.153002063356025,0.148398144009606,1.10707634163675,1.69122400118282,1.19958430753665,1.01036297108185,-0.273061863279744,0.753994702257801,1.00302071252055,-1.69051747493213,-1.92891626780543,-1.38862836742787,0.747401563019337,1.3823476696377,-0.586257166615464,1.17600273455411,-1.14760732522009,0.720066519445508,1.64463726650744,0.231486521850808,-2.17602158448664,-1.68661551172963,0.642516931842293,0.97890199052883,0.0772199949954384,1.23887457281108,1.3126587989762,-1.75071279100165,1.2757064834759,-1.46216646799368,-1.70622362530857,-0.474113909857901,-1.78384233742156,-0.142848025241494,-0.228312882488611,-0.562917458048204,-0.710722869848925,-0.525446397101504,-0.533123831080933,1.09354281550856,0.238052292325221,0.172079126771087,2.21046064119535,1.37036884756389,-1.39256733744668,-0.951845794338683,-0.692769102497417,0.212715384077427,1.37782439193142,-0.143316749004995,-0.260293177206806,-0.177615582401561,0.144297981670382,0.842328944169959,1.41571973630586,-0.300787272320472,0.868847313778322,-0.144533377369862,0.825334912953793,0.141394646302149,1.11001315645316,0.339511806214219,-0.06370059297884,-0.722832419635914,-0.669170586180241,0.253560351996121,0.247916620939828,0.983884064995606,0.0526983377035892,0.519363949083322,0.570006518770709,0.455827499169239,2.12045199424221,1.00133162793089,0.530083425326121,0.521655617591853,0.881414466658207,0.699281440918081
71,"Mainz","online",1,23,"female","prefer not to answer",3,3,3,3,3,3,3,3,3,3,3,3,3,3,3,4,5,4,2,4,4,4,4,2,5,4,4,4,2,5,4,5,4,2,4,4,5,4,2,4,4,4,4,2,4,4,4,4,2,4,4,4,4,2,4,4,4,4,2,5,4,4,4,2,4,4,4,4,4.5,4.33333333333333,4,4,4,4,2,2,2,4,4.33333333333333,4.66666666666667,4,4.3,4,2,4.3,5,6,5,6,4,5,3,5,5.5,4.25,4,5,3,3,5,5,4,3,3,4,4,3,3,3,5,3.83333333333333,4,3.4,3.8,0.25828191772496,0.484411544009668,0.634789241592561,0.54360452449115,0.231334196183588,-0.0803083131876254,0.255120278921303,0.481832371703316,0.897751263368559,1.16099410224684,0.47228981430332,0.22068200235301,0.617446498796247,0.283243596841553,0.923776712421544,0.96577229344483,0.825110350930578,0.504251315123012,-0.588274989781376,0.100727870503172,0.546583692340883,-0.304667161586281,0.861459573181214,-0.948985819435749,1.2814232144555,0.329302007678913,-0.360621376553677,-0.0855402896774732,0.0121145710309808,1.04369093182019,1.08000566515935,0.775901312388939,0.1919903848747,-0.7072041350979,0.0480092703725467,0.422480017951983,0.969013067921489,1.01900058886596,-0.624883090612745,0.519352252331732,0.213010297599965,-0.144337567297406,0.55553965287948,-0.936490235288351,0.102349052298016,0.689731129772309,-0.0635906461913878,-0.207958837634126,-1.09235613056672,0.0381863997137484,1.32450693198308,-0.323826839949683,0.578707967418675,-1.05240491303574,0.643058861990797,1.08027043530377,0.00619949169369431,0.374803447051028,-1.19623071050313,0.97890199052883,0.926639939945262,-0.0746309983621132,0.0705730537083977,-0.976528240206948,0.250481181687049,1.10867567353367,0.927946182185364,0.747018501873669,0.505024622866614,0.340637598652792,-0.228312882488611,0.236062159826666,1.00280076156766,0.490801579710196,-1.08023633411443,-1.05289066623315,-0.947717616615505,0.172079126771087,1.1445946881806,0.900222810193041,1.05345912353751,0.27608511521656,0.687540656440833,-1.15544735204848,0.825019468724891,0.503446015735495,0.961349467817139,-0.177615582401561,0.81262547572268,-0.367874273576268,0.237626716968595,-0.300787272320472,0.28070451675915,0.644237922385043,-0.0486659575628588,0.141394646302149,0.37279687141257,-0.51411787798153,-0.06370059297884,0.877400358425984,1.3614160201598,0.253560351996121,-0.624749884768366,-0.774121980072685,0.0526983377035892,0.519363949083322,-0.894535777632864,-0.330698381750232,-0.441558653263252,0.290709182302516,-0.073114955217396,0.273516729223836,-0.281471186504045,0.0676723975082011
72,"Mainz","online",1,28,"female","prefer not to answer",1,3,1,1,3,4,3,3,1,1,3,3,1.5,3.25,2,4,5,4,4,4,4,5,3,3,4,4,4,5,3,3,4,5,5,4,4,4,4,3,3,4,4,4,2,3,2,3,5,4,4,4,3,4,4,4,2,4,4,4,4,4,4,5,4,4,4,3.75,3.66666666666667,4,5,4.33333333333333,4,4.25,3.33333333333333,3.66666666666667,4,3.33333333333333,3.33333333333333,4,3.33333333333333,3,3.8,4.5,3.8,3.6,3.5,5,5,6,6,3,5,4,2,5.5,3.5,4,5,5,3,3,4,3,2,3,2,2,5,4,4,3,3.33333333333333,3.2,4.2,3.46666666666667,-1.76205663870139,0.484411544009668,-1.24290666631148,-1.3698834017177,0.231334196183588,1.00694269612177,0.255120278921303,0.481832371703316,-0.756743211530565,-0.520775132283564,0.47228981430332,0.22068200235301,-1.2508156866732,0.602800475329459,-0.215170407621831,0.96577229344483,0.825110350930578,0.504251315123012,1.22815304884182,0.100727870503172,0.546583692340883,0.836214124353836,0.0676538931817709,-0.0312852467945852,0.0753778361444409,0.329302007678913,-0.360621376553677,1.16905062559213,1.07819682175728,-0.974876145106769,1.08000566515935,0.775901312388939,1.13061004426212,0.952368235265172,0.0480092703725467,0.422480017951983,0.153002063356025,0.148398144009606,0.241096625512004,0.519352252331732,0.213010297599965,-0.144337567297406,-1.10166337943897,-0.0912477665152752,-1.69899426814706,-0.103685071795837,0.869072164615631,-0.207958837634126,0.747401563019337,0.0381863997137484,0.36912488268381,-0.323826839949683,0.578707967418675,0.720066519445508,-1.36009794704248,1.08027043530377,0.00619949169369431,0.374803447051028,0.642516931842293,-0.297296160086534,0.926639939945262,1.23887457281108,0.0705730537083977,0.571840861382447,0.250481181687049,0.851591459380933,0.55163620968623,0.747018501873669,1.267980276296,0.340637598652792,-0.228312882488611,0.6355519687641,0.317391309001027,-0.0173224086956545,1.10821367801955,0.378064988261326,0.633308928638797,0.172079126771087,-0.454204241341509,-1.45050737666119,0.80885647743909,0.62692251794663,0.380805154454555,0.83460753686193,-0.649126993159178,0.503446015735495,0.350528145305166,0.412202200667775,0.81262547572268,-0.972975882449382,0.237626716968595,0.244971077456879,-1.48372387429837,0.644237922385043,-0.57306647987285,0.141394646302149,0.37279687141257,1.19314149040997,-0.06370059297884,-0.722832419635914,0.684553818046453,-0.557832774391467,-1.49741639047656,-0.774121980072685,-1.80228314946276,-1.11292274803569,0.570006518770709,0.455827499169239,0.412444895905236,-1.13053570895423,-0.676313335760914,-0.71903882424823,0.648837336025757,-0.383476919213141
73,"Mainz","online",1,31,"female","prefer not to answer",3,2,2,3,3,3,3,3,2,2,3,1,2.5,3,2,3,4,3,1,5,5,5,2,2,5,4,5,4,2,5,3,5,4,1,5,5,2,3,2,4,5,4,3,2,5,2,4,4,4,4,3,5,3,2,4,4,5,3,2,4,4,5,4,1,5,3,4.33333333333333,4.33333333333333,4.5,4,4.66666666666667,3.75,2.66666666666667,3.33333333333333,1.75,2,2,4.75,4.33333333333333,4.66666666666667,3.8,4.4,3.3,1.9,4.6,3,5,5,7,5,5,4,5,5,4.75,4,5,4,4,4,2,5,4,5,4,3,5,2,4,6,4.66666666666667,3.6,4,4.06666666666667,0.25828191772496,-0.518605300057409,-0.304058712359462,0.54360452449115,0.231334196183588,-0.0803083131876254,0.255120278921303,0.481832371703316,0.0705040259189969,0.32010948498164,0.47228981430332,-1.58583113318791,-0.00530756302690199,0.283243596841553,-0.215170407621831,0.144632565684975,-0.169543222793955,-0.492919824895528,-1.49648900909297,1.20873444603807,1.41323891623273,0.836214124353836,-0.726151786817672,-0.948985819435749,1.2814232144555,0.329302007678913,0.715130526386106,-0.0855402896774732,0.0121145710309808,1.04369093182019,0.161739978840289,0.775901312388939,0.1919903848747,-1.53699032027944,0.986857224324569,1.36370132376906,-1.4790199457749,0.148398144009606,-0.624883090612745,0.519352252331732,1.19958430753665,-0.144337567297406,-0.273061863279744,-0.936490235288351,1.00302071252055,-0.897101273363984,-0.0635906461913878,-0.207958837634126,0.747401563019337,0.0381863997137484,0.36912488268381,1.17600273455411,-0.284449678900705,-1.05240491303574,0.643058861990797,1.08027043530377,1.09731002978386,-0.655906032339299,-1.19623071050313,-0.297296160086534,0.926639939945262,1.23887457281108,0.0705730537083977,-1.75071279100165,1.2757064834759,0.0803388169227295,1.3042561546845,1.15406263911753,0.505024622866614,-0.142848025241494,0.77626380046128,-0.163427649110769,-0.368018143565608,-0.525446397101504,-1.35379258563117,-1.05289066623315,-0.947717616615505,1.41670623547156,1.1445946881806,0.900222810193041,0.80885647743909,0.451503816581596,-0.38603360051114,-1.27982578260538,1.37782439193142,-0.790079513745486,0.350528145305166,-0.177615582401561,1.48095296977498,0.237227335296845,0.237626716968595,0.244971077456879,0.28070451675915,0.249852272507591,0.300934390643802,0.141394646302149,0.37279687141257,0.339511806214219,0.737106861612291,0.0772839693950349,-0.669170586180241,1.06495347838371,0.247916620939828,0.983884064995606,0.0526983377035892,-0.296779399476184,0.570006518770709,-1.1172242626697,0.412444895905236,1.00133162793089,0.9322156790218,-0.222761047512197,0.416260205393306,0.428591850885275
74,"Mainz","online",1,19,"female","other",2,2,1,2,3,3,2,2,4,3,4,4,1.75,2.5,3.75,2,4,4,3,4,4,5,4,3,4,3,4,5,1,4,3,4,4,3,4,3,1,3,3,4,4,3,4,2,4,1,4,5,3,4,3,3,4,4,4,3,5,3,3,5,2,3,4,4,3,2,3.33333333333333,3.33333333333333,3.75,3,4,4.25,3.66666666666667,4,3.25,3.33333333333333,2,3.75,4,4.33333333333333,2.8,3.6,4,2.9,4,6,6,7,5,4,6,2,3,6,3.75,3,5,4,5,4,5,5,4,6,4,4,5,3,4,5,4.5,4,4.8,4.4,-0.751887360488216,-0.518605300057409,-1.24290666631148,-0.413139438613273,0.231334196183588,-0.0803083131876254,-0.789092955733334,-0.504243179689517,1.72499850081812,1.16099410224684,1.35657712619039,1.12393857012347,-0.939438655761625,-0.35587016013426,1.77798705245407,-0.676507162074881,-0.169543222793955,0.504251315123012,0.319939029530222,0.100727870503172,0.546583692340883,0.836214124353836,0.861459573181214,-0.0312852467945852,0.0753778361444409,-0.620815260378279,-0.360621376553677,1.16905062559213,-1.05396767969532,0.0344073933567096,0.161739978840289,-0.476930164495953,0.1919903848747,0.122582050083636,0.0480092703725467,-0.518741287865094,-2.29503095034037,0.148398144009606,0.241096625512004,0.519352252331732,0.213010297599965,-1.29903810567666,0.55553965287948,-0.936490235288351,0.102349052298016,-1.69051747493213,-0.0635906461913878,0.972710692159621,-0.172477283773693,0.0381863997137484,0.36912488268381,-1.82365641445348,0.578707967418675,0.720066519445508,0.643058861990797,0.231486521850808,1.09731002978386,-0.655906032339299,-0.276856889330419,0.97890199052883,-0.772199949954385,-1.38813656953531,0.0705730537083977,0.571840861382447,-0.774744120101803,-0.947998039688208,0.175326237187096,-0.0670697726140443,-0.639408857277472,-1.59330489692435,-0.228312882488611,0.6355519687641,0.660096035284345,0.490801579710196,0.287544923469308,0.378064988261326,-0.947717616615505,-0.242796576129069,0.611661711673233,0.430076772822194,-0.414156753053005,-0.951845794338683,0.687540656440833,-0.036041477036375,0.272214545518365,1.15020878047599,0.961349467817139,1.00201998373711,0.144297981670382,-0.367874273576268,0.826673226637226,-0.846545622097823,-0.895581077279193,1.0386235722625,-0.398266305769519,-0.747371701882785,0.37279687141257,0.339511806214219,1.53791431620342,0.0772839693950349,1.3614160201598,1.06495347838371,0.247916620939828,1.86288708752975,0.0526983377035892,0.519363949083322,0.570006518770709,-0.330698381750232,0.412444895905236,0.290709182302516,0.731149552173961,0.273516729223836,1.34656872792311,0.879741167606619
75,"Mainz","online",1,19,"female","other",3,3,3,2,4,4,4,3,0,3,3,4,2.75,3.75,2.5,4,5,5,3,4,4,5,2,5,4,5,5,5,2,3,4,5,5,1,5,4,2,2,4,4,5,5,3,5,5,4,5,5,4,4,4,5,3,5,2,3,5,4,5,3,4,5,5,5,4,4,4,4.33333333333333,5,4,5,5,2.33333333333333,4,3.25,4.66666666666667,4,4.25,3.33333333333333,3.66666666666667,4.1,4.7,3.9,3.9,3.8,4,2,7,6,4,2,1,4,4.75,2.75,5,6,4,5,6,2,6,5,5,6,4,6,5,5,6,5.66666666666667,5.2,4.4,5.06666666666667,0.25828191772496,0.484411544009668,0.634789241592561,-0.413139438613273,1.24920465939137,1.00694269612177,1.29933351357594,0.481832371703316,-1.58399044898013,1.16099410224684,0.47228981430332,1.12393857012347,0.306069467884672,1.24191423230527,0.354303152399856,0.96577229344483,0.825110350930578,1.50142245514155,0.319939029530222,0.100727870503172,0.546583692340883,0.836214124353836,-0.726151786817672,1.80411589848774,0.0753778361444409,1.27941927573611,0.715130526386106,1.16905062559213,0.0121145710309808,-0.974876145106769,1.08000566515935,0.775901312388939,1.13061004426212,-1.53699032027944,0.986857224324569,0.422480017951983,-1.4790199457749,-0.722204300846748,1.10707634163675,0.519352252331732,1.19958430753665,1.01036297108185,-0.273061863279744,1.59923717103088,1.00302071252055,0.689731129772309,0.869072164615631,0.972710692159621,0.747401563019337,0.0381863997137484,1.32450693198308,1.17600273455411,-0.284449678900705,1.60630223568613,-1.36009794704248,0.231486521850808,1.09731002978386,0.374803447051028,1.561890753015,-1.5734943107019,0.926639939945262,1.23887457281108,1.3126587989762,1.34602541217714,0.250481181687049,1.10867567353367,0.927946182185364,1.15406263911753,1.267980276296,-0.142848025241494,1.27855214193623,1.8340213955764,-0.710722869848925,0.490801579710196,0.287544923469308,1.8090206427558,1.42382220126595,0.586954829671243,-0.454204241341509,-0.510215301919498,1.17576044658672,0.9777599206767,0.534172905447694,1.20774282853263,-0.0963220699526522,-0.143316749004995,-1.48193582223075,1.00201998373711,0.81262547572268,-0.367874273576268,-1.5295128120373,-1.39230397187517,-0.307438280260022,0.0526594475688642,-1.09746700218284,1.03016099448708,1.11001315645316,0.339511806214219,1.53791431620342,1.67751674745693,-0.669170586180241,1.8763466047713,1.12058312664802,0.983884064995606,1.90767982486993,0.519363949083322,1.3022776669725,1.24235338008871,1.26644844507372,1.00133162793089,2.13861244010884,1.76235005943194,0.881414466658207,1.7820398010493
76,"Mainz","online",1,29,"female","other",2,1,1,1,4,3,4,3,2,0,2,4,1.25,3.5,2,1,4,4,4,4,4,2,3,4,4,2,5,5,2,5,2,5,5,4,4,4,4,3,3,4,5,4,3,2,5,2,3,4,4,4,2,4,5,4,4,2,4,4,3,4,3,4,4,5,4,2,3.33333333333333,3,4,3.33333333333333,4.33333333333333,4.25,3.66666666666667,4,4.25,3.66666666666667,2.33333333333333,4,4,4.66666666666667,2.7,3.9,4,3.5,4.2,2,3,5,4,3,3,2,2,3.5,2.5,4,5,6,3,5,2,4,5,4,5,5,6,6,5,6,4.66666666666667,5.2,4.6,4.73333333333333,-0.751887360488216,-1.52162214412449,-1.24290666631148,-1.3698834017177,1.24920465939137,-0.0803083131876254,1.29933351357594,0.481832371703316,0.0705040259189969,-1.36165974954877,-0.411997497583747,1.12393857012347,-1.56219271758477,0.922357353817365,-0.215170407621831,-1.49764688983474,-0.169543222793955,0.504251315123012,1.22815304884182,0.100727870503172,0.546583692340883,-2.58642973346652,0.0676538931817709,0.886415325846579,0.0753778361444409,-1.57093252843547,0.715130526386106,1.16905062559213,0.0121145710309808,1.04369093182019,-0.75652570747877,0.775901312388939,1.13061004426212,0.952368235265172,0.0480092703725467,0.422480017951983,0.153002063356025,0.148398144009606,0.241096625512004,0.519352252331732,1.19958430753665,-0.144337567297406,-0.273061863279744,-0.936490235288351,1.00302071252055,-0.897101273363984,-0.996253456998407,-0.207958837634126,0.747401563019337,0.0381863997137484,-0.586257166615464,-0.323826839949683,1.44186561373806,0.720066519445508,0.643058861990797,-0.617297391602155,0.00619949169369431,0.374803447051028,-0.276856889330419,-0.297296160086534,0.0772199949954384,-0.0746309983621132,0.0705730537083977,1.34602541217714,0.250481181687049,-0.947998039688208,0.175326237187096,-0.474113909857901,-0.257931030562777,-1.10981927303007,0.273975458986334,0.6355519687641,0.660096035284345,0.490801579710196,1.3817699295363,0.735803901884945,-0.552460980301929,0.172079126771087,0.611661711673233,0.900222810193041,-0.536458076102214,-0.425589690243579,0.687540656440833,0.710229106305029,0.640751160989383,-1.43684227848598,-0.871114499718779,-0.177615582401561,-0.524029512381915,-0.972975882449382,-0.940466302368666,-0.846545622097823,-1.48372387429837,-0.933304677124768,-1.27226717628617,0.141394646302149,0.37279687141257,2.04677117460572,-0.06370059297884,0.877400358425984,-0.669170586180241,0.253560351996121,1.12058312664802,0.10488104246146,0.980189081286761,1.33550729764283,1.3022776669725,2.02887926100818,1.26644844507372,1.00133162793089,0.9322156790218,1.76235005943194,1.11399159729066,1.33089048432796
77,"Mainz","online",1,25,"female","prefer not to answer",3,3,3,2,3,3,3,3,2,1,3,3,2.75,3,2.25,4,4,3,4,5,4,4,2,4,3,4,4,4,4,4,3,4,4,4,4,2,3,2,4,4,4,4,2,2,4,4,4,4,4,4,3,4,2,4,4,2,3,3,3,4,2,4,4,4,4,3.25,3,3.33333333333333,4,3.66666666666667,3.66666666666667,3.75,2,3,4,4,3,4.25,3.66666666666667,4,3.2,3.8,3,3.7,4,4,4,5,5,4,3,3,5,4.5,3.75,4,3,4,4,5,4,5,5,5,5,3,4,4,4,6,4.66666666666667,4,4.2,4.33333333333333,0.25828191772496,0.484411544009668,0.634789241592561,-0.413139438613273,0.231334196183588,-0.0803083131876254,0.255120278921303,0.481832371703316,0.0705040259189969,-0.520775132283564,0.47228981430332,0.22068200235301,0.306069467884672,0.283243596841553,0.0695663723890129,0.96577229344483,-0.169543222793955,-0.492919824895528,1.22815304884182,1.20873444603807,0.546583692340883,-0.304667161586281,-0.726151786817672,0.886415325846579,-1.13066754216661,0.329302007678913,-0.360621376553677,-0.0855402896774732,2.14427907248358,0.0344073933567096,0.161739978840289,-0.476930164495953,0.1919903848747,0.952368235265172,0.0480092703725467,-1.45996259368217,-0.66300894120944,-0.722204300846748,1.10707634163675,0.519352252331732,0.213010297599965,-0.144337567297406,-1.10166337943897,-0.936490235288351,0.102349052298016,0.689731129772309,-0.0635906461913878,-0.207958837634126,0.747401563019337,0.0381863997137484,0.36912488268381,-0.323826839949683,-1.14760732522009,0.720066519445508,0.643058861990797,-0.617297391602155,-1.08491104639647,-0.655906032339299,-0.276856889330419,-0.297296160086534,-0.772199949954385,-0.0746309983621132,0.0705730537083977,0.571840861382447,0.250481181687049,0.337423031075464,-0.200983735312038,-0.0670697726140443,-0.257931030562777,-0.62633364913578,-0.730601223963557,-0.163427649110769,-1.05342759613224,-1.03357038550735,1.10821367801955,1.09354281550856,0.238052292325221,0.586954829671243,0.0787287351658617,-0.0400692645486515,0.0750485391438333,-0.601008391608614,-0.846136853490556,0.958985967418831,0.272214545518365,-0.143316749004995,-0.260293177206806,-0.177615582401561,0.144297981670382,-0.367874273576268,-0.940466302368666,-0.300787272320472,0.28070451675915,-0.144533377369862,-0.398266305769519,0.141394646302149,-1.10163569866861,0.339511806214219,0.737106861612291,0.877400358425984,0.684553818046453,1.06495347838371,1.12058312664802,0.983884064995606,0.980189081286761,-0.296779399476184,-0.162264629431078,0.455827499169239,0.412444895905236,1.00133162793089,0.9322156790218,0.273516729223836,0.648837336025757,0.789511304262349
78,"Mainz","online",1,24,"female","prefer not to answer",1,3,1,1,4,4,4,4,1,0,1,3,1.5,4,1.25,1,5,4,1,2,2,5,5,2,5,4,5,4,2,4,2,5,5,4,4,4,1,4,2,3,4,5,5,5,4,2,5,5,2,5,2,4,5,2,4,2,4,4,5,4,1,4,5,2,4,1.5,2.66666666666667,3.33333333333333,4.75,3.33333333333333,4.66666666666667,4.75,4.66666666666667,4.33333333333333,2.25,2,4,3.75,4,4,2.4,4.3,4.6,2.7,3.9,2,2,6,5,1,4,2,2,3.75,2.25,4,5,5,4,3,6,4,3,5,4,2,6,4,4,2,4,3.4,5.2,4.06666666666667,-1.76205663870139,0.484411544009668,-1.24290666631148,-1.3698834017177,1.24920465939137,1.00694269612177,1.29933351357594,1.46790792309615,-0.756743211530565,-1.36165974954877,-1.29628480947081,0.22068200235301,-1.2508156866732,1.56147111079318,-1.06938074765436,-1.49764688983474,0.825110350930578,0.504251315123012,-1.49648900909297,-2.11528528056662,-1.18672675544282,0.836214124353836,1.65526525318066,-0.948985819435749,1.2814232144555,0.329302007678913,0.715130526386106,-0.0855402896774732,0.0121145710309808,0.0344073933567096,-0.75652570747877,0.775901312388939,1.13061004426212,0.952368235265172,0.0480092703725467,0.422480017951983,-2.29503095034037,1.01900058886596,-0.624883090612745,-0.652519496519355,0.213010297599965,1.01036297108185,1.3841411690387,1.59923717103088,0.102349052298016,-0.897101273363984,0.869072164615631,0.972710692159621,-1.09235613056672,1.3823476696377,-0.586257166615464,-0.323826839949683,1.44186561373806,-1.05240491303574,0.643058861990797,-0.617297391602155,0.00619949169369431,0.374803447051028,1.561890753015,-0.297296160086534,-1.62161989490421,-0.0746309983621132,1.3126587989762,-0.976528240206948,0.250481181687049,-1.46216646799368,-0.577293707811171,-0.0670697726140443,0.88650244958131,-1.10981927303007,0.77626380046128,1.43453158663897,1.6882102141343,0.998925568116045,-0.80668008259768,-1.05289066623315,1.42382220126595,-0.242796576129069,0.611661711673233,-0.0400692645486515,-0.903362045249843,0.27608511521656,1.60774716239967,-0.284798338150176,0.0879462377828566,-1.43684227848598,-1.48193582223075,0.412202200667775,0.144297981670382,-2.18317910019561,-0.351419792700035,-0.846545622097823,-1.48372387429837,-0.736111852186041,-1.4470673503895,0.141394646302149,0.37279687141257,1.19314149040997,0.737106861612291,-0.722832419635914,2.03827822227315,0.253560351996121,-0.624749884768366,0.983884064995606,0.0526983377035892,-1.11292274803569,1.3022776669725,0.455827499169239,0.412444895905236,-1.8411581545826,0.127951171630443,-0.470899935880214,1.81172298918801,0.428591850885275
79,"Mainz","online",1,26,"female","prefer not to answer",3,2,3,3,3,1,3,3,2,1,3,3,2.75,2.5,2.25,4,5,4,3,3,4,5,4,3,4,4,4,4,2,4,4,5,4,3,4,4,4,4,3,4,4,4,4,3,4,4,4,4,2,4,3,4,3,2,3,4,4,4,3,4,4,4,3,4,4,4,3.66666666666667,4,4.5,4.33333333333333,4,3.75,3.66666666666667,4,3,2.66666666666667,2.66666666666667,3.75,3.66666666666667,4,3.9,4.3,3.8,2.8,3.8,6,5,5,5,5,5,2,5,5.25,4.25,5,3,3,2,5,3,4,4,4,3,6,4,3,3,5,3.83333333333333,4.2,3.4,3.8,0.25828191772496,-0.518605300057409,0.634789241592561,0.54360452449115,0.231334196183588,-2.25481033180641,0.255120278921303,0.481832371703316,0.0705040259189969,-0.520775132283564,0.47228981430332,0.22068200235301,0.306069467884672,-0.35587016013426,0.0695663723890129,0.96577229344483,0.825110350930578,0.504251315123012,0.319939029530222,-1.00727870503172,0.546583692340883,0.836214124353836,0.861459573181214,-0.0312852467945852,0.0753778361444409,0.329302007678913,-0.360621376553677,-0.0855402896774732,0.0121145710309808,0.0344073933567096,1.08000566515935,0.775901312388939,0.1919903848747,0.122582050083636,0.0480092703725467,0.422480017951983,0.153002063356025,1.01900058886596,0.241096625512004,0.519352252331732,0.213010297599965,-0.144337567297406,0.55553965287948,-0.0912477665152752,0.102349052298016,0.689731129772309,-0.0635906461913878,-0.207958837634126,-1.09235613056672,0.0381863997137484,0.36912488268381,-0.323826839949683,-0.284449678900705,-1.05240491303574,-0.358519542525843,1.08027043530377,0.00619949169369431,0.374803447051028,-0.276856889330419,-0.297296160086534,0.926639939945262,-0.0746309983621132,-1.17151269155941,0.571840861382447,0.250481181687049,1.10867567353367,0.55163620968623,0.747018501873669,0.505024622866614,0.340637598652792,-0.228312882488611,-0.163427649110769,0.660096035284345,0.490801579710196,0.0139886719525613,-0.337412838985914,-0.157204343988354,-0.242796576129069,0.0787287351658617,-0.0400692645486515,0.931157800488299,0.27608511521656,0.380805154454555,-0.160419907593276,-0.0963220699526522,1.15020878047599,0.350528145305166,-0.177615582401561,0.144297981670382,0.237227335296845,0.237626716968595,-0.846545622097823,0.28070451675915,0.447045097446317,-0.0486659575628588,1.03016099448708,-1.10163569866861,-0.51411787798153,-0.864508047569971,0.877400358425984,0.00769161593310614,0.253560351996121,0.247916620939828,0.10488104246146,-0.874792405879583,2.15165064620234,-0.162264629431078,-0.330698381750232,-0.441558653263252,0.290709182302516,-0.073114955217396,0.521655617591853,-0.281471186504045,0.0676723975082011
80,"Mainz","online",1,34,"male","other",4,3,3,2,4,4,4,3,1,2,3,4,3,3.75,2.5,1,2,4,4,5,3,4,4,4,3,3,4,4,1,3,3,4,5,4,4,3,3,2,2,3,5,5,4,4,1,2,3,5,3,4,2,4,2,4,3,2,2,2,4,5,2,4,4,4,2,2,2.66666666666667,3.33333333333333,3.25,3.66666666666667,3.66666666666667,4.5,2.66666666666667,3.33333333333333,3.75,3.33333333333333,3,3.75,3,3,2.6,3.5,3.6,3.4,3.3,5,4,6,5,6,5,4,6,5,5.25,6,6,3,4,6,2,6,4,4,5,6,6,4,4,6,5.5,5.2,3.8,4.8,1.26845119593814,0.484411544009668,0.634789241592561,-0.413139438613273,1.24920465939137,1.00694269612177,1.29933351357594,0.481832371703316,-0.756743211530565,0.32010948498164,0.47228981430332,1.12393857012347,0.617446498796247,1.24191423230527,0.354303152399856,-1.49764688983474,-2.15885037024302,0.504251315123012,1.22815304884182,1.20873444603807,-0.320071531550967,-0.304667161586281,0.861459573181214,0.886415325846579,-1.13066754216661,-0.620815260378279,-0.360621376553677,-0.0855402896774732,-1.05396767969532,-0.974876145106769,0.161739978840289,-0.476930164495953,1.13061004426212,0.952368235265172,0.0480092703725467,-0.518741287865094,-0.66300894120944,-0.722204300846748,-0.624883090612745,-0.652519496519355,1.19958430753665,1.01036297108185,0.55553965287948,0.753994702257801,-2.5996659283696,-0.897101273363984,-0.996253456998407,0.972710692159621,-0.172477283773693,0.0381863997137484,-0.586257166615464,-0.323826839949683,-1.14760732522009,0.720066519445508,-0.358519542525843,-0.617297391602155,-2.17602158448664,-1.68661551172963,0.642516931842293,0.97890199052883,-0.772199949954385,-0.0746309983621132,0.0705730537083977,0.571840861382447,-1.79996942189066,-0.947998039688208,-0.577293707811171,-0.0670697726140443,-1.40236451070686,-0.62633364913578,-0.730601223963557,1.03504177770154,-0.368018143565608,-0.525446397101504,0.834657426502802,0.378064988261326,0.238052292325221,-0.242796576129069,-0.98713721784888,-1.45050737666119,-0.658759399151424,-1.12726449570372,0.0740696524682774,0.585850675748129,-1.0176636086302,0.503446015735495,-0.260293177206806,0.412202200667775,0.144297981670382,0.842328944169959,0.237626716968595,0.244971077456879,0.868847313778322,0.249852272507591,0.650534738850462,1.91892734267202,1.11001315645316,-0.51411787798153,0.737106861612291,1.67751674745693,-0.669170586180241,1.8763466047713,0.247916620939828,0.10488104246146,0.980189081286761,2.15165064620234,1.3022776669725,0.455827499169239,0.412444895905236,1.00133162793089,1.937546313261,1.76235005943194,0.183683074760855,1.42112034767223
81,"Mainz","online",1,30,"female","prefer not to answer",4,4,4,4,1,3,1,1,1,0,0,3,4,1.5,1,5,4,2,2,4,4,4,5,2,3,4,4,4,2,4,4,5,4,4,4,4,5,2,4,4,5,4,4,2,4,4,4,5,4,4,4,4,4,4,4,4,4,4,4,4,4,4,4,4,4,4.25,4,4.33333333333333,4.25,4.33333333333333,4,3.75,3.66666666666667,4,3.5,3.33333333333333,2.66666666666667,4,3.66666666666667,4,4.2,4.2,3.8,3.2,3.9,2,6,5,5,5,2,5,6,4.5,4.5,4,6,3,6,4,4,4,3,4,4,3,6,3,4,5,4.83333333333333,3.8,4.2,4.2,1.26845119593814,1.48742838807674,1.57363719554458,1.50034848759557,-1.80440673023198,-0.0803083131876254,-1.83330619038797,-1.49031873108235,-0.756743211530565,-1.36165974954877,-2.18057212135788,0.22068200235301,1.86295462244254,-1.63409767408588,-1.35411752766521,1.78691202120468,-0.169543222793955,-1.49009096491407,-0.588274989781376,0.100727870503172,0.546583692340883,-0.304667161586281,1.65526525318066,-0.948985819435749,-1.13066754216661,0.329302007678913,-0.360621376553677,-0.0855402896774732,0.0121145710309808,0.0344073933567096,1.08000566515935,0.775901312388939,0.1919903848747,0.952368235265172,0.0480092703725467,0.422480017951983,0.969013067921489,-0.722204300846748,1.10707634163675,0.519352252331732,1.19958430753665,-0.144337567297406,0.55553965287948,-0.936490235288351,0.102349052298016,0.689731129772309,-0.0635906461913878,0.972710692159621,0.747401563019337,0.0381863997137484,1.32450693198308,-0.323826839949683,0.578707967418675,0.720066519445508,0.643058861990797,1.08027043530377,0.00619949169369431,0.374803447051028,0.642516931842293,-0.297296160086534,0.926639939945262,-0.0746309983621132,0.0705730537083977,0.571840861382447,0.250481181687049,1.3657598876864,0.927946182185364,1.15406263911753,0.123546796151919,0.340637598652792,-0.228312882488611,-0.163427649110769,0.660096035284345,0.490801579710196,0.561101174986055,0.378064988261326,-0.157204343988354,0.172079126771087,0.0787287351658617,-0.0400692645486515,1.29806176963593,0.100666413851526,0.380805154454555,0.337093814634327,0.0879462377828566,-1.43684227848598,0.961349467817139,-0.177615582401561,0.144297981670382,0.237227335296845,-1.5295128120373,0.790729427234231,0.868847313778322,-0.144533377369862,0.126134216540471,0.141394646302149,1.11001315645316,-0.51411787798153,2.33872177079455,0.0772839693950349,0.684553818046453,0.253560351996121,-0.624749884768366,0.10488104246146,0.0526983377035892,-0.296779399476184,1.3022776669725,-0.330698381750232,0.412444895905236,0.290709182302516,1.13328180586964,0.0253778408558194,0.648837336025757,0.609051577573813
82,"Mainz","online",1,26,"male","prefer not to answer",0,0,0,0,4,4,4,4,0,0,0,4,0,4,1,3,5,5,5,5,5,5,5,5,5,5,5,5,1,5,3,5,5,5,5,5,5,4,5,5,5,5,5,5,5,5,5,5,5,5,4,5,5,5,5,5,3,5,5,5,5,5,5,5,5,4,4.66666666666667,5,5,5,4.33333333333333,5,4.66666666666667,5,5,5,3.66666666666667,5,5,5,4.5,4.8,4.9,4.6,5,1,1,7,1,1,1,1,1,2.5,1,6,6,6,6,6,6,6,6,6,6,6,6,6,6,6,6,6,6,6,-2.77222591691457,-2.52463898819156,-2.18175462026351,-2.32662736482212,1.24920465939137,1.00694269612177,1.29933351357594,1.46790792309615,-1.58399044898013,-1.36165974954877,-2.18057212135788,1.12393857012347,-3.11907787214265,1.56147111079318,-1.35411752766521,0.144632565684975,0.825110350930578,1.50142245514155,2.13636706815342,1.20873444603807,1.41323891623273,0.836214124353836,1.65526525318066,1.80411589848774,1.2814232144555,1.27941927573611,0.715130526386106,1.16905062559213,-1.05396767969532,1.04369093182019,0.161739978840289,0.775901312388939,1.13061004426212,1.78215442044671,0.986857224324569,1.36370132376906,0.969013067921489,1.01900058886596,1.9730560577615,1.69122400118282,1.19958430753665,1.01036297108185,1.3841411690387,1.59923717103088,1.00302071252055,1.48314733134046,0.869072164615631,0.972710692159621,1.66728040981237,1.3823476696377,1.32450693198308,1.17600273455411,1.44186561373806,1.60630223568613,1.64463726650744,1.92905434875673,-1.08491104639647,1.40551292644135,1.561890753015,0.97890199052883,1.77605988489509,1.23887457281108,1.3126587989762,1.34602541217714,1.2757064834759,1.10867567353367,1.68056612718363,1.96815091360524,1.267980276296,1.30760884644136,0.273975458986334,1.8340213955764,1.6882102141343,2.01517354492774,2.20243868408654,2.16675955637942,1.02856556495237,1.83158193837171,2.21046064119535,1.37036884756389,1.66496573878356,1.15317862204173,2.06785041537908,2.07839184243094,2.11489762287345,-2.08360504322647,-2.09275714474272,1.00201998373711,-2.52901199453881,-2.18317910019561,-2.11855932170593,-1.39230397187517,-2.07186667131754,-1.72207597687967,-2.32106822090615,1.91892734267202,1.11001315645316,2.04677117460572,2.33872177079455,1.67751674745693,2.03827822227315,1.8763466047713,1.99324963235621,1.86288708752975,1.90767982486993,2.15165064620234,1.3022776669725,2.02887926100818,2.12045199424221,1.00133162793089,2.54074469380451,2.754905612904,2.74203151171781,3.04525788786906
83,"Mainz","online",1,29,"female","prefer not to answer",4,3,3,3,4,4,4,4,1,2,3,4,3.25,4,2.5,5,4,4,2,4,5,1,2,1,3,2,5,4,2,5,4,5,3,4,5,5,3,3,2,4,4,4,4,1,5,5,2,3,1,3,4,4,4,2,2,4,5,5,3,5,4,4,4,4,4,4.5,4.66666666666667,3.33333333333333,3.75,2.66666666666667,4.66666666666667,3.5,3,4.33333333333333,2.75,1.66666666666667,2,4,3,5,4.2,3.7,3.6,2.2,4,7,5,7,6,3,2,2,6,6.25,3.25,5,6,3,1,2,1,2,2,1,1,3,3,5,1,6,3,3.6,1.8,2.8,1.26845119593814,0.484411544009668,0.634789241592561,0.54360452449115,1.24920465939137,1.00694269612177,1.29933351357594,1.46790792309615,-0.756743211530565,0.32010948498164,0.47228981430332,1.12393857012347,0.928823529707821,1.56147111079318,0.354303152399856,1.78691202120468,-0.169543222793955,0.504251315123012,-0.588274989781376,0.100727870503172,1.41323891623273,-3.72731101940663,-0.726151786817672,-1.86668639207691,-1.13066754216661,-1.57093252843547,0.715130526386106,-0.0855402896774732,0.0121145710309808,1.04369093182019,1.08000566515935,0.775901312388939,-0.74662927451272,0.952368235265172,0.986857224324569,1.36370132376906,-0.66300894120944,0.148398144009606,-0.624883090612745,0.519352252331732,0.213010297599965,-0.144337567297406,0.55553965287948,-1.78173270406143,1.00302071252055,1.48314733134046,-1.92891626780543,-1.38862836742787,-2.01223497735975,-1.3059748702102,1.32450693198308,-0.323826839949683,0.578707967418675,-1.05240491303574,-1.36009794704248,1.08027043530377,1.09731002978386,1.40551292644135,-0.276856889330419,0.97890199052883,0.926639939945262,-0.0746309983621132,0.0705730537083977,0.571840861382447,0.250481181687049,1.62284410183914,1.68056612718363,-0.0670697726140443,-0.639408857277472,-2.07679052081864,0.77626380046128,-0.562917458048204,-0.0253134172822903,0.998925568116045,-0.259567579564186,-1.41062957985677,-0.947717616615505,0.172079126771087,-0.98713721784888,1.37036884756389,1.29806176963593,-0.776427092973648,0.0740696524682774,-0.90669049093468,0.272214545518365,1.79697154521648,0.350528145305166,1.00201998373711,0.81262547572268,-0.972975882449382,-1.5295128120373,-0.846545622097823,0.868847313778322,1.23581639720122,-0.74786665397618,1.03016099448708,1.11001315645316,-0.51411787798153,-1.6653155021611,-1.52294880866686,-1.34603278829359,-1.36922590077905,-1.49741639047656,-2.53212802514098,-2.72977389304593,-0.296779399476184,-0.894535777632864,1.24235338008871,-2.14956575160023,1.00133162793089,-1.07844558945659,-0.222761047512197,-2.14208823156365,-1.28577555265583
84,"Mainz","online",1,27,"female",NA,4,3,4,3,3,3,3,3,1,0,3,2,3.5,3,1.5,1,4,4,2,4,2,2,4,2,4,1,5,4,1,5,2,5,5,1,5,2,4,4,1,4,2,4,4,3,5,1,3,5,2,4,1,4,2,2,4,1,5,4,2,4,1,5,5,2,4,1.25,1.66666666666667,1.33333333333333,4.25,3.33333333333333,4.66666666666667,4.75,3.33333333333333,4,1.75,1.66666666666667,2,4.25,4,4.66666666666667,1.4,4.1,4.1,1.8,4.3,5,4,5,4,6,5,5,6,4.5,5.5,4,5,3,4,6,3,3,3,5,3,3,4,3,3,2,3.33333333333333,4,3.6,3.6,1.26845119593814,0.484411544009668,1.57363719554458,0.54360452449115,0.231334196183588,-0.0803083131876254,0.255120278921303,0.481832371703316,-0.756743211530565,-1.36165974954877,0.47228981430332,-0.682574565417449,1.2402005606194,0.283243596841553,-0.784643967643518,-1.49764688983474,-0.169543222793955,0.504251315123012,-0.588274989781376,0.100727870503172,-1.18672675544282,-2.58642973346652,0.861459573181214,-0.948985819435749,0.0753778361444409,-2.52104979649266,0.715130526386106,-0.0855402896774732,-1.05396767969532,1.04369093182019,-0.75652570747877,0.775901312388939,1.13061004426212,-1.53699032027944,0.986857224324569,-1.45996259368217,0.153002063356025,1.01900058886596,-1.49086280673749,0.519352252331732,-1.7601377222734,-0.144337567297406,0.55553965287948,-0.0912477665152752,1.00302071252055,-1.69051747493213,-0.996253456998407,0.972710692159621,-1.09235613056672,0.0381863997137484,-1.54163921591474,-0.323826839949683,-1.14760732522009,-1.05240491303574,0.643058861990797,-1.46608130505512,1.09731002978386,0.374803447051028,-1.19623071050313,-0.297296160086534,-1.62161989490421,1.23887457281108,1.3126587989762,-0.976528240206948,0.250481181687049,-1.71925068214641,-1.70622362530857,-2.50933459607718,0.123546796151919,-1.10981927303007,0.77626380046128,1.43453158663897,0.317391309001027,0.490801579710196,-1.35379258563117,-1.41062957985677,-0.947717616615505,0.586954829671243,0.611661711673233,0.900222810193041,-2.12637527574194,-0.0747522875135097,0.840908407433971,-1.40420421316228,0.825019468724891,0.503446015735495,-0.260293177206806,-0.177615582401561,-0.524029512381915,0.842328944169959,0.237626716968595,0.790729427234231,0.868847313778322,-0.144533377369862,0.825334912953793,0.141394646302149,0.37279687141257,-0.51411787798153,0.737106861612291,1.67751674745693,0.00769161593310614,-0.557832774391467,-0.624749884768366,0.983884064995606,-0.874792405879583,-0.296779399476184,-0.162264629431078,-0.330698381750232,-0.441558653263252,-1.8411581545826,-0.676313335760914,0.273516729223836,-0.0488940558715946,-0.203017192524604
85,"Mainz","online",1,19,"female","other",3,1,1,2,3,3,1,4,3,0,2,3,1.75,2.75,2,2,4,4,3,4,3,5,2,4,5,4,5,3,2,1,3,4,3,4,4,2,5,4,4,3,4,5,2,2,5,2,5,4,5,4,2,5,3,5,1,1,4,4,4,4,3,4,2,5,3,2.5,2.33333333333333,3,4.25,5,4.66666666666667,3.25,3,3,4.25,4.33333333333333,2.66666666666667,3.75,3,3.33333333333333,2.6,4.6,3.1,3.8,3.4,2,2,6,2,5,5,4,6,3,5,5,5,5,2,5,4,5,5,5,3,4,3,3,4,5,3.83333333333333,4.4,4.2,4.2,0.25828191772496,-1.52162214412449,-1.24290666631148,-0.413139438613273,0.231334196183588,-0.0803083131876254,-1.83330619038797,1.46790792309615,0.897751263368559,-1.36165974954877,-0.411997497583747,0.22068200235301,-0.939438655761625,-0.0363132816463534,-0.215170407621831,-0.676507162074881,-0.169543222793955,0.504251315123012,0.319939029530222,0.100727870503172,-0.320071531550967,0.836214124353836,-0.726151786817672,0.886415325846579,1.2814232144555,0.329302007678913,0.715130526386106,-1.34013120494708,0.0121145710309808,-2.99344322203373,0.161739978840289,-0.476930164495953,-0.74662927451272,0.952368235265172,0.0480092703725467,-1.45996259368217,0.969013067921489,1.01900058886596,1.10707634163675,-0.652519496519355,0.213010297599965,1.01036297108185,-1.10166337943897,-0.936490235288351,1.00302071252055,-0.897101273363984,0.869072164615631,-0.207958837634126,1.66728040981237,0.0381863997137484,-0.586257166615464,1.17600273455411,-0.284449678900705,1.60630223568613,-2.36167635155912,-1.46608130505512,0.00619949169369431,0.374803447051028,0.642516931842293,-0.297296160086534,0.0772199949954384,-0.0746309983621132,-2.41359843682721,1.34602541217714,-0.774744120101803,-0.433829611382739,-0.953603680310305,-0.474113909857901,0.123546796151919,1.30760884644136,0.77626380046128,-0.962407266985639,-0.0253134172822903,-1.03357038550735,1.3817699295363,1.45128172913218,-0.157204343988354,-0.242796576129069,-0.98713721784888,-0.980361339290343,-0.658759399151424,0.802341219311664,-0.692769102497417,1.08336439797573,-0.833395300894687,-1.43684227848598,-1.48193582223075,0.412202200667775,-1.86068450048651,0.237227335296845,0.237626716968595,0.244971077456879,0.868847313778322,-1.32769032700222,0.475734564747132,1.03016099448708,0.37279687141257,1.19314149040997,-0.864508047569971,0.877400358425984,0.684553818046453,1.06495347838371,1.12058312664802,0.983884064995606,-0.874792405879583,0.519363949083322,-0.894535777632864,-0.330698381750232,0.412444895905236,0.290709182302516,-0.073114955217396,0.76979450595987,0.648837336025757,0.609051577573813
86,"Mainz","online",1,24,"female","prefer not to answer",3,3,2,3,3,3,1,3,1,0,3,3,2.75,2.5,1.75,2,4,4,4,4,3,5,4,4,4,4,5,4,4,5,2,5,5,3,4,3,5,3,4,5,4,5,4,5,1,2,5,5,4,4,2,4,4,3,3,1,4,3,4,4,3,4,4,4,5,2.25,2.66666666666667,3,4.5,4.66666666666667,4.66666666666667,4.5,3.66666666666667,3.66666666666667,3.75,3.66666666666667,4.33333333333333,4.25,4,3.33333333333333,2.6,4.6,4,3.9,3.9,2,4,4,4,5,5,2,4,3.5,4,5,6,4,4,5,2,4,5,5,5,4,4,4,4,6,4.66666666666667,4.8,3.8,4.46666666666667,0.25828191772496,0.484411544009668,-0.304058712359462,0.54360452449115,0.231334196183588,-0.0803083131876254,-1.83330619038797,0.481832371703316,-0.756743211530565,-1.36165974954877,0.47228981430332,0.22068200235301,0.306069467884672,-0.35587016013426,-0.499907187632674,-0.676507162074881,-0.169543222793955,0.504251315123012,1.22815304884182,0.100727870503172,-0.320071531550967,0.836214124353836,0.861459573181214,0.886415325846579,0.0753778361444409,0.329302007678913,0.715130526386106,-0.0855402896774732,2.14427907248358,1.04369093182019,-0.75652570747877,0.775901312388939,1.13061004426212,0.122582050083636,0.0480092703725467,-0.518741287865094,0.969013067921489,0.148398144009606,1.10707634163675,1.69122400118282,0.213010297599965,1.01036297108185,0.55553965287948,1.59923717103088,-2.5996659283696,-0.897101273363984,0.869072164615631,0.972710692159621,0.747401563019337,0.0381863997137484,-0.586257166615464,-0.323826839949683,0.578707967418675,-0.166169196795117,-0.358519542525843,-1.46608130505512,0.00619949169369431,-0.655906032339299,0.642516931842293,-0.297296160086534,0.0772199949954384,-0.0746309983621132,0.0705730537083977,0.571840861382447,1.2757064834759,-0.690913825535474,-0.577293707811171,-0.474113909857901,0.505024622866614,0.824123222547078,0.77626380046128,1.03504177770154,0.660096035284345,-0.0173224086956545,0.834657426502802,0.735803901884945,1.81907883757952,0.586954829671243,0.611661711673233,-0.980361339290343,-0.658759399151424,0.802341219311664,0.687540656440833,1.20774282853263,0.0879462377828566,-1.43684227848598,-0.260293177206806,-0.767433365470897,-0.524029512381915,0.237227335296845,0.237626716968595,-0.846545622097823,-0.307438280260022,-0.933304677124768,-0.223466131666189,1.03016099448708,1.11001315645316,0.339511806214219,0.737106861612291,0.877400358425984,-0.669170586180241,0.253560351996121,1.12058312664802,0.983884064995606,0.980189081286761,0.519363949083322,-0.162264629431078,0.455827499169239,0.412444895905236,1.00133162793089,0.9322156790218,1.2660722826959,0.183683074760855,0.969971030950887
87,"Mainz","online",1,24,"female","prefer not to answer",3,3,3,1,3,3,3,3,3,2,3,3,2.5,3,2.75,5,5,4,2,5,4,5,2,2,5,5,5,4,2,5,4,5,4,2,5,4,1,2,2,4,4,4,2,4,5,4,5,4,3,5,4,5,5,4,4,4,4,5,5,5,4,4,5,4,5,4.25,4,4.33333333333333,4.75,3.66666666666667,4.33333333333333,4.25,3,3.66666666666667,2.75,2.66666666666667,3.66666666666667,5,4.33333333333333,5,4.2,4.3,3.7,3,4.8,6,6,7,5,2,2,1,3,6,2,4,2,4,1,5,4,3,3,2,4,3,6,4,3,3,3.5,3.4,3.8,3.4,0.25828191772496,0.484411544009668,0.634789241592561,-1.3698834017177,0.231334196183588,-0.0803083131876254,0.255120278921303,0.481832371703316,0.897751263368559,0.32010948498164,0.47228981430332,0.22068200235301,-0.00530756302690199,0.283243596841553,0.6390399324107,1.78691202120468,0.825110350930578,0.504251315123012,-0.588274989781376,1.20873444603807,0.546583692340883,0.836214124353836,-0.726151786817672,-0.948985819435749,1.2814232144555,1.27941927573611,0.715130526386106,-0.0855402896774732,0.0121145710309808,1.04369093182019,1.08000566515935,0.775901312388939,0.1919903848747,-0.7072041350979,0.986857224324569,0.422480017951983,-2.29503095034037,-0.722204300846748,-0.624883090612745,0.519352252331732,0.213010297599965,-0.144337567297406,-1.10166337943897,0.753994702257801,1.00302071252055,0.689731129772309,0.869072164615631,-0.207958837634126,-0.172477283773693,1.3823476696377,1.32450693198308,1.17600273455411,1.44186561373806,0.720066519445508,0.643058861990797,1.08027043530377,0.00619949169369431,1.40551292644135,1.561890753015,0.97890199052883,0.926639939945262,-0.0746309983621132,1.3126587989762,0.571840861382447,1.2757064834759,1.3657598876864,0.927946182185364,1.15406263911753,0.88650244958131,-0.62633364913578,0.273975458986334,0.6355519687641,-0.0253134172822903,-0.0173224086956545,-0.259567579564186,-0.337412838985914,1.02856556495237,1.83158193837171,1.1445946881806,1.37036884756389,1.29806176963593,0.27608511521656,0.227437403461416,0.0883369535205258,1.74636100740243,1.15020878047599,0.961349467817139,1.00201998373711,0.144297981670382,-1.5780774913225,-1.5295128120373,-1.39230397187517,-0.895581077279193,1.0386235722625,-1.62186752449283,0.141394646302149,-1.8388519837092,0.339511806214219,-1.6653155021611,0.877400358425984,0.684553818046453,-0.557832774391467,-0.624749884768366,-1.65312500260683,0.0526983377035892,-0.296779399476184,1.3022776669725,0.455827499169239,-0.441558653263252,-1.13053570895423,-0.475247208913075,-0.470899935880214,0.183683074760855,-0.47370678255741
88,"Mainz","online",1,33,"female","prefer not to answer",4,4,3,4,0,4,3,3,4,3,3,4,3.75,2.5,3.5,4,4,2,1,3,4,5,1,3,4,4,5,5,1,5,1,5,2,1,5,5,4,2,2,5,5,5,2,2,4,4,2,4,2,5,2,5,2,1,2,1,5,4,3,5,5,5,5,2,5,3.5,3.66666666666667,3.33333333333333,4,4.66666666666667,5,3.25,1.66666666666667,3.66666666666667,1.5,2,2,4.5,3.66666666666667,4.66666666666667,3.5,4.5,2.9,1.8,4.3,1,7,7,7,7,7,7,7,5.5,7,3,3,2,4,4,1,2,2,2,4,3,4,2,3,4,3.5,2.8,2.4,2.86666666666667,1.26845119593814,1.48742838807674,0.634789241592561,1.50034848759557,-2.82227719343977,1.00694269612177,0.255120278921303,0.481832371703316,1.72499850081812,1.16099410224684,0.47228981430332,1.12393857012347,1.55157759153097,-0.35587016013426,1.49325027244323,0.96577229344483,-0.169543222793955,-1.49009096491407,-1.49648900909297,-1.00727870503172,0.546583692340883,0.836214124353836,-1.51995746681711,-0.0312852467945852,0.0753778361444409,0.329302007678913,0.715130526386106,1.16905062559213,-1.05396767969532,1.04369093182019,-1.67479139379783,0.775901312388939,-1.68524893390014,-1.53699032027944,0.986857224324569,1.36370132376906,0.153002063356025,-0.722204300846748,-0.624883090612745,1.69122400118282,1.19958430753665,1.01036297108185,-1.10166337943897,-0.936490235288351,0.102349052298016,0.689731129772309,-1.92891626780543,-0.207958837634126,-1.09235613056672,1.3823476696377,-0.586257166615464,1.17600273455411,-1.14760732522009,-1.93864062927637,-1.36009794704248,-1.46608130505512,1.09731002978386,0.374803447051028,-0.276856889330419,0.97890199052883,1.77605988489509,1.23887457281108,1.3126587989762,-0.976528240206948,1.2757064834759,0.594507245228198,0.55163620968623,-0.0670697726140443,-0.257931030562777,0.824123222547078,1.27855214193623,-0.962407266985639,-1.39613232241556,-0.0173224086956545,-1.62734883714792,-1.05289066623315,-0.947717616615505,1.0018305325714,0.0787287351658617,0.900222810193041,0.441952508291462,0.62692251794663,-0.999504604483695,-1.40420421316228,0.825019468724891,-2.08360504322647,1.57217079032911,1.00201998373711,1.48095296977498,1.44743055304307,1.41571973630586,1.88224612678893,1.45699011079749,0.644237922385043,1.87413595757377,-0.747371701882785,-1.10163569866861,-1.36774756217728,0.737106861612291,0.0772839693950349,-1.34603278829359,-1.36922590077905,-1.49741639047656,-1.65312500260683,0.0526983377035892,-0.296779399476184,-0.162264629431078,-1.1172242626697,-0.441558653263252,-0.419913263325856,-0.475247208913075,-1.21531660098426,-1.4443568396663,-1.19554568931156
89,"Mainz","online",1,25,"male","prefer not to answer",3,3,3,3,3,2,2,1,1,1,1,1,3,2,1,1,3,2,2,3,4,2,3,2,3,3,3,3,2,3,2,3,3,2,3,2,4,2,2,3,3,3,3,3,4,1,3,4,3,3,3,3,3,3,2,2,3,3,3,4,2,3,3,2,3,1.5,3,2.66666666666667,3,3,3,3,2.66666666666667,3,2.25,2.33333333333333,2.66666666666667,3,2.66666666666667,3.66666666666667,2.3,3,2.9,2.4,3.1,4,4,4,4,4,4,4,4,4,4,3,4,3,4,4,2,4,3,4,4,3,4,3,3,3,3.66666666666667,3.4,3.2,3.4,0.25828191772496,0.484411544009668,0.634789241592561,0.54360452449115,0.231334196183588,-1.16755932249702,-0.789092955733334,-1.49031873108235,-0.756743211530565,-0.520775132283564,-1.29628480947081,-1.58583113318791,0.617446498796247,-0.994983917110072,-1.35411752766521,-1.49764688983474,-1.16419679651849,-1.49009096491407,-0.588274989781376,-1.00727870503172,0.546583692340883,-2.58642973346652,0.0676538931817709,-0.948985819435749,-1.13066754216661,-0.620815260378279,-1.43637327949346,-1.34013120494708,0.0121145710309808,-0.974876145106769,-0.75652570747877,-1.72976164138085,-0.74662927451272,-0.7072041350979,-0.890838683579476,-1.45996259368217,0.153002063356025,-0.722204300846748,-0.624883090612745,-0.652519496519355,-0.773563712336717,-1.29903810567666,-0.273061863279744,-0.0912477665152752,0.102349052298016,-1.69051747493213,-0.996253456998407,-0.207958837634126,-0.172477283773693,-1.3059748702102,0.36912488268381,-1.82365641445348,-0.284449678900705,-0.166169196795117,-1.36009794704248,-0.617297391602155,-1.08491104639647,-0.655906032339299,-0.276856889330419,-0.297296160086534,-0.772199949954385,-1.38813656953531,-1.17151269155941,-0.976528240206948,-0.774744120101803,-1.46216646799368,-0.200983735312038,-0.881158047101758,-1.78384233742156,-1.59330489692435,-1.73517790691345,-1.36189707592307,-0.368018143565608,-1.03357038550735,-0.80668008259768,-0.695151752609533,-0.157204343988354,-1.48742368482954,-1.52007019435625,-0.510215301919498,-1.02566336829905,-2.00435800252889,-0.999504604483695,-0.657933629820879,-1.38620022410121,-0.143316749004995,-0.260293177206806,-0.767433365470897,-0.524029512381915,-0.367874273576268,-0.351419792700035,0.244971077456879,-0.307438280260022,-0.538919027247315,-0.223466131666189,-0.747371701882785,-0.364419413628018,-0.51411787798153,0.737106861612291,0.0772839693950349,-0.669170586180241,0.253560351996121,-0.624749884768366,0.10488104246146,0.0526983377035892,-0.296779399476184,-0.162264629431078,-0.330698381750232,-0.441558653263252,-1.13053570895423,-0.274181082065236,-0.470899935880214,-0.514048317136495,-0.47370678255741
90,"Mainz","online",1,24,"female","other",3,3,2,2,3,3,3,2,0,0,0,0,2.5,2.75,0,3,5,4,2,4,4,4,2,4,4,2,5,4,2,5,4,5,4,4,3,4,1,3,2,3,4,5,2,3,5,4,5,4,3,4,4,5,4,4,4,2,5,4,4,5,4,4,4,4,4,3.75,4,2.66666666666667,4.75,3.33333333333333,5,4,3,3.33333333333333,3.25,3.33333333333333,3,3.75,3.66666666666667,5,3.5,4.4,3.5,3.2,4.1,2,4,1,5,5,4,4,5,3,4.5,5,4,3,2,4,3,3,3,4,3,4,5,4,3,2,3.33333333333333,3.8,3.6,3.46666666666667,0.25828191772496,0.484411544009668,-0.304058712359462,-0.413139438613273,0.231334196183588,-0.0803083131876254,0.255120278921303,-0.504243179689517,-1.58399044898013,-1.36165974954877,-2.18057212135788,-2.48908770095837,-0.00530756302690199,-0.0363132816463534,-2.49306464770858,0.144632565684975,0.825110350930578,0.504251315123012,-0.588274989781376,0.100727870503172,0.546583692340883,-0.304667161586281,-0.726151786817672,0.886415325846579,0.0753778361444409,-1.57093252843547,0.715130526386106,-0.0855402896774732,0.0121145710309808,1.04369093182019,1.08000566515935,0.775901312388939,0.1919903848747,0.952368235265172,-0.890838683579476,0.422480017951983,-2.29503095034037,0.148398144009606,-0.624883090612745,-0.652519496519355,0.213010297599965,1.01036297108185,-1.10166337943897,-0.0912477665152752,1.00302071252055,0.689731129772309,0.869072164615631,-0.207958837634126,-0.172477283773693,0.0381863997137484,1.32450693198308,1.17600273455411,0.578707967418675,0.720066519445508,0.643058861990797,-0.617297391602155,1.09731002978386,0.374803447051028,0.642516931842293,0.97890199052883,0.926639939945262,-0.0746309983621132,0.0705730537083977,0.571840861382447,0.250481181687049,0.851591459380933,0.927946182185364,-0.881158047101758,0.88650244958131,-1.10981927303007,1.27855214193623,0.236062159826666,-0.0253134172822903,-0.525446397101504,0.287544923469308,0.378064988261326,0.238052292325221,-0.242796576129069,0.0787287351658617,1.37036884756389,0.441952508291462,0.451503816581596,-0.0792980985248617,0.337093814634327,0.456482853253873,-1.43684227848598,-0.260293177206806,-2.5368867146789,0.144297981670382,0.237227335296845,-0.351419792700035,0.244971077456879,0.28070451675915,-1.32769032700222,0.126134216540471,1.03016099448708,-0.364419413628018,-0.51411787798153,-0.864508047569971,0.0772839693950349,0.00769161593310614,-0.557832774391467,-0.624749884768366,0.10488104246146,-0.874792405879583,0.519363949083322,0.570006518770709,0.455827499169239,-0.441558653263252,-1.8411581545826,-0.676313335760914,0.0253778408558194,-0.0488940558715946,-0.383476919213141
91,"Mainz","online",1,26,"female","prefer not to answer",1,1,0,1,4,4,4,3,0,0,0,3,0.75,3.75,0.75,1,5,3,3,4,4,5,4,3,5,3,5,4,3,5,3,5,3,3,5,4,5,3,3,3,3,5,4,4,4,1,5,5,3,4,3,5,3,3,3,3,5,4,4,5,2,4,4,4,5,1.75,3.66666666666667,3,4.75,5,5,3.75,3.33333333333333,4,3.25,3,3.66666666666667,4.5,3.66666666666667,4.66666666666667,2.7,4.9,3.7,3.3,4.3,2,4,3,4,3,6,2,4,3.25,3.75,4,5,5,3,4,2,4,5,3,5,4,3,6,3,5,4,4.8,3.2,4.06666666666667,-1.76205663870139,-1.52162214412449,-2.18175462026351,-1.3698834017177,1.24920465939137,1.00694269612177,1.29933351357594,0.481832371703316,-1.58399044898013,-1.36165974954877,-2.18057212135788,0.22068200235301,-2.18494677940792,1.24191423230527,-1.63885430767605,-1.49764688983474,0.825110350930578,-0.492919824895528,0.319939029530222,0.100727870503172,0.546583692340883,0.836214124353836,0.861459573181214,-0.0312852467945852,1.2814232144555,-0.620815260378279,0.715130526386106,-0.0855402896774732,1.07819682175728,1.04369093182019,0.161739978840289,0.775901312388939,-0.74662927451272,0.122582050083636,0.986857224324569,0.422480017951983,0.969013067921489,0.148398144009606,0.241096625512004,-0.652519496519355,-0.773563712336717,1.01036297108185,0.55553965287948,0.753994702257801,0.102349052298016,-1.69051747493213,0.869072164615631,0.972710692159621,-0.172477283773693,0.0381863997137484,0.36912488268381,1.17600273455411,-0.284449678900705,-0.166169196795117,-0.358519542525843,0.231486521850808,1.09731002978386,0.374803447051028,0.642516931842293,0.97890199052883,-0.772199949954385,-0.0746309983621132,0.0705730537083977,0.571840861382447,1.2757064834759,-1.20508225384094,0.55163620968623,-0.474113909857901,0.88650244958131,1.30760884644136,1.27855214193623,-0.163427649110769,0.317391309001027,0.490801579710196,0.287544923469308,0.0203260746377058,1.02856556495237,1.0018305325714,0.0787287351658617,0.900222810193041,-0.536458076102214,1.32859732340677,0.227437403461416,0.461472245191228,0.825019468724891,-1.43684227848598,-0.260293177206806,-1.35725114854023,-0.524029512381915,-0.972975882449382,0.826673226637226,-0.846545622097823,-0.307438280260022,-1.13049750206349,-0.398266305769519,0.141394646302149,0.37279687141257,1.19314149040997,-0.06370059297884,0.0772839693950349,-0.669170586180241,0.253560351996121,1.12058312664802,-0.774121980072685,0.980189081286761,0.519363949083322,-0.894535777632864,2.02887926100818,-0.441558653263252,0.290709182302516,0.127951171630443,1.2660722826959,-0.514048317136495,0.428591850885275
92,"Mainz","online",1,21,"female","other",3,1,3,2,3,4,4,3,2,1,3,3,2.25,3.5,2.25,2,5,4,1,4,4,5,2,2,4,5,5,5,1,5,2,5,3,2,5,2,5,3,1,4,5,5,2,2,5,5,5,4,1,2,2,5,3,2,5,4,5,5,2,5,2,5,4,4,5,2.75,2.66666666666667,4.66666666666667,5,5,5,3.75,2.66666666666667,4,2,1.66666666666667,1.66666666666667,4,4.33333333333333,5,3.3,5,3.5,1.8,4.4,6,6,7,7,4,3,2,2,6.5,2.75,4,6,5,2,4,2,3,4,3,2,3,2,4,2,3,2.66666666666667,4.2,2.8,3.26666666666667,0.25828191772496,-1.52162214412449,0.634789241592561,-0.413139438613273,0.231334196183588,1.00694269612177,1.29933351357594,0.481832371703316,0.0705040259189969,-0.520775132283564,0.47228981430332,0.22068200235301,-0.316684593938476,0.922357353817365,0.0695663723890129,-0.676507162074881,0.825110350930578,0.504251315123012,-1.49648900909297,0.100727870503172,0.546583692340883,0.836214124353836,-0.726151786817672,-0.948985819435749,0.0753778361444409,1.27941927573611,0.715130526386106,1.16905062559213,-1.05396767969532,1.04369093182019,-0.75652570747877,0.775901312388939,-0.74662927451272,-0.7072041350979,0.986857224324569,-1.45996259368217,0.969013067921489,0.148398144009606,-1.49086280673749,0.519352252331732,1.19958430753665,1.01036297108185,-1.10166337943897,-0.936490235288351,1.00302071252055,1.48314733134046,0.869072164615631,-0.207958837634126,-2.01223497735975,-2.65013614013415,-0.586257166615464,1.17600273455411,-0.284449678900705,-1.05240491303574,1.64463726650744,1.08027043530377,1.09731002978386,1.40551292644135,-1.19623071050313,0.97890199052883,-0.772199949954385,1.23887457281108,0.0705730537083977,0.571840861382447,1.2757064834759,-0.176745397230005,-0.577293707811171,1.56110677636138,1.267980276296,1.30760884644136,1.27855214193623,-0.163427649110769,-0.368018143565608,0.490801579710196,-1.08023633411443,-1.41062957985677,-1.34297425292908,0.172079126771087,1.1445946881806,1.37036884756389,0.197349862193042,1.5040160247718,-0.0792980985248617,-1.40420421316228,1.0092877764604,1.15020878047599,0.961349467817139,1.00201998373711,1.48095296977498,-0.367874273576268,-0.940466302368666,-0.846545622097823,-1.48372387429837,1.43300922213995,-1.09746700218284,0.141394646302149,1.11001315645316,1.19314149040997,-0.864508047569971,0.0772839693950349,-0.669170586180241,-0.557832774391467,0.247916620939828,-0.774121980072685,-1.80228314946276,-0.296779399476184,-1.62680692583465,0.455827499169239,-1.29556220243174,-1.13053570895423,-1.48057784315227,0.521655617591853,-0.979202578401397,-0.654166509245947
93,"Mainz","online",1,25,"female","prefer not to answer",3,3,2,2,3,3,3,3,1,1,1,3,2.5,3,1.5,3,5,4,2,3,4,5,4,4,4,4,4,4,2,4,4,5,4,2,4,4,5,3,2,3,4,4,4,4,3,4,5,4,3,4,3,4,4,3,3,4,4,4,4,4,4,4,3,4,3,3.75,3.66666666666667,4,4.75,4.66666666666667,4,3.75,3.66666666666667,4,2.75,3,3.33333333333333,3.5,3.33333333333333,3.66666666666667,3.8,4.5,3.8,3,3.5,5,5,6,5,5,5,2,3,5.25,3.75,5,5,5,5,5,5,5,5,5,5,4,5,5,5,6,5.16666666666667,4.8,5,5,0.25828191772496,0.484411544009668,-0.304058712359462,-0.413139438613273,0.231334196183588,-0.0803083131876254,0.255120278921303,0.481832371703316,-0.756743211530565,-0.520775132283564,-1.29628480947081,0.22068200235301,-0.00530756302690199,0.283243596841553,-0.784643967643518,0.144632565684975,0.825110350930578,0.504251315123012,-0.588274989781376,-1.00727870503172,0.546583692340883,0.836214124353836,0.861459573181214,0.886415325846579,0.0753778361444409,0.329302007678913,-0.360621376553677,-0.0855402896774732,0.0121145710309808,0.0344073933567096,1.08000566515935,0.775901312388939,0.1919903848747,-0.7072041350979,0.0480092703725467,0.422480017951983,0.969013067921489,0.148398144009606,-0.624883090612745,-0.652519496519355,0.213010297599965,-0.144337567297406,0.55553965287948,0.753994702257801,-0.798322607924522,0.689731129772309,0.869072164615631,-0.207958837634126,-0.172477283773693,0.0381863997137484,0.36912488268381,-0.323826839949683,0.578707967418675,-0.166169196795117,-0.358519542525843,1.08027043530377,0.00619949169369431,0.374803447051028,0.642516931842293,-0.297296160086534,0.926639939945262,-0.0746309983621132,-1.17151269155941,0.571840861382447,-0.774744120101803,0.851591459380933,0.55163620968623,0.747018501873669,0.88650244958131,0.824123222547078,-0.228312882488611,-0.163427649110769,0.660096035284345,0.490801579710196,-0.259567579564186,0.0203260746377058,0.633308928638797,-0.657672279029225,-0.454204241341509,-0.510215301919498,0.80885647743909,0.62692251794663,0.380805154454555,0.0883369535205258,-0.649126993159178,0.503446015735495,0.350528145305166,0.412202200667775,0.144297981670382,0.237227335296845,0.237626716968595,-0.846545622097823,-0.895581077279193,0.447045097446317,-0.398266305769519,1.03016099448708,0.37279687141257,1.19314149040997,1.53791431620342,0.877400358425984,1.3614160201598,1.06495347838371,1.12058312664802,0.983884064995606,0.980189081286761,0.519363949083322,0.570006518770709,1.24235338008871,1.26644844507372,1.00133162793089,1.53541405956532,1.2660722826959,1.57914585855556,1.69180993770503
94,"Mainz","online",1,22,"female","prefer not to answer",3,1,1,1,3,4,3,3,4,1,4,4,1.5,3.25,3.25,2,5,5,2,5,5,5,5,4,5,5,5,4,2,5,5,5,5,2,5,4,5,5,4,5,5,5,5,1,5,5,5,5,4,5,4,5,5,4,5,5,5,5,1,5,2,5,5,5,5,3.5,4.33333333333333,5,5,5,5,5,5,4.66666666666667,3.25,4,1.33333333333333,5,5,5,4.2,5,4.9,2.9,5,3,3,6,3,4,2,2,3,3.75,2.75,4,6,6,1,3,5,2,1,4,4,2,5,3,3,5,3.5,3,4.6,3.6,0.25828191772496,-1.52162214412449,-1.24290666631148,-1.3698834017177,0.231334196183588,1.00694269612177,0.255120278921303,0.481832371703316,1.72499850081812,-0.520775132283564,1.35657712619039,1.12393857012347,-1.2508156866732,0.602800475329459,1.20851349243239,-0.676507162074881,0.825110350930578,1.50142245514155,-0.588274989781376,1.20873444603807,1.41323891623273,0.836214124353836,1.65526525318066,0.886415325846579,1.2814232144555,1.27941927573611,0.715130526386106,-0.0855402896774732,0.0121145710309808,1.04369093182019,1.99827135147841,0.775901312388939,1.13061004426212,-0.7072041350979,0.986857224324569,0.422480017951983,0.969013067921489,1.88960303372231,1.10707634163675,1.69122400118282,1.19958430753665,1.01036297108185,1.3841411690387,-1.78173270406143,1.00302071252055,1.48314733134046,0.869072164615631,0.972710692159621,0.747401563019337,1.3823476696377,1.32450693198308,1.17600273455411,1.44186561373806,0.720066519445508,1.64463726650744,1.92905434875673,1.09731002978386,1.40551292644135,-2.11560453167584,0.97890199052883,-0.772199949954385,1.23887457281108,1.3126587989762,1.34602541217714,1.2757064834759,0.594507245228198,1.3042561546845,1.96815091360524,1.267980276296,1.30760884644136,1.27855214193623,1.8340213955764,2.03091494041762,1.5070495565219,0.287544923469308,1.09354281550856,-1.73823088924266,1.83158193837171,2.21046064119535,1.37036884756389,1.29806176963593,1.5040160247718,2.06785041537908,-0.036041477036375,2.11489762287345,-0.790079513745486,-0.871114499718779,0.412202200667775,-1.19235700643421,-0.367874273576268,-1.5295128120373,-0.846545622097823,-0.895581077279193,-0.736111852186041,-1.09746700218284,0.141394646302149,1.11001315645316,2.04677117460572,-1.6653155021611,-0.722832419635914,1.3614160201598,-1.36922590077905,-2.37008289618475,0.10488104246146,0.0526983377035892,-1.11292274803569,0.570006518770709,-0.330698381750232,-0.441558653263252,0.290709182302516,-0.475247208913075,-0.967177712616247,1.11399159729066,-0.203017192524604
95,"Mainz","online",1,19,"female","other",3,3,3,3,1,2,1,1,2,1,3,3,3,1.25,2.25,1,5,4,2,3,2,4,4,2,4,3,4,4,2,2,2,5,4,3,2,2,3,4,2,3,3,4,3,2,3,2,3,5,2,4,1,4,3,2,3,2,4,4,2,4,2,4,4,3,2,1.75,1.66666666666667,2.66666666666667,4.25,3.66666666666667,4,4.25,3.66666666666667,3.66666666666667,2.5,2,2,2.75,3.33333333333333,3,2,4,3.9,2.2,3,4,4,4,5,4,4,4,4,4.25,4,4,4,4,4,4,4,4,4,4,4,4,4,4,4,4,4,4,4,4,0.25828191772496,0.484411544009668,0.634789241592561,0.54360452449115,-1.80440673023198,-1.16755932249702,-1.83330619038797,-1.49031873108235,0.0705040259189969,-0.520775132283564,0.47228981430332,0.22068200235301,0.617446498796247,-1.95365455257379,0.0695663723890129,-1.49764688983474,0.825110350930578,0.504251315123012,-0.588274989781376,-1.00727870503172,-1.18672675544282,-0.304667161586281,0.861459573181214,-0.948985819435749,0.0753778361444409,-0.620815260378279,-0.360621376553677,-0.0855402896774732,0.0121145710309808,-1.98415968357025,-0.75652570747877,0.775901312388939,0.1919903848747,0.122582050083636,-1.8296866375315,-1.45996259368217,-0.66300894120944,1.01900058886596,-0.624883090612745,-0.652519496519355,-0.773563712336717,-0.144337567297406,-0.273061863279744,-0.936490235288351,-0.798322607924522,-0.897101273363984,-0.996253456998407,0.972710692159621,-1.09235613056672,0.0381863997137484,-1.54163921591474,-0.323826839949683,-0.284449678900705,-1.05240491303574,-0.358519542525843,-0.617297391602155,0.00619949169369431,0.374803447051028,-1.19623071050313,-0.297296160086534,-0.772199949954385,-0.0746309983621132,0.0705730537083977,-0.20234368941225,-1.79996942189066,-1.20508225384094,-1.70622362530857,-0.881158047101758,0.123546796151919,-0.62633364913578,-0.228312882488611,0.6355519687641,0.660096035284345,-0.0173224086956545,-0.533123831080933,-1.05289066623315,-0.947717616615505,-1.90229938772969,-0.454204241341509,-1.45050737666119,-1.39256733744668,-0.250170988878544,0.534172905447694,-0.90669049093468,-1.57046853183672,-0.143316749004995,-0.260293177206806,-0.767433365470897,0.144297981670382,-0.367874273576268,-0.351419792700035,0.244971077456879,-0.307438280260022,-0.341726202308589,-0.223466131666189,0.141394646302149,-0.364419413628018,0.339511806214219,0.737106861612291,0.0772839693950349,0.684553818046453,0.253560351996121,0.247916620939828,0.10488104246146,0.0526983377035892,0.519363949083322,-0.162264629431078,0.455827499169239,0.412444895905236,-0.419913263325856,0.127951171630443,0.273516729223836,0.416260205393306,0.338361987541007
96,"Mainz","online",1,31,"female","prefer not to answer",3,1,3,3,4,4,4,4,1,1,1,2,2.5,4,1.25,4,4,4,2,5,4,5,3,2,4,4,5,3,1,4,2,5,5,3,2,4,4,2,4,2,4,5,4,4,5,4,4,5,4,4,1,4,4,4,2,2,4,4,5,5,4,4,5,4,2,3.5,3,3.33333333333333,4.25,4.33333333333333,4.66666666666667,4.75,3,3.66666666666667,3.25,3.33333333333333,3.33333333333333,3.25,2.66666666666667,4.66666666666667,3.3,4.4,3.9,3.3,3.5,2,2,2,5,7,6,4,6,2.75,5.75,4,6,2,3,5,3,3,3,4,4,2,4,4,3,6,4,4,3.2,3.73333333333333,0.25828191772496,-1.52162214412449,0.634789241592561,0.54360452449115,1.24920465939137,1.00694269612177,1.29933351357594,1.46790792309615,-0.756743211530565,-0.520775132283564,-1.29628480947081,-0.682574565417449,-0.00530756302690199,1.56147111079318,-1.06938074765436,0.96577229344483,-0.169543222793955,0.504251315123012,-0.588274989781376,1.20873444603807,0.546583692340883,0.836214124353836,0.0676538931817709,-0.948985819435749,0.0753778361444409,0.329302007678913,0.715130526386106,-1.34013120494708,-1.05396767969532,0.0344073933567096,-0.75652570747877,0.775901312388939,1.13061004426212,0.122582050083636,-1.8296866375315,0.422480017951983,0.153002063356025,-0.722204300846748,1.10707634163675,-1.82439124537044,0.213010297599965,1.01036297108185,0.55553965287948,0.753994702257801,1.00302071252055,0.689731129772309,-0.0635906461913878,0.972710692159621,0.747401563019337,0.0381863997137484,-1.54163921591474,-0.323826839949683,0.578707967418675,0.720066519445508,-1.36009794704248,-0.617297391602155,0.00619949169369431,0.374803447051028,1.561890753015,0.97890199052883,0.926639939945262,-0.0746309983621132,1.3126587989762,0.571840861382447,-1.79996942189066,0.594507245228198,-0.200983735312038,-0.0670697726140443,0.123546796151919,0.340637598652792,0.77626380046128,1.43453158663897,-0.0253134172822903,-0.0173224086956545,0.287544923469308,0.378064988261326,0.633308928638797,-1.07254798192938,-1.52007019435625,0.900222810193041,0.197349862193042,0.451503816581596,0.534172905447694,0.461472245191228,-0.649126993159178,-1.43684227848598,-1.48193582223075,-1.94706893160957,0.144297981670382,1.44743055304307,0.826673226637226,0.244971077456879,0.868847313778322,-1.52488315194095,1.00013508705712,0.141394646302149,1.11001315645316,-1.36774756217728,-0.06370059297884,0.877400358425984,0.00769161593310614,-0.557832774391467,-0.624749884768366,0.10488104246146,0.0526983377035892,-1.11292274803569,-0.162264629431078,0.455827499169239,-0.441558653263252,1.00133162793089,0.127951171630443,0.273516729223836,-0.514048317136495,-0.022557465836067
97,"Mainz","online",1,23,"female","prefer not to answer",3,2,4,3,3,3,2,2,4,2,4,4,3,2.5,3.5,3,5,4,4,3,2,5,2,5,4,3,5,2,4,2,1,5,3,5,4,2,5,1,4,2,3,5,3,5,2,3,5,3,5,4,1,5,4,5,2,1,5,3,5,4,1,5,4,5,3,2,1.66666666666667,2.33333333333333,5,5,5,3.5,2.33333333333333,2.66666666666667,4.75,4.66666666666667,4.66666666666667,3.5,2.66666666666667,2.66666666666667,2,5,2.9,4.7,3,6,5,7,5,6,5,3,4,5.75,4.5,3,3,4,2,4,4,2,2,4,3,3,2,3,2,4,2.66666666666667,3,3.2,3,0.25828191772496,-0.518605300057409,1.57363719554458,0.54360452449115,0.231334196183588,-0.0803083131876254,-0.789092955733334,-0.504243179689517,1.72499850081812,0.32010948498164,1.35657712619039,1.12393857012347,0.617446498796247,-0.35587016013426,1.49325027244323,0.144632565684975,0.825110350930578,0.504251315123012,1.22815304884182,-1.00727870503172,-1.18672675544282,0.836214124353836,-0.726151786817672,1.80411589848774,0.0753778361444409,-0.620815260378279,0.715130526386106,-2.59472212021668,2.14427907248358,-1.98415968357025,-1.67479139379783,0.775901312388939,-0.74662927451272,1.78215442044671,0.0480092703725467,-1.45996259368217,0.969013067921489,-1.5928067457031,1.10707634163675,-1.82439124537044,-0.773563712336717,1.01036297108185,-0.273061863279744,1.59923717103088,-1.69899426814706,-0.103685071795837,0.869072164615631,-1.38862836742787,1.66728040981237,0.0381863997137484,-1.54163921591474,1.17600273455411,0.578707967418675,1.60630223568613,-1.36009794704248,-1.46608130505512,1.09731002978386,-0.655906032339299,1.561890753015,-0.297296160086534,-1.62161989490421,1.23887457281108,0.0705730537083977,1.34602541217714,-0.774744120101803,-0.947998039688208,-1.70622362530857,-1.28820218434561,1.267980276296,1.30760884644136,1.27855214193623,-0.562917458048204,-0.710722869848925,-1.5416943739132,1.92888243256979,1.8090206427558,2.2143354738931,-0.657672279029225,-1.52007019435625,-1.92065341403204,-1.39256733744668,1.5040160247718,-0.999504604483695,2.20277027298784,-1.57046853183672,1.15020878047599,0.350528145305166,1.00201998373711,0.144297981670382,0.842328944169959,0.237626716968595,-0.300787272320472,-0.307438280260022,0.84143074732377,0.126134216540471,-0.747371701882785,-1.10163569866861,0.339511806214219,-0.864508047569971,0.0772839693950349,0.684553818046453,-1.36922590077905,-1.49741639047656,0.10488104246146,-0.874792405879583,-0.296779399476184,-1.62680692583465,-0.330698381750232,-1.29556220243174,-0.419913263325856,-1.48057784315227,-0.967177712616247,-0.514048317136495,-1.01508596262302
98,"Mainz","online",1,22,"non-binary","prefer not to answer",3,3,2,3,3,1,4,3,2,1,2,2,2.75,2.75,1.75,5,1,5,1,5,1,5,1,5,1,5,1,5,1,5,1,5,1,5,1,4,2,4,2,4,2,4,2,2,2,4,2,4,2,4,2,4,2,2,4,5,5,5,1,5,1,5,5,1,5,2.75,2.33333333333333,4,3.25,3.66666666666667,3.33333333333333,3.75,2.33333333333333,4,2.25,3,1.33333333333333,3.75,3,4,3,3.4,3.4,2.2,3.6,1,1,1,1,1,1,2,2,1,1.5,1,1,1,1,1,1,1,1,1,1,1,1,1,1,1,1,1,1,1,0.25828191772496,0.484411544009668,-0.304058712359462,0.54360452449115,0.231334196183588,-2.25481033180641,1.29933351357594,0.481832371703316,0.0705040259189969,-0.520775132283564,-0.411997497583747,-0.682574565417449,0.306069467884672,-0.0363132816463534,-0.499907187632674,1.78691202120468,-3.15350394396756,1.50142245514155,-1.49648900909297,1.20873444603807,-2.05338197933467,0.836214124353836,-1.51995746681711,1.80411589848774,-3.54275829878872,1.27941927573611,-3.58787708537303,1.16905062559213,-1.05396767969532,1.04369093182019,-1.67479139379783,0.775901312388939,-2.62386859328756,1.78215442044671,-2.76853459148352,0.422480017951983,-1.4790199457749,1.01900058886596,-0.624883090612745,0.519352252331732,-1.7601377222734,-0.144337567297406,-1.10166337943897,-0.936490235288351,-1.69899426814706,0.689731129772309,-1.92891626780543,-0.207958837634126,-1.09235613056672,0.0381863997137484,-0.586257166615464,-0.323826839949683,-1.14760732522009,-1.05240491303574,0.643058861990797,1.92905434875673,1.09731002978386,1.40551292644135,-2.11560453167584,0.97890199052883,-1.62161989490421,1.23887457281108,1.3126587989762,-1.75071279100165,1.2757064834759,-0.176745397230005,-0.953603680310305,0.747018501873669,-1.40236451070686,-0.62633364913578,-1.2328895654385,-0.163427649110769,-0.710722869848925,0.490801579710196,-0.80668008259768,0.0203260746377058,-1.73823088924266,-0.242796576129069,-0.98713721784888,-0.0400692645486515,-0.169554106954586,-1.30268319706875,-0.232665849518001,-0.90669049093468,-0.464858685423669,-2.08360504322647,-2.09275714474272,-2.5368867146789,-2.52901199453881,-2.18317910019561,-2.11855932170593,-0.846545622097823,-1.48372387429837,-2.90523292651203,-1.97146787269949,-2.52490439825265,-2.57606826874978,-2.22137724637303,-1.6653155021611,-2.32306519769781,-1.34603278829359,-2.18061902716664,-2.37008289618475,-2.53212802514098,-2.72977389304593,-1.9290660965952,-2.35907807403644,-1.90375014358917,-2.14956575160023,-2.55178060021097,-3.49123911163066,-3.44856659629641,-3.07239675409345,-3.72198186295108
99,"Mainz","online",1,24,"female","prefer not to answer",3,3,1,3,2,4,4,3,2,3,4,4,2.5,3.25,3.25,2,5,4,5,4,2,5,5,5,5,5,5,4,2,5,3,5,5,1,4,4,4,4,3,4,4,5,5,5,5,4,5,5,4,4,3,5,4,4,3,2,4,4,4,5,2,4,5,5,4,2.75,3,3.66666666666667,4.75,4.66666666666667,4.66666666666667,4.75,4.33333333333333,4.33333333333333,3.75,4,3.66666666666667,4,4,5,3.1,4.7,4.5,3.8,4.3,6,6,7,5,4,5,2,3,6,3.5,5,2,4,2,3,5,5,4,5,4,1,4,2,3,5,4.16666666666667,2.4,4.2,3.6,0.25828191772496,0.484411544009668,-1.24290666631148,0.54360452449115,-0.786536267024197,1.00694269612177,1.29933351357594,0.481832371703316,0.0705040259189969,1.16099410224684,1.35657712619039,1.12393857012347,-0.00530756302690199,0.602800475329459,1.20851349243239,-0.676507162074881,0.825110350930578,0.504251315123012,2.13636706815342,0.100727870503172,-1.18672675544282,0.836214124353836,1.65526525318066,1.80411589848774,1.2814232144555,1.27941927573611,0.715130526386106,-0.0855402896774732,0.0121145710309808,1.04369093182019,0.161739978840289,0.775901312388939,1.13061004426212,-1.53699032027944,0.0480092703725467,0.422480017951983,0.153002063356025,1.01900058886596,0.241096625512004,0.519352252331732,0.213010297599965,1.01036297108185,1.3841411690387,1.59923717103088,1.00302071252055,0.689731129772309,0.869072164615631,0.972710692159621,0.747401563019337,0.0381863997137484,0.36912488268381,1.17600273455411,0.578707967418675,0.720066519445508,-0.358519542525843,-0.617297391602155,0.00619949169369431,0.374803447051028,0.642516931842293,0.97890199052883,-0.772199949954385,-0.0746309983621132,1.3126587989762,1.34602541217714,0.250481181687049,-0.176745397230005,-0.200983735312038,0.339974364629812,0.88650244958131,0.824123222547078,0.77626380046128,1.43453158663897,1.34550548785098,0.998925568116045,0.834657426502802,1.09354281550856,1.02856556495237,0.172079126771087,0.611661711673233,1.37036884756389,-0.0472527839053763,0.9777599206767,1.45437941140653,1.08336439797573,0.825019468724891,1.15020878047599,0.961349467817139,1.00201998373711,0.144297981670382,-0.367874273576268,0.237626716968595,-0.846545622097823,-0.895581077279193,1.0386235722625,-0.57306647987285,1.03016099448708,-1.8388519837092,0.339511806214219,-0.864508047569971,-0.722832419635914,1.3614160201598,1.06495347838371,0.247916620939828,0.983884064995606,0.0526983377035892,-1.9290660965952,-0.162264629431078,-1.1172242626697,-0.441558653263252,0.290709182302516,0.329017298478283,-1.7115943777203,0.648837336025757,-0.203017192524604
100,"Mainz","online",1,18,"female","other",1,3,1,1,3,3,3,3,3,2,3,3,1.5,3,2.75,4,5,4,4,4,5,5,4,4,4,4,4,5,2,4,4,5,4,3,4,4,5,4,3,4,5,4,4,3,4,4,5,5,4,4,4,4,4,2,3,4,4,4,4,5,4,4,4,4,4,4,4.33333333333333,4.33333333333333,4.75,4.66666666666667,4,4.25,4,4.33333333333333,3.75,3,3,4,3.66666666666667,4.33333333333333,4.2,4.5,4.2,3.3,4,5,5,5,5,5,6,5,4,5,5,4,5,4,4,4,4,4,5,4,3,3,4,3,4,5,4,4,4,4,-1.76205663870139,0.484411544009668,-1.24290666631148,-1.3698834017177,0.231334196183588,-0.0803083131876254,0.255120278921303,0.481832371703316,0.897751263368559,0.32010948498164,0.47228981430332,0.22068200235301,-1.2508156866732,0.283243596841553,0.6390399324107,0.96577229344483,0.825110350930578,0.504251315123012,1.22815304884182,0.100727870503172,1.41323891623273,0.836214124353836,0.861459573181214,0.886415325846579,0.0753778361444409,0.329302007678913,-0.360621376553677,1.16905062559213,0.0121145710309808,0.0344073933567096,1.08000566515935,0.775901312388939,0.1919903848747,0.122582050083636,0.0480092703725467,0.422480017951983,0.969013067921489,1.01900058886596,0.241096625512004,0.519352252331732,1.19958430753665,-0.144337567297406,0.55553965287948,-0.0912477665152752,0.102349052298016,0.689731129772309,0.869072164615631,0.972710692159621,0.747401563019337,0.0381863997137484,1.32450693198308,-0.323826839949683,0.578707967418675,-1.05240491303574,-0.358519542525843,1.08027043530377,0.00619949169369431,0.374803447051028,0.642516931842293,0.97890199052883,0.926639939945262,-0.0746309983621132,0.0705730537083977,0.571840861382447,0.250481181687049,1.10867567353367,1.3042561546845,1.15406263911753,0.88650244958131,0.824123222547078,-0.228312882488611,0.6355519687641,1.00280076156766,0.998925568116045,0.834657426502802,0.0203260746377058,0.238052292325221,0.172079126771087,0.0787287351658617,0.430076772822194,1.29806176963593,0.62692251794663,0.994276158427111,0.461472245191228,0.272214545518365,0.503446015735495,0.350528145305166,-0.177615582401561,0.144297981670382,0.237227335296845,0.826673226637226,0.790729427234231,-0.307438280260022,0.249852272507591,0.475734564747132,0.141394646302149,0.37279687141257,0.339511806214219,0.737106861612291,0.0772839693950349,0.684553818046453,0.253560351996121,1.12058312664802,0.10488104246146,-0.874792405879583,-0.296779399476184,-0.162264629431078,-0.330698381750232,0.412444895905236,0.290709182302516,0.127951171630443,0.273516729223836,0.416260205393306,0.338361987541007
101,"Mainz","online",1,30,"female","prefer not to answer",1,1,3,1,2,2,2,3,3,3,3,4,1.5,2.25,3.25,3,3,4,3,4,2,4,3,3,4,2,4,5,2,4,2,4,4,4,4,4,2,3,2,3,4,4,4,2,4,3,2,5,4,4,2,4,4,4,2,2,3,3,3,4,3,4,3,4,3,2.75,2.66666666666667,2.66666666666667,3.25,3.33333333333333,3.66666666666667,4,3.33333333333333,4,3.75,3,2.33333333333333,3.75,3,4,2.7,3.4,3.8,3.1,3.6,6,6,6,6,3,5,2,3,6,3.25,3,5,5,3,4,6,4,4,5,4,4,3,4,4,4,3.5,4.2,4.6,4.13333333333333,-1.76205663870139,-1.52162214412449,0.634789241592561,-1.3698834017177,-0.786536267024197,-1.16755932249702,-0.789092955733334,0.481832371703316,0.897751263368559,1.16099410224684,0.47228981430332,1.12393857012347,-1.2508156866732,-0.675427038622166,1.20851349243239,0.144632565684975,-1.16419679651849,0.504251315123012,0.319939029530222,0.100727870503172,-1.18672675544282,-0.304667161586281,0.0676538931817709,-0.0312852467945852,0.0753778361444409,-1.57093252843547,-0.360621376553677,1.16905062559213,0.0121145710309808,0.0344073933567096,-0.75652570747877,-0.476930164495953,0.1919903848747,0.952368235265172,0.0480092703725467,0.422480017951983,-1.4790199457749,0.148398144009606,-0.624883090612745,-0.652519496519355,0.213010297599965,-0.144337567297406,0.55553965287948,-0.936490235288351,0.102349052298016,-0.103685071795837,-1.92891626780543,0.972710692159621,0.747401563019337,0.0381863997137484,-0.586257166615464,-0.323826839949683,0.578707967418675,0.720066519445508,-1.36009794704248,-0.617297391602155,-1.08491104639647,-0.655906032339299,-0.276856889330419,-0.297296160086534,0.0772199949954384,-0.0746309983621132,-1.17151269155941,0.571840861382447,-0.774744120101803,-0.176745397230005,-0.577293707811171,-0.881158047101758,-1.40236451070686,-1.10981927303007,-0.730601223963557,0.236062159826666,0.317391309001027,0.490801579710196,0.834657426502802,0.0203260746377058,-0.552460980301929,-0.242796576129069,-0.98713721784888,-0.0400692645486515,-0.536458076102214,-1.30268319706875,0.380805154454555,0.212715384077427,-0.464858685423669,1.15020878047599,0.961349467817139,0.412202200667775,0.81262547572268,-0.972975882449382,0.237626716968595,-0.846545622097823,-0.895581077279193,1.0386235722625,-0.74786665397618,-0.747371701882785,0.37279687141257,1.19314149040997,-0.06370059297884,0.0772839693950349,2.03827822227315,0.253560351996121,0.247916620939828,0.983884064995606,0.0526983377035892,0.519363949083322,-0.894535777632864,0.455827499169239,0.412444895905236,-0.419913263325856,-0.475247208913075,0.521655617591853,1.11399159729066,0.518821714229545
102,"Mainz","online",1,19,"female","other",4,2,2,3,3,3,3,2,3,2,3,3,2.75,2.75,2.75,2,3,4,1,3,3,4,2,2,2,2,3,4,1,3,2,4,2,2,4,2,4,2,1,3,2,3,4,2,3,1,4,5,2,2,1,4,4,2,2,1,4,5,2,5,2,3,4,2,4,1.75,2,1.66666666666667,3.5,4,3.33333333333333,3.75,2.66666666666667,4.33333333333333,1.75,1.66666666666667,1.66666666666667,3.25,2.33333333333333,3.66666666666667,1.8,3.6,3.6,1.7,3.1,4,6,6,3,4,7,3,3,4.75,4.25,2,5,5,4,2,1,3,3,4,2,3,5,3,2,4,3.33333333333333,3.2,3.4,3.2,1.26845119593814,-0.518605300057409,-0.304058712359462,0.54360452449115,0.231334196183588,-0.0803083131876254,0.255120278921303,-0.504243179689517,0.897751263368559,0.32010948498164,0.47228981430332,0.22068200235301,0.306069467884672,-0.0363132816463534,0.6390399324107,-0.676507162074881,-1.16419679651849,0.504251315123012,-1.49648900909297,-1.00727870503172,-0.320071531550967,-0.304667161586281,-0.726151786817672,-0.948985819435749,-2.33671292047767,-1.57093252843547,-1.43637327949346,-0.0855402896774732,-1.05396767969532,-0.974876145106769,-0.75652570747877,-0.476930164495953,-1.68524893390014,-0.7072041350979,0.0480092703725467,-1.45996259368217,0.153002063356025,-0.722204300846748,-1.49086280673749,-0.652519496519355,-1.7601377222734,-1.29903810567666,0.55553965287948,-0.936490235288351,-0.798322607924522,-1.69051747493213,-0.0635906461913878,0.972710692159621,-1.09235613056672,-2.65013614013415,-1.54163921591474,-0.323826839949683,0.578707967418675,-1.05240491303574,-1.36009794704248,-1.46608130505512,0.00619949169369431,1.40551292644135,-1.19623071050313,0.97890199052883,-0.772199949954385,-1.38813656953531,0.0705730537083977,-0.976528240206948,0.250481181687049,-1.20508225384094,-1.32991365280944,-2.10229045883333,-1.02088668399217,-0.142848025241494,-1.2328895654385,-0.163427649110769,-0.368018143565608,0.998925568116045,-1.35379258563117,-1.41062957985677,-1.34297425292908,-1.07254798192938,-2.05300317086362,-0.510215301919498,-1.6371699835451,-0.951845794338683,0.0740696524682774,-1.52858264371918,-1.38620022410121,-0.143316749004995,0.961349467817139,0.412202200667775,-1.19235700643421,-0.367874273576268,1.41571973630586,-0.300787272320472,-0.895581077279193,0.0526594475688642,-0.0486659575628588,-1.63613805006772,0.37279687141257,1.19314149040997,0.737106861612291,-1.52294880866686,-1.34603278829359,-0.557832774391467,-0.624749884768366,0.10488104246146,-1.80228314946276,-0.296779399476184,0.570006518770709,-0.330698381750232,-1.29556220243174,-0.419913263325856,-0.676313335760914,-0.71903882424823,-0.281471186504045,-0.744396372590215
103,"Mainz","online",1,26,"female","other",4,3,3,4,1,3,2,2,3,3,3,4,3.5,2,3.25,5,4,2,2,5,4,4,3,2,4,4,5,5,2,5,4,5,3,3,4,5,5,3,3,4,5,4,2,4,5,4,5,4,3,4,3,4,4,3,5,4,5,4,5,5,4,5,5,4,5,4.25,4,4.33333333333333,4.75,4.33333333333333,4.66666666666667,3.5,3.33333333333333,3.66666666666667,3,2.66666666666667,3.66666666666667,4.5,4.33333333333333,5,4.2,4.6,3.5,3.1,4.6,5,3,6,5,7,7,6,7,4.75,6.75,3,3,4,5,5,5,5,5,3,4,3,5,3,3,3,4.16666666666667,3.8,4,3.93333333333333,1.26845119593814,0.484411544009668,0.634789241592561,1.50034848759557,-1.80440673023198,-0.0803083131876254,-0.789092955733334,-0.504243179689517,0.897751263368559,1.16099410224684,0.47228981430332,1.12393857012347,1.2402005606194,-0.994983917110072,1.20851349243239,1.78691202120468,-0.169543222793955,-1.49009096491407,-0.588274989781376,1.20873444603807,0.546583692340883,-0.304667161586281,0.0676538931817709,-0.948985819435749,0.0753778361444409,0.329302007678913,0.715130526386106,1.16905062559213,0.0121145710309808,1.04369093182019,1.08000566515935,0.775901312388939,-0.74662927451272,0.122582050083636,0.0480092703725467,1.36370132376906,0.969013067921489,0.148398144009606,0.241096625512004,0.519352252331732,1.19958430753665,-0.144337567297406,-1.10166337943897,0.753994702257801,1.00302071252055,0.689731129772309,0.869072164615631,-0.207958837634126,-0.172477283773693,0.0381863997137484,0.36912488268381,-0.323826839949683,0.578707967418675,-0.166169196795117,1.64463726650744,1.08027043530377,1.09731002978386,0.374803447051028,1.561890753015,0.97890199052883,0.926639939945262,1.23887457281108,1.3126587989762,0.571840861382447,1.2757064834759,1.3657598876864,0.927946182185364,1.15406263911753,0.88650244958131,0.340637598652792,0.77626380046128,-0.562917458048204,0.317391309001027,-0.0173224086956545,0.0139886719525613,-0.337412838985914,1.02856556495237,1.0018305325714,1.1445946881806,1.37036884756389,1.29806176963593,0.802341219311664,-0.0792980985248617,0.212715384077427,1.37782439193142,0.503446015735495,-0.871114499718779,0.412202200667775,0.144297981670382,1.44743055304307,1.41571973630586,1.33648777701158,1.45699011079749,0.0526594475688642,1.69933578347044,-0.747371701882785,-1.10163569866861,0.339511806214219,1.53791431620342,0.877400358425984,1.3614160201598,1.06495347838371,1.12058312664802,-0.774121980072685,0.0526983377035892,-0.296779399476184,0.570006518770709,-0.330698381750232,-0.441558653263252,-1.13053570895423,0.329017298478283,0.0253778408558194,0.416260205393306,0.248132124196738
104,"Zuerich","lab",1,20,"female","other",4,2,3,3,4,3,4,1,1,2,3,4,3,3,2.5,2,5,4,2,4,1,5,5,2,4,4,4,5,1,3,1,5,5,2,5,3,1,5,4,5,2,5,5,2,4,4,5,5,3,4,1,5,5,3,4,1,3,5,2,5,1,5,5,4,4,2,1.66666666666667,2.33333333333333,5,3.66666666666667,4,4.75,5,5,2.75,3,1.66666666666667,4.25,4.33333333333333,4,2,4.3,4.9,2.5,4.2,1,6,5,3,5,5,3,2,3.75,3.75,4,6,2,4,5,2,5,4,6,6,6,6,6,6,6,5.16666666666667,5.4,4.4,4.93333333333333,1.26845119593814,-0.518605300057409,0.634789241592561,0.54360452449115,1.24920465939137,-0.0803083131876254,1.29933351357594,-1.49031873108235,-0.756743211530565,0.32010948498164,0.47228981430332,1.12393857012347,0.617446498796247,0.283243596841553,0.354303152399856,-0.676507162074881,0.825110350930578,0.504251315123012,-0.588274989781376,0.100727870503172,-2.05338197933467,0.836214124353836,1.65526525318066,-0.948985819435749,0.0753778361444409,0.329302007678913,-0.360621376553677,1.16905062559213,-1.05396767969532,-0.974876145106769,-1.67479139379783,0.775901312388939,1.13061004426212,-0.7072041350979,0.986857224324569,-0.518741287865094,-2.29503095034037,1.88960303372231,1.10707634163675,1.69122400118282,-1.7601377222734,1.01036297108185,1.3841411690387,-0.936490235288351,0.102349052298016,0.689731129772309,0.869072164615631,0.972710692159621,-0.172477283773693,0.0381863997137484,-1.54163921591474,1.17600273455411,1.44186561373806,-0.166169196795117,0.643058861990797,-1.46608130505512,-1.08491104639647,1.40551292644135,-1.19623071050313,0.97890199052883,-1.62161989490421,1.23887457281108,1.3126587989762,0.571840861382447,0.250481181687049,-0.947998039688208,-1.70622362530857,-1.28820218434561,1.267980276296,-0.62633364913578,-0.228312882488611,1.43453158663897,2.03091494041762,2.01517354492774,-0.259567579564186,0.0203260746377058,-1.34297425292908,0.586954829671243,1.1445946881806,-0.0400692645486515,-1.39256733744668,0.27608511521656,2.06785041537908,-0.533555199263978,0.640751160989383,-2.08360504322647,0.961349467817139,-0.177615582401561,-1.19235700643421,0.237227335296845,0.237626716968595,-0.300787272320472,-1.48372387429837,-0.736111852186041,-0.398266305769519,0.141394646302149,1.11001315645316,-1.36774756217728,0.737106861612291,0.877400358425984,-0.669170586180241,1.06495347838371,0.247916620939828,1.86288708752975,1.90767982486993,2.15165064620234,1.3022776669725,2.02887926100818,2.12045199424221,1.00133162793089,1.53541405956532,2.01048894779995,0.881414466658207,1.60158007436077
105,"Zuerich","lab",1,22,"male","other",4,3,3,4,1,3,2,1,0,4,1,3,3.5,1.75,2,5,4,2,1,2,2,5,3,2,2,5,1,4,4,5,5,5,3,1,2,4,5,1,2,2,2,4,4,1,5,4,5,5,1,1,4,5,1,2,2,5,5,2,2,4,4,4,3,1,2,4.5,3.33333333333333,4,4.5,5,3.33333333333333,3.25,1.66666666666667,3.33333333333333,1,2,2.33333333333333,1.75,2,4.66666666666667,4,4.3,2.8,1.7,2.7,5,7,7,7,7,7,7,7,6.5,7,3,4,2,4,5,4,2,2,2,2,2,4,2,2,3,3,3,2.8,2.86666666666667,1.26845119593814,0.484411544009668,0.634789241592561,1.50034848759557,-1.80440673023198,-0.0803083131876254,-0.789092955733334,-1.49031873108235,-1.58399044898013,2.00187871951205,-1.29628480947081,0.22068200235301,1.2402005606194,-1.31454079559798,-0.215170407621831,1.78691202120468,-0.169543222793955,-1.49009096491407,-1.49648900909297,-2.11528528056662,-1.18672675544282,0.836214124353836,0.0676538931817709,-0.948985819435749,-2.33671292047767,1.27941927573611,-3.58787708537303,-0.0855402896774732,2.14427907248358,1.04369093182019,1.99827135147841,0.775901312388939,-0.74662927451272,-1.53699032027944,-1.8296866375315,0.422480017951983,0.969013067921489,-1.5928067457031,-0.624883090612745,-1.82439124537044,-1.7601377222734,-0.144337567297406,0.55553965287948,-1.78173270406143,1.00302071252055,0.689731129772309,0.869072164615631,0.972710692159621,-2.01223497735975,-3.99429741005809,1.32450693198308,1.17600273455411,-2.01076497153947,-1.05240491303574,-1.36009794704248,1.92905434875673,1.09731002978386,-1.68661551172963,-1.19623071050313,-0.297296160086534,0.926639939945262,-0.0746309983621132,-1.17151269155941,-1.75071279100165,-1.79996942189066,1.62284410183914,0.175326237187096,0.747018501873669,0.505024622866614,1.30760884644136,-1.2328895654385,-0.962407266985639,-1.39613232241556,-0.525446397101504,-2.17446134018142,-1.05289066623315,-0.552460980301929,-3.56180219933032,-2.58593614737099,0.900222810193041,1.05345912353751,0.27608511521656,-1.15287235547683,-1.52858264371918,-2.12327345504325,0.503446015735495,1.57217079032911,1.00201998373711,1.48095296977498,1.44743055304307,1.41571973630586,1.88224612678893,1.45699011079749,1.43300922213995,1.87413595757377,-0.747371701882785,-0.364419413628018,-1.36774756217728,0.737106861612291,0.877400358425984,0.684553818046453,-1.36922590077905,-1.49741639047656,-1.65312500260683,-1.80228314946276,-1.11292274803569,-0.162264629431078,-1.1172242626697,-1.29556220243174,-1.13053570895423,-1.07844558945659,-0.967177712616247,-0.979202578401397,-1.19554568931156
106,"Zuerich","lab",1,20,"male","other",3,3,2,3,3,4,2,4,1,0,1,4,2.75,3.25,1.5,3,4,4,2,5,4,5,2,3,4,4,5,4,1,3,3,4,3,4,4,4,4,4,2,4,5,5,1,2,3,4,4,3,3,4,2,4,4,3,4,4,4,3,4,5,3,4,4,4,4,3.25,3.33333333333333,4.33333333333333,4,4.33333333333333,4.66666666666667,3.5,3.33333333333333,2.66666666666667,3.25,2.66666666666667,2.33333333333333,4.25,4,3.66666666666667,3.6,4.3,3.2,2.8,4,5,4,2,3,5,7,7,5,3.5,6,4,6,3,2,4,6,3,4,5,6,2,4,4,5,6,4.16666666666667,4,4.6,4.26666666666667,0.25828191772496,0.484411544009668,-0.304058712359462,0.54360452449115,0.231334196183588,1.00694269612177,-0.789092955733334,1.46790792309615,-0.756743211530565,-1.36165974954877,-1.29628480947081,1.12393857012347,0.306069467884672,0.602800475329459,-0.784643967643518,0.144632565684975,-0.169543222793955,0.504251315123012,-0.588274989781376,1.20873444603807,0.546583692340883,0.836214124353836,-0.726151786817672,-0.0312852467945852,0.0753778361444409,0.329302007678913,0.715130526386106,-0.0855402896774732,-1.05396767969532,-0.974876145106769,0.161739978840289,-0.476930164495953,-0.74662927451272,0.952368235265172,0.0480092703725467,0.422480017951983,0.153002063356025,1.01900058886596,-0.624883090612745,0.519352252331732,1.19958430753665,1.01036297108185,-1.93026489559819,-0.936490235288351,-0.798322607924522,0.689731129772309,-0.0635906461913878,-1.38862836742787,-0.172477283773693,0.0381863997137484,-0.586257166615464,-0.323826839949683,0.578707967418675,-0.166169196795117,0.643058861990797,1.08027043530377,0.00619949169369431,-0.655906032339299,0.642516931842293,0.97890199052883,0.0772199949954384,-0.0746309983621132,0.0705730537083977,0.571840861382447,0.250481181687049,0.337423031075464,0.175326237187096,1.15406263911753,-0.257931030562777,0.340637598652792,0.77626380046128,-0.562917458048204,0.317391309001027,-1.5416943739132,0.287544923469308,-0.337412838985914,-0.552460980301929,0.586954829671243,0.611661711673233,-0.510215301919498,0.564253831340671,0.27608511521656,-0.539401351504278,-0.160419907593276,0.272214545518365,0.503446015735495,-0.260293177206806,-1.94706893160957,-1.19235700643421,0.237227335296845,1.41571973630586,1.88224612678893,0.28070451675915,-0.933304677124768,1.17493526116045,0.141394646302149,1.11001315645316,-0.51411787798153,-0.864508047569971,0.0772839693950349,2.03827822227315,-0.557832774391467,0.247916620939828,0.983884064995606,1.90767982486993,-1.11292274803569,-0.162264629431078,0.455827499169239,1.26644844507372,1.00133162793089,0.329017298478283,0.273516729223836,1.11399159729066,0.699281440918081
107,"Zuerich","lab",1,19,"female","other",1,3,2,1,4,4,4,3,0,0,1,3,1.75,3.75,1,1,3,3,3,4,1,2,2,3,4,2,5,4,2,3,2,4,5,3,5,2,3,1,2,1,4,3,2,2,4,2,3,4,4,4,1,4,4,4,3,1,2,2,4,2,1,2,3,2,2,1.5,1.33333333333333,2.33333333333333,3,3,3.33333333333333,3.75,2.33333333333333,2.66666666666667,3,3,2.66666666666667,3.75,2.66666666666667,3,1.7,3.1,3,2.9,3.2,2,4,5,2,2,5,2,4,3.25,3.25,5,6,4,3,5,4,6,4,4,4,3,6,6,6,6,5,4.8,4.8,4.8,-1.76205663870139,0.484411544009668,-0.304058712359462,-1.3698834017177,1.24920465939137,1.00694269612177,1.29933351357594,0.481832371703316,-1.58399044898013,-1.36165974954877,-1.29628480947081,0.22068200235301,-0.939438655761625,1.24191423230527,-1.35411752766521,-1.49764688983474,-1.16419679651849,-0.492919824895528,0.319939029530222,0.100727870503172,-2.05338197933467,-2.58642973346652,-0.726151786817672,-0.0312852467945852,0.0753778361444409,-1.57093252843547,0.715130526386106,-0.0855402896774732,0.0121145710309808,-0.974876145106769,-0.75652570747877,-0.476930164495953,1.13061004426212,0.122582050083636,0.986857224324569,-1.45996259368217,-0.66300894120944,-1.5928067457031,-0.624883090612745,-2.99626299422153,0.213010297599965,-1.29903810567666,-1.10166337943897,-0.936490235288351,0.102349052298016,-0.897101273363984,-0.996253456998407,-0.207958837634126,0.747401563019337,0.0381863997137484,-1.54163921591474,-0.323826839949683,0.578707967418675,0.720066519445508,-0.358519542525843,-1.46608130505512,-2.17602158448664,-1.68661551172963,0.642516931842293,-2.84969246131726,-1.62161989490421,-2.7016421407085,-1.17151269155941,-0.976528240206948,-1.79996942189066,-1.46216646799368,-2.08253359780771,-1.28820218434561,-1.78384233742156,-1.59330489692435,-1.2328895654385,-0.163427649110769,-0.710722869848925,-1.5416943739132,0.0139886719525613,0.0203260746377058,-0.157204343988354,-0.242796576129069,-1.52007019435625,-1.45050737666119,-1.75947130659431,-1.82893930116386,-0.846136853490556,-0.036041477036375,-1.2019319163657,-1.43684227848598,-0.260293177206806,-0.177615582401561,-1.86068450048651,-1.5780774913225,0.237626716968595,-0.846545622097823,-0.307438280260022,-1.13049750206349,-0.74786665397618,1.03016099448708,1.11001315645316,0.339511806214219,-0.06370059297884,0.877400358425984,0.684553818046453,1.8763466047713,0.247916620939828,0.10488104246146,0.0526983377035892,-0.296779399476184,1.3022776669725,2.02887926100818,2.12045199424221,1.00133162793089,1.33434793271748,1.2660722826959,1.34656872792311,1.42112034767223
108,"Zuerich","lab",1,21,"male","other",3,4,4,4,2,2,2,2,4,3,4,2,3.75,2,3.25,4,4,2,4,4,4,4,3,3,5,4,2,4,2,5,4,4,3,2,5,4,4,1,4,4,4,3,4,2,5,5,5,3,4,5,3,5,2,4,2,3,4,3,2,4,4,4,3,2,4,4.25,3.66666666666667,3.66666666666667,4.25,4.33333333333333,3,2.75,2,3.66666666666667,3,3.66666666666667,2,4.5,3.66666666666667,4.66666666666667,3.9,3.9,2.8,2.9,4.3,7,7,7,6,6,5,4,5,6.75,5,2,3,3,3,2,1,3,3,4,4,3,2,4,3,6,3.33333333333333,3,2.6,3.06666666666667,0.25828191772496,1.48742838807674,1.57363719554458,1.50034848759557,-0.786536267024197,-1.16755932249702,-0.789092955733334,-0.504243179689517,1.72499850081812,1.16099410224684,1.35657712619039,-0.682574565417449,1.55157759153097,-0.994983917110072,1.20851349243239,0.96577229344483,-0.169543222793955,-1.49009096491407,1.22815304884182,0.100727870503172,0.546583692340883,-0.304667161586281,0.0676538931817709,-0.0312852467945852,1.2814232144555,0.329302007678913,-2.51212518243324,-0.0855402896774732,0.0121145710309808,1.04369093182019,1.08000566515935,-0.476930164495953,-0.74662927451272,-0.7072041350979,0.986857224324569,0.422480017951983,0.153002063356025,-1.5928067457031,1.10707634163675,0.519352252331732,0.213010297599965,-1.29903810567666,0.55553965287948,-0.936490235288351,1.00302071252055,1.48314733134046,0.869072164615631,-1.38862836742787,0.747401563019337,1.3823476696377,0.36912488268381,1.17600273455411,-1.14760732522009,0.720066519445508,-1.36009794704248,0.231486521850808,0.00619949169369431,-0.655906032339299,-1.19623071050313,-0.297296160086534,0.926639939945262,-0.0746309983621132,-1.17151269155941,-0.976528240206948,0.250481181687049,1.3657598876864,0.55163620968623,0.339974364629812,0.123546796151919,0.340637598652792,-1.73517790691345,-1.76138688486051,-1.05342759613224,-0.0173224086956545,0.0139886719525613,0.735803901884945,-0.947717616615505,1.0018305325714,0.0787287351658617,0.900222810193041,0.931157800488299,-0.425589690243579,-1.15287235547683,-0.036041477036375,0.825019468724891,1.79697154521648,1.57217079032911,1.00201998373711,0.81262547572268,0.842328944169959,0.237626716968595,0.244971077456879,0.28070451675915,1.63020204707868,0.475734564747132,-1.63613805006772,-1.10163569866861,-0.51411787798153,-0.06370059297884,-1.52294880866686,-1.34603278829359,-0.557832774391467,-0.624749884768366,0.10488104246146,0.0526983377035892,-0.296779399476184,-1.62680692583465,0.455827499169239,-0.441558653263252,1.00133162793089,-0.676313335760914,-0.967177712616247,-1.21177970903385,-0.924856099278752
109,"Zuerich","lab",1,20,"female","other",3,2,1,1,3,3,3,1,1,3,1,3,1.75,2.5,2,1,4,4,2,3,2,5,4,3,2,3,4,4,2,3,1,4,5,4,5,2,2,4,2,2,2,4,3,2,4,1,4,5,3,4,2,4,3,2,3,2,4,4,2,4,2,4,3,4,1,1.25,2,2.33333333333333,4,3.66666666666667,4,4.25,3.66666666666667,3.66666666666667,3.25,2.33333333333333,2,3.25,2.33333333333333,3.66666666666667,1.8,3.9,3.9,2.6,3.1,3,3,5,3,5,6,3,5,3.5,4.75,4,4,4,3,5,3,4,4,5,5,3,6,3,5,5,4.5,3.8,4.6,4.2,0.25828191772496,-0.518605300057409,-1.24290666631148,-1.3698834017177,0.231334196183588,-0.0803083131876254,0.255120278921303,-1.49031873108235,-0.756743211530565,1.16099410224684,-1.29628480947081,0.22068200235301,-0.939438655761625,-0.35587016013426,-0.215170407621831,-1.49764688983474,-0.169543222793955,0.504251315123012,-0.588274989781376,-1.00727870503172,-1.18672675544282,0.836214124353836,0.861459573181214,-0.0312852467945852,-2.33671292047767,-0.620815260378279,-0.360621376553677,-0.0855402896774732,0.0121145710309808,-0.974876145106769,-1.67479139379783,-0.476930164495953,1.13061004426212,0.952368235265172,0.986857224324569,-1.45996259368217,-1.4790199457749,1.01900058886596,-0.624883090612745,-1.82439124537044,-1.7601377222734,-0.144337567297406,-0.273061863279744,-0.936490235288351,0.102349052298016,-1.69051747493213,-0.0635906461913878,0.972710692159621,-0.172477283773693,0.0381863997137484,-0.586257166615464,-0.323826839949683,-0.284449678900705,-1.05240491303574,-0.358519542525843,-0.617297391602155,0.00619949169369431,0.374803447051028,-1.19623071050313,-0.297296160086534,-0.772199949954385,-0.0746309983621132,-1.17151269155941,0.571840861382447,-2.82519472367951,-1.71925068214641,-1.32991365280944,-1.28820218434561,-0.257931030562777,-0.62633364913578,-0.228312882488611,0.6355519687641,0.660096035284345,-0.0173224086956545,0.287544923469308,-0.695151752609533,-0.947717616615505,-1.07254798192938,-2.05300317086362,-0.510215301919498,-1.6371699835451,-0.425589690243579,0.534172905447694,-0.409176768707077,-1.38620022410121,-0.790079513745486,-0.871114499718779,-0.177615582401561,-1.19235700643421,0.237227335296845,0.826673226637226,-0.300787272320472,0.28070451675915,-0.933304677124768,0.300934390643802,0.141394646302149,-0.364419413628018,0.339511806214219,-0.06370059297884,0.877400358425984,0.00769161593310614,0.253560351996121,0.247916620939828,0.983884064995606,0.980189081286761,-0.296779399476184,1.3022776669725,-0.330698381750232,1.26644844507372,0.290709182302516,0.731149552173961,0.0253778408558194,1.11399159729066,0.609051577573813
110,"Zuerich","lab",1,20,"female","other",4,4,4,4,3,4,3,3,3,3,3,3,4,3.25,3,3,4,5,2,4,2,4,4,2,2,4,2,4,1,1,2,4,4,1,1,2,4,2,1,1,4,4,4,1,1,2,4,5,2,4,3,4,2,2,4,2,4,5,1,4,4,4,2,2,1,2.75,2.33333333333333,3.33333333333333,4,4,3.33333333333333,4,2.66666666666667,4.33333333333333,1.75,1.66666666666667,1,2.5,2.33333333333333,2,2.8,3.8,3.7,1.5,2.3,5,4,2,1,2,4,3,5,3,3.5,4,2,2,2,5,5,2,2,2,2,2,2,1,2,5,2.83333333333333,2.4,2.6,2.66666666666667,1.26845119593814,1.48742838807674,1.57363719554458,1.50034848759557,0.231334196183588,1.00694269612177,0.255120278921303,0.481832371703316,0.897751263368559,1.16099410224684,0.47228981430332,0.22068200235301,1.86295462244254,0.602800475329459,0.923776712421544,0.144632565684975,-0.169543222793955,1.50142245514155,-0.588274989781376,0.100727870503172,-1.18672675544282,-0.304667161586281,0.861459573181214,-0.948985819435749,-2.33671292047767,0.329302007678913,-2.51212518243324,-0.0855402896774732,-1.05396767969532,-2.99344322203373,-0.75652570747877,-0.476930164495953,0.1919903848747,-1.53699032027944,-2.76853459148352,-1.45996259368217,0.153002063356025,-0.722204300846748,-1.49086280673749,-2.99626299422153,0.213010297599965,-0.144337567297406,0.55553965287948,-1.78173270406143,-2.5996659283696,-0.897101273363984,-0.0635906461913878,0.972710692159621,-1.09235613056672,0.0381863997137484,0.36912488268381,-0.323826839949683,-1.14760732522009,-1.05240491303574,0.643058861990797,-0.617297391602155,0.00619949169369431,1.40551292644135,-2.11560453167584,-0.297296160086534,0.926639939945262,-0.0746309983621132,-2.41359843682721,-0.976528240206948,-2.82519472367951,-0.176745397230005,-0.953603680310305,-0.0670697726140443,-0.257931030562777,-0.142848025241494,-1.2328895654385,0.236062159826666,-0.368018143565608,0.998925568116045,-1.35379258563117,-1.41062957985677,-2.13348752555623,-2.31717509062985,-2.05300317086362,-2.86094548877373,-0.414156753053005,-0.601008391608614,0.227437403461416,-1.77733950483298,-2.86034668598528,0.503446015735495,-0.260293177206806,-1.94706893160957,-2.52901199453881,-1.5780774913225,-0.351419792700035,-0.300787272320472,0.28070451675915,-1.32769032700222,-0.57306647987285,0.141394646302149,-1.8388519837092,-1.36774756217728,-0.864508047569971,0.877400358425984,1.3614160201598,-1.36922590077905,-1.49741639047656,-1.65312500260683,-1.80228314946276,-1.11292274803569,-1.62680692583465,-1.90375014358917,-1.29556220243174,0.290709182302516,-1.27951171630443,-1.7115943777203,-1.21177970903385,-1.46623527934436
111,"Zuerich","lab",1,19,"male","other",3,3,1,1,3,3,3,1,1,1,1,1,2,2.5,1,2,5,4,3,5,2,2,5,1,5,4,5,5,2,4,3,4,5,3,5,3,4,3,2,4,4,5,5,5,5,3,4,5,4,5,2,4,5,4,4,2,2,4,4,4,2,4,5,2,3,2.5,2.33333333333333,3.33333333333333,4.25,3.33333333333333,4,4.75,4.33333333333333,4.66666666666667,3,2.33333333333333,3.66666666666667,4.5,4.33333333333333,4.33333333333333,2.7,3.9,4.6,3,4.4,2,2,5,2,4,1,2,4,2.75,2.75,3,6,4,1,6,1,4,5,3,5,3,3,3,3,6,3.66666666666667,4.6,2.8,3.73333333333333,0.25828191772496,0.484411544009668,-1.24290666631148,-1.3698834017177,0.231334196183588,-0.0803083131876254,0.255120278921303,-1.49031873108235,-0.756743211530565,-0.520775132283564,-1.29628480947081,-1.58583113318791,-0.628061624850051,-0.35587016013426,-1.35411752766521,-0.676507162074881,0.825110350930578,0.504251315123012,0.319939029530222,1.20873444603807,-1.18672675544282,-2.58642973346652,1.65526525318066,-1.86668639207691,1.2814232144555,0.329302007678913,0.715130526386106,1.16905062559213,0.0121145710309808,0.0344073933567096,0.161739978840289,-0.476930164495953,1.13061004426212,0.122582050083636,0.986857224324569,-0.518741287865094,0.153002063356025,0.148398144009606,-0.624883090612745,0.519352252331732,0.213010297599965,1.01036297108185,1.3841411690387,1.59923717103088,1.00302071252055,-0.103685071795837,-0.0635906461913878,0.972710692159621,0.747401563019337,1.3823476696377,-0.586257166615464,-0.323826839949683,1.44186561373806,0.720066519445508,0.643058861990797,-0.617297391602155,-2.17602158448664,0.374803447051028,0.642516931842293,-0.297296160086534,-0.772199949954385,-0.0746309983621132,1.3126587989762,-0.976528240206948,-0.774744120101803,-0.433829611382739,-0.953603680310305,-0.0670697726140443,0.123546796151919,-1.10981927303007,-0.228312882488611,1.43453158663897,1.34550548785098,1.5070495565219,0.0139886719525613,-0.695151752609533,1.02856556495237,1.0018305325714,1.1445946881806,0.430076772822194,-0.536458076102214,-0.425589690243579,1.60774716239967,0.0883369535205258,1.0092877764604,-1.43684227848598,-1.48193582223075,-0.177615582401561,-1.86068450048651,-0.367874273576268,-2.11855932170593,-0.846545622097823,-0.307438280260022,-1.52488315194095,-1.09746700218284,-0.747371701882785,1.11001315645316,0.339511806214219,-1.6653155021611,1.67751674745693,-1.34603278829359,0.253560351996121,1.12058312664802,-0.774121980072685,0.980189081286761,-0.296779399476184,-0.894535777632864,-0.330698381750232,-0.441558653263252,1.00133162793089,-0.274181082065236,1.01793339432789,-0.979202578401397,-0.022557465836067
112,"Zuerich","lab",1,23,"male","other",2,3,3,2,4,0,4,4,2,0,3,4,2.5,3,2.25,4,4,2,4,4,4,4,2,3,5,4,3,4,3,4,3,4,4,3,4,4,2,2,5,4,5,4,3,2,5,4,5,4,5,4,2,4,4,5,4,4,4,4,3,4,3,4,3,4,5,3.5,3.33333333333333,4.33333333333333,4.25,3.33333333333333,3.66666666666667,3.25,2.66666666666667,3.66666666666667,4,4.33333333333333,2.66666666666667,4.25,4.33333333333333,4.33333333333333,3.7,3.8,3.2,3.7,4.3,4,6,5,6,2,5,3,5,5.25,3.75,5,2,3,5,5,6,3,5,5,5,2,4,5,3,2,4,3.8,4.2,4,-0.751887360488216,0.484411544009668,0.634789241592561,-0.413139438613273,1.24920465939137,-3.3420613411158,1.29933351357594,1.46790792309615,0.0705040259189969,-1.36165974954877,0.47228981430332,1.12393857012347,-0.00530756302690199,0.283243596841553,0.0695663723890129,0.96577229344483,-0.169543222793955,-1.49009096491407,1.22815304884182,0.100727870503172,0.546583692340883,-0.304667161586281,-0.726151786817672,-0.0312852467945852,1.2814232144555,0.329302007678913,-1.43637327949346,-0.0855402896774732,1.07819682175728,0.0344073933567096,0.161739978840289,-0.476930164495953,0.1919903848747,0.122582050083636,0.0480092703725467,0.422480017951983,-1.4790199457749,-0.722204300846748,1.9730560577615,0.519352252331732,1.19958430753665,-0.144337567297406,-0.273061863279744,-0.936490235288351,1.00302071252055,0.689731129772309,0.869072164615631,-0.207958837634126,1.66728040981237,0.0381863997137484,-0.586257166615464,-0.323826839949683,0.578707967418675,1.60630223568613,0.643058861990797,1.08027043530377,0.00619949169369431,0.374803447051028,-0.276856889330419,-0.297296160086534,0.0772199949954384,-0.0746309983621132,-1.17151269155941,0.571840861382447,1.2757064834759,0.594507245228198,0.175326237187096,1.15406263911753,0.123546796151919,-1.10981927303007,-0.730601223963557,-0.962407266985639,-0.368018143565608,-0.0173224086956545,1.10821367801955,1.45128172913218,-0.157204343988354,0.586954829671243,1.1445946881806,0.430076772822194,0.686555154389881,-0.601008391608614,-0.539401351504278,0.958985967418831,0.825019468724891,-0.143316749004995,0.961349467817139,-0.177615582401561,0.81262547572268,-1.5780774913225,0.237626716968595,-0.300787272320472,0.28070451675915,0.447045097446317,-0.398266305769519,1.03016099448708,-1.8388519837092,-0.51411787798153,1.53791431620342,0.877400358425984,2.03827822227315,-0.557832774391467,1.12058312664802,0.983884064995606,0.980189081286761,-1.11292274803569,-0.162264629431078,1.24235338008871,-0.441558653263252,-1.8411581545826,0.127951171630443,0.0253778408558194,0.648837336025757,0.338361987541007
113,"Zuerich","lab",1,24,"male","prefer not to answer",4,1,1,0,3,3,3,3,0,2,1,1,1.5,3,1,5,5,2,4,4,5,4,2,4,5,4,4,4,2,4,5,4,5,1,3,4,4,2,5,4,5,4,2,2,4,4,4,4,5,5,4,4,4,5,1,5,4,4,4,4,5,5,3,5,5,4.75,4.33333333333333,4.66666666666667,4.5,4,4,3.5,2.66666666666667,3.33333333333333,3.75,4.66666666666667,2.66666666666667,4.25,3.33333333333333,4,4.6,4.2,3.2,3.7,3.9,6,6,7,5,3,5,2,1,6,2.75,6,6,5,4,6,2,5,4,4,4,3,3,4,3,6,4.66666666666667,4.6,3.4,4.33333333333333,1.26845119593814,-1.52162214412449,-1.24290666631148,-2.32662736482212,0.231334196183588,-0.0803083131876254,0.255120278921303,0.481832371703316,-1.58399044898013,0.32010948498164,-1.29628480947081,-1.58583113318791,-1.2508156866732,0.283243596841553,-1.35411752766521,1.78691202120468,0.825110350930578,-1.49009096491407,1.22815304884182,0.100727870503172,1.41323891623273,-0.304667161586281,-0.726151786817672,0.886415325846579,1.2814232144555,0.329302007678913,-0.360621376553677,-0.0855402896774732,0.0121145710309808,0.0344073933567096,1.99827135147841,-0.476930164495953,1.13061004426212,-1.53699032027944,-0.890838683579476,0.422480017951983,0.153002063356025,-0.722204300846748,1.9730560577615,0.519352252331732,1.19958430753665,-0.144337567297406,-1.10166337943897,-0.936490235288351,0.102349052298016,0.689731129772309,-0.0635906461913878,-0.207958837634126,1.66728040981237,1.3823476696377,1.32450693198308,-0.323826839949683,0.578707967418675,1.60630223568613,-2.36167635155912,1.92905434875673,0.00619949169369431,0.374803447051028,0.642516931842293,-0.297296160086534,1.77605988489509,1.23887457281108,-1.17151269155941,1.34602541217714,1.2757064834759,1.87992831599187,1.3042561546845,1.56110677636138,0.505024622866614,-0.142848025241494,-0.228312882488611,-0.562917458048204,-0.368018143565608,-0.525446397101504,0.834657426502802,1.8090206427558,-0.157204343988354,0.586954829671243,-0.454204241341509,-0.0400692645486515,1.78726706183277,0.100666413851526,-0.539401351504278,0.958985967418831,0.0879462377828566,1.15020878047599,0.961349467817139,1.00201998373711,0.144297981670382,-0.972975882449382,0.237626716968595,-0.846545622097823,-2.07186667131754,1.0386235722625,-1.09746700218284,1.91892734267202,1.11001315645316,1.19314149040997,0.737106861612291,1.67751674745693,-0.669170586180241,1.06495347838371,0.247916620939828,0.10488104246146,0.0526983377035892,-0.296779399476184,-0.894535777632864,0.455827499169239,-0.441558653263252,1.00133162793089,0.9322156790218,1.01793339432789,-0.281471186504045,0.789511304262349
114,"Zuerich","lab",1,25,"female",NA,4,4,3,3,3,4,2,1,4,4,4,4,3.5,2.5,4,2,5,5,4,4,3,5,4,2,4,3,4,5,1,4,1,5,4,3,4,3,4,3,2,1,2,3,3,2,4,3,4,5,4,3,1,5,4,4,3,1,5,4,4,4,1,3,4,3,2,1.75,2.33333333333333,2,4.25,4.66666666666667,4,4.5,3.66666666666667,4,3.5,2.66666666666667,2.33333333333333,3.25,2.66666666666667,4,2,4.3,4.1,2.9,3.3,5,6,7,6,6,3,5,4,6,4.5,2,5,4,3,3,2,5,5,3,5,4,4,4,5,6,4.16666666666667,4.2,3.6,4,1.26845119593814,1.48742838807674,0.634789241592561,0.54360452449115,0.231334196183588,1.00694269612177,-0.789092955733334,-1.49031873108235,1.72499850081812,2.00187871951205,1.35657712619039,1.12393857012347,1.2402005606194,-0.35587016013426,2.06272383246492,-0.676507162074881,0.825110350930578,1.50142245514155,1.22815304884182,0.100727870503172,-0.320071531550967,0.836214124353836,0.861459573181214,-0.948985819435749,0.0753778361444409,-0.620815260378279,-0.360621376553677,1.16905062559213,-1.05396767969532,0.0344073933567096,-1.67479139379783,0.775901312388939,0.1919903848747,0.122582050083636,0.0480092703725467,-0.518741287865094,0.153002063356025,0.148398144009606,-0.624883090612745,-2.99626299422153,-1.7601377222734,-1.29903810567666,-0.273061863279744,-0.936490235288351,0.102349052298016,-0.103685071795837,-0.0635906461913878,0.972710692159621,0.747401563019337,-1.3059748702102,-1.54163921591474,1.17600273455411,0.578707967418675,0.720066519445508,-0.358519542525843,-1.46608130505512,1.09731002978386,0.374803447051028,0.642516931842293,-0.297296160086534,-1.62161989490421,-1.38813656953531,0.0705730537083977,-0.20234368941225,-1.79996942189066,-1.20508225384094,-0.953603680310305,-1.69524632158947,0.123546796151919,0.824123222547078,-0.228312882488611,1.03504177770154,0.660096035284345,0.490801579710196,0.561101174986055,-0.337412838985914,-0.552460980301929,-1.07254798192938,-1.52007019435625,-0.0400692645486515,-1.39256733744668,0.27608511521656,0.840908407433971,-0.036041477036375,-1.0176636086302,0.503446015735495,0.961349467817139,1.00201998373711,0.81262547572268,0.842328944169959,-0.940466302368666,0.790729427234231,-0.307438280260022,1.0386235722625,0.126134216540471,-1.63613805006772,0.37279687141257,0.339511806214219,-0.06370059297884,-0.722832419635914,-0.669170586180241,1.06495347838371,1.12058312664802,-0.774121980072685,0.980189081286761,0.519363949083322,-0.162264629431078,0.455827499169239,1.26644844507372,1.00133162793089,0.329017298478283,0.521655617591853,-0.0488940558715946,0.338361987541007
115,"Zuerich","lab",1,20,"male","other",1,3,1,1,4,4,4,4,3,3,3,4,1.5,4,3.25,4,5,2,2,4,5,4,1,3,4,4,4,4,1,4,4,5,4,4,4,4,5,1,3,3,4,4,2,1,4,5,4,3,4,4,3,5,2,4,4,4,4,4,3,5,4,4,3,4,3,4.25,4,4,4.5,4.66666666666667,4,3,1.33333333333333,3.33333333333333,3.5,3.33333333333333,1.66666666666667,3.75,3.66666666666667,4.33333333333333,4.1,4.4,2.6,2.9,3.9,5,4,7,4,2,4,2,3,5,2.75,5,3,4,2,3,4,4,5,4,5,2,6,4,4,6,4.66666666666667,3.4,4.4,4.06666666666667,-1.76205663870139,0.484411544009668,-1.24290666631148,-1.3698834017177,1.24920465939137,1.00694269612177,1.29933351357594,1.46790792309615,0.897751263368559,1.16099410224684,0.47228981430332,1.12393857012347,-1.2508156866732,1.56147111079318,1.20851349243239,0.96577229344483,0.825110350930578,-1.49009096491407,-0.588274989781376,0.100727870503172,1.41323891623273,-0.304667161586281,-1.51995746681711,-0.0312852467945852,0.0753778361444409,0.329302007678913,-0.360621376553677,-0.0855402896774732,-1.05396767969532,0.0344073933567096,1.08000566515935,0.775901312388939,0.1919903848747,0.952368235265172,0.0480092703725467,0.422480017951983,0.969013067921489,-1.5928067457031,0.241096625512004,-0.652519496519355,0.213010297599965,-0.144337567297406,-1.10166337943897,-1.78173270406143,0.102349052298016,1.48314733134046,-0.0635906461913878,-1.38862836742787,0.747401563019337,0.0381863997137484,0.36912488268381,1.17600273455411,-1.14760732522009,0.720066519445508,0.643058861990797,1.08027043530377,0.00619949169369431,0.374803447051028,-0.276856889330419,0.97890199052883,0.926639939945262,-0.0746309983621132,-1.17151269155941,0.571840861382447,-0.774744120101803,1.3657598876864,0.927946182185364,0.747018501873669,0.505024622866614,0.824123222547078,-0.228312882488611,-1.36189707592307,-1.73883704869888,-0.525446397101504,0.561101174986055,0.378064988261326,-1.34297425292908,-0.242796576129069,0.0787287351658617,0.430076772822194,1.17576044658672,0.451503816581596,-1.45960785746311,-0.036041477036375,0.0879462377828566,0.503446015735495,-0.260293177206806,1.00201998373711,-0.524029512381915,-1.5780774913225,-0.351419792700035,-0.846545622097823,-0.895581077279193,0.249852272507591,-1.09746700218284,1.03016099448708,-1.10163569866861,0.339511806214219,-0.864508047569971,-0.722832419635914,0.684553818046453,0.253560351996121,1.12058312664802,0.10488104246146,0.980189081286761,-1.11292274803569,1.3022776669725,0.455827499169239,0.412444895905236,1.00133162793089,0.9322156790218,-0.470899935880214,0.881414466658207,0.428591850885275
116,"Zuerich","lab",1,23,"male","other",3,3,3,3,2,2,2,2,1,1,1,1,3,2,1,3,5,2,4,2,2,4,2,4,4,5,4,4,1,4,3,4,4,5,4,3,4,2,3,3,3,4,2,4,2,4,4,4,4,4,3,4,4,4,2,3,4,2,4,4,4,4,3,4,3,3.5,2.66666666666667,3.66666666666667,4.25,4,4,3.25,2.66666666666667,2.66666666666667,4.25,3.66666666666667,3,3.25,3,3.33333333333333,3.3,4.1,2.9,3.7,3.2,5,5,6,5,5,4,6,5,5.25,5,2,3,3,1,3,1,3,3,5,3,2,3,3,3,3,2.5,2.8,3,2.73333333333333,0.25828191772496,0.484411544009668,0.634789241592561,0.54360452449115,-0.786536267024197,-1.16755932249702,-0.789092955733334,-0.504243179689517,-0.756743211530565,-0.520775132283564,-1.29628480947081,-1.58583113318791,0.617446498796247,-0.994983917110072,-1.35411752766521,0.144632565684975,0.825110350930578,-1.49009096491407,1.22815304884182,-2.11528528056662,-1.18672675544282,-0.304667161586281,-0.726151786817672,0.886415325846579,0.0753778361444409,1.27941927573611,-0.360621376553677,-0.0855402896774732,-1.05396767969532,0.0344073933567096,0.161739978840289,-0.476930164495953,0.1919903848747,1.78215442044671,0.0480092703725467,-0.518741287865094,0.153002063356025,-0.722204300846748,0.241096625512004,-0.652519496519355,-0.773563712336717,-0.144337567297406,-1.10166337943897,0.753994702257801,-1.69899426814706,0.689731129772309,-0.0635906461913878,-0.207958837634126,0.747401563019337,0.0381863997137484,0.36912488268381,-0.323826839949683,0.578707967418675,0.720066519445508,-1.36009794704248,0.231486521850808,0.00619949169369431,-1.68661551172963,0.642516931842293,-0.297296160086534,0.926639939945262,-0.0746309983621132,-1.17151269155941,0.571840861382447,-0.774744120101803,0.594507245228198,-0.577293707811171,0.339974364629812,0.123546796151919,-0.142848025241494,-0.228312882488611,-0.962407266985639,-0.368018143565608,-1.5416943739132,1.3817699295363,0.735803901884945,0.238052292325221,-1.07254798192938,-0.98713721784888,-0.980361339290343,0.197349862193042,-0.0747522875135097,-0.999504604483695,0.958985967418831,-1.2019319163657,0.503446015735495,0.350528145305166,0.412202200667775,0.144297981670382,0.237227335296845,-0.351419792700035,1.33648777701158,0.28070451675915,0.447045097446317,0.475734564747132,-1.63613805006772,-1.10163569866861,-0.51411787798153,-1.6653155021611,-0.722832419635914,-1.34603278829359,-0.557832774391467,-0.624749884768366,0.983884064995606,-0.874792405879583,-1.11292274803569,-0.894535777632864,-0.330698381750232,-0.441558653263252,-1.13053570895423,-1.68164397000011,-1.21531660098426,-0.746625447768946,-1.37600541600009
117,"Zuerich","lab",1,25,"female","Ph.D. or higher",2,3,2,3,1,2,1,1,2,2,3,2,2.5,1.25,2.25,2,2,3,2,3,3,5,4,2,5,3,3,4,4,3,3,5,2,4,5,4,5,3,2,3,4,3,4,3,4,4,5,4,4,4,2,4,2,3,4,4,4,4,3,4,2,3,4,2,3,2.75,3,3.66666666666667,3.75,4.66666666666667,3.33333333333333,3.25,3,4,3,2.33333333333333,3.33333333333333,3.75,4,3.66666666666667,3.1,3.9,3.4,2.9,3.8,4,4,4,4,5,5,2,3,4,3.75,3,4,3,3,3,5,4,4,4,5,4,5,3,4,5,4.16666666666667,3.6,4.2,3.93333333333333,-0.751887360488216,0.484411544009668,-0.304058712359462,0.54360452449115,-1.80440673023198,-1.16755932249702,-1.83330619038797,-1.49031873108235,0.0705040259189969,0.32010948498164,0.47228981430332,-0.682574565417449,-0.00530756302690199,-1.95365455257379,0.0695663723890129,-0.676507162074881,-2.15885037024302,-0.492919824895528,-0.588274989781376,-1.00727870503172,-0.320071531550967,0.836214124353836,0.861459573181214,-0.948985819435749,1.2814232144555,-0.620815260378279,-1.43637327949346,-0.0855402896774732,2.14427907248358,-0.974876145106769,0.161739978840289,0.775901312388939,-1.68524893390014,0.952368235265172,0.986857224324569,0.422480017951983,0.969013067921489,0.148398144009606,-0.624883090612745,-0.652519496519355,0.213010297599965,-1.29903810567666,0.55553965287948,-0.0912477665152752,0.102349052298016,0.689731129772309,0.869072164615631,-0.207958837634126,0.747401563019337,0.0381863997137484,-0.586257166615464,-0.323826839949683,-1.14760732522009,-0.166169196795117,0.643058861990797,1.08027043530377,0.00619949169369431,0.374803447051028,-0.276856889330419,-0.297296160086534,-0.772199949954385,-1.38813656953531,0.0705730537083977,-0.976528240206948,-0.774744120101803,-0.176745397230005,-0.200983735312038,0.339974364629812,-0.639408857277472,0.824123222547078,-1.2328895654385,-0.962407266985639,-0.0253134172822903,0.490801579710196,0.0139886719525613,-0.695151752609533,0.633308928638797,-0.242796576129069,0.611661711673233,-0.510215301919498,-0.0472527839053763,-0.425589690243579,-0.232665849518001,-0.036041477036375,-0.0963220699526522,-0.143316749004995,-0.260293177206806,-0.767433365470897,-0.524029512381915,0.237227335296845,0.237626716968595,-0.846545622097823,-0.895581077279193,-0.538919027247315,-0.398266305769519,-0.747371701882785,-0.364419413628018,-0.51411787798153,-0.06370059297884,-0.722832419635914,1.3614160201598,0.253560351996121,0.247916620939828,0.10488104246146,0.980189081286761,0.519363949083322,0.570006518770709,-0.330698381750232,0.412444895905236,0.290709182302516,0.329017298478283,-0.222761047512197,0.648837336025757,0.248132124196738
118,"Zuerich","lab",1,23,"female","other",4,3,3,3,2,1,1,1,4,3,4,1,3.25,1.25,3,4,5,2,2,5,3,4,2,3,4,5,5,4,2,5,3,5,2,4,4,2,5,1,4,5,4,4,1,5,5,3,5,4,4,4,3,5,1,4,4,4,5,3,4,4,2,5,4,4,5,3,2.66666666666667,4.33333333333333,5,4.66666666666667,4.66666666666667,3,1.33333333333333,2.66666666666667,3.5,3.66666666666667,3.66666666666667,4.5,4.33333333333333,4.66666666666667,3.3,4.8,2.4,3.6,4.5,3,6,6,6,6,6,7,6,5.25,6.25,5,2,2,2,5,1,3,3,2,4,3,2,2,3,4,3.33333333333333,3,2,2.86666666666667,1.26845119593814,0.484411544009668,0.634789241592561,0.54360452449115,-0.786536267024197,-2.25481033180641,-1.83330619038797,-1.49031873108235,1.72499850081812,1.16099410224684,1.35657712619039,-1.58583113318791,0.928823529707821,-1.95365455257379,0.923776712421544,0.96577229344483,0.825110350930578,-1.49009096491407,-0.588274989781376,1.20873444603807,-0.320071531550967,-0.304667161586281,-0.726151786817672,-0.0312852467945852,0.0753778361444409,1.27941927573611,0.715130526386106,-0.0855402896774732,0.0121145710309808,1.04369093182019,0.161739978840289,0.775901312388939,-1.68524893390014,0.952368235265172,0.0480092703725467,-1.45996259368217,0.969013067921489,-1.5928067457031,1.10707634163675,1.69122400118282,0.213010297599965,-0.144337567297406,-1.93026489559819,1.59923717103088,1.00302071252055,-0.103685071795837,0.869072164615631,-0.207958837634126,0.747401563019337,0.0381863997137484,0.36912488268381,1.17600273455411,-2.01076497153947,0.720066519445508,0.643058861990797,1.08027043530377,1.09731002978386,-0.655906032339299,0.642516931842293,-0.297296160086534,-0.772199949954385,1.23887457281108,0.0705730537083977,0.571840861382447,1.2757064834759,0.0803388169227295,-0.577293707811171,1.15406263911753,1.267980276296,0.824123222547078,0.77626380046128,-1.36189707592307,-1.73883704869888,-1.5416943739132,0.561101174986055,0.735803901884945,1.02856556495237,1.0018305325714,1.1445946881806,0.900222810193041,0.197349862193042,1.15317862204173,-1.76634335944939,0.83460753686193,1.19355608419591,-0.790079513745486,0.961349467817139,0.412202200667775,0.81262547572268,0.842328944169959,0.826673226637226,1.88224612678893,0.868847313778322,0.447045097446317,1.34973543526378,1.03016099448708,-1.8388519837092,-1.36774756217728,-0.864508047569971,0.877400358425984,-1.34603278829359,-0.557832774391467,-0.624749884768366,-1.65312500260683,0.0526983377035892,-0.296779399476184,-1.62680692583465,-1.1172242626697,-0.441558653263252,-0.419913263325856,-0.676313335760914,-0.967177712616247,-1.9095111009312,-1.19554568931156
119,"Zuerich","lab",1,NA,"male","other",3,2,3,3,1,2,2,1,3,1,4,2,2.75,1.5,2.5,3,5,4,5,3,3,4,2,4,4,4,5,4,2,4,2,4,4,4,3,2,4,1,4,3,4,4,5,4,4,4,4,4,4,3,2,4,3,4,3,3,4,3,4,5,2,4,3,5,3,2.75,2.33333333333333,3.66666666666667,4.25,4,4.33333333333333,3.75,2,4,4.5,4,3.33333333333333,3,3.33333333333333,4.33333333333333,2.9,4.2,3.3,4,3.5,5,5,6,5,2,4,2,5,5.25,3.25,5,6,3,3,4,3,4,4,4,5,3,6,3,5,6,4.83333333333333,4,4.2,4.26666666666667,0.25828191772496,-0.518605300057409,0.634789241592561,0.54360452449115,-1.80440673023198,-1.16755932249702,-0.789092955733334,-1.49031873108235,0.897751263368559,-0.520775132283564,1.35657712619039,-0.682574565417449,0.306069467884672,-1.63409767408588,0.354303152399856,0.144632565684975,0.825110350930578,0.504251315123012,2.13636706815342,-1.00727870503172,-0.320071531550967,-0.304667161586281,-0.726151786817672,0.886415325846579,0.0753778361444409,0.329302007678913,0.715130526386106,-0.0855402896774732,0.0121145710309808,0.0344073933567096,-0.75652570747877,-0.476930164495953,0.1919903848747,0.952368235265172,-0.890838683579476,-1.45996259368217,0.153002063356025,-1.5928067457031,1.10707634163675,-0.652519496519355,0.213010297599965,-0.144337567297406,1.3841411690387,0.753994702257801,0.102349052298016,0.689731129772309,-0.0635906461913878,-0.207958837634126,0.747401563019337,-1.3059748702102,-0.586257166615464,-0.323826839949683,-0.284449678900705,0.720066519445508,-0.358519542525843,0.231486521850808,0.00619949169369431,-0.655906032339299,0.642516931842293,0.97890199052883,-0.772199949954385,-0.0746309983621132,-1.17151269155941,1.34602541217714,-0.774744120101803,-0.176745397230005,-0.953603680310305,0.339974364629812,0.123546796151919,-0.142848025241494,0.273975458986334,-0.163427649110769,-1.05342759613224,0.490801579710196,1.65532618105304,1.09354281550856,0.633308928638797,-1.48742368482954,-0.454204241341509,0.430076772822194,-0.291855430003796,0.100666413851526,-0.38603360051114,1.33212125908953,-0.649126993159178,0.503446015735495,0.350528145305166,0.412202200667775,0.144297981670382,-1.5780774913225,-0.351419792700035,-0.846545622097823,0.28070451675915,0.447045097446317,-0.74786665397618,1.03016099448708,1.11001315645316,-0.51411787798153,-0.06370059297884,0.0772839693950349,0.00769161593310614,0.253560351996121,0.247916620939828,0.10488104246146,0.980189081286761,-0.296779399476184,1.3022776669725,-0.330698381750232,1.26644844507372,1.00133162793089,1.13328180586964,0.273516729223836,0.648837336025757,0.699281440918081
120,"Zuerich","lab",1,25,"male","prefer not to answer",3,3,3,2,2,4,3,3,4,0,3,3,2.75,3,2.5,4,4,3,2,4,1,4,2,4,5,4,4,5,1,5,2,4,4,3,4,4,4,4,4,5,2,5,1,4,5,2,4,4,2,3,2,3,2,2,4,3,4,4,5,5,2,4,4,2,4,2.5,2.33333333333333,3,4,3.66666666666667,4.33333333333333,3.75,2.66666666666667,3.33333333333333,2.25,3.33333333333333,3.33333333333333,3.75,4.66666666666667,5,2.6,4,3.3,2.9,4.4,5,5,6,4,4,1,1,5,5,2.75,4,3,3,2,4,1,2,3,4,3,3,4,3,2,5,3.33333333333333,3.2,2.8,3.06666666666667,0.25828191772496,0.484411544009668,0.634789241592561,-0.413139438613273,-0.786536267024197,1.00694269612177,0.255120278921303,0.481832371703316,1.72499850081812,-1.36165974954877,0.47228981430332,0.22068200235301,0.306069467884672,0.283243596841553,0.354303152399856,0.96577229344483,-0.169543222793955,-0.492919824895528,-0.588274989781376,0.100727870503172,-2.05338197933467,-0.304667161586281,-0.726151786817672,0.886415325846579,1.2814232144555,0.329302007678913,-0.360621376553677,1.16905062559213,-1.05396767969532,1.04369093182019,-0.75652570747877,-0.476930164495953,0.1919903848747,0.122582050083636,0.0480092703725467,0.422480017951983,0.153002063356025,1.01900058886596,1.10707634163675,1.69122400118282,-1.7601377222734,1.01036297108185,-1.93026489559819,0.753994702257801,1.00302071252055,-0.897101273363984,-0.0635906461913878,-0.207958837634126,-1.09235613056672,-1.3059748702102,-0.586257166615464,-1.82365641445348,-1.14760732522009,-1.05240491303574,0.643058861990797,0.231486521850808,0.00619949169369431,0.374803447051028,1.561890753015,0.97890199052883,-0.772199949954385,-0.0746309983621132,0.0705730537083977,-0.976528240206948,0.250481181687049,-0.433829611382739,-0.953603680310305,-0.474113909857901,-0.257931030562777,-0.62633364913578,0.273975458986334,-0.163427649110769,-0.368018143565608,-0.525446397101504,-0.80668008259768,0.378064988261326,0.633308928638797,-0.242796576129069,1.67752766468797,1.37036884756389,-0.658759399151424,-0.250170988878544,-0.38603360051114,-0.036041477036375,1.0092877764604,0.503446015735495,0.350528145305166,0.412202200667775,-0.524029512381915,-0.367874273576268,-2.11855932170593,-1.39230397187517,0.28070451675915,0.249852272507591,-1.09746700218284,0.141394646302149,-1.10163569866861,-0.51411787798153,-0.864508047569971,0.0772839693950349,-1.34603278829359,-1.36922590077905,-0.624749884768366,0.10488104246146,-0.874792405879583,-0.296779399476184,-0.162264629431078,-0.330698381750232,-1.29556220243174,0.290709182302516,-0.676313335760914,-0.71903882424823,-0.979202578401397,-0.924856099278752
121,"Zuerich","lab",1,20,"male","other",3,3,3,3,2,3,1,1,0,0,0,1,3,1.75,0.25,1,4,3,1,4,2,3,1,1,4,2,4,3,1,3,1,4,4,1,3,2,4,1,1,4,3,4,1,2,2,1,3,4,2,2,2,4,1,2,3,1,4,5,2,5,1,4,3,1,2,1,2,2,3.75,3.66666666666667,4,3.5,1,3,1.25,1.33333333333333,1.66666666666667,2.75,3.66666666666667,3.33333333333333,1.6,3.8,2.6,1.4,3.2,4,1,1,1,7,5,7,7,1.75,6.5,3,4,1,2,3,4,3,3,1,4,3,2,1,2,5,3.16666666666667,2.8,2,2.73333333333333,0.25828191772496,0.484411544009668,0.634789241592561,0.54360452449115,-0.786536267024197,-0.0803083131876254,-1.83330619038797,-1.49031873108235,-1.58399044898013,-1.36165974954877,-2.18057212135788,-1.58583113318791,0.617446498796247,-1.31454079559798,-2.20832786769774,-1.49764688983474,-0.169543222793955,-0.492919824895528,-1.49648900909297,0.100727870503172,-1.18672675544282,-1.4455484475264,-1.51995746681711,-1.86668639207691,0.0753778361444409,-1.57093252843547,-0.360621376553677,-1.34013120494708,-1.05396767969532,-0.974876145106769,-1.67479139379783,-0.476930164495953,0.1919903848747,-1.53699032027944,-0.890838683579476,-1.45996259368217,0.153002063356025,-1.5928067457031,-1.49086280673749,0.519352252331732,-0.773563712336717,-0.144337567297406,-1.93026489559819,-0.936490235288351,-1.69899426814706,-1.69051747493213,-0.996253456998407,-0.207958837634126,-1.09235613056672,-2.65013614013415,-0.586257166615464,-0.323826839949683,-2.01076497153947,-1.05240491303574,-0.358519542525843,-1.46608130505512,0.00619949169369431,1.40551292644135,-1.19623071050313,0.97890199052883,-1.62161989490421,-0.0746309983621132,-1.17151269155941,-1.75071279100165,-1.79996942189066,-1.97633489629915,-1.32991365280944,-1.69524632158947,-0.639408857277472,-0.62633364913578,-0.228312882488611,-0.562917458048204,-2.0815417749822,-1.03357038550735,-1.90090508866467,-1.76836849348039,-1.34297425292908,-1.90229938772969,0.0787287351658617,-0.980361339290343,-1.88177262964352,-0.601008391608614,-1.45960785746311,-1.90171793538989,-1.2019319163657,-0.143316749004995,-2.09275714474272,-2.5368867146789,-2.52901199453881,1.44743055304307,0.237626716968595,1.88224612678893,1.45699011079749,-2.31365445169585,1.52453560936711,-0.747371701882785,-0.364419413628018,-2.22137724637303,-0.864508047569971,-0.722832419635914,0.684553818046453,-0.557832774391467,-0.624749884768366,-2.53212802514098,0.0526983377035892,-0.296779399476184,-1.62680692583465,-1.90375014358917,-1.29556220243174,0.290709182302516,-0.877379462608753,-1.21531660098426,-1.9095111009312,-1.37600541600009
122,"Zuerich","lab",1,20,"male","other",3,3,2,1,2,2,2,1,4,1,2,1,2.25,1.75,2,1,3,3,4,3,2,3,3,2,4,3,5,3,3,4,2,3,5,4,4,3,2,2,3,3,3,3,2,5,4,2,3,4,2,4,1,3,3,2,2,2,3,4,4,5,2,5,4,4,4,1.75,2,2.66666666666667,3.5,2.66666666666667,3.66666666666667,4,2.66666666666667,3,3.5,2.33333333333333,4,3.75,3,4.33333333333333,2.1,3.3,3.3,3.3,3.7,6,7,7,7,5,3,4,4,6.75,4,4,2,3,1,4,4,1,3,3,3,4,1,2,2,2,2,3,2.6,2.6,0.25828191772496,0.484411544009668,-0.304058712359462,-1.3698834017177,-0.786536267024197,-1.16755932249702,-0.789092955733334,-1.49031873108235,1.72499850081812,-0.520775132283564,-0.411997497583747,-1.58583113318791,-0.316684593938476,-1.31454079559798,-0.215170407621831,-1.49764688983474,-1.16419679651849,-0.492919824895528,1.22815304884182,-1.00727870503172,-1.18672675544282,-1.4455484475264,0.0676538931817709,-0.948985819435749,0.0753778361444409,-0.620815260378279,0.715130526386106,-1.34013120494708,1.07819682175728,0.0344073933567096,-0.75652570747877,-1.72976164138085,1.13061004426212,0.952368235265172,0.0480092703725467,-0.518741287865094,-1.4790199457749,-0.722204300846748,0.241096625512004,-0.652519496519355,-0.773563712336717,-1.29903810567666,-1.10166337943897,1.59923717103088,0.102349052298016,-0.897101273363984,-0.996253456998407,-0.207958837634126,-1.09235613056672,0.0381863997137484,-1.54163921591474,-1.82365641445348,-0.284449678900705,-1.05240491303574,-1.36009794704248,-0.617297391602155,-1.08491104639647,0.374803447051028,0.642516931842293,0.97890199052883,-0.772199949954385,1.23887457281108,0.0705730537083977,0.571840861382447,0.250481181687049,-1.20508225384094,-1.32991365280944,-0.881158047101758,-1.02088668399217,-2.07679052081864,-0.730601223963557,0.236062159826666,-0.368018143565608,-1.03357038550735,0.561101174986055,-0.695151752609533,1.42382220126595,-0.242796576129069,-0.98713721784888,0.430076772822194,-1.27026601439747,-1.47810189843379,-0.38603360051114,0.461472245191228,-0.28059037768816,1.15020878047599,1.57217079032911,1.00201998373711,1.48095296977498,0.237227335296845,-0.940466302368666,0.244971077456879,-0.307438280260022,1.63020204707868,-0.223466131666189,0.141394646302149,-1.8388519837092,-0.51411787798153,-1.6653155021611,0.0772839693950349,0.684553818046453,-2.18061902716664,-0.624749884768366,-0.774121980072685,-0.874792405879583,0.519363949083322,-2.35907807403644,-1.1172242626697,-1.29556220243174,-1.8411581545826,-2.28484235054363,-0.967177712616247,-1.21177970903385,-1.55646514268863
123,"Zuerich","lab",1,22,"male","other",3,3,2,2,4,4,4,3,2,3,3,2,2.5,3.75,2.5,1,5,4,2,3,3,5,4,2,4,3,5,5,2,2,2,5,5,3,5,3,4,5,3,4,4,5,4,4,4,2,4,5,2,5,3,5,4,2,4,2,5,4,3,5,1,5,4,2,4,1.5,3,3,4.75,4.66666666666667,5,4.5,4.33333333333333,4.33333333333333,2.25,2.33333333333333,3,4.25,4,3.66666666666667,2.4,4.8,4.4,2.5,4,4,3,2,5,5,6,2,3,3.5,4,5,6,3,2,4,5,4,5,5,5,4,5,5,5,3,4,4.8,4.6,4.4,0.25828191772496,0.484411544009668,-0.304058712359462,-0.413139438613273,1.24920465939137,1.00694269612177,1.29933351357594,0.481832371703316,0.0705040259189969,1.16099410224684,0.47228981430332,-0.682574565417449,-0.00530756302690199,1.24191423230527,0.354303152399856,-1.49764688983474,0.825110350930578,0.504251315123012,-0.588274989781376,-1.00727870503172,-0.320071531550967,0.836214124353836,0.861459573181214,-0.948985819435749,0.0753778361444409,-0.620815260378279,0.715130526386106,1.16905062559213,0.0121145710309808,-1.98415968357025,-0.75652570747877,0.775901312388939,1.13061004426212,0.122582050083636,0.986857224324569,-0.518741287865094,0.153002063356025,1.88960303372231,0.241096625512004,0.519352252331732,0.213010297599965,1.01036297108185,0.55553965287948,0.753994702257801,0.102349052298016,-0.897101273363984,-0.0635906461913878,0.972710692159621,-1.09235613056672,1.3823476696377,0.36912488268381,1.17600273455411,0.578707967418675,-1.05240491303574,0.643058861990797,-0.617297391602155,1.09731002978386,0.374803447051028,-0.276856889330419,0.97890199052883,-1.62161989490421,1.23887457281108,0.0705730537083977,-0.976528240206948,0.250481181687049,-1.46216646799368,-0.200983735312038,-0.474113909857901,0.88650244958131,0.824123222547078,1.27855214193623,1.03504177770154,1.34550548785098,0.998925568116045,-0.80668008259768,-0.695151752609533,0.238052292325221,0.586954829671243,0.611661711673233,-0.510215301919498,-0.903362045249843,1.15317862204173,1.30101166041339,-0.533555199263978,0.272214545518365,-0.143316749004995,-0.871114499718779,-1.94706893160957,0.144297981670382,0.237227335296845,0.826673226637226,-0.846545622097823,-0.895581077279193,-0.933304677124768,-0.223466131666189,1.03016099448708,1.11001315645316,-0.51411787798153,-0.864508047569971,0.0772839693950349,1.3614160201598,0.253560351996121,1.12058312664802,0.983884064995606,0.980189081286761,0.519363949083322,0.570006518770709,1.24235338008871,1.26644844507372,-1.13053570895423,0.127951171630443,1.2660722826959,1.11399159729066,0.879741167606619
124,"Zuerich","lab",1,25,"male","prefer not to answer",3,2,3,3,3,4,3,3,3,1,2,3,2.75,3.25,2.25,3,4,4,3,5,4,4,2,4,3,4,5,4,2,4,4,4,4,4,3,4,3,4,4,4,4,4,4,5,4,4,4,4,4,4,4,4,3,4,4,4,4,5,5,4,4,4,4,4,4,3.75,4,4,4,3.66666666666667,4.33333333333333,4,3,4.33333333333333,3.75,4,4,4,3.66666666666667,4,3.9,4,3.8,3.9,3.9,5,6,5,3,6,5,2,3,4.75,4,5,6,3,4,4,2,3,5,5,4,4,3,5,3,5,4,4.8,3.2,4.06666666666667,0.25828191772496,-0.518605300057409,0.634789241592561,0.54360452449115,0.231334196183588,1.00694269612177,0.255120278921303,0.481832371703316,0.897751263368559,-0.520775132283564,-0.411997497583747,0.22068200235301,0.306069467884672,0.602800475329459,0.0695663723890129,0.144632565684975,-0.169543222793955,0.504251315123012,0.319939029530222,1.20873444603807,0.546583692340883,-0.304667161586281,-0.726151786817672,0.886415325846579,-1.13066754216661,0.329302007678913,0.715130526386106,-0.0855402896774732,0.0121145710309808,0.0344073933567096,1.08000566515935,-0.476930164495953,0.1919903848747,0.952368235265172,-0.890838683579476,0.422480017951983,-0.66300894120944,1.01900058886596,1.10707634163675,0.519352252331732,0.213010297599965,-0.144337567297406,0.55553965287948,1.59923717103088,0.102349052298016,0.689731129772309,-0.0635906461913878,-0.207958837634126,0.747401563019337,0.0381863997137484,1.32450693198308,-0.323826839949683,-0.284449678900705,0.720066519445508,0.643058861990797,1.08027043530377,0.00619949169369431,1.40551292644135,1.561890753015,-0.297296160086534,0.926639939945262,-0.0746309983621132,0.0705730537083977,0.571840861382447,0.250481181687049,0.851591459380933,0.927946182185364,0.747018501873669,-0.257931030562777,-0.62633364913578,0.273975458986334,0.236062159826666,-0.0253134172822903,0.998925568116045,0.834657426502802,1.09354281550856,1.42382220126595,0.172079126771087,0.0787287351658617,-0.0400692645486515,0.931157800488299,-0.250170988878544,0.380805154454555,1.20774282853263,0.0879462377828566,0.503446015735495,0.961349467817139,-0.177615582401561,-1.19235700643421,0.842328944169959,0.237626716968595,-0.846545622097823,-0.895581077279193,0.0526594475688642,-0.223466131666189,1.03016099448708,1.11001315645316,-0.51411787798153,0.737106861612291,0.0772839693950349,-0.669170586180241,-0.557832774391467,1.12058312664802,0.983884064995606,0.0526983377035892,0.519363949083322,-0.894535777632864,1.24235338008871,-0.441558653263252,0.290709182302516,0.127951171630443,1.2660722826959,-0.514048317136495,0.428591850885275
125,"Zuerich","lab",1,21,"female","other",4,2,4,4,2,3,3,3,1,4,3,4,3.5,2.75,3,4,5,2,1,4,4,5,3,2,3,4,5,5,3,5,3,5,1,2,5,5,5,1,2,3,2,5,2,4,4,5,1,5,2,3,2,5,1,2,3,3,5,3,4,3,3,5,2,1,3,3.75,3.66666666666667,3,4,5,5,2.5,1.66666666666667,3.33333333333333,1.5,2,3.66666666666667,3.75,3,4,3.5,4.6,2.5,2.3,3.6,4,7,7,5,7,7,1,7,5.75,5.5,3,1,1,3,4,3,3,3,4,2,2,4,1,2,6,3.5,2.2,2.8,2.8,1.26845119593814,-0.518605300057409,1.57363719554458,1.50034848759557,-0.786536267024197,-0.0803083131876254,0.255120278921303,0.481832371703316,-0.756743211530565,2.00187871951205,0.47228981430332,1.12393857012347,1.2402005606194,-0.0363132816463534,0.923776712421544,0.96577229344483,0.825110350930578,-1.49009096491407,-1.49648900909297,0.100727870503172,0.546583692340883,0.836214124353836,0.0676538931817709,-0.948985819435749,-1.13066754216661,0.329302007678913,0.715130526386106,1.16905062559213,1.07819682175728,1.04369093182019,0.161739978840289,0.775901312388939,-2.62386859328756,-0.7072041350979,0.986857224324569,1.36370132376906,0.969013067921489,-1.5928067457031,-0.624883090612745,-0.652519496519355,-1.7601377222734,1.01036297108185,-1.10166337943897,0.753994702257801,0.102349052298016,1.48314733134046,-2.86157907861244,0.972710692159621,-1.09235613056672,-1.3059748702102,-0.586257166615464,1.17600273455411,-2.01076497153947,-1.05240491303574,-0.358519542525843,0.231486521850808,1.09731002978386,-0.655906032339299,0.642516931842293,-1.5734943107019,0.0772199949954384,1.23887457281108,-2.41359843682721,-1.75071279100165,-0.774744120101803,0.851591459380933,0.55163620968623,-0.474113909857901,-0.257931030562777,1.30760884644136,1.27855214193623,-2.16087669379794,-1.39613232241556,-0.525446397101504,-1.62734883714792,-1.05289066623315,1.02856556495237,-0.242796576129069,-0.98713721784888,-0.0400692645486515,0.441952508291462,0.802341219311664,-1.61297560845625,-0.782312060377779,-0.464858685423669,-0.143316749004995,1.57217079032911,1.00201998373711,0.144297981670382,1.44743055304307,1.41571973630586,-1.39230397187517,1.45699011079749,0.84143074732377,0.825334912953793,-0.747371701882785,-2.57606826874978,-2.22137724637303,-0.06370059297884,0.0772839693950349,0.00769161593310614,-0.557832774391467,-0.624749884768366,0.10488104246146,-1.80228314946276,-1.11292274803569,-0.162264629431078,-1.90375014358917,-1.29556220243174,1.00133162793089,-0.475247208913075,-1.95973326608831,-0.979202578401397,-1.28577555265583
126,"Zuerich","lab",1,19,"female","other",4,3,3,3,1,4,2,3,0,0,0,2,3.25,2.5,0.5,3,3,4,2,4,4,5,2,3,4,3,3,4,2,5,4,3,3,3,5,4,2,2,2,4,3,2,4,4,5,4,4,4,2,4,3,4,2,2,4,3,2,4,3,5,4,3,2,3,4,3.75,3.66666666666667,3,3.25,3.66666666666667,2.33333333333333,3.25,2,4,2.5,2.33333333333333,3,4.25,4,5,3.5,3.1,3.1,2.6,4.4,3,2,5,2,6,6,4,6,3,5.5,4,3,2,1,3,1,3,3,4,3,2,2,2,2,4,2.83333333333333,2.6,2.2,2.6,1.26845119593814,0.484411544009668,0.634789241592561,0.54360452449115,-1.80440673023198,1.00694269612177,-0.789092955733334,0.481832371703316,-1.58399044898013,-1.36165974954877,-2.18057212135788,-0.682574565417449,0.928823529707821,-0.35587016013426,-1.92359108768689,0.144632565684975,-1.16419679651849,0.504251315123012,-0.588274989781376,0.100727870503172,0.546583692340883,0.836214124353836,-0.726151786817672,-0.0312852467945852,0.0753778361444409,-0.620815260378279,-1.43637327949346,-0.0855402896774732,0.0121145710309808,1.04369093182019,1.08000566515935,-1.72976164138085,-0.74662927451272,0.122582050083636,0.986857224324569,0.422480017951983,-1.4790199457749,-0.722204300846748,-0.624883090612745,0.519352252331732,-0.773563712336717,-2.45373864405591,0.55553965287948,0.753994702257801,1.00302071252055,0.689731129772309,-0.0635906461913878,-0.207958837634126,-1.09235613056672,0.0381863997137484,0.36912488268381,-0.323826839949683,-1.14760732522009,-1.05240491303574,0.643058861990797,0.231486521850808,-2.17602158448664,0.374803447051028,-0.276856889330419,0.97890199052883,0.926639939945262,-1.38813656953531,-2.41359843682721,-0.20234368941225,0.250481181687049,0.851591459380933,0.55163620968623,-0.474113909857901,-1.40236451070686,-0.62633364913578,-2.73975458986334,-0.962407266985639,-1.05342759613224,0.490801579710196,-0.533123831080933,-0.695151752609533,0.238052292325221,0.586954829671243,0.611661711673233,1.37036884756389,0.441952508291462,-1.82893930116386,-0.692769102497417,-0.409176768707077,1.0092877764604,-0.790079513745486,-1.48193582223075,-0.177615582401561,-1.86068450048651,0.842328944169959,0.826673226637226,0.244971077456879,0.868847313778322,-1.32769032700222,0.825334912953793,0.141394646302149,-1.10163569866861,-1.36774756217728,-1.6653155021611,-0.722832419635914,-1.34603278829359,-0.557832774391467,-0.624749884768366,0.10488104246146,-0.874792405879583,-1.11292274803569,-1.62680692583465,-1.1172242626697,-1.29556220243174,-0.419913263325856,-1.27951171630443,-1.46345548935228,-1.67693397029875,-1.55646514268863
127,"Zuerich","lab",1,24,"male","prefer not to answer",3,1,2,3,3,4,3,3,0,1,4,4,2.25,3.25,2.25,2,5,2,2,3,4,5,4,2,5,4,5,5,2,5,4,5,4,4,5,5,5,2,2,5,4,4,4,4,5,4,5,4,2,4,4,5,4,2,3,4,5,2,4,5,4,5,4,4,5,3.5,4.33333333333333,4,5,5,4.66666666666667,3.5,3.33333333333333,3.66666666666667,3,2,3.33333333333333,4.25,4.33333333333333,5,3.9,4.9,3.5,2.8,4.5,3,5,7,5,6,6,5,5,5,5.5,3,6,5,3,2,1,5,4,3,5,6,4,5,5,3,3.83333333333333,4.6,3.6,4,0.25828191772496,-1.52162214412449,-0.304058712359462,0.54360452449115,0.231334196183588,1.00694269612177,0.255120278921303,0.481832371703316,-1.58399044898013,-0.520775132283564,1.35657712619039,1.12393857012347,-0.316684593938476,0.602800475329459,0.0695663723890129,-0.676507162074881,0.825110350930578,-1.49009096491407,-0.588274989781376,-1.00727870503172,0.546583692340883,0.836214124353836,0.861459573181214,-0.948985819435749,1.2814232144555,0.329302007678913,0.715130526386106,1.16905062559213,0.0121145710309808,1.04369093182019,1.08000566515935,0.775901312388939,0.1919903848747,0.952368235265172,0.986857224324569,1.36370132376906,0.969013067921489,-0.722204300846748,-0.624883090612745,1.69122400118282,0.213010297599965,-0.144337567297406,0.55553965287948,0.753994702257801,1.00302071252055,0.689731129772309,0.869072164615631,-0.207958837634126,-1.09235613056672,0.0381863997137484,1.32450693198308,1.17600273455411,0.578707967418675,-1.05240491303574,-0.358519542525843,1.08027043530377,1.09731002978386,-1.68661551172963,0.642516931842293,0.97890199052883,0.926639939945262,1.23887457281108,0.0705730537083977,0.571840861382447,1.2757064834759,0.594507245228198,1.3042561546845,0.747018501873669,1.267980276296,1.30760884644136,0.77626380046128,-0.562917458048204,0.317391309001027,-0.0173224086956545,0.0139886719525613,-1.05289066623315,0.633308928638797,0.586954829671243,1.1445946881806,1.37036884756389,0.931157800488299,1.32859732340677,-0.0792980985248617,-0.160419907593276,1.19355608419591,-0.790079513745486,0.350528145305166,1.00201998373711,0.144297981670382,0.842328944169959,0.826673226637226,0.790729427234231,0.28070451675915,0.249852272507591,0.825334912953793,-0.747371701882785,1.11001315645316,1.19314149040997,-0.06370059297884,-1.52294880866686,-1.34603278829359,1.06495347838371,0.247916620939828,-0.774121980072685,0.980189081286761,2.15165064620234,-0.162264629431078,1.24235338008871,1.26644844507372,-1.13053570895423,-0.073114955217396,1.01793339432789,-0.0488940558715946,0.338361987541007
128,"Zuerich","lab",1,20,"male","other",1,3,1,2,1,3,1,1,2,1,3,1,1.75,1.5,1.75,4,2,4,3,4,2,4,4,3,4,4,5,5,2,3,2,2,3,2,5,4,2,3,2,4,3,4,2,4,4,4,3,5,2,4,2,3,3,3,4,2,2,2,3,4,2,4,5,2,5,3,2.66666666666667,3,2.75,3,3.66666666666667,4.25,3.33333333333333,3,2.25,2.66666666666667,3,4.5,4,3.66666666666667,2.9,3.1,3.6,2.6,4.1,4,3,4,3,5,5,5,5,3.5,5,2,3,4,3,3,4,4,4,3,2,3,2,4,3,3,2.66666666666667,3.4,3.2,3.13333333333333,-1.76205663870139,0.484411544009668,-1.24290666631148,-0.413139438613273,-1.80440673023198,-0.0803083131876254,-1.83330619038797,-1.49031873108235,0.0705040259189969,-0.520775132283564,0.47228981430332,-1.58583113318791,-0.939438655761625,-1.63409767408588,-0.499907187632674,0.96577229344483,-2.15885037024302,0.504251315123012,0.319939029530222,0.100727870503172,-1.18672675544282,-0.304667161586281,0.861459573181214,-0.0312852467945852,0.0753778361444409,0.329302007678913,0.715130526386106,1.16905062559213,0.0121145710309808,-0.974876145106769,-0.75652570747877,-2.98259311826574,-0.74662927451272,-0.7072041350979,0.986857224324569,0.422480017951983,-1.4790199457749,0.148398144009606,-0.624883090612745,0.519352252331732,-0.773563712336717,-0.144337567297406,-1.10166337943897,0.753994702257801,0.102349052298016,0.689731129772309,-0.996253456998407,0.972710692159621,-1.09235613056672,0.0381863997137484,-0.586257166615464,-1.82365641445348,-0.284449678900705,-0.166169196795117,0.643058861990797,-0.617297391602155,-2.17602158448664,-1.68661551172963,-0.276856889330419,-0.297296160086534,-0.772199949954385,-0.0746309983621132,1.3126587989762,-0.976528240206948,1.2757064834759,0.0803388169227295,-0.577293707811171,-0.474113909857901,-2.16532016413625,-1.59330489692435,-0.730601223963557,0.6355519687641,0.317391309001027,-1.03357038550735,-0.80668008259768,-0.337412838985914,0.238052292325221,1.0018305325714,0.611661711673233,-0.510215301919498,-0.291855430003796,-1.82893930116386,0.0740696524682774,-0.409176768707077,0.456482853253873,-0.143316749004995,-0.871114499718779,-0.767433365470897,-1.19235700643421,0.237227335296845,0.237626716968595,0.790729427234231,0.28070451675915,-0.933304677124768,0.475734564747132,-1.63613805006772,-1.10163569866861,0.339511806214219,-0.06370059297884,-0.722832419635914,0.684553818046453,0.253560351996121,0.247916620939828,-0.774121980072685,-1.80228314946276,-0.296779399476184,-1.62680692583465,0.455827499169239,-0.441558653263252,-1.13053570895423,-1.48057784315227,-0.470899935880214,-0.514048317136495,-0.834626235934484
129,"Zuerich","lab",1,21,"female","other",1,1,1,1,3,3,3,3,2,1,3,0,1,3,1.5,2,5,3,2,4,4,4,2,3,4,3,5,4,3,3,3,5,5,2,4,4,5,2,3,4,4,4,5,4,4,2,5,4,4,4,4,4,4,4,3,4,4,2,4,4,2,5,3,4,3,2.25,4,3.66666666666667,5,4.33333333333333,4.33333333333333,3.75,2.66666666666667,3.66666666666667,3,3.33333333333333,3.66666666666667,3.75,3.66666666666667,3.66666666666667,3.2,4.6,3.4,3.3,3.7,3,5,7,5,5,4,2,5,5,4,5,6,5,3,3,6,5,4,4,3,4,5,4,4,4,4.16666666666667,4.2,4.8,4.33333333333333,-1.76205663870139,-1.52162214412449,-1.24290666631148,-1.3698834017177,0.231334196183588,-0.0803083131876254,0.255120278921303,0.481832371703316,0.0705040259189969,-0.520775132283564,0.47228981430332,-2.48908770095837,-1.87356974849635,0.283243596841553,-0.784643967643518,-0.676507162074881,0.825110350930578,-0.492919824895528,-0.588274989781376,0.100727870503172,0.546583692340883,-0.304667161586281,-0.726151786817672,-0.0312852467945852,0.0753778361444409,-0.620815260378279,0.715130526386106,-0.0855402896774732,1.07819682175728,-0.974876145106769,0.161739978840289,0.775901312388939,1.13061004426212,-0.7072041350979,0.0480092703725467,0.422480017951983,0.969013067921489,-0.722204300846748,0.241096625512004,0.519352252331732,0.213010297599965,-0.144337567297406,1.3841411690387,0.753994702257801,0.102349052298016,-0.897101273363984,0.869072164615631,-0.207958837634126,0.747401563019337,0.0381863997137484,1.32450693198308,-0.323826839949683,0.578707967418675,0.720066519445508,-0.358519542525843,1.08027043530377,0.00619949169369431,-1.68661551172963,0.642516931842293,-0.297296160086534,-0.772199949954385,1.23887457281108,-1.17151269155941,0.571840861382447,-0.774744120101803,-0.690913825535474,0.927946182185364,0.339974364629812,1.267980276296,0.340637598652792,0.273975458986334,-0.163427649110769,-0.368018143565608,-0.0173224086956545,0.0139886719525613,0.378064988261326,1.02856556495237,-0.242796576129069,0.0787287351658617,-0.510215301919498,0.0750485391438333,0.802341219311664,-0.232665849518001,0.461472245191228,-0.28059037768816,-0.790079513745486,0.350528145305166,1.00201998373711,0.144297981670382,0.237227335296845,-0.351419792700035,-0.846545622097823,0.28070451675915,0.249852272507591,-0.223466131666189,1.03016099448708,1.11001315645316,1.19314149040997,-0.06370059297884,-0.722832419635914,2.03827822227315,1.06495347838371,0.247916620939828,0.10488104246146,-0.874792405879583,0.519363949083322,0.570006518770709,0.455827499169239,0.412444895905236,-0.419913263325856,0.329017298478283,0.521655617591853,1.34656872792311,0.789511304262349
130,"Zuerich","lab",1,22,"female","other",3,3,1,1,2,2,1,1,2,2,2,3,2,1.5,2.25,4,5,1,2,4,3,5,1,3,4,3,3,5,3,4,1,5,4,1,5,3,5,1,1,4,4,4,2,2,2,4,5,5,4,4,1,4,4,3,4,1,5,2,2,3,2,4,3,3,5,2.75,2.33333333333333,2.66666666666667,4.75,4.66666666666667,4,3.25,2,3,2.5,2.33333333333333,2.33333333333333,4.5,4,3,2.6,4.5,2.8,2.4,3.9,6,1,6,7,6,7,6,7,5,6.5,4,5,3,5,4,6,6,5,3,6,2,5,2,5,2,4.66666666666667,3.6,4.4,4.2,0.25828191772496,0.484411544009668,-1.24290666631148,-1.3698834017177,-0.786536267024197,-1.16755932249702,-1.83330619038797,-1.49031873108235,0.0705040259189969,0.32010948498164,-0.411997497583747,0.22068200235301,-0.628061624850051,-1.63409767408588,0.0695663723890129,0.96577229344483,0.825110350930578,-2.48726210493261,-0.588274989781376,0.100727870503172,-0.320071531550967,0.836214124353836,-1.51995746681711,-0.0312852467945852,0.0753778361444409,-0.620815260378279,-1.43637327949346,1.16905062559213,1.07819682175728,0.0344073933567096,-1.67479139379783,0.775901312388939,0.1919903848747,-1.53699032027944,0.986857224324569,-0.518741287865094,0.969013067921489,-1.5928067457031,-1.49086280673749,0.519352252331732,0.213010297599965,-0.144337567297406,-1.10166337943897,-0.936490235288351,-1.69899426814706,0.689731129772309,0.869072164615631,0.972710692159621,0.747401563019337,0.0381863997137484,-1.54163921591474,-0.323826839949683,0.578707967418675,-0.166169196795117,0.643058861990797,-1.46608130505512,1.09731002978386,-1.68661551172963,-1.19623071050313,-1.5734943107019,-0.772199949954385,-0.0746309983621132,-1.17151269155941,-0.20234368941225,1.2757064834759,-0.176745397230005,-0.953603680310305,-0.881158047101758,0.88650244958131,0.824123222547078,-0.228312882488611,-0.962407266985639,-1.05342759613224,-1.03357038550735,-0.533123831080933,-0.695151752609533,-0.552460980301929,1.0018305325714,0.611661711673233,-1.45050737666119,-0.658759399151424,0.62692251794663,-1.15287235547683,-0.657933629820879,0.0879462377828566,1.15020878047599,-2.09275714474272,0.412202200667775,1.48095296977498,0.842328944169959,1.41571973630586,1.33648777701158,1.45699011079749,0.249852272507591,1.52453560936711,0.141394646302149,0.37279687141257,-0.51411787798153,1.53791431620342,0.0772839693950349,2.03827822227315,1.8763466047713,1.12058312664802,-0.774121980072685,1.90767982486993,-1.11292274803569,0.570006518770709,-1.1172242626697,1.26644844507372,-1.8411581545826,0.9322156790218,-0.222761047512197,0.881414466658207,0.609051577573813
131,"Zuerich","lab",1,20,"female","other",1,3,1,1,3,3,3,2,1,3,2,3,1.5,2.75,2.25,2,4,4,2,5,4,5,4,1,4,5,4,5,2,5,2,5,4,2,4,4,5,4,4,2,3,5,4,2,5,4,5,5,2,5,3,5,4,1,5,2,4,2,1,4,2,2,4,1,4,2.5,3.66666666666667,3.33333333333333,4,5,4.33333333333333,4.25,4,3.66666666666667,1.75,2,1.66666666666667,4.5,3.66666666666667,4.66666666666667,3.1,4.4,4,1.8,4.3,3,6,7,2,2,2,2,2,4.5,2,2,4,4,3,1,4,1,2,4,3,3,5,3,2,5,3.16666666666667,2.6,3.8,3.06666666666667,-1.76205663870139,0.484411544009668,-1.24290666631148,-1.3698834017177,0.231334196183588,-0.0803083131876254,0.255120278921303,-0.504243179689517,-0.756743211530565,1.16099410224684,-0.411997497583747,0.22068200235301,-1.2508156866732,-0.0363132816463534,0.0695663723890129,-0.676507162074881,-0.169543222793955,0.504251315123012,-0.588274989781376,1.20873444603807,0.546583692340883,0.836214124353836,0.861459573181214,-1.86668639207691,0.0753778361444409,1.27941927573611,-0.360621376553677,1.16905062559213,0.0121145710309808,1.04369093182019,-0.75652570747877,0.775901312388939,0.1919903848747,-0.7072041350979,0.0480092703725467,0.422480017951983,0.969013067921489,1.01900058886596,1.10707634163675,-1.82439124537044,-0.773563712336717,1.01036297108185,0.55553965287948,-0.936490235288351,1.00302071252055,0.689731129772309,0.869072164615631,0.972710692159621,-1.09235613056672,1.3823476696377,0.36912488268381,1.17600273455411,0.578707967418675,-1.93864062927637,1.64463726650744,-0.617297391602155,0.00619949169369431,-1.68661551172963,-2.11560453167584,-0.297296160086534,-0.772199949954385,-2.7016421407085,0.0705730537083977,-1.75071279100165,0.250481181687049,-0.433829611382739,0.55163620968623,-0.0670697726140443,-0.257931030562777,1.30760884644136,0.273975458986334,0.6355519687641,1.00280076156766,-0.0173224086956545,-1.35379258563117,-1.05289066623315,-1.34297425292908,1.0018305325714,0.0787287351658617,0.900222810193041,-0.0472527839053763,0.451503816581596,0.687540656440833,-1.40420421316228,0.825019468724891,-0.790079513745486,0.961349467817139,1.00201998373711,-1.86068450048651,-1.5780774913225,-1.5295128120373,-0.846545622097823,-1.48372387429837,-0.144533377369862,-1.62186752449283,-1.63613805006772,-0.364419413628018,0.339511806214219,-0.06370059297884,-2.32306519769781,0.684553818046453,-2.18061902716664,-1.49741639047656,0.10488104246146,-0.874792405879583,-0.296779399476184,0.570006518770709,-0.330698381750232,-1.29556220243174,0.290709182302516,-0.877379462608753,-1.46345548935228,0.183683074760855,-0.924856099278752
132,"Zuerich","lab",1,20,"female",NA,2,4,4,4,2,4,2,2,3,3,2,2,3.5,2.5,2.5,3,3,1,3,1,2,3,4,1,2,3,1,4,1,3,1,5,3,5,4,1,5,3,2,3,2,1,5,3,3,1,4,5,4,2,3,4,1,3,2,1,5,2,3,1,3,3,3,1,2,2,2,2,3.75,4,2.33333333333333,3,2.66666666666667,3.66666666666667,3.25,2,2.33333333333333,2.25,2.33333333333333,2.33333333333333,2,3.4,3.1,2.6,2.3,5,4,1,4,4,7,7,7,3.5,6.25,3,2,2,4,4,4,4,2,3,3,3,4,4,4,6,4,3,3.4,3.46666666666667,-0.751887360488216,1.48742838807674,1.57363719554458,1.50034848759557,-0.786536267024197,1.00694269612177,-0.789092955733334,-0.504243179689517,0.897751263368559,1.16099410224684,-0.411997497583747,-0.682574565417449,1.2402005606194,-0.35587016013426,0.354303152399856,0.144632565684975,-1.16419679651849,-2.48726210493261,0.319939029530222,-3.22329185610152,-1.18672675544282,-1.4455484475264,0.861459573181214,-1.86668639207691,-2.33671292047767,-0.620815260378279,-3.58787708537303,-0.0855402896774732,-1.05396767969532,-0.974876145106769,-1.67479139379783,0.775901312388939,-0.74662927451272,1.78215442044671,0.0480092703725467,-2.40118389949925,0.969013067921489,0.148398144009606,-0.624883090612745,-0.652519496519355,-1.7601377222734,-3.60843918243516,1.3841411690387,-0.0912477665152752,-0.798322607924522,-1.69051747493213,-0.0635906461913878,0.972710692159621,0.747401563019337,-2.65013614013415,0.36912488268381,-0.323826839949683,-2.01076497153947,-0.166169196795117,-1.36009794704248,-1.46608130505512,1.09731002978386,-1.68661551172963,-0.276856889330419,-4.12589061193263,0.0772199949954384,-1.38813656953531,-1.17151269155941,-1.75071279100165,-1.79996942189066,-0.947998039688208,-1.32991365280944,-1.69524632158947,-0.639408857277472,-0.142848025241494,-2.73975458986334,-1.36189707592307,-0.368018143565608,-0.0173224086956545,0.287544923469308,-1.05289066623315,-0.552460980301929,-2.73205079353001,-2.05300317086362,-2.39079945140288,-1.39256733744668,-1.30268319706875,-0.692769102497417,-0.409176768707077,-2.86034668598528,0.503446015735495,-0.260293177206806,-2.5368867146789,-0.524029512381915,-0.367874273576268,1.41571973630586,1.88224612678893,1.45699011079749,-0.933304677124768,1.34973543526378,-0.747371701882785,-1.8388519837092,-1.36774756217728,0.737106861612291,0.0772839693950349,0.684553818046453,0.253560351996121,-1.49741639047656,-0.774121980072685,-0.874792405879583,-0.296779399476184,-0.162264629431078,0.455827499169239,0.412444895905236,1.00133162793089,0.127951171630443,-0.967177712616247,-0.281471186504045,-0.383476919213141
133,"Zuerich","lab",1,22,"male","other",3,4,4,4,0,4,1,1,1,3,3,4,3.75,1.5,2.75,1,1,3,1,5,2,2,2,1,4,1,2,5,1,5,3,2,3,1,5,2,1,1,1,5,5,5,2,1,3,2,1,5,1,5,1,3,2,1,5,1,3,5,1,5,1,3,5,1,4,1.75,1.66666666666667,2.33333333333333,1.75,2,3.33333333333333,4,1.66666666666667,4,1,1,1,4.75,4.66666666666667,4.33333333333333,1.9,2.3,3.3,1,4.6,1,1,2,6,7,7,7,7,2.5,7,3,2,1,1,4,1,1,3,3,3,3,6,1,1,6,3.33333333333333,2.6,2.4,2.6,0.25828191772496,1.48742838807674,1.57363719554458,1.50034848759557,-2.82227719343977,1.00694269612177,-1.83330619038797,-1.49031873108235,-0.756743211530565,1.16099410224684,0.47228981430332,1.12393857012347,1.55157759153097,-1.63409767408588,0.6390399324107,-1.49764688983474,-3.15350394396756,-0.492919824895528,-1.49648900909297,1.20873444603807,-1.18672675544282,-2.58642973346652,-0.726151786817672,-1.86668639207691,0.0753778361444409,-2.52104979649266,-2.51212518243324,1.16905062559213,-1.05396767969532,1.04369093182019,0.161739978840289,-2.98259311826574,-0.74662927451272,-1.53699032027944,0.986857224324569,-1.45996259368217,-2.29503095034037,-1.5928067457031,-1.49086280673749,1.69122400118282,1.19958430753665,1.01036297108185,-1.10166337943897,-1.78173270406143,-0.798322607924522,-0.897101273363984,-2.86157907861244,0.972710692159621,-2.01223497735975,1.3823476696377,-1.54163921591474,-1.82365641445348,-1.14760732522009,-1.93864062927637,1.64463726650744,-1.46608130505512,-1.08491104639647,1.40551292644135,-2.11560453167584,0.97890199052883,-1.62161989490421,-1.38813656953531,1.3126587989762,-1.75071279100165,0.250481181687049,-1.20508225384094,-1.70622362530857,-1.28820218434561,-3.69123147099504,-3.04376176860721,-1.2328895654385,0.236062159826666,-1.39613232241556,0.490801579710196,-2.17446134018142,-2.12610740710401,-2.13348752555623,1.41670623547156,1.67752766468797,0.430076772822194,-1.51486866049589,-3.23228891208414,-0.38603360051114,-2.39923165761749,1.37782439193142,-2.08360504322647,-2.09275714474272,-1.94706893160957,0.81262547572268,1.44743055304307,1.41571973630586,1.88224612678893,1.45699011079749,-1.72207597687967,1.87413595757377,-0.747371701882785,-1.8388519837092,-2.22137724637303,-1.6653155021611,0.0772839693950349,-1.34603278829359,-2.18061902716664,-0.624749884768366,-0.774121980072685,-0.874792405879583,-0.296779399476184,1.3022776669725,-1.90375014358917,-2.14956575160023,1.00133162793089,-0.676313335760914,-1.46345548935228,-1.4443568396663,-1.55646514268863
134,"Zuerich","lab",1,21,"male","other",3,4,3,3,1,3,2,1,1,2,4,4,3.25,1.75,2.75,3,4,3,4,4,3,5,4,4,5,4,5,4,1,4,3,4,5,3,5,2,5,2,4,3,3,4,4,4,4,4,4,4,4,5,2,4,4,4,2,3,4,3,4,5,4,3,3,3,5,3.5,2.33333333333333,3.33333333333333,3.75,4.66666666666667,4.33333333333333,3.75,3.33333333333333,3.66666666666667,3.5,4,3,4.75,3.33333333333333,4.33333333333333,3.1,4.2,3.6,3.5,4.2,6,7,7,7,6,5,4,5,6.75,5,3,4,4,3,3,3,3,4,4,5,4,5,3,4,4,3.83333333333333,3.6,4,3.73333333333333,0.25828191772496,1.48742838807674,0.634789241592561,0.54360452449115,-1.80440673023198,-0.0803083131876254,-0.789092955733334,-1.49031873108235,-0.756743211530565,0.32010948498164,1.35657712619039,1.12393857012347,0.928823529707821,-1.31454079559798,0.6390399324107,0.144632565684975,-0.169543222793955,-0.492919824895528,1.22815304884182,0.100727870503172,-0.320071531550967,0.836214124353836,0.861459573181214,0.886415325846579,1.2814232144555,0.329302007678913,0.715130526386106,-0.0855402896774732,-1.05396767969532,0.0344073933567096,0.161739978840289,-0.476930164495953,1.13061004426212,0.122582050083636,0.986857224324569,-1.45996259368217,0.969013067921489,-0.722204300846748,1.10707634163675,-0.652519496519355,-0.773563712336717,-0.144337567297406,0.55553965287948,0.753994702257801,0.102349052298016,0.689731129772309,-0.0635906461913878,-0.207958837634126,0.747401563019337,1.3823476696377,-0.586257166615464,-0.323826839949683,0.578707967418675,0.720066519445508,-1.36009794704248,0.231486521850808,0.00619949169369431,-0.655906032339299,0.642516931842293,0.97890199052883,0.926639939945262,-1.38813656953531,-1.17151269155941,-0.20234368941225,1.2757064834759,0.594507245228198,-0.953603680310305,-0.0670697726140443,-0.639408857277472,0.824123222547078,0.273975458986334,-0.163427649110769,0.317391309001027,-0.0173224086956545,0.561101174986055,1.09354281550856,0.238052292325221,1.41670623547156,-0.454204241341509,0.430076772822194,-0.0472527839053763,0.100666413851526,0.0740696524682774,0.710229106305029,0.640751160989383,1.15020878047599,1.57217079032911,1.00201998373711,1.48095296977498,0.842328944169959,0.237626716968595,0.244971077456879,0.28070451675915,1.63020204707868,0.475734564747132,-0.747371701882785,-0.364419413628018,0.339511806214219,-0.06370059297884,-0.722832419635914,0.00769161593310614,-0.557832774391467,0.247916620939828,0.10488104246146,0.980189081286761,0.519363949083322,0.570006518770709,-0.330698381750232,0.412444895905236,-0.419913263325856,-0.073114955217396,-0.222761047512197,0.416260205393306,-0.022557465836067
135,"Zuerich","lab",1,26,"female",NA,4,4,3,4,1,3,1,1,0,0,0,3,3.75,1.5,0.75,1,5,3,2,5,4,5,2,2,4,3,5,4,1,5,2,5,3,4,2,4,4,2,2,4,4,5,2,2,5,2,5,4,4,4,3,5,2,3,4,3,5,4,4,5,2,4,4,4,4,1.75,3.66666666666667,3.33333333333333,4.75,4.66666666666667,5,3.5,2,3.33333333333333,3.5,2.33333333333333,2.33333333333333,3.75,4,5,2.8,4.8,3,2.8,4.2,2,6,6,5,7,6,6,6,4.75,6.25,6,4,2,3,5,2,3,3,3,4,3,3,2,2,6,4.16666666666667,3.4,2.4,3.4,1.26845119593814,1.48742838807674,0.634789241592561,1.50034848759557,-1.80440673023198,-0.0803083131876254,-1.83330619038797,-1.49031873108235,-1.58399044898013,-1.36165974954877,-2.18057212135788,0.22068200235301,1.55157759153097,-1.63409767408588,-1.63885430767605,-1.49764688983474,0.825110350930578,-0.492919824895528,-0.588274989781376,1.20873444603807,0.546583692340883,0.836214124353836,-0.726151786817672,-0.948985819435749,0.0753778361444409,-0.620815260378279,0.715130526386106,-0.0855402896774732,-1.05396767969532,1.04369093182019,-0.75652570747877,0.775901312388939,-0.74662927451272,0.952368235265172,-1.8296866375315,0.422480017951983,0.153002063356025,-0.722204300846748,-0.624883090612745,0.519352252331732,0.213010297599965,1.01036297108185,-1.10166337943897,-0.936490235288351,1.00302071252055,-0.897101273363984,0.869072164615631,-0.207958837634126,0.747401563019337,0.0381863997137484,0.36912488268381,1.17600273455411,-1.14760732522009,-0.166169196795117,0.643058861990797,0.231486521850808,1.09731002978386,0.374803447051028,0.642516931842293,0.97890199052883,-0.772199949954385,-0.0746309983621132,0.0705730537083977,0.571840861382447,0.250481181687049,-1.20508225384094,0.55163620968623,-0.0670697726140443,0.88650244958131,0.824123222547078,1.27855214193623,-0.562917458048204,-1.05342759613224,-0.525446397101504,0.561101174986055,-0.695151752609533,-0.552460980301929,-0.242796576129069,0.611661711673233,1.37036884756389,-0.414156753053005,1.15317862204173,-0.846136853490556,-0.160419907593276,0.640751160989383,-1.43684227848598,0.961349467817139,0.412202200667775,0.144297981670382,1.44743055304307,0.826673226637226,1.33648777701158,0.868847313778322,0.0526594475688642,1.34973543526378,1.91892734267202,-0.364419413628018,-1.36774756217728,-0.06370059297884,0.877400358425984,-0.669170586180241,-0.557832774391467,-0.624749884768366,-0.774121980072685,0.0526983377035892,-0.296779399476184,-0.894535777632864,-1.1172242626697,-1.29556220243174,1.00133162793089,0.329017298478283,-0.470899935880214,-1.4443568396663,-0.47370678255741
136,"Zuerich","lab",1,21,"male","other",3,4,2,1,2,3,2,3,3,4,3,3,2.5,2.5,3.25,2,4,2,2,2,3,4,2,3,4,4,4,5,2,4,3,4,2,2,4,4,4,4,1,4,2,4,2,2,4,4,5,4,2,4,4,5,2,2,4,2,4,4,2,5,3,4,4,2,4,3,3.66666666666667,2.66666666666667,4.25,4.33333333333333,4,3,2.66666666666667,3.66666666666667,2,2,2,3.5,4,4.33333333333333,3.1,4.2,3.1,2,3.9,5,6,6,6,5,6,4,5,5.75,5,4,4,4,4,3,1,4,4,5,5,2,3,3,3,3,3.83333333333333,3.2,3.2,3.46666666666667,0.25828191772496,1.48742838807674,-0.304058712359462,-1.3698834017177,-0.786536267024197,-0.0803083131876254,-0.789092955733334,0.481832371703316,0.897751263368559,2.00187871951205,0.47228981430332,0.22068200235301,-0.00530756302690199,-0.35587016013426,1.20851349243239,-0.676507162074881,-0.169543222793955,-1.49009096491407,-0.588274989781376,-2.11528528056662,-0.320071531550967,-0.304667161586281,-0.726151786817672,-0.0312852467945852,0.0753778361444409,0.329302007678913,-0.360621376553677,1.16905062559213,0.0121145710309808,0.0344073933567096,0.161739978840289,-0.476930164495953,-1.68524893390014,-0.7072041350979,0.0480092703725467,0.422480017951983,0.153002063356025,1.01900058886596,-1.49086280673749,0.519352252331732,-1.7601377222734,-0.144337567297406,-1.10166337943897,-0.936490235288351,0.102349052298016,0.689731129772309,0.869072164615631,-0.207958837634126,-1.09235613056672,0.0381863997137484,1.32450693198308,1.17600273455411,-1.14760732522009,-1.05240491303574,0.643058861990797,-0.617297391602155,0.00619949169369431,0.374803447051028,-1.19623071050313,0.97890199052883,0.0772199949954384,-0.0746309983621132,0.0705730537083977,-0.976528240206948,0.250481181687049,0.0803388169227295,0.55163620968623,-0.881158047101758,0.123546796151919,0.340637598652792,-0.228312882488611,-1.36189707592307,-0.368018143565608,-0.0173224086956545,-1.08023633411443,-1.05289066623315,-0.947717616615505,-0.657672279029225,0.611661711673233,0.430076772822194,-0.0472527839053763,0.100666413851526,-0.692769102497417,-1.15544735204848,0.0879462377828566,0.503446015735495,0.961349467817139,0.412202200667775,0.81262547572268,0.237227335296845,0.826673226637226,0.244971077456879,0.28070451675915,0.84143074732377,0.475734564747132,0.141394646302149,-0.364419413628018,0.339511806214219,0.737106861612291,-0.722832419635914,-1.34603278829359,0.253560351996121,0.247916620939828,0.983884064995606,0.980189081286761,-1.11292274803569,-0.894535777632864,-0.330698381750232,-0.441558653263252,-1.13053570895423,-0.073114955217396,-0.71903882424823,-0.514048317136495,-0.383476919213141
137,"Zuerich","lab",1,19,"female","other",3,3,3,3,3,3,3,3,4,4,4,1,3,3,3.25,4,3,4,4,3,4,4,5,4,4,5,3,2,2,4,3,4,5,3,4,4,5,5,4,3,5,2,5,4,4,4,4,5,2,3,3,4,4,2,2,3,4,4,4,4,4,4,4,4,3,3.75,3.66666666666667,4.33333333333333,3.75,4.33333333333333,3,4.5,4.66666666666667,3.66666666666667,3.25,3.33333333333333,3.33333333333333,3.25,3,4,3.9,3.7,4.3,3.3,3.4,6,6,7,5,6,6,6,5,6,5.75,3,5,3,4,2,4,3,3,4,4,3,5,3,3,3,3.66666666666667,3.2,3.8,3.46666666666667,0.25828191772496,0.484411544009668,0.634789241592561,0.54360452449115,0.231334196183588,-0.0803083131876254,0.255120278921303,0.481832371703316,1.72499850081812,2.00187871951205,1.35657712619039,-1.58583113318791,0.617446498796247,0.283243596841553,1.20851349243239,0.96577229344483,-1.16419679651849,0.504251315123012,1.22815304884182,-1.00727870503172,0.546583692340883,-0.304667161586281,1.65526525318066,0.886415325846579,0.0753778361444409,1.27941927573611,-1.43637327949346,-2.59472212021668,0.0121145710309808,0.0344073933567096,0.161739978840289,-0.476930164495953,1.13061004426212,0.122582050083636,0.0480092703725467,0.422480017951983,0.969013067921489,1.88960303372231,1.10707634163675,-0.652519496519355,1.19958430753665,-2.45373864405591,1.3841411690387,0.753994702257801,0.102349052298016,0.689731129772309,-0.0635906461913878,0.972710692159621,-1.09235613056672,-1.3059748702102,0.36912488268381,-0.323826839949683,0.578707967418675,-1.05240491303574,-1.36009794704248,0.231486521850808,0.00619949169369431,0.374803447051028,0.642516931842293,-0.297296160086534,0.926639939945262,-0.0746309983621132,0.0705730537083977,0.571840861382447,-0.774744120101803,0.851591459380933,0.55163620968623,1.15406263911753,-0.639408857277472,0.340637598652792,-1.73517790691345,1.03504177770154,1.6882102141343,-0.0173224086956545,0.287544923469308,0.378064988261326,0.633308928638797,-1.07254798192938,-0.98713721784888,-0.0400692645486515,0.931157800488299,-0.776427092973648,1.14764390942025,0.461472245191228,-0.833395300894687,1.15020878047599,0.961349467817139,1.00201998373711,0.144297981670382,0.842328944169959,0.826673226637226,1.33648777701158,0.28070451675915,1.0386235722625,1.00013508705712,-0.747371701882785,0.37279687141257,-0.51411787798153,0.737106861612291,-1.52294880866686,0.684553818046453,-0.557832774391467,-0.624749884768366,0.10488104246146,0.0526983377035892,-0.296779399476184,0.570006518770709,-0.330698381750232,-0.441558653263252,-1.13053570895423,-0.274181082065236,-0.71903882424823,0.183683074760855,-0.383476919213141
138,"Zuerich","lab",1,19,"male","other",3,3,3,4,2,3,1,1,2,2,3,4,3.25,1.75,2.75,4,4,3,3,4,4,5,2,4,4,4,4,5,2,3,3,4,2,4,5,5,4,1,2,3,4,4,3,1,4,4,4,4,4,4,3,4,3,3,4,4,2,4,2,4,3,4,3,4,3,3.5,4,4,4,4.33333333333333,3.33333333333333,3,2,4,3.75,3,1.66666666666667,4,3.66666666666667,3.66666666666667,3.8,3.9,3,2.9,3.8,4,6,7,5,4,5,6,6,5.5,5.25,4,6,5,5,3,1,3,4,4,5,3,6,3,3,6,4.83333333333333,3.8,3.8,4.06666666666667,0.25828191772496,0.484411544009668,0.634789241592561,1.50034848759557,-0.786536267024197,-0.0803083131876254,-1.83330619038797,-1.49031873108235,0.0705040259189969,0.32010948498164,0.47228981430332,1.12393857012347,0.928823529707821,-1.31454079559798,0.6390399324107,0.96577229344483,-0.169543222793955,-0.492919824895528,0.319939029530222,0.100727870503172,0.546583692340883,0.836214124353836,-0.726151786817672,0.886415325846579,0.0753778361444409,0.329302007678913,-0.360621376553677,1.16905062559213,0.0121145710309808,-0.974876145106769,0.161739978840289,-0.476930164495953,-1.68524893390014,0.952368235265172,0.986857224324569,1.36370132376906,0.153002063356025,-1.5928067457031,-0.624883090612745,-0.652519496519355,0.213010297599965,-0.144337567297406,-0.273061863279744,-1.78173270406143,0.102349052298016,0.689731129772309,-0.0635906461913878,-0.207958837634126,0.747401563019337,0.0381863997137484,0.36912488268381,-0.323826839949683,-0.284449678900705,-0.166169196795117,0.643058861990797,1.08027043530377,-2.17602158448664,0.374803447051028,-1.19623071050313,-0.297296160086534,0.0772199949954384,-0.0746309983621132,-1.17151269155941,0.571840861382447,-0.774744120101803,0.594507245228198,0.927946182185364,0.747018501873669,-0.257931030562777,0.340637598652792,-1.2328895654385,-1.36189707592307,-1.05342759613224,0.490801579710196,0.834657426502802,0.0203260746377058,-1.34297425292908,0.172079126771087,0.0787287351658617,-0.510215301919498,0.80885647743909,-0.425589690243579,-0.846136853490556,-0.036041477036375,-0.0963220699526522,-0.143316749004995,0.961349467817139,1.00201998373711,0.144297981670382,-0.367874273576268,0.237626716968595,1.33648777701158,0.868847313778322,0.644237922385043,0.650534738850462,0.141394646302149,1.11001315645316,1.19314149040997,1.53791431620342,-0.722832419635914,-1.34603278829359,-0.557832774391467,0.247916620939828,0.10488104246146,0.980189081286761,-0.296779399476184,1.3022776669725,-0.330698381750232,-0.441558653263252,1.00133162793089,1.13328180586964,0.0253778408558194,0.183683074760855,0.428591850885275
139,"Zuerich","lab",1,23,"female","other",3,3,3,3,3,3,3,3,3,1,1,3,3,3,2,1,2,5,2,2,2,3,2,1,4,2,5,4,1,3,2,4,3,1,5,2,5,2,2,3,2,4,4,2,4,1,5,5,2,3,2,4,3,2,2,4,2,2,2,4,2,3,4,2,3,1.5,2,2.66666666666667,3.5,4,3.66666666666667,4.25,2.33333333333333,3.33333333333333,1.75,1.66666666666667,1.66666666666667,3.25,3,3.66666666666667,2,3.7,3.4,1.7,3.3,3,6,5,5,6,6,5,6,4.75,5.75,5,4,3,2,5,1,2,5,5,2,2,2,2,3,5,3,3.6,2.8,3.2,0.25828191772496,0.484411544009668,0.634789241592561,0.54360452449115,0.231334196183588,-0.0803083131876254,0.255120278921303,0.481832371703316,0.897751263368559,-0.520775132283564,-1.29628480947081,0.22068200235301,0.617446498796247,0.283243596841553,-0.215170407621831,-1.49764688983474,-2.15885037024302,1.50142245514155,-0.588274989781376,-2.11528528056662,-1.18672675544282,-1.4455484475264,-0.726151786817672,-1.86668639207691,0.0753778361444409,-1.57093252843547,0.715130526386106,-0.0855402896774732,-1.05396767969532,-0.974876145106769,-0.75652570747877,-0.476930164495953,-0.74662927451272,-1.53699032027944,0.986857224324569,-1.45996259368217,0.969013067921489,-0.722204300846748,-0.624883090612745,-0.652519496519355,-1.7601377222734,-0.144337567297406,0.55553965287948,-0.936490235288351,0.102349052298016,-1.69051747493213,0.869072164615631,0.972710692159621,-1.09235613056672,-1.3059748702102,-0.586257166615464,-0.323826839949683,-0.284449678900705,-1.05240491303574,-1.36009794704248,1.08027043530377,-2.17602158448664,-1.68661551172963,-1.19623071050313,-0.297296160086534,-0.772199949954385,-1.38813656953531,0.0705730537083977,-0.976528240206948,-0.774744120101803,-1.46216646799368,-1.32991365280944,-0.881158047101758,-1.02088668399217,-0.142848025241494,-0.730601223963557,0.6355519687641,-0.710722869848925,-0.525446397101504,-1.35379258563117,-1.41062957985677,-1.34297425292908,-1.07254798192938,-0.98713721784888,-0.510215301919498,-1.39256733744668,-0.776427092973648,-0.232665849518001,-1.52858264371918,-1.0176636086302,-0.790079513745486,0.961349467817139,-0.177615582401561,0.144297981670382,0.842328944169959,0.826673226637226,0.790729427234231,0.868847313778322,0.0526594475688642,1.00013508705712,1.03016099448708,-0.364419413628018,-0.51411787798153,-0.864508047569971,0.877400358425984,-1.34603278829359,-1.36922590077905,1.12058312664802,0.983884064995606,-1.80228314946276,-1.11292274803569,-1.62680692583465,-1.1172242626697,-0.441558653263252,0.290709182302516,-1.07844558945659,-0.222761047512197,-0.979202578401397,-0.744396372590215
140,"Zuerich","lab",1,25,"female","prefer not to answer",3,2,1,3,4,3,3,3,4,3,3,3,2.25,3.25,3.25,2,5,2,2,4,3,2,2,2,4,3,5,4,1,5,2,4,3,2,5,2,3,2,3,3,4,4,4,5,5,1,2,4,4,4,2,3,3,2,2,2,4,4,4,5,2,4,4,2,4,1.75,2.33333333333333,3,3.75,2.66666666666667,4.33333333333333,3.25,2.33333333333333,4,2.5,2.33333333333333,3.33333333333333,4.25,3,5,2.3,3.6,3.2,2.7,4.1,7,7,7,7,3,6,1,2,7,3,5,4,5,4,2,2,2,3,2,4,3,4,2,4,6,4.16666666666667,2.8,3.4,3.46666666666667,0.25828191772496,-0.518605300057409,-1.24290666631148,0.54360452449115,1.24920465939137,-0.0803083131876254,0.255120278921303,0.481832371703316,1.72499850081812,1.16099410224684,0.47228981430332,0.22068200235301,-0.316684593938476,0.602800475329459,1.20851349243239,-0.676507162074881,0.825110350930578,-1.49009096491407,-0.588274989781376,0.100727870503172,-0.320071531550967,-2.58642973346652,-0.726151786817672,-0.948985819435749,0.0753778361444409,-0.620815260378279,0.715130526386106,-0.0855402896774732,-1.05396767969532,1.04369093182019,-0.75652570747877,-0.476930164495953,-0.74662927451272,-0.7072041350979,0.986857224324569,-1.45996259368217,-0.66300894120944,-0.722204300846748,0.241096625512004,-0.652519496519355,0.213010297599965,-0.144337567297406,0.55553965287948,1.59923717103088,1.00302071252055,-1.69051747493213,-1.92891626780543,-0.207958837634126,0.747401563019337,0.0381863997137484,-0.586257166615464,-1.82365641445348,-0.284449678900705,-1.05240491303574,-1.36009794704248,-0.617297391602155,0.00619949169369431,0.374803447051028,0.642516931842293,0.97890199052883,-0.772199949954385,-0.0746309983621132,0.0705730537083977,-0.976528240206948,0.250481181687049,-1.20508225384094,-0.953603680310305,-0.474113909857901,-0.639408857277472,-2.07679052081864,0.273975458986334,-0.962407266985639,-0.710722869848925,0.490801579710196,-0.533123831080933,-0.695151752609533,0.633308928638797,0.586954829671243,-0.98713721784888,1.37036884756389,-1.02566336829905,-0.951845794338683,-0.539401351504278,-0.284798338150176,0.456482853253873,1.79697154521648,1.57217079032911,1.00201998373711,1.48095296977498,-0.972975882449382,0.826673226637226,-1.39230397187517,-1.48372387429837,1.8273948720174,-0.92266682807951,1.03016099448708,-0.364419413628018,1.19314149040997,0.737106861612291,-1.52294880866686,-0.669170586180241,-1.36922590077905,-0.624749884768366,-1.65312500260683,0.0526983377035892,-0.296779399476184,-0.162264629431078,-1.1172242626697,0.412444895905236,1.00133162793089,0.329017298478283,-1.21531660098426,-0.281471186504045,-0.383476919213141
141,"Zuerich","lab",1,20,"female","other",3,3,1,2,4,4,3,3,1,1,1,3,2.25,3.5,1.5,2,5,3,2,4,3,5,4,2,4,4,5,5,2,4,4,4,4,2,4,3,4,3,3,4,4,4,5,3,4,3,5,5,2,4,3,5,3,3,2,3,3,4,3,5,2,4,3,2,4,2.75,3,3.66666666666667,4.5,4.66666666666667,4,3.75,3.33333333333333,4.66666666666667,2,2.66666666666667,2.66666666666667,4,3.33333333333333,4.33333333333333,3.1,4.4,3.9,2.4,3.9,5,5,6,4,6,5,5,5,5,5.25,3,6,4,3,3,5,4,3,4,5,5,6,3,4,5,4.33333333333333,4,4.6,4.2,0.25828191772496,0.484411544009668,-1.24290666631148,-0.413139438613273,1.24920465939137,1.00694269612177,0.255120278921303,0.481832371703316,-0.756743211530565,-0.520775132283564,-1.29628480947081,0.22068200235301,-0.316684593938476,0.922357353817365,-0.784643967643518,-0.676507162074881,0.825110350930578,-0.492919824895528,-0.588274989781376,0.100727870503172,-0.320071531550967,0.836214124353836,0.861459573181214,-0.948985819435749,0.0753778361444409,0.329302007678913,0.715130526386106,1.16905062559213,0.0121145710309808,0.0344073933567096,1.08000566515935,-0.476930164495953,0.1919903848747,-0.7072041350979,0.0480092703725467,-0.518741287865094,0.153002063356025,0.148398144009606,0.241096625512004,0.519352252331732,0.213010297599965,-0.144337567297406,1.3841411690387,-0.0912477665152752,0.102349052298016,-0.103685071795837,0.869072164615631,0.972710692159621,-1.09235613056672,0.0381863997137484,0.36912488268381,1.17600273455411,-0.284449678900705,-0.166169196795117,-1.36009794704248,0.231486521850808,-1.08491104639647,0.374803447051028,-0.276856889330419,0.97890199052883,-0.772199949954385,-0.0746309983621132,-1.17151269155941,-0.976528240206948,0.250481181687049,-0.176745397230005,-0.200983735312038,0.339974364629812,0.505024622866614,0.824123222547078,-0.228312882488611,-0.163427649110769,0.317391309001027,1.5070495565219,-1.08023633411443,-0.337412838985914,-0.157204343988354,0.172079126771087,-0.454204241341509,0.430076772822194,-0.0472527839053763,0.451503816581596,0.534172905447694,-0.657933629820879,0.0879462377828566,0.503446015735495,0.350528145305166,0.412202200667775,-0.524029512381915,0.842328944169959,0.237626716968595,0.790729427234231,0.28070451675915,0.249852272507591,0.650534738850462,-0.747371701882785,1.11001315645316,0.339511806214219,-0.06370059297884,-0.722832419635914,1.3614160201598,0.253560351996121,-0.624749884768366,0.10488104246146,0.980189081286761,1.33550729764283,1.3022776669725,-0.330698381750232,0.412444895905236,0.290709182302516,0.530083425326121,0.273516729223836,1.11399159729066,0.609051577573813
142,"Zuerich","lab",1,25,"male","prefer not to answer",3,2,2,2,3,4,3,3,2,1,2,3,2.25,3.25,2,4,4,3,4,4,4,5,2,4,4,4,5,5,2,4,4,5,3,5,5,4,5,3,4,3,5,5,2,5,4,5,1,3,5,4,3,4,4,5,3,4,5,2,5,4,3,4,4,5,4,4,3.66666666666667,4.33333333333333,3.5,4.66666666666667,5,3.25,3,3,4.75,4.33333333333333,4,4.25,3.33333333333333,4,4,4.3,3.1,4.4,3.9,5,6,5,4,5,5,3,4,5,4.25,4,5,4,2,5,1,3,4,3,4,3,3,5,4,6,3.66666666666667,4.4,3,3.73333333333333,0.25828191772496,-0.518605300057409,-0.304058712359462,-0.413139438613273,0.231334196183588,1.00694269612177,0.255120278921303,0.481832371703316,0.0705040259189969,-0.520775132283564,-0.411997497583747,0.22068200235301,-0.316684593938476,0.602800475329459,-0.215170407621831,0.96577229344483,-0.169543222793955,-0.492919824895528,1.22815304884182,0.100727870503172,0.546583692340883,0.836214124353836,-0.726151786817672,0.886415325846579,0.0753778361444409,0.329302007678913,0.715130526386106,1.16905062559213,0.0121145710309808,0.0344073933567096,1.08000566515935,0.775901312388939,-0.74662927451272,1.78215442044671,0.986857224324569,0.422480017951983,0.969013067921489,0.148398144009606,1.10707634163675,-0.652519496519355,1.19958430753665,1.01036297108185,-1.10166337943897,1.59923717103088,0.102349052298016,1.48314733134046,-2.86157907861244,-1.38862836742787,1.66728040981237,0.0381863997137484,0.36912488268381,-0.323826839949683,0.578707967418675,1.60630223568613,-0.358519542525843,1.08027043530377,1.09731002978386,-1.68661551172963,1.561890753015,-0.297296160086534,0.0772199949954384,-0.0746309983621132,0.0705730537083977,1.34602541217714,0.250481181687049,1.10867567353367,0.55163620968623,1.15406263911753,-1.02088668399217,0.824123222547078,1.27855214193623,-0.962407266985639,-0.0253134172822903,-1.03357038550735,1.92888243256979,1.45128172913218,1.42382220126595,0.586954829671243,-0.454204241341509,-0.0400692645486515,1.05345912353751,0.27608511521656,-0.692769102497417,1.82963498131714,0.0879462377828566,0.503446015735495,0.961349467817139,-0.177615582401561,-0.524029512381915,0.237227335296845,0.237626716968595,-0.300787272320472,-0.307438280260022,0.249852272507591,-0.0486659575628588,0.141394646302149,0.37279687141257,0.339511806214219,-0.864508047569971,0.877400358425984,-1.34603278829359,-0.557832774391467,0.247916620939828,-0.774121980072685,0.0526983377035892,-0.296779399476184,-0.894535777632864,1.24235338008871,0.412444895905236,1.00133162793089,-0.274181082065236,0.76979450595987,-0.746625447768946,-0.022557465836067
143,"Zuerich","lab",1,23,"female","prefer not to answer",3,3,3,3,2,3,1,2,2,2,3,4,3,2,2.75,4,4,4,2,5,4,4,2,2,4,4,4,2,1,3,4,4,2,2,4,4,4,4,2,4,4,4,2,3,4,4,3,3,3,5,4,4,4,2,4,3,3,4,4,4,4,2,5,2,4,4,4,3.66666666666667,3.25,4,3.66666666666667,3.5,3.33333333333333,2.66666666666667,2.25,2,2.66666666666667,4.5,4,3.66666666666667,3.9,3.6,3.2,2.3,4.1,3,3,5,3,6,6,6,6,3.5,6,2,2,3,2,3,2,2,3,4,4,2,3,4,3,5,3,2.8,3,2.93333333333333,0.25828191772496,0.484411544009668,0.634789241592561,0.54360452449115,-0.786536267024197,-0.0803083131876254,-1.83330619038797,-0.504243179689517,0.0705040259189969,0.32010948498164,0.47228981430332,1.12393857012347,0.617446498796247,-0.994983917110072,0.6390399324107,0.96577229344483,-0.169543222793955,0.504251315123012,-0.588274989781376,1.20873444603807,0.546583692340883,-0.304667161586281,-0.726151786817672,-0.948985819435749,0.0753778361444409,0.329302007678913,-0.360621376553677,-2.59472212021668,-1.05396767969532,-0.974876145106769,1.08000566515935,-0.476930164495953,-1.68524893390014,-0.7072041350979,0.0480092703725467,0.422480017951983,0.153002063356025,1.01900058886596,-0.624883090612745,0.519352252331732,0.213010297599965,-0.144337567297406,-1.10166337943897,-0.0912477665152752,0.102349052298016,0.689731129772309,-0.996253456998407,-1.38862836742787,-0.172477283773693,1.3823476696377,1.32450693198308,-0.323826839949683,0.578707967418675,-1.05240491303574,0.643058861990797,0.231486521850808,-1.08491104639647,0.374803447051028,0.642516931842293,-0.297296160086534,0.926639939945262,-2.7016421407085,1.3126587989762,-0.976528240206948,0.250481181687049,1.10867567353367,0.927946182185364,0.339974364629812,-1.40236451070686,-0.142848025241494,-0.730601223963557,-0.562917458048204,0.317391309001027,-1.5416943739132,-0.80668008259768,-1.05289066623315,-0.157204343988354,1.0018305325714,0.611661711673233,-0.510215301919498,0.931157800488299,-0.951845794338683,-0.539401351504278,-0.782312060377779,0.456482853253873,-0.790079513745486,-0.871114499718779,-0.177615582401561,-1.19235700643421,0.842328944169959,0.826673226637226,1.33648777701158,0.868847313778322,-0.933304677124768,1.17493526116045,-1.63613805006772,-1.8388519837092,-0.51411787798153,-0.864508047569971,-0.722832419635914,-0.669170586180241,-1.36922590077905,-0.624749884768366,0.10488104246146,0.0526983377035892,-1.11292274803569,-0.894535777632864,0.455827499169239,-0.441558653263252,0.290709182302516,-1.07844558945659,-1.21531660098426,-0.746625447768946,-1.10531582596729
144,"Zuerich","lab",1,24,"female","other",4,4,4,4,3,4,4,4,4,4,4,4,4,3.75,4,1,4,2,1,5,3,4,1,1,4,2,3,5,1,5,1,5,2,2,4,2,4,1,1,4,2,5,2,1,5,1,4,3,1,4,2,5,1,1,5,1,5,4,1,5,1,5,2,2,4,1,2.33333333333333,1.66666666666667,4.5,4.33333333333333,4.33333333333333,2.25,1,3.66666666666667,1.5,1,1,4.25,4.33333333333333,5,1.6,4.4,2.3,1.2,4.5,7,7,7,7,7,7,6,7,7,6.75,6,4,4,6,6,1,4,6,5,5,5,6,1,3,6,5.5,4.4,3.8,4.53333333333333,1.26845119593814,1.48742838807674,1.57363719554458,1.50034848759557,0.231334196183588,1.00694269612177,1.29933351357594,1.46790792309615,1.72499850081812,2.00187871951205,1.35657712619039,1.12393857012347,1.86295462244254,1.24191423230527,2.06272383246492,-1.49764688983474,-0.169543222793955,-1.49009096491407,-1.49648900909297,1.20873444603807,-0.320071531550967,-0.304667161586281,-1.51995746681711,-1.86668639207691,0.0753778361444409,-1.57093252843547,-1.43637327949346,1.16905062559213,-1.05396767969532,1.04369093182019,-1.67479139379783,0.775901312388939,-1.68524893390014,-0.7072041350979,0.0480092703725467,-1.45996259368217,0.153002063356025,-1.5928067457031,-1.49086280673749,0.519352252331732,-1.7601377222734,1.01036297108185,-1.10166337943897,-1.78173270406143,1.00302071252055,-1.69051747493213,-0.0635906461913878,-1.38862836742787,-2.01223497735975,0.0381863997137484,-0.586257166615464,1.17600273455411,-2.01076497153947,-1.93864062927637,1.64463726650744,-1.46608130505512,1.09731002978386,0.374803447051028,-2.11560453167584,0.97890199052883,-1.62161989490421,1.23887457281108,-2.41359843682721,-0.976528240206948,0.250481181687049,-1.97633489629915,-0.953603680310305,-2.10229045883333,0.505024622866614,0.340637598652792,0.273975458986334,-2.56036650273538,-2.0815417749822,-0.0173224086956545,-1.62734883714792,-2.12610740710401,-2.13348752555623,0.586954829671243,1.1445946881806,1.37036884756389,-1.88177262964352,0.451503816581596,-1.91971111044253,-2.15047479650369,1.19355608419591,1.79697154521648,1.57217079032911,1.00201998373711,1.48095296977498,1.44743055304307,1.41571973630586,1.33648777701158,1.45699011079749,1.8273948720174,1.69933578347044,1.91892734267202,-0.364419413628018,0.339511806214219,2.33872177079455,1.67751674745693,-1.34603278829359,0.253560351996121,1.99324963235621,0.983884064995606,0.980189081286761,1.33550729764283,1.3022776669725,-1.90375014358917,-0.441558653263252,1.00133162793089,1.937546313261,0.76979450595987,0.183683074760855,1.06020089429515
145,"Zuerich","lab",1,23,"female","other",4,1,3,3,4,4,3,4,3,2,3,3,2.75,3.75,2.75,1,5,4,2,4,4,5,3,2,3,5,5,4,1,5,3,4,4,3,4,4,4,2,2,4,4,5,4,4,4,4,4,5,4,3,1,4,2,4,3,1,4,4,4,5,3,4,3,4,4,2.75,3,3.33333333333333,4.25,4.33333333333333,4.66666666666667,4,2.33333333333333,4,3.25,2.66666666666667,3,3.75,3.33333333333333,4.66666666666667,3,4.4,3.5,3,3.9,6,6,6,7,7,5,6,7,6.25,6.25,4,5,2,2,4,6,4,3,4,3,1,2,1,3,5,3.33333333333333,2.8,3.4,3.26666666666667,1.26845119593814,-1.52162214412449,0.634789241592561,0.54360452449115,1.24920465939137,1.00694269612177,0.255120278921303,1.46790792309615,0.897751263368559,0.32010948498164,0.47228981430332,0.22068200235301,0.306069467884672,1.24191423230527,0.6390399324107,-1.49764688983474,0.825110350930578,0.504251315123012,-0.588274989781376,0.100727870503172,0.546583692340883,0.836214124353836,0.0676538931817709,-0.948985819435749,-1.13066754216661,1.27941927573611,0.715130526386106,-0.0855402896774732,-1.05396767969532,1.04369093182019,0.161739978840289,-0.476930164495953,0.1919903848747,0.122582050083636,0.0480092703725467,0.422480017951983,0.153002063356025,-0.722204300846748,-0.624883090612745,0.519352252331732,0.213010297599965,1.01036297108185,0.55553965287948,0.753994702257801,0.102349052298016,0.689731129772309,-0.0635906461913878,0.972710692159621,0.747401563019337,-1.3059748702102,-1.54163921591474,-0.323826839949683,-1.14760732522009,0.720066519445508,-0.358519542525843,-1.46608130505512,0.00619949169369431,0.374803447051028,0.642516931842293,0.97890199052883,0.0772199949954384,-0.0746309983621132,-1.17151269155941,0.571840861382447,0.250481181687049,-0.176745397230005,-0.200983735312038,-0.0670697726140443,0.123546796151919,0.340637598652792,0.77626380046128,0.236062159826666,-0.710722869848925,0.490801579710196,0.287544923469308,-0.337412838985914,0.238052292325221,-0.242796576129069,-0.454204241341509,0.900222810193041,-0.169554106954586,0.451503816581596,-0.0792980985248617,0.0883369535205258,0.0879462377828566,1.15020878047599,0.961349467817139,0.412202200667775,1.48095296977498,1.44743055304307,0.237626716968595,1.33648777701158,1.45699011079749,1.23581639720122,1.34973543526378,0.141394646302149,0.37279687141257,-1.36774756217728,-0.864508047569971,0.0772839693950349,2.03827822227315,0.253560351996121,-0.624749884768366,0.10488104246146,-0.874792405879583,-1.9290660965952,-1.62680692583465,-1.90375014358917,-0.441558653263252,0.290709182302516,-0.676313335760914,-1.21531660098426,-0.281471186504045,-0.654166509245947
146,"Zuerich","lab",1,19,"male","other",3,1,2,3,3,4,3,2,3,3,4,3,2.25,3,3.25,4,2,4,3,3,3,5,4,4,4,3,3,2,3,4,2,2,4,1,2,4,3,2,4,4,2,2,4,3,4,4,4,3,5,4,1,3,4,5,2,2,2,4,4,3,4,3,3,5,4,3.5,2.66666666666667,2.33333333333333,2.75,3.66666666666667,2.33333333333333,3.5,3.33333333333333,3.33333333333333,3.5,4.33333333333333,3.33333333333333,3.25,3.33333333333333,3.66666666666667,2.9,2.9,3.4,3.7,3.4,6,6,7,6,5,3,2,3,6.25,3.25,5,6,4,4,5,4,3,3,4,5,2,4,3,3,6,4.5,3.8,3.8,4.06666666666667,0.25828191772496,-1.52162214412449,-0.304058712359462,0.54360452449115,0.231334196183588,1.00694269612177,0.255120278921303,-0.504243179689517,0.897751263368559,1.16099410224684,1.35657712619039,0.22068200235301,-0.316684593938476,0.283243596841553,1.20851349243239,0.96577229344483,-2.15885037024302,0.504251315123012,0.319939029530222,-1.00727870503172,-0.320071531550967,0.836214124353836,0.861459573181214,0.886415325846579,0.0753778361444409,-0.620815260378279,-1.43637327949346,-2.59472212021668,1.07819682175728,0.0344073933567096,-0.75652570747877,-2.98259311826574,0.1919903848747,-1.53699032027944,-1.8296866375315,0.422480017951983,-0.66300894120944,-0.722204300846748,1.10707634163675,0.519352252331732,-1.7601377222734,-2.45373864405591,0.55553965287948,-0.0912477665152752,0.102349052298016,0.689731129772309,-0.0635906461913878,-1.38862836742787,1.66728040981237,0.0381863997137484,-1.54163921591474,-1.82365641445348,0.578707967418675,1.60630223568613,-1.36009794704248,-0.617297391602155,-2.17602158448664,0.374803447051028,0.642516931842293,-1.5734943107019,0.926639939945262,-1.38813656953531,-1.17151269155941,1.34602541217714,0.250481181687049,0.594507245228198,-0.577293707811171,-1.28820218434561,-2.16532016413625,-0.62633364913578,-2.73975458986334,-0.562917458048204,0.317391309001027,-0.525446397101504,0.561101174986055,1.45128172913218,0.633308928638797,-1.07254798192938,-0.454204241341509,-0.510215301919498,-0.291855430003796,-2.17977670389393,-0.232665849518001,0.958985967418831,-0.833395300894687,1.15020878047599,0.961349467817139,1.00201998373711,0.81262547572268,0.237227335296845,-0.940466302368666,-0.846545622097823,-0.895581077279193,1.23581639720122,-0.74786665397618,1.03016099448708,1.11001315645316,0.339511806214219,0.737106861612291,0.877400358425984,0.684553818046453,-0.557832774391467,-0.624749884768366,0.10488104246146,0.980189081286761,-1.11292274803569,-0.162264629431078,-0.330698381750232,-0.441558653263252,1.00133162793089,0.731149552173961,0.0253778408558194,0.183683074760855,0.428591850885275
147,"Zuerich","lab",1,20,"female","other",4,4,3,3,2,1,0,1,4,4,4,3,3.5,1,3.75,2,4,4,1,5,4,4,1,2,4,3,4,4,1,5,3,4,2,2,5,3,5,1,1,4,4,4,4,2,5,2,4,4,2,4,2,4,3,2,3,2,4,4,3,5,3,4,4,2,4,2.5,3,3,4,4.33333333333333,4,3.5,1.66666666666667,4,1.75,1.66666666666667,2,4.5,3.66666666666667,5,2.8,4.1,3.1,1.8,4.4,7,7,7,7,6,6,5,6,7,5.75,1,4,3,5,4,2,3,4,4,4,2,3,2,3,4,3.33333333333333,3.2,3,3.2,1.26845119593814,1.48742838807674,0.634789241592561,0.54360452449115,-0.786536267024197,-2.25481033180641,-2.87751942504261,-1.49031873108235,1.72499850081812,2.00187871951205,1.35657712619039,0.22068200235301,1.2402005606194,-2.2732114310617,1.77798705245407,-0.676507162074881,-0.169543222793955,0.504251315123012,-1.49648900909297,1.20873444603807,0.546583692340883,-0.304667161586281,-1.51995746681711,-0.948985819435749,0.0753778361444409,-0.620815260378279,-0.360621376553677,-0.0855402896774732,-1.05396767969532,1.04369093182019,0.161739978840289,-0.476930164495953,-1.68524893390014,-0.7072041350979,0.986857224324569,-0.518741287865094,0.969013067921489,-1.5928067457031,-1.49086280673749,0.519352252331732,0.213010297599965,-0.144337567297406,0.55553965287948,-0.936490235288351,1.00302071252055,-0.897101273363984,-0.0635906461913878,-0.207958837634126,-1.09235613056672,0.0381863997137484,-0.586257166615464,-0.323826839949683,-0.284449678900705,-1.05240491303574,-0.358519542525843,-0.617297391602155,0.00619949169369431,0.374803447051028,-0.276856889330419,0.97890199052883,0.0772199949954384,-0.0746309983621132,0.0705730537083977,-0.976528240206948,0.250481181687049,-0.433829611382739,-0.200983735312038,-0.474113909857901,-0.257931030562777,0.340637598652792,-0.228312882488611,-0.562917458048204,-1.39613232241556,0.490801579710196,-1.35379258563117,-1.41062957985677,-0.947717616615505,1.0018305325714,0.0787287351658617,1.37036884756389,-0.414156753053005,-0.0747522875135097,-0.692769102497417,-1.40420421316228,1.0092877764604,1.79697154521648,1.57217079032911,1.00201998373711,1.48095296977498,0.842328944169959,0.826673226637226,0.790729427234231,0.868847313778322,1.8273948720174,1.00013508705712,-2.52490439825265,-0.364419413628018,-0.51411787798153,1.53791431620342,0.0772839693950349,-0.669170586180241,-0.557832774391467,0.247916620939828,0.10488104246146,0.0526983377035892,-1.11292274803569,-0.894535777632864,-1.1172242626697,-0.441558653263252,-0.419913263325856,-0.676313335760914,-0.71903882424823,-0.746625447768946,-0.744396372590215
148,"Zuerich","lab",1,22,"male","other",3,3,3,3,1,4,2,1,2,0,3,3,3,2,2,4,5,3,2,4,4,5,3,4,5,4,3,2,1,3,3,5,4,3,5,4,4,3,2,4,4,3,2,2,4,5,5,5,2,4,3,4,2,3,3,3,4,2,3,4,2,4,3,3,3,3.5,3.66666666666667,3.66666666666667,4.75,4.33333333333333,3.33333333333333,3.75,2.66666666666667,2,2.5,3,2,4,4,3.66666666666667,3.6,4.2,2.9,2.5,3.9,5,6,6,6,6,7,2,6,5.75,5.25,3,4,3,3,5,3,5,4,4,4,1,4,3,3,5,4,3.4,3.4,3.6,0.25828191772496,0.484411544009668,0.634789241592561,0.54360452449115,-1.80440673023198,1.00694269612177,-0.789092955733334,-1.49031873108235,0.0705040259189969,-1.36165974954877,0.47228981430332,0.22068200235301,0.617446498796247,-0.994983917110072,-0.215170407621831,0.96577229344483,0.825110350930578,-0.492919824895528,-0.588274989781376,0.100727870503172,0.546583692340883,0.836214124353836,0.0676538931817709,0.886415325846579,1.2814232144555,0.329302007678913,-1.43637327949346,-2.59472212021668,-1.05396767969532,-0.974876145106769,0.161739978840289,0.775901312388939,0.1919903848747,0.122582050083636,0.986857224324569,0.422480017951983,0.153002063356025,0.148398144009606,-0.624883090612745,0.519352252331732,0.213010297599965,-1.29903810567666,-1.10166337943897,-0.936490235288351,0.102349052298016,1.48314733134046,0.869072164615631,0.972710692159621,-1.09235613056672,0.0381863997137484,0.36912488268381,-0.323826839949683,-1.14760732522009,-0.166169196795117,-0.358519542525843,0.231486521850808,0.00619949169369431,-1.68661551172963,-0.276856889330419,-0.297296160086534,-0.772199949954385,-0.0746309983621132,-1.17151269155941,-0.20234368941225,-0.774744120101803,0.594507245228198,0.55163620968623,0.339974364629812,0.88650244958131,0.340637598652792,-1.2328895654385,-0.163427649110769,-0.368018143565608,-2.5579423507249,-0.533123831080933,0.0203260746377058,-0.947717616615505,0.172079126771087,0.611661711673233,-0.510215301919498,0.564253831340671,0.100666413851526,-0.999504604483695,-0.533555199263978,0.0879462377828566,0.503446015735495,0.961349467817139,0.412202200667775,0.81262547572268,0.842328944169959,1.41571973630586,-0.846545622097823,0.868847313778322,0.84143074732377,0.650534738850462,-0.747371701882785,-0.364419413628018,-0.51411787798153,-0.06370059297884,0.877400358425984,0.00769161593310614,1.06495347838371,0.247916620939828,0.10488104246146,0.0526983377035892,-1.9290660965952,-0.162264629431078,-0.330698381750232,-0.441558653263252,0.290709182302516,0.127951171630443,-0.470899935880214,-0.281471186504045,-0.203017192524604
149,"Zuerich","lab",1,24,"male","other",3,1,1,2,2,3,3,1,2,2,3,3,1.75,2.25,2.5,2,4,4,1,4,4,4,3,2,4,2,4,3,1,5,2,4,3,3,5,1,2,3,1,3,4,5,4,2,5,1,4,5,4,4,2,4,3,4,4,2,3,5,3,5,3,3,4,4,4,2,2.33333333333333,2.66666666666667,3.75,3.33333333333333,4,4,3,4,3,2.33333333333333,2,4.25,3.66666666666667,5,2.3,3.7,3.7,2.5,4.3,4,5,7,5,5,6,4,5,5.25,5,4,5,4,1,3,3,4,3,3,4,2,6,3,3,5,4,3.2,3.8,3.53333333333333,0.25828191772496,-1.52162214412449,-1.24290666631148,-0.413139438613273,-0.786536267024197,-0.0803083131876254,0.255120278921303,-1.49031873108235,0.0705040259189969,0.32010948498164,0.47228981430332,0.22068200235301,-0.939438655761625,-0.675427038622166,0.354303152399856,-0.676507162074881,-0.169543222793955,0.504251315123012,-1.49648900909297,0.100727870503172,0.546583692340883,-0.304667161586281,0.0676538931817709,-0.948985819435749,0.0753778361444409,-1.57093252843547,-0.360621376553677,-1.34013120494708,-1.05396767969532,1.04369093182019,-0.75652570747877,-0.476930164495953,-0.74662927451272,0.122582050083636,0.986857224324569,-2.40118389949925,-1.4790199457749,0.148398144009606,-1.49086280673749,-0.652519496519355,0.213010297599965,1.01036297108185,0.55553965287948,-0.936490235288351,1.00302071252055,-1.69051747493213,-0.0635906461913878,0.972710692159621,0.747401563019337,0.0381863997137484,-0.586257166615464,-0.323826839949683,-0.284449678900705,0.720066519445508,0.643058861990797,-0.617297391602155,-1.08491104639647,1.40551292644135,-0.276856889330419,0.97890199052883,0.0772199949954384,-1.38813656953531,0.0705730537083977,0.571840861382447,0.250481181687049,-0.947998039688208,-0.953603680310305,-0.881158047101758,-0.639408857277472,-1.10981927303007,-0.228312882488611,0.236062159826666,-0.0253134172822903,0.490801579710196,0.0139886719525613,-0.695151752609533,-0.947717616615505,0.586954829671243,0.0787287351658617,1.37036884756389,-1.02566336829905,-0.776427092973648,0.227437403461416,-0.533555199263978,0.825019468724891,-0.143316749004995,0.350528145305166,1.00201998373711,0.144297981670382,0.237227335296845,0.826673226637226,0.244971077456879,0.28070451675915,0.447045097446317,0.475734564747132,0.141394646302149,0.37279687141257,0.339511806214219,-1.6653155021611,-0.722832419635914,0.00769161593310614,0.253560351996121,-0.624749884768366,-0.774121980072685,0.0526983377035892,-1.11292274803569,1.3022776669725,-0.330698381750232,-0.441558653263252,0.290709182302516,0.127951171630443,-0.71903882424823,0.183683074760855,-0.293247055868873
150,"Zuerich","lab",1,22,"male","Bachelor's degree",2,1,1,2,3,3,4,4,1,1,1,1,1.5,3.5,1,2,2,4,5,4,1,3,4,4,3,3,5,4,3,4,2,4,3,3,3,3,1,2,4,3,2,3,5,3,5,4,2,5,2,3,3,3,4,4,4,3,4,4,3,4,2,4,3,3,4,2.5,2.33333333333333,2.66666666666667,3,2.33333333333333,4,3.75,3.33333333333333,4.33333333333333,3.25,4,3,3.5,3.33333333333333,4.33333333333333,2.5,3.1,3.8,3.4,3.7,4,5,3,3,3,2,1,2,3.75,2,5,6,5,5,5,4,5,4,5,5,4,6,4,5,6,5.33333333333333,4.6,5,4.93333333333333,-0.751887360488216,-1.52162214412449,-1.24290666631148,-0.413139438613273,0.231334196183588,-0.0803083131876254,1.29933351357594,1.46790792309615,-0.756743211530565,-0.520775132283564,-1.29628480947081,-1.58583113318791,-1.2508156866732,0.922357353817365,-1.35411752766521,-0.676507162074881,-2.15885037024302,0.504251315123012,2.13636706815342,0.100727870503172,-2.05338197933467,-1.4455484475264,0.861459573181214,0.886415325846579,-1.13066754216661,-0.620815260378279,0.715130526386106,-0.0855402896774732,1.07819682175728,0.0344073933567096,-0.75652570747877,-0.476930164495953,-0.74662927451272,0.122582050083636,-0.890838683579476,-0.518741287865094,-2.29503095034037,-0.722204300846748,1.10707634163675,-0.652519496519355,-1.7601377222734,-1.29903810567666,1.3841411690387,-0.0912477665152752,1.00302071252055,0.689731129772309,-1.92891626780543,0.972710692159621,-1.09235613056672,-1.3059748702102,0.36912488268381,-1.82365641445348,0.578707967418675,0.720066519445508,0.643058861990797,0.231486521850808,0.00619949169369431,0.374803447051028,-0.276856889330419,-0.297296160086534,-0.772199949954385,-0.0746309983621132,-1.17151269155941,-0.20234368941225,0.250481181687049,-0.433829611382739,-0.953603680310305,-0.881158047101758,-1.78384233742156,-2.56027614471292,-0.228312882488611,-0.163427649110769,0.317391309001027,0.998925568116045,0.287544923469308,1.09354281550856,0.238052292325221,-0.657672279029225,-0.454204241341509,0.430076772822194,-0.781060722200633,-1.82893930116386,0.380805154454555,0.585850675748129,-0.28059037768816,-0.143316749004995,0.350528145305166,-1.35725114854023,-1.19235700643421,-0.972975882449382,-1.5295128120373,-1.39230397187517,-1.48372387429837,-0.736111852186041,-1.62186752449283,1.03016099448708,1.11001315645316,1.19314149040997,1.53791431620342,0.877400358425984,0.684553818046453,1.06495347838371,0.247916620939828,0.983884064995606,0.980189081286761,0.519363949083322,1.3022776669725,0.455827499169239,1.26644844507372,1.00133162793089,1.73648018641316,1.01793339432789,1.57914585855556,1.60158007436077
151,"Zuerich","lab",1,21,"male","other",2,3,1,1,3,3,3,3,2,1,3,3,1.75,3,2.25,4,5,4,4,5,4,5,3,5,4,5,4,4,2,4,4,5,4,5,4,5,5,4,4,5,5,5,4,4,4,5,5,4,4,5,4,5,5,4,5,4,5,4,4,5,4,4,5,4,4,4.25,4.33333333333333,4.66666666666667,4.75,5,4.66666666666667,4.25,4,4,4.25,4.33333333333333,3.33333333333333,4.5,4.66666666666667,4.33333333333333,4.4,4.8,4.1,4,4.5,3,6,6,4,3,6,3,2,4.75,3.5,4,6,4,3,5,4,5,5,4,4,4,6,4,5,5,4.5,4.8,4.6,4.53333333333333,-0.751887360488216,0.484411544009668,-1.24290666631148,-1.3698834017177,0.231334196183588,-0.0803083131876254,0.255120278921303,0.481832371703316,0.0705040259189969,-0.520775132283564,0.47228981430332,0.22068200235301,-0.939438655761625,0.283243596841553,0.0695663723890129,0.96577229344483,0.825110350930578,0.504251315123012,1.22815304884182,1.20873444603807,0.546583692340883,0.836214124353836,0.0676538931817709,1.80411589848774,0.0753778361444409,1.27941927573611,-0.360621376553677,-0.0855402896774732,0.0121145710309808,0.0344073933567096,1.08000566515935,0.775901312388939,0.1919903848747,1.78215442044671,0.0480092703725467,1.36370132376906,0.969013067921489,1.01900058886596,1.10707634163675,1.69122400118282,1.19958430753665,1.01036297108185,0.55553965287948,0.753994702257801,0.102349052298016,1.48314733134046,0.869072164615631,-0.207958837634126,0.747401563019337,1.3823476696377,1.32450693198308,1.17600273455411,1.44186561373806,0.720066519445508,1.64463726650744,1.08027043530377,1.09731002978386,0.374803447051028,0.642516931842293,0.97890199052883,0.926639939945262,-0.0746309983621132,1.3126587989762,0.571840861382447,0.250481181687049,1.3657598876864,1.3042561546845,1.56110677636138,0.88650244958131,1.30760884644136,0.77626380046128,0.6355519687641,1.00280076156766,0.490801579710196,1.3817699295363,1.45128172913218,0.633308928638797,1.0018305325714,1.67752766468797,0.430076772822194,1.54266441573435,1.15317862204173,0.840908407433971,1.33212125908953,1.19355608419591,-0.790079513745486,0.961349467817139,0.412202200667775,-0.524029512381915,-0.972975882449382,0.826673226637226,-0.300787272320472,-1.48372387429837,0.0526594475688642,-0.57306647987285,0.141394646302149,1.11001315645316,0.339511806214219,-0.06370059297884,0.877400358425984,0.684553818046453,1.06495347838371,1.12058312664802,0.10488104246146,0.0526983377035892,0.519363949083322,1.3022776669725,0.455827499169239,1.26644844507372,0.290709182302516,0.731149552173961,1.2660722826959,1.11399159729066,1.06020089429515
152,"Zuerich","lab",1,27,"male",NA,4,4,3,4,0,1,1,1,3,3,4,4,3.75,0.75,3.5,2,5,2,2,5,1,2,1,2,5,2,5,3,1,5,1,5,3,1,5,2,4,2,2,4,1,5,3,4,5,4,3,3,2,4,2,3,3,2,5,4,5,4,2,5,1,5,5,1,4,2,1.66666666666667,2.33333333333333,4.5,3,5,3.25,2,3.33333333333333,1.5,2,2.33333333333333,4.5,4.66666666666667,5,2,4.2,2.9,1.9,4.7,4,6,6,6,7,6,7,7,5.5,6.75,4,3,2,1,1,2,2,3,5,3,3,1,1,1,3,2.33333333333333,2.2,2.2,2.33333333333333,1.26845119593814,1.48742838807674,0.634789241592561,1.50034848759557,-2.82227719343977,-2.25481033180641,-1.83330619038797,-1.49031873108235,0.897751263368559,1.16099410224684,1.35657712619039,1.12393857012347,1.55157759153097,-2.5927683095496,1.49325027244323,-0.676507162074881,0.825110350930578,-1.49009096491407,-0.588274989781376,1.20873444603807,-2.05338197933467,-2.58642973346652,-1.51995746681711,-0.948985819435749,1.2814232144555,-1.57093252843547,0.715130526386106,-1.34013120494708,-1.05396767969532,1.04369093182019,-1.67479139379783,0.775901312388939,-0.74662927451272,-1.53699032027944,0.986857224324569,-1.45996259368217,0.153002063356025,-0.722204300846748,-0.624883090612745,0.519352252331732,-2.74671173221008,1.01036297108185,-0.273061863279744,0.753994702257801,1.00302071252055,0.689731129772309,-0.996253456998407,-1.38862836742787,-1.09235613056672,0.0381863997137484,-0.586257166615464,-1.82365641445348,-0.284449678900705,-1.05240491303574,1.64463726650744,1.08027043530377,1.09731002978386,0.374803447051028,-1.19623071050313,0.97890199052883,-1.62161989490421,1.23887457281108,1.3126587989762,-1.75071279100165,0.250481181687049,-0.947998039688208,-1.70622362530857,-1.28820218434561,0.505024622866614,-1.59330489692435,1.27855214193623,-0.962407266985639,-1.05342759613224,-0.525446397101504,-1.62734883714792,-1.05289066623315,-0.552460980301929,1.0018305325714,1.67752766468797,1.37036884756389,-1.39256733744668,0.100666413851526,-0.999504604483695,-1.27982578260538,1.56209269966693,-0.143316749004995,0.961349467817139,0.412202200667775,0.81262547572268,1.44743055304307,0.826673226637226,1.88224612678893,1.45699011079749,0.644237922385043,1.69933578347044,0.141394646302149,-1.10163569866861,-1.36774756217728,-1.6653155021611,-2.32306519769781,-0.669170586180241,-1.36922590077905,-0.624749884768366,0.983884064995606,-0.874792405879583,-0.296779399476184,-2.35907807403644,-1.90375014358917,-2.14956575160023,-1.13053570895423,-1.88271009684795,-1.95973326608831,-1.67693397029875,-1.91738459606571
153,"Zuerich","lab",1,25,"male","prefer not to answer",4,3,4,4,2,2,2,2,1,0,1,1,3.75,2,0.75,1,4,4,4,1,1,3,1,4,5,3,5,4,2,3,2,5,3,1,5,2,3,1,4,3,1,4,3,5,5,2,4,3,4,4,2,3,2,5,1,2,4,1,5,2,3,3,3,5,3,2,1.66666666666667,2,4,3,4.33333333333333,3.25,1.33333333333333,2.66666666666667,3.5,4.33333333333333,4,3.25,3,3.33333333333333,1.9,3.8,2.5,3.9,3.2,6,4,5,4,6,5,6,7,4.75,6,4,4,2,2,5,1,2,3,3,3,3,3,4,2,5,3.16666666666667,3.8,2.2,3.06666666666667,1.26845119593814,0.484411544009668,1.57363719554458,1.50034848759557,-0.786536267024197,-1.16755932249702,-0.789092955733334,-0.504243179689517,-0.756743211530565,-1.36165974954877,-1.29628480947081,-1.58583113318791,1.55157759153097,-0.994983917110072,-1.63885430767605,-1.49764688983474,-0.169543222793955,0.504251315123012,1.22815304884182,-3.22329185610152,-2.05338197933467,-1.4455484475264,-1.51995746681711,0.886415325846579,1.2814232144555,-0.620815260378279,0.715130526386106,-0.0855402896774732,0.0121145710309808,-0.974876145106769,-0.75652570747877,0.775901312388939,-0.74662927451272,-1.53699032027944,0.986857224324569,-1.45996259368217,-0.66300894120944,-1.5928067457031,1.10707634163675,-0.652519496519355,-2.74671173221008,-0.144337567297406,-0.273061863279744,1.59923717103088,1.00302071252055,-0.897101273363984,-0.0635906461913878,-1.38862836742787,0.747401563019337,0.0381863997137484,-0.586257166615464,-1.82365641445348,-1.14760732522009,1.60630223568613,-2.36167635155912,-0.617297391602155,0.00619949169369431,-2.71732499111995,1.561890753015,-2.84969246131726,0.0772199949954384,-1.38813656953531,-1.17151269155941,1.34602541217714,-0.774744120101803,-0.947998039688208,-1.70622362530857,-1.69524632158947,-0.257931030562777,-1.59330489692435,0.273975458986334,-0.962407266985639,-1.73883704869888,-1.5416943739132,0.561101174986055,1.45128172913218,1.42382220126595,-1.07254798192938,-0.98713721784888,-0.980361339290343,-1.51486866049589,-0.601008391608614,-1.61297560845625,1.20774282853263,-1.2019319163657,1.15020878047599,-0.260293177206806,-0.177615582401561,-0.524029512381915,0.842328944169959,0.237626716968595,1.33648777701158,1.45699011079749,0.0526594475688642,1.17493526116045,0.141394646302149,-0.364419413628018,-1.36774756217728,-0.864508047569971,0.877400358425984,-1.34603278829359,-1.36922590077905,-0.624749884768366,-0.774121980072685,-0.874792405879583,-0.296779399476184,-0.894535777632864,0.455827499169239,-1.29556220243174,0.290709182302516,-0.877379462608753,0.0253778408558194,-1.67693397029875,-0.924856099278752
154,"Zuerich","lab",1,33,"male","other",1,3,2,3,3,4,3,2,0,1,1,3,2.25,3,1.25,3,5,3,5,4,4,5,2,4,4,5,5,4,2,4,3,5,4,4,3,4,5,2,4,3,4,4,3,5,4,3,5,3,4,4,2,4,4,5,3,2,4,3,5,4,3,4,4,5,3,3,3.33333333333333,3.66666666666667,4.75,4.66666666666667,4.33333333333333,3.5,2.66666666666667,3.33333333333333,4.5,4.33333333333333,4,3.5,3.33333333333333,4,3.3,4.6,3.2,4.3,3.6,4,5,4,6,1,2,2,2,4.75,1.75,4,6,5,3,5,3,4,6,6,4,5,4,3,4,6,4.16666666666667,5,4.4,4.53333333333333,-1.76205663870139,0.484411544009668,-0.304058712359462,0.54360452449115,0.231334196183588,1.00694269612177,0.255120278921303,-0.504243179689517,-1.58399044898013,-0.520775132283564,-1.29628480947081,0.22068200235301,-0.316684593938476,0.283243596841553,-1.06938074765436,0.144632565684975,0.825110350930578,-0.492919824895528,2.13636706815342,0.100727870503172,0.546583692340883,0.836214124353836,-0.726151786817672,0.886415325846579,0.0753778361444409,1.27941927573611,0.715130526386106,-0.0855402896774732,0.0121145710309808,0.0344073933567096,0.161739978840289,0.775901312388939,0.1919903848747,0.952368235265172,-0.890838683579476,0.422480017951983,0.969013067921489,-0.722204300846748,1.10707634163675,-0.652519496519355,0.213010297599965,-0.144337567297406,-0.273061863279744,1.59923717103088,0.102349052298016,-0.103685071795837,0.869072164615631,-1.38862836742787,0.747401563019337,0.0381863997137484,-0.586257166615464,-0.323826839949683,0.578707967418675,1.60630223568613,-0.358519542525843,-0.617297391602155,0.00619949169369431,-0.655906032339299,1.561890753015,-0.297296160086534,0.0772199949954384,-0.0746309983621132,0.0705730537083977,1.34602541217714,-0.774744120101803,0.0803388169227295,0.175326237187096,0.339974364629812,0.88650244958131,0.824123222547078,0.273975458986334,-0.562917458048204,-0.368018143565608,-0.525446397101504,1.65532618105304,1.45128172913218,1.42382220126595,-0.657672279029225,-0.454204241341509,-0.0400692645486515,0.197349862193042,0.802341219311664,-0.539401351504278,1.70525655076023,-0.464858685423669,-0.143316749004995,0.350528145305166,-0.767433365470897,0.81262547572268,-2.18317910019561,-1.5295128120373,-0.846545622097823,-1.48372387429837,0.0526594475688642,-1.79666769859616,0.141394646302149,1.11001315645316,1.19314149040997,-0.06370059297884,0.877400358425984,0.00769161593310614,0.253560351996121,1.99324963235621,1.86288708752975,0.0526983377035892,1.33550729764283,-0.162264629431078,-0.330698381750232,0.412444895905236,1.00133162793089,0.329017298478283,1.51421117106392,0.881414466658207,1.06020089429515
155,"Zuerich","lab",1,22,"male","other",2,3,1,2,4,4,4,3,0,0,1,3,2,3.75,1,3,3,2,1,4,2,4,1,2,3,4,4,5,1,4,2,4,3,1,5,4,4,3,2,3,4,4,1,2,4,4,4,5,1,5,2,4,2,1,4,2,4,4,4,5,3,3,4,1,4,3,2.66666666666667,3.33333333333333,3.5,4,4,3.5,2,3.33333333333333,1,1.66666666666667,2.33333333333333,4.5,3.33333333333333,4.33333333333333,3,3.8,3,1.6,4.1,5,3,2,2,6,6,5,6,3,5.75,4,5,5,4,4,5,4,6,4,5,5,6,2,5,6,4.83333333333333,4.4,5,4.66666666666667,-0.751887360488216,0.484411544009668,-1.24290666631148,-0.413139438613273,1.24920465939137,1.00694269612177,1.29933351357594,0.481832371703316,-1.58399044898013,-1.36165974954877,-1.29628480947081,0.22068200235301,-0.628061624850051,1.24191423230527,-1.35411752766521,0.144632565684975,-1.16419679651849,-1.49009096491407,-1.49648900909297,0.100727870503172,-1.18672675544282,-0.304667161586281,-1.51995746681711,-0.948985819435749,-1.13066754216661,0.329302007678913,-0.360621376553677,1.16905062559213,-1.05396767969532,0.0344073933567096,-0.75652570747877,-0.476930164495953,-0.74662927451272,-1.53699032027944,0.986857224324569,0.422480017951983,0.153002063356025,0.148398144009606,-0.624883090612745,-0.652519496519355,0.213010297599965,-0.144337567297406,-1.93026489559819,-0.936490235288351,0.102349052298016,0.689731129772309,-0.0635906461913878,0.972710692159621,-2.01223497735975,1.3823476696377,-0.586257166615464,-0.323826839949683,-1.14760732522009,-1.93864062927637,0.643058861990797,-0.617297391602155,0.00619949169369431,0.374803447051028,0.642516931842293,0.97890199052883,0.0772199949954384,-1.38813656953531,0.0705730537083977,-1.75071279100165,0.250481181687049,0.0803388169227295,-0.577293707811171,-0.0670697726140443,-1.02088668399217,-0.142848025241494,-0.228312882488611,-0.562917458048204,-1.05342759613224,-0.525446397101504,-2.17446134018142,-1.41062957985677,-0.552460980301929,1.0018305325714,-0.454204241341509,0.430076772822194,-0.169554106954586,-0.601008391608614,-0.846136853490556,-1.65296107427608,0.456482853253873,0.503446015735495,-0.871114499718779,-1.94706893160957,-1.86068450048651,0.842328944169959,0.826673226637226,0.790729427234231,0.868847313778322,-1.32769032700222,1.00013508705712,0.141394646302149,0.37279687141257,1.19314149040997,0.737106861612291,0.0772839693950349,1.3614160201598,0.253560351996121,1.99324963235621,0.10488104246146,0.980189081286761,1.33550729764283,1.3022776669725,-1.1172242626697,1.26644844507372,1.00133162793089,1.13328180586964,0.76979450595987,1.57914585855556,1.24066062098369
156,"Zuerich","lab",1,40,"male","prefer not to answer",1,3,3,2,2,1,3,3,1,2,2,2,2.25,2.25,1.75,3,4,3,2,3,1,4,3,4,3,3,2,4,3,4,2,3,4,4,3,4,4,3,2,3,3,4,4,2,2,3,3,4,5,2,2,3,3,5,2,2,2,4,3,3,2,4,4,5,2,2.5,2.33333333333333,2.66666666666667,3.5,3.66666666666667,2.66666666666667,3.75,3,4,4,3.66666666666667,2.66666666666667,2.5,2.66666666666667,3,2.5,3.3,3.6,3.5,2.7,2,2,2,4,3,3,2,3,2.5,2.75,4,2,3,2,3,1,5,5,4,5,2,5,6,5,5,4.33333333333333,3.6,3.6,3.8,-1.76205663870139,0.484411544009668,0.634789241592561,-0.413139438613273,-0.786536267024197,-2.25481033180641,0.255120278921303,0.481832371703316,-0.756743211530565,0.32010948498164,-0.411997497583747,-0.682574565417449,-0.316684593938476,-0.675427038622166,-0.499907187632674,0.144632565684975,-0.169543222793955,-0.492919824895528,-0.588274989781376,-1.00727870503172,-2.05338197933467,-0.304667161586281,0.0676538931817709,0.886415325846579,-1.13066754216661,-0.620815260378279,-2.51212518243324,-0.0855402896774732,1.07819682175728,0.0344073933567096,-0.75652570747877,-1.72976164138085,0.1919903848747,0.952368235265172,-0.890838683579476,0.422480017951983,0.153002063356025,0.148398144009606,-0.624883090612745,-0.652519496519355,-0.773563712336717,-0.144337567297406,0.55553965287948,-0.936490235288351,-1.69899426814706,-0.103685071795837,-0.996253456998407,-0.207958837634126,1.66728040981237,-2.65013614013415,-0.586257166615464,-1.82365641445348,-0.284449678900705,1.60630223568613,-1.36009794704248,-0.617297391602155,-2.17602158448664,0.374803447051028,-0.276856889330419,-1.5734943107019,-0.772199949954385,-0.0746309983621132,0.0705730537083977,1.34602541217714,-1.79996942189066,-0.433829611382739,-0.953603680310305,-0.881158047101758,-1.02088668399217,-0.62633364913578,-2.23746624838839,-0.163427649110769,-0.0253134172822903,0.490801579710196,1.10821367801955,0.735803901884945,-0.157204343988354,-2.31717509062985,-1.52007019435625,-1.45050737666119,-0.781060722200633,-1.47810189843379,0.0740696524682774,0.710229106305029,-2.12327345504325,-1.43684227848598,-1.48193582223075,-1.94706893160957,-0.524029512381915,-0.972975882449382,-0.940466302368666,-0.846545622097823,-0.895581077279193,-1.72207597687967,-1.09746700218284,0.141394646302149,-1.8388519837092,-0.51411787798153,-0.864508047569971,-0.722832419635914,-1.34603278829359,1.06495347838371,1.12058312664802,0.10488104246146,0.980189081286761,-1.11292274803569,0.570006518770709,2.02887926100818,1.26644844507372,0.290709182302516,0.530083425326121,-0.222761047512197,-0.0488940558715946,0.0676723975082011
157,"Zuerich","lab",1,20,"female","other",3,4,4,2,4,3,4,4,2,2,2,2,3.25,3.75,2,3,4,5,3,3,5,5,4,4,5,2,3,5,3,3,5,4,3,2,5,4,1,3,3,5,4,3,5,3,3,3,1,5,3,5,5,3,3,3,3,2,4,5,3,4,3,3,4,4,5,3.5,4.66666666666667,2.66666666666667,3,3,3.33333333333333,4.25,3.33333333333333,5,3,3.33333333333333,3,4.5,4.33333333333333,3.33333333333333,3.6,3.1,4.2,3.1,4.1,4,4,4,4,4,4,5,4,4,4.25,5,3,6,4,4,2,3,2,3,3,2,4,4,2,3,3.66666666666667,3,3.4,3.33333333333333,0.25828191772496,1.48742838807674,1.57363719554458,-0.413139438613273,1.24920465939137,-0.0803083131876254,1.29933351357594,1.46790792309615,0.0705040259189969,0.32010948498164,-0.411997497583747,-0.682574565417449,0.928823529707821,1.24191423230527,-0.215170407621831,0.144632565684975,-0.169543222793955,1.50142245514155,0.319939029530222,-1.00727870503172,1.41323891623273,0.836214124353836,0.861459573181214,0.886415325846579,1.2814232144555,-1.57093252843547,-1.43637327949346,1.16905062559213,1.07819682175728,-0.974876145106769,1.99827135147841,-0.476930164495953,-0.74662927451272,-0.7072041350979,0.986857224324569,0.422480017951983,-2.29503095034037,0.148398144009606,0.241096625512004,1.69122400118282,0.213010297599965,-1.29903810567666,1.3841411690387,-0.0912477665152752,-0.798322607924522,-0.103685071795837,-2.86157907861244,0.972710692159621,-0.172477283773693,1.3823476696377,2.27988898128236,-1.82365641445348,-0.284449678900705,-0.166169196795117,-0.358519542525843,-0.617297391602155,0.00619949169369431,1.40551292644135,-0.276856889330419,-0.297296160086534,0.0772199949954384,-1.38813656953531,0.0705730537083977,0.571840861382447,1.2757064834759,0.594507245228198,1.68056612718363,-0.881158047101758,-1.78384233742156,-1.59330489692435,-1.2328895654385,0.6355519687641,0.317391309001027,2.01517354492774,0.0139886719525613,0.378064988261326,0.238052292325221,1.0018305325714,1.1445946881806,-0.980361339290343,0.564253831340671,-1.82893930116386,0.994276158427111,0.212715384077427,0.456482853253873,-0.143316749004995,-0.260293177206806,-0.767433365470897,-0.524029512381915,-0.367874273576268,-0.351419792700035,0.790729427234231,-0.307438280260022,-0.538919027247315,-0.0486659575628588,1.03016099448708,-1.10163569866861,2.04677117460572,0.737106861612291,0.0772839693950349,-0.669170586180241,-0.557832774391467,-1.49741639047656,-0.774121980072685,-0.874792405879583,-1.11292274803569,-0.162264629431078,0.455827499169239,-1.29556220243174,-1.13053570895423,-0.274181082065236,-0.967177712616247,-0.281471186504045,-0.563936645901678
158,"Zuerich","lab",1,20,"male","other",3,2,3,4,4,4,4,4,4,4,4,4,3,4,4,3,5,5,4,3,4,5,5,5,3,5,5,4,2,1,3,5,5,2,4,4,4,5,3,4,2,4,5,3,2,2,4,5,4,5,4,5,2,5,3,5,4,2,3,4,1,5,4,5,2,2.25,4,4,4.75,4.66666666666667,4.33333333333333,4.75,4,3.66666666666667,3.75,4.33333333333333,2.66666666666667,3.5,3.33333333333333,2.33333333333333,3.3,4.6,4.2,3.6,3.1,5,6,7,6,5,5,1,2,6,3.25,2,6,3,1,4,2,1,2,4,4,1,6,5,1,6,3.33333333333333,3.6,3.2,3.2,0.25828191772496,-0.518605300057409,0.634789241592561,1.50034848759557,1.24920465939137,1.00694269612177,1.29933351357594,1.46790792309615,1.72499850081812,2.00187871951205,1.35657712619039,1.12393857012347,0.617446498796247,1.56147111079318,2.06272383246492,0.144632565684975,0.825110350930578,1.50142245514155,1.22815304884182,-1.00727870503172,0.546583692340883,0.836214124353836,1.65526525318066,1.80411589848774,-1.13066754216661,1.27941927573611,0.715130526386106,-0.0855402896774732,0.0121145710309808,-2.99344322203373,0.161739978840289,0.775901312388939,1.13061004426212,-0.7072041350979,0.0480092703725467,0.422480017951983,0.153002063356025,1.88960303372231,0.241096625512004,0.519352252331732,-1.7601377222734,-0.144337567297406,1.3841411690387,-0.0912477665152752,-1.69899426814706,-0.897101273363984,-0.0635906461913878,0.972710692159621,0.747401563019337,1.3823476696377,1.32450693198308,1.17600273455411,-1.14760732522009,1.60630223568613,-0.358519542525843,1.92905434875673,0.00619949169369431,-1.68661551172963,-0.276856889330419,-0.297296160086534,-1.62161989490421,1.23887457281108,0.0705730537083977,1.34602541217714,-1.79996942189066,-0.690913825535474,0.927946182185364,0.747018501873669,0.88650244958131,0.824123222547078,0.273975458986334,1.43453158663897,1.00280076156766,-0.0173224086956545,0.834657426502802,1.45128172913218,-0.157204343988354,-0.657672279029225,-0.454204241341509,-2.39079945140288,0.197349862193042,0.802341219311664,0.994276158427111,0.83460753686193,-1.38620022410121,0.503446015735495,0.961349467817139,1.00201998373711,0.81262547572268,0.237227335296845,0.237626716968595,-1.39230397187517,-1.48372387429837,1.0386235722625,-0.74786665397618,-1.63613805006772,1.11001315645316,-0.51411787798153,-1.6653155021611,0.0772839693950349,-0.669170586180241,-2.18061902716664,-1.49741639047656,0.10488104246146,0.0526983377035892,-1.9290660965952,1.3022776669725,1.24235338008871,-2.14956575160023,1.00133162793089,-0.676313335760914,-0.222761047512197,-0.514048317136495,-0.744396372590215
159,"Zuerich","lab",1,19,"female","other",4,4,0,3,3,3,3,4,3,1,3,3,2.75,3.25,2.5,4,3,5,4,5,4,5,5,4,4,5,5,5,5,5,5,5,5,2,5,5,5,5,2,5,5,2,5,2,5,5,5,5,4,4,4,5,5,4,5,5,4,5,4,5,2,2,4,4,5,4,4.33333333333333,5,3.75,5,3.66666666666667,4.75,5,5,3.5,3.33333333333333,3.66666666666667,4.75,4.66666666666667,5,4.4,4.1,4.9,3.5,4.8,1,4,7,3,5,6,3,6,3.75,5,3,5,4,4,1,3,6,5,6,6,6,6,6,6,6,5.16666666666667,4.6,5,4.86666666666667,1.26845119593814,1.48742838807674,-2.18175462026351,0.54360452449115,0.231334196183588,-0.0803083131876254,0.255120278921303,1.46790792309615,0.897751263368559,-0.520775132283564,0.47228981430332,0.22068200235301,0.306069467884672,0.602800475329459,0.354303152399856,0.96577229344483,-1.16419679651849,1.50142245514155,1.22815304884182,1.20873444603807,0.546583692340883,0.836214124353836,1.65526525318066,0.886415325846579,0.0753778361444409,1.27941927573611,0.715130526386106,1.16905062559213,3.21036132320988,1.04369093182019,1.99827135147841,0.775901312388939,1.13061004426212,-0.7072041350979,0.986857224324569,1.36370132376906,0.969013067921489,1.88960303372231,-0.624883090612745,1.69122400118282,1.19958430753665,-2.45373864405591,1.3841411690387,-0.936490235288351,1.00302071252055,1.48314733134046,0.869072164615631,0.972710692159621,0.747401563019337,0.0381863997137484,1.32450693198308,1.17600273455411,1.44186561373806,0.720066519445508,1.64463726650744,1.92905434875673,0.00619949169369431,1.40551292644135,0.642516931842293,0.97890199052883,-0.772199949954385,-2.7016421407085,0.0705730537083977,0.571840861382447,1.2757064834759,1.10867567353367,1.3042561546845,1.96815091360524,-0.639408857277472,1.30760884644136,-0.730601223963557,1.43453158663897,2.03091494041762,2.01517354492774,0.561101174986055,0.378064988261326,1.02856556495237,1.41670623547156,1.67752766468797,1.37036884756389,1.54266441573435,-0.0747522875135097,2.06785041537908,0.710229106305029,1.74636100740243,-2.08360504322647,-0.260293177206806,1.00201998373711,-1.19235700643421,0.237227335296845,0.826673226637226,-0.300787272320472,0.868847313778322,-0.736111852186041,0.475734564747132,-0.747371701882785,0.37279687141257,0.339511806214219,0.737106861612291,-2.32306519769781,0.00769161593310614,1.8763466047713,1.12058312664802,1.86288708752975,1.90767982486993,2.15165064620234,1.3022776669725,2.02887926100818,2.12045199424221,1.00133162793089,1.53541405956532,1.01793339432789,1.57914585855556,1.5113502110165
160,"Zuerich","lab",1,28,"female","other",3,3,2,3,3,3,3,3,2,0,3,4,2.75,3,2.25,2,4,4,3,5,3,4,2,1,4,2,5,5,1,5,2,4,3,2,4,3,3,4,1,4,4,4,4,1,5,1,3,4,2,4,2,3,3,3,3,3,4,4,1,5,2,4,5,3,5,1.75,2.66666666666667,3,3.75,3.33333333333333,4.33333333333333,4,3,4.33333333333333,2.5,1.66666666666667,1,4.5,3.66666666666667,5,2.4,3.8,3.8,1.8,4.4,5,6,7,6,7,7,6,6,6,6.5,3,6,3,3,1,2,4,4,3,4,2,4,3,3,4,3.66666666666667,3.2,3,3.26666666666667,0.25828191772496,0.484411544009668,-0.304058712359462,0.54360452449115,0.231334196183588,-0.0803083131876254,0.255120278921303,0.481832371703316,0.0705040259189969,-1.36165974954877,0.47228981430332,1.12393857012347,0.306069467884672,0.283243596841553,0.0695663723890129,-0.676507162074881,-0.169543222793955,0.504251315123012,0.319939029530222,1.20873444603807,-0.320071531550967,-0.304667161586281,-0.726151786817672,-1.86668639207691,0.0753778361444409,-1.57093252843547,0.715130526386106,1.16905062559213,-1.05396767969532,1.04369093182019,-0.75652570747877,-0.476930164495953,-0.74662927451272,-0.7072041350979,0.0480092703725467,-0.518741287865094,-0.66300894120944,1.01900058886596,-1.49086280673749,0.519352252331732,0.213010297599965,-0.144337567297406,0.55553965287948,-1.78173270406143,1.00302071252055,-1.69051747493213,-0.996253456998407,-0.207958837634126,-1.09235613056672,0.0381863997137484,-0.586257166615464,-1.82365641445348,-0.284449678900705,-0.166169196795117,-0.358519542525843,0.231486521850808,0.00619949169369431,0.374803447051028,-2.11560453167584,0.97890199052883,-0.772199949954385,-0.0746309983621132,1.3126587989762,-0.20234368941225,1.2757064834759,-1.20508225384094,-0.577293707811171,-0.474113909857901,-0.639408857277472,-1.10981927303007,0.273975458986334,0.236062159826666,-0.0253134172822903,0.998925568116045,-0.533123831080933,-1.41062957985677,-2.13348752555623,1.0018305325714,0.0787287351658617,1.37036884756389,-0.903362045249843,-0.601008391608614,0.380805154454555,-1.40420421316228,1.0092877764604,0.503446015735495,0.961349467817139,1.00201998373711,0.81262547572268,1.44743055304307,1.41571973630586,1.33648777701158,0.868847313778322,1.0386235722625,1.52453560936711,-0.747371701882785,1.11001315645316,-0.51411787798153,-0.06370059297884,-2.32306519769781,-0.669170586180241,0.253560351996121,0.247916620939828,-0.774121980072685,0.0526983377035892,-1.11292274803569,-0.162264629431078,-0.330698381750232,-0.441558653263252,-0.419913263325856,-0.274181082065236,-0.71903882424823,-0.746625447768946,-0.654166509245947
161,"Zuerich","lab",1,25,"male","prefer not to answer",4,3,4,2,1,1,1,1,2,1,4,4,3.25,1,2.75,1,5,4,1,5,4,5,1,4,4,5,4,4,1,5,3,4,4,2,3,5,3,4,1,4,4,5,1,2,5,4,2,5,3,4,2,4,5,3,2,2,4,5,2,4,4,3,2,2,5,3,3.66666666666667,3.66666666666667,3.5,4,4.33333333333333,3.75,3.33333333333333,3.33333333333333,2,2.66666666666667,1.66666666666667,4.25,3.33333333333333,4.66666666666667,3.4,3.9,3.5,2.1,4.1,6,7,7,7,7,7,7,7,6.75,7,2,4,2,3,4,1,3,3,2,4,1,4,2,2,3,3.16666666666667,2.8,2.2,2.66666666666667,1.26845119593814,0.484411544009668,1.57363719554458,-0.413139438613273,-1.80440673023198,-2.25481033180641,-1.83330619038797,-1.49031873108235,0.0705040259189969,-0.520775132283564,1.35657712619039,1.12393857012347,0.928823529707821,-2.2732114310617,0.6390399324107,-1.49764688983474,0.825110350930578,0.504251315123012,-1.49648900909297,1.20873444603807,0.546583692340883,0.836214124353836,-1.51995746681711,0.886415325846579,0.0753778361444409,1.27941927573611,-0.360621376553677,-0.0855402896774732,-1.05396767969532,1.04369093182019,0.161739978840289,-0.476930164495953,0.1919903848747,-0.7072041350979,-0.890838683579476,1.36370132376906,-0.66300894120944,1.01900058886596,-1.49086280673749,0.519352252331732,0.213010297599965,1.01036297108185,-1.93026489559819,-0.936490235288351,1.00302071252055,0.689731129772309,-1.92891626780543,0.972710692159621,-0.172477283773693,0.0381863997137484,-0.586257166615464,-0.323826839949683,1.44186561373806,-0.166169196795117,-1.36009794704248,-0.617297391602155,0.00619949169369431,1.40551292644135,-1.19623071050313,-0.297296160086534,0.926639939945262,-1.38813656953531,-2.41359843682721,-0.976528240206948,1.2757064834759,0.0803388169227295,0.55163620968623,0.339974364629812,-1.02088668399217,-0.142848025241494,0.273975458986334,-0.163427649110769,0.317391309001027,-0.525446397101504,-1.08023633411443,-0.337412838985914,-1.34297425292908,0.586954829671243,-0.454204241341509,0.900222810193041,0.319651185242252,-0.425589690243579,-0.0792980985248617,-1.03106892149158,0.456482853253873,1.15020878047599,1.57217079032911,1.00201998373711,1.48095296977498,1.44743055304307,1.41571973630586,1.88224612678893,1.45699011079749,1.63020204707868,1.87413595757377,-1.63613805006772,-0.364419413628018,-1.36774756217728,-0.06370059297884,0.0772839693950349,-1.34603278829359,-0.557832774391467,-0.624749884768366,-1.65312500260683,0.0526983377035892,-1.9290660965952,-0.162264629431078,-1.1172242626697,-1.29556220243174,-1.13053570895423,-0.877379462608753,-1.21531660098426,-1.67693397029875,-1.46623527934436
162,"Zuerich","lab",1,21,"female","other",1,0,1,0,4,3,4,4,0,0,2,0,0.5,3.75,0.5,4,5,4,4,4,5,5,4,4,4,4,5,4,4,4,4,5,5,5,4,4,5,4,4,4,5,5,5,4,2,4,5,4,3,5,3,5,4,3,2,3,3,4,4,4,5,4,4,5,4,4.25,4,4,4.75,5,4.33333333333333,4.25,4,4.33333333333333,4.25,3.66666666666667,4,4.25,3.33333333333333,3.33333333333333,4.1,4.7,4.2,4,3.7,1,2,4,4,1,1,1,1,2.75,1,6,6,6,6,6,5,6,6,6,6,4,6,6,6,6,6,5.6,5.8,5.8,-1.76205663870139,-2.52463898819156,-1.24290666631148,-2.32662736482212,1.24920465939137,-0.0803083131876254,1.29933351357594,1.46790792309615,-1.58399044898013,-1.36165974954877,-0.411997497583747,-2.48908770095837,-2.4963238103195,1.24191423230527,-1.92359108768689,0.96577229344483,0.825110350930578,0.504251315123012,1.22815304884182,0.100727870503172,1.41323891623273,0.836214124353836,0.861459573181214,0.886415325846579,0.0753778361444409,0.329302007678913,0.715130526386106,-0.0855402896774732,2.14427907248358,0.0344073933567096,1.08000566515935,0.775901312388939,1.13061004426212,1.78215442044671,0.0480092703725467,0.422480017951983,0.969013067921489,1.01900058886596,1.10707634163675,0.519352252331732,1.19958430753665,1.01036297108185,1.3841411690387,0.753994702257801,-1.69899426814706,0.689731129772309,0.869072164615631,-0.207958837634126,-0.172477283773693,1.3823476696377,0.36912488268381,1.17600273455411,0.578707967418675,-0.166169196795117,-1.36009794704248,0.231486521850808,-1.08491104639647,0.374803447051028,0.642516931842293,-0.297296160086534,1.77605988489509,-0.0746309983621132,0.0705730537083977,1.34602541217714,0.250481181687049,1.3657598876864,0.927946182185364,0.747018501873669,0.88650244958131,1.30760884644136,0.273975458986334,0.6355519687641,1.00280076156766,0.998925568116045,1.3817699295363,0.735803901884945,1.42382220126595,0.586954829671243,-0.454204241341509,-0.980361339290343,1.17576044658672,0.9777599206767,0.994276158427111,1.33212125908953,-0.28059037768816,-2.08360504322647,-1.48193582223075,-0.767433365470897,-0.524029512381915,-2.18317910019561,-2.11855932170593,-1.39230397187517,-2.07186667131754,-1.52488315194095,-2.32106822090615,1.91892734267202,1.11001315645316,2.04677117460572,2.33872177079455,1.67751674745693,1.3614160201598,1.8763466047713,1.99324963235621,1.86288708752975,1.90767982486993,0.519363949083322,1.3022776669725,2.02887926100818,2.12045199424221,1.00133162793089,2.54074469380451,2.25862783616797,2.50945438108536,2.77456829783626
163,"Zuerich","lab",1,24,"female","other",3,2,2,2,3,4,3,3,3,1,1,1,2.25,3.25,1.5,3,4,2,2,3,1,4,1,2,3,3,4,4,1,3,2,5,2,1,4,4,4,2,1,4,3,5,2,1,4,5,4,2,2,4,3,4,1,2,4,2,5,2,4,4,2,4,4,1,3,3,2.66666666666667,2.66666666666667,4.25,4,4.66666666666667,2.5,1.33333333333333,2.66666666666667,1.5,1.66666666666667,2,3.5,3.66666666666667,3.66666666666667,2.8,4.3,2.2,1.7,3.6,4,4,5,5,5,5,5,5,4.5,5,4,4,4,4,4,1,3,4,4,4,3,4,3,3,4,3.83333333333333,3.6,3.2,3.53333333333333,0.25828191772496,-0.518605300057409,-0.304058712359462,-0.413139438613273,0.231334196183588,1.00694269612177,0.255120278921303,0.481832371703316,0.897751263368559,-0.520775132283564,-1.29628480947081,-1.58583113318791,-0.316684593938476,0.602800475329459,-0.784643967643518,0.144632565684975,-0.169543222793955,-1.49009096491407,-0.588274989781376,-1.00727870503172,-2.05338197933467,-0.304667161586281,-1.51995746681711,-0.948985819435749,-1.13066754216661,-0.620815260378279,-0.360621376553677,-0.0855402896774732,-1.05396767969532,-0.974876145106769,-0.75652570747877,0.775901312388939,-1.68524893390014,-1.53699032027944,0.0480092703725467,0.422480017951983,0.153002063356025,-0.722204300846748,-1.49086280673749,0.519352252331732,-0.773563712336717,1.01036297108185,-1.10166337943897,-1.78173270406143,0.102349052298016,1.48314733134046,-0.0635906461913878,-2.56929789722162,-1.09235613056672,0.0381863997137484,0.36912488268381,-0.323826839949683,-2.01076497153947,-1.05240491303574,0.643058861990797,-0.617297391602155,1.09731002978386,-1.68661551172963,0.642516931842293,-0.297296160086534,-0.772199949954385,-0.0746309983621132,0.0705730537083977,-1.75071279100165,-0.774744120101803,0.0803388169227295,-0.577293707811171,-0.881158047101758,0.123546796151919,-0.142848025241494,0.77626380046128,-2.16087669379794,-1.73883704869888,-1.5416943739132,-1.62734883714792,-1.41062957985677,-0.947717616615505,-0.657672279029225,0.0787287351658617,-0.510215301919498,-0.414156753053005,0.27608511521656,-2.07307886143567,-1.52858264371918,-0.464858685423669,-0.143316749004995,-0.260293177206806,-0.177615582401561,0.144297981670382,0.237227335296845,0.237626716968595,0.790729427234231,0.28070451675915,-0.144533377369862,0.475734564747132,0.141394646302149,-0.364419413628018,0.339511806214219,0.737106861612291,0.0772839693950349,-1.34603278829359,-0.557832774391467,0.247916620939828,0.10488104246146,0.0526983377035892,-0.296779399476184,-0.162264629431078,-0.330698381750232,-0.441558653263252,-0.419913263325856,-0.073114955217396,-0.222761047512197,-0.514048317136495,-0.293247055868873
164,"Zuerich","lab",1,26,"female","prefer not to answer",3,3,1,2,3,3,3,3,1,0,3,4,2.25,3,2,3,5,3,2,4,3,5,2,4,5,4,5,4,1,4,4,4,2,1,4,4,4,2,4,3,4,4,3,3,4,2,5,5,3,4,2,4,4,3,3,3,4,4,3,4,3,4,4,5,4,3,3,3.66666666666667,4.5,4.33333333333333,4.33333333333333,3.5,2.66666666666667,3.66666666666667,2.75,3.66666666666667,2.33333333333333,4,3.66666666666667,4,3.2,4.4,3.3,2.9,3.9,5,5,6,6,5,7,6,5,5.5,5.75,3,4,5,3,4,3,4,5,3,4,2,4,4,4,4,3.66666666666667,3.8,3.8,3.73333333333333,0.25828191772496,0.484411544009668,-1.24290666631148,-0.413139438613273,0.231334196183588,-0.0803083131876254,0.255120278921303,0.481832371703316,-0.756743211530565,-1.36165974954877,0.47228981430332,1.12393857012347,-0.316684593938476,0.283243596841553,-0.215170407621831,0.144632565684975,0.825110350930578,-0.492919824895528,-0.588274989781376,0.100727870503172,-0.320071531550967,0.836214124353836,-0.726151786817672,0.886415325846579,1.2814232144555,0.329302007678913,0.715130526386106,-0.0855402896774732,-1.05396767969532,0.0344073933567096,1.08000566515935,-0.476930164495953,-1.68524893390014,-1.53699032027944,0.0480092703725467,0.422480017951983,0.153002063356025,-0.722204300846748,1.10707634163675,-0.652519496519355,0.213010297599965,-0.144337567297406,-0.273061863279744,-0.0912477665152752,0.102349052298016,-0.897101273363984,0.869072164615631,0.972710692159621,-0.172477283773693,0.0381863997137484,-0.586257166615464,-0.323826839949683,0.578707967418675,-0.166169196795117,-0.358519542525843,0.231486521850808,0.00619949169369431,0.374803447051028,-0.276856889330419,-0.297296160086534,0.0772199949954384,-0.0746309983621132,0.0705730537083977,1.34602541217714,0.250481181687049,0.0803388169227295,-0.200983735312038,0.339974364629812,0.505024622866614,0.340637598652792,0.273975458986334,-0.562917458048204,-0.368018143565608,-0.0173224086956545,-0.259567579564186,0.735803901884945,-0.552460980301929,0.172079126771087,0.0787287351658617,-0.0400692645486515,0.0750485391438333,0.451503816581596,-0.38603360051114,-0.036041477036375,0.0879462377828566,0.503446015735495,0.350528145305166,0.412202200667775,0.81262547572268,0.237227335296845,1.41571973630586,1.33648777701158,0.28070451675915,0.644237922385043,1.00013508705712,-0.747371701882785,-0.364419413628018,1.19314149040997,-0.06370059297884,0.0772839693950349,0.00769161593310614,0.253560351996121,1.12058312664802,-0.774121980072685,0.0526983377035892,-1.11292274803569,-0.162264629431078,0.455827499169239,0.412444895905236,-0.419913263325856,-0.274181082065236,0.0253778408558194,0.183683074760855,-0.022557465836067
165,"Zuerich","lab",1,23,"female","prefer not to answer",2,1,1,1,4,3,3,4,1,1,2,1,1.25,3.5,1.25,4,5,4,2,3,1,4,2,4,4,3,4,4,2,4,1,5,4,1,4,2,5,3,1,3,1,5,3,4,3,1,5,4,4,4,1,5,3,2,3,1,5,4,4,3,1,5,3,1,2,1.75,1.33333333333333,1.66666666666667,5,4.66666666666667,4.66666666666667,3.75,2.66666666666667,3.66666666666667,2,2.33333333333333,3.33333333333333,3.25,3.33333333333333,3.33333333333333,1.6,4.8,3.4,2.5,3.3,3,3,5,6,5,2,4,5,4.25,4,3,5,5,2,3,1,5,4,5,4,6,6,4,6,5,4.16666666666667,4.4,4.6,4.26666666666667,-0.751887360488216,-1.52162214412449,-1.24290666631148,-1.3698834017177,1.24920465939137,-0.0803083131876254,0.255120278921303,1.46790792309615,-0.756743211530565,-0.520775132283564,-0.411997497583747,-1.58583113318791,-1.56219271758477,0.922357353817365,-1.06938074765436,0.96577229344483,0.825110350930578,0.504251315123012,-0.588274989781376,-1.00727870503172,-2.05338197933467,-0.304667161586281,-0.726151786817672,0.886415325846579,0.0753778361444409,-0.620815260378279,-0.360621376553677,-0.0855402896774732,0.0121145710309808,0.0344073933567096,-1.67479139379783,0.775901312388939,0.1919903848747,-1.53699032027944,0.0480092703725467,-1.45996259368217,0.969013067921489,0.148398144009606,-1.49086280673749,-0.652519496519355,-2.74671173221008,1.01036297108185,-0.273061863279744,0.753994702257801,-0.798322607924522,-1.69051747493213,0.869072164615631,-0.207958837634126,0.747401563019337,0.0381863997137484,-1.54163921591474,1.17600273455411,-0.284449678900705,-1.05240491303574,-0.358519542525843,-1.46608130505512,1.09731002978386,0.374803447051028,0.642516931842293,-1.5734943107019,-1.62161989490421,1.23887457281108,-1.17151269155941,-1.75071279100165,-1.79996942189066,-1.20508225384094,-2.08253359780771,-2.10229045883333,1.267980276296,0.824123222547078,0.77626380046128,-0.163427649110769,-0.368018143565608,-0.0173224086956545,-1.08023633411443,-0.695151752609533,0.633308928638797,-1.07254798192938,-0.454204241341509,-0.980361339290343,-1.88177262964352,1.15317862204173,-0.232665849518001,-0.533555199263978,-1.0176636086302,-0.790079513745486,-0.871114499718779,-0.177615582401561,0.81262547572268,0.237227335296845,-1.5295128120373,0.244971077456879,0.28070451675915,-0.341726202308589,-0.223466131666189,-0.747371701882785,0.37279687141257,1.19314149040997,-0.864508047569971,-0.722832419635914,-1.34603278829359,1.06495347838371,0.247916620939828,0.983884064995606,0.0526983377035892,2.15165064620234,1.3022776669725,0.455827499169239,2.12045199424221,0.290709182302516,0.329017298478283,0.76979450595987,1.11399159729066,0.699281440918081
166,"Zuerich","lab",1,24,"female","other",3,3,3,4,3,2,3,0,0,0,0,0,3.25,2,0,1,5,3,2,4,2,4,2,2,5,2,4,5,1,4,2,5,3,5,5,2,4,2,1,3,2,5,2,2,4,1,5,5,2,5,1,5,3,3,4,1,5,4,2,5,2,4,5,1,5,1.5,1.66666666666667,1.66666666666667,4.75,4.33333333333333,4.66666666666667,4,2.33333333333333,3.66666666666667,2.5,2,1.66666666666667,4.75,4,4.33333333333333,1.6,4.6,3.4,2.1,4.4,3,2,1,5,6,6,7,7,2.75,6.5,2,3,2,3,3,4,2,3,4,4,6,5,2,3,6,3.66666666666667,3.4,3.6,3.46666666666667,0.25828191772496,0.484411544009668,0.634789241592561,1.50034848759557,0.231334196183588,-1.16755932249702,0.255120278921303,-2.47639428247518,-1.58399044898013,-1.36165974954877,-2.18057212135788,-2.48908770095837,0.928823529707821,-0.994983917110072,-2.49306464770858,-1.49764688983474,0.825110350930578,-0.492919824895528,-0.588274989781376,0.100727870503172,-1.18672675544282,-0.304667161586281,-0.726151786817672,-0.948985819435749,1.2814232144555,-1.57093252843547,-0.360621376553677,1.16905062559213,-1.05396767969532,0.0344073933567096,-0.75652570747877,0.775901312388939,-0.74662927451272,1.78215442044671,0.986857224324569,-1.45996259368217,0.153002063356025,-0.722204300846748,-1.49086280673749,-0.652519496519355,-1.7601377222734,1.01036297108185,-1.10166337943897,-0.936490235288351,0.102349052298016,-1.69051747493213,0.869072164615631,0.972710692159621,-1.09235613056672,1.3823476696377,-1.54163921591474,1.17600273455411,-0.284449678900705,-0.166169196795117,0.643058861990797,-1.46608130505512,1.09731002978386,0.374803447051028,-1.19623071050313,0.97890199052883,-0.772199949954385,-0.0746309983621132,1.3126587989762,-1.75071279100165,1.2757064834759,-1.46216646799368,-1.70622362530857,-2.10229045883333,0.88650244958131,0.340637598652792,0.77626380046128,0.236062159826666,-0.710722869848925,-0.0173224086956545,-0.533123831080933,-1.05289066623315,-1.34297425292908,1.41670623547156,0.611661711673233,0.430076772822194,-1.88177262964352,0.802341219311664,-0.232665849518001,-1.03106892149158,1.0092877764604,-0.790079513745486,-1.48193582223075,-2.5368867146789,0.144297981670382,0.842328944169959,0.826673226637226,1.88224612678893,1.45699011079749,-1.52488315194095,1.52453560936711,-1.63613805006772,-1.10163569866861,-1.36774756217728,-0.06370059297884,-0.722832419635914,0.684553818046453,-1.36922590077905,-0.624749884768366,0.10488104246146,0.0526983377035892,2.15165064620234,0.570006518770709,-1.1172242626697,-0.441558653263252,1.00133162793089,-0.274181082065236,-0.470899935880214,-0.0488940558715946,-0.383476919213141
167,"Zuerich","lab",1,22,"male","prefer not to answer",3,3,1,1,3,4,3,3,4,1,4,3,2,3.25,3,3,5,4,4,4,3,5,4,4,3,5,3,4,1,4,4,4,4,5,2,4,5,2,5,4,3,4,4,4,5,3,5,4,4,4,2,5,4,4,3,3,4,4,4,4,4,4,4,4,4,3.5,3,3.66666666666667,4.5,5,3.66666666666667,4,3.33333333333333,4,4.25,4.33333333333333,3,3.5,3.33333333333333,4.33333333333333,3.4,4.4,3.8,3.9,3.7,6,6,7,5,5,1,2,5,6,3.25,3,6,4,2,5,4,5,4,4,5,3,6,4,3,6,4.5,4.4,4.2,4.26666666666667,0.25828191772496,0.484411544009668,-1.24290666631148,-1.3698834017177,0.231334196183588,1.00694269612177,0.255120278921303,0.481832371703316,1.72499850081812,-0.520775132283564,1.35657712619039,0.22068200235301,-0.628061624850051,0.602800475329459,0.923776712421544,0.144632565684975,0.825110350930578,0.504251315123012,1.22815304884182,0.100727870503172,-0.320071531550967,0.836214124353836,0.861459573181214,0.886415325846579,-1.13066754216661,1.27941927573611,-1.43637327949346,-0.0855402896774732,-1.05396767969532,0.0344073933567096,1.08000566515935,-0.476930164495953,0.1919903848747,1.78215442044671,-1.8296866375315,0.422480017951983,0.969013067921489,-0.722204300846748,1.9730560577615,0.519352252331732,-0.773563712336717,-0.144337567297406,0.55553965287948,0.753994702257801,1.00302071252055,-0.103685071795837,0.869072164615631,-0.207958837634126,0.747401563019337,0.0381863997137484,-0.586257166615464,1.17600273455411,0.578707967418675,0.720066519445508,-0.358519542525843,0.231486521850808,0.00619949169369431,0.374803447051028,0.642516931842293,-0.297296160086534,0.926639939945262,-0.0746309983621132,0.0705730537083977,0.571840861382447,0.250481181687049,0.594507245228198,-0.200983735312038,0.339974364629812,0.505024622866614,1.30760884644136,-0.730601223963557,0.236062159826666,0.317391309001027,0.490801579710196,1.3817699295363,1.45128172913218,0.238052292325221,-0.657672279029225,-0.454204241341509,0.430076772822194,0.319651185242252,0.451503816581596,0.380805154454555,1.20774282853263,-0.28059037768816,1.15020878047599,0.961349467817139,1.00201998373711,0.144297981670382,0.237227335296845,-2.11855932170593,-0.846545622097823,0.28070451675915,1.0386235722625,-0.74786665397618,-0.747371701882785,1.11001315645316,0.339511806214219,-0.864508047569971,0.877400358425984,0.684553818046453,1.06495347838371,0.247916620939828,0.10488104246146,0.980189081286761,-0.296779399476184,1.3022776669725,0.455827499169239,-0.441558653263252,1.00133162793089,0.731149552173961,0.76979450595987,0.648837336025757,0.699281440918081
168,"Zuerich","lab",1,21,"female","other",4,1,3,3,2,1,1,1,3,3,4,4,2.75,1.25,3.5,5,3,2,2,2,3,4,2,2,4,4,3,4,1,4,3,3,2,2,4,4,2,2,4,4,5,3,2,3,3,5,4,3,1,4,2,4,1,1,2,2,2,1,2,5,2,3,4,2,5,3.75,3,3.66666666666667,3.25,3.33333333333333,2.66666666666667,2.75,1.66666666666667,2.33333333333333,1.75,2.33333333333333,2,3.75,3.33333333333333,4,3.5,3.1,2.3,2,3.7,5,7,7,5,4,5,6,4,6,4.75,2,3,2,1,3,1,3,2,4,3,4,5,2,3,6,3.33333333333333,2.8,3,2.93333333333333,1.26845119593814,-1.52162214412449,0.634789241592561,0.54360452449115,-0.786536267024197,-2.25481033180641,-1.83330619038797,-1.49031873108235,0.897751263368559,1.16099410224684,1.35657712619039,1.12393857012347,0.306069467884672,-1.95365455257379,1.49325027244323,1.78691202120468,-1.16419679651849,-1.49009096491407,-0.588274989781376,-2.11528528056662,-0.320071531550967,-0.304667161586281,-0.726151786817672,-0.948985819435749,0.0753778361444409,0.329302007678913,-1.43637327949346,-0.0855402896774732,-1.05396767969532,0.0344073933567096,0.161739978840289,-1.72976164138085,-1.68524893390014,-0.7072041350979,0.0480092703725467,0.422480017951983,-1.4790199457749,-0.722204300846748,1.10707634163675,0.519352252331732,1.19958430753665,-1.29903810567666,-1.10166337943897,-0.0912477665152752,-0.798322607924522,1.48314733134046,-0.0635906461913878,-1.38862836742787,-2.01223497735975,0.0381863997137484,-0.586257166615464,-0.323826839949683,-2.01076497153947,-1.93864062927637,-1.36009794704248,-0.617297391602155,-2.17602158448664,-2.71732499111995,-1.19623071050313,0.97890199052883,-0.772199949954385,-1.38813656953531,0.0705730537083977,-0.976528240206948,1.2757064834759,0.851591459380933,-0.200983735312038,0.339974364629812,-1.40236451070686,-1.10981927303007,-2.23746624838839,-1.76138688486051,-1.39613232241556,-2.04981836231905,-1.35379258563117,-0.695151752609533,-0.947717616615505,-0.242796576129069,-0.454204241341509,-0.0400692645486515,0.441952508291462,-1.82893930116386,-1.91971111044253,-1.15544735204848,-0.28059037768816,0.503446015735495,1.57217079032911,1.00201998373711,0.144297981670382,-0.367874273576268,0.237626716968595,1.33648777701158,-0.307438280260022,1.0386235722625,0.300934390643802,-1.63613805006772,-1.10163569866861,-1.36774756217728,-1.6653155021611,-0.722832419635914,-1.34603278829359,-0.557832774391467,-1.49741639047656,0.10488104246146,-0.874792405879583,0.519363949083322,0.570006518770709,-1.1172242626697,-0.441558653263252,1.00133162793089,-0.676313335760914,-1.21531660098426,-0.746625447768946,-1.10531582596729
169,"Zuerich","lab",1,21,"female","other",3,2,2,2,3,3,3,3,1,1,2,2,2.25,3,1.5,4,5,2,2,4,4,5,2,3,4,5,2,4,2,3,4,4,3,4,3,4,1,4,3,3,5,4,3,2,2,4,5,4,2,4,4,4,4,2,3,4,4,4,2,4,4,3,4,4,3,4,4,4.66666666666667,4.25,3.33333333333333,3.33333333333333,3.25,3.33333333333333,3.66666666666667,3,2.66666666666667,2,3.5,3.33333333333333,3,4.2,3.7,3.4,2.6,3.3,3,4,3,5,3,4,3,3,3.75,3.25,3,4,4,3,3,3,3,4,4,4,4,4,4,4,5,3.66666666666667,3.8,3.8,3.73333333333333,0.25828191772496,-0.518605300057409,-0.304058712359462,-0.413139438613273,0.231334196183588,-0.0803083131876254,0.255120278921303,0.481832371703316,-0.756743211530565,-0.520775132283564,-0.411997497583747,-0.682574565417449,-0.316684593938476,0.283243596841553,-0.784643967643518,0.96577229344483,0.825110350930578,-1.49009096491407,-0.588274989781376,0.100727870503172,0.546583692340883,0.836214124353836,-0.726151786817672,-0.0312852467945852,0.0753778361444409,1.27941927573611,-2.51212518243324,-0.0855402896774732,0.0121145710309808,-0.974876145106769,1.08000566515935,-0.476930164495953,-0.74662927451272,0.952368235265172,-0.890838683579476,0.422480017951983,-2.29503095034037,1.01900058886596,0.241096625512004,-0.652519496519355,1.19958430753665,-0.144337567297406,-0.273061863279744,-0.936490235288351,-1.69899426814706,0.689731129772309,0.869072164615631,-0.207958837634126,-1.09235613056672,0.0381863997137484,1.32450693198308,-0.323826839949683,0.578707967418675,-1.05240491303574,-0.358519542525843,1.08027043530377,0.00619949169369431,0.374803447051028,-1.19623071050313,-0.297296160086534,0.926639939945262,-1.38813656953531,0.0705730537083977,0.571840861382447,-0.774744120101803,1.10867567353367,0.927946182185364,1.56110677636138,0.123546796151919,-1.10981927303007,-1.2328895654385,-0.962407266985639,0.317391309001027,-0.0173224086956545,0.0139886719525613,-0.337412838985914,-0.947717616615505,-0.657672279029225,-0.454204241341509,-1.45050737666119,1.29806176963593,-0.776427092973648,-0.232665849518001,-0.409176768707077,-1.0176636086302,-0.790079513745486,-0.260293177206806,-1.35725114854023,0.144297981670382,-0.972975882449382,-0.351419792700035,-0.300787272320472,-0.895581077279193,-0.736111852186041,-0.74786665397618,-0.747371701882785,-0.364419413628018,0.339511806214219,-0.06370059297884,-0.722832419635914,0.00769161593310614,-0.557832774391467,0.247916620939828,0.10488104246146,0.0526983377035892,0.519363949083322,-0.162264629431078,0.455827499169239,0.412444895905236,0.290709182302516,-0.274181082065236,0.0253778408558194,0.183683074760855,-0.022557465836067
170,"Zuerich","lab",1,24,"male",NA,3,3,3,2,3,3,2,2,1,1,1,3,2.75,2.5,1.5,3,2,4,4,2,3,3,2,5,4,5,2,2,4,2,3,3,4,4,4,4,2,2,4,3,4,3,4,4,3,4,3,4,4,4,2,3,4,4,2,3,3,4,4,2,3,4,4,5,3,3.25,3,4,3,2.66666666666667,2.66666666666667,4,2.66666666666667,3.33333333333333,4.25,4.33333333333333,4,3.25,3,2.33333333333333,3.4,2.8,3.4,4.2,2.9,2,5,7,3,2,4,2,5,4.25,3.25,3,4,3,1,3,3,3,2,4,4,3,5,4,3,5,3.5,3.2,3.6,3.33333333333333,0.25828191772496,0.484411544009668,0.634789241592561,-0.413139438613273,0.231334196183588,-0.0803083131876254,-0.789092955733334,-0.504243179689517,-0.756743211530565,-0.520775132283564,-1.29628480947081,0.22068200235301,0.306069467884672,-0.35587016013426,-0.784643967643518,0.144632565684975,-2.15885037024302,0.504251315123012,1.22815304884182,-2.11528528056662,-0.320071531550967,-1.4455484475264,-0.726151786817672,1.80411589848774,0.0753778361444409,1.27941927573611,-2.51212518243324,-2.59472212021668,2.14427907248358,-1.98415968357025,0.161739978840289,-1.72976164138085,0.1919903848747,0.952368235265172,0.0480092703725467,0.422480017951983,-1.4790199457749,-0.722204300846748,1.10707634163675,-0.652519496519355,0.213010297599965,-1.29903810567666,0.55553965287948,0.753994702257801,-0.798322607924522,0.689731129772309,-0.996253456998407,-0.207958837634126,0.747401563019337,0.0381863997137484,-0.586257166615464,-1.82365641445348,0.578707967418675,0.720066519445508,-1.36009794704248,0.231486521850808,-1.08491104639647,0.374803447051028,0.642516931842293,-2.84969246131726,0.0772199949954384,-0.0746309983621132,0.0705730537083977,1.34602541217714,-0.774744120101803,0.337423031075464,-0.200983735312038,0.747018501873669,-1.78384233742156,-2.07679052081864,-2.23746624838839,0.236062159826666,-0.368018143565608,-0.525446397101504,1.3817699295363,1.45128172913218,1.42382220126595,-1.07254798192938,-0.98713721784888,-2.39079945140288,0.319651185242252,-2.35519540525896,-0.232665849518001,1.58087812020333,-1.75473683957223,-1.43684227848598,0.350528145305166,1.00201998373711,-1.19235700643421,-1.5780774913225,-0.351419792700035,-0.846545622097823,0.28070451675915,-0.341726202308589,-0.74786665397618,-0.747371701882785,-0.364419413628018,-0.51411787798153,-1.6653155021611,-0.722832419635914,0.00769161593310614,-0.557832774391467,-1.49741639047656,0.10488104246146,0.0526983377035892,-0.296779399476184,0.570006518770709,0.455827499169239,-0.441558653263252,0.290709182302516,-0.475247208913075,-0.71903882424823,-0.0488940558715946,-0.563936645901678
171,"Zuerich","lab",1,22,"female","prefer not to answer",3,3,3,3,3,4,3,1,2,3,2,3,3,2.75,2.5,3,5,1,3,3,2,4,1,4,3,4,3,4,1,4,2,5,3,1,4,2,3,2,2,3,3,5,2,3,4,3,4,3,2,4,3,5,1,2,3,4,4,2,2,5,2,4,3,2,3,2.5,2.33333333333333,3.66666666666667,4.5,4,4,2.5,1.33333333333333,2.66666666666667,2,2.66666666666667,2,3.5,3,4.33333333333333,2.8,4.2,2.2,2.2,3.6,6,6,4,6,6,5,7,5,5.5,5.75,3,2,3,4,4,4,2,4,3,5,3,4,2,3,6,4,3,3.4,3.46666666666667,0.25828191772496,0.484411544009668,0.634789241592561,0.54360452449115,0.231334196183588,1.00694269612177,0.255120278921303,-1.49031873108235,0.0705040259189969,1.16099410224684,-0.411997497583747,0.22068200235301,0.617446498796247,-0.0363132816463534,0.354303152399856,0.144632565684975,0.825110350930578,-2.48726210493261,0.319939029530222,-1.00727870503172,-1.18672675544282,-0.304667161586281,-1.51995746681711,0.886415325846579,-1.13066754216661,0.329302007678913,-1.43637327949346,-0.0855402896774732,-1.05396767969532,0.0344073933567096,-0.75652570747877,0.775901312388939,-0.74662927451272,-1.53699032027944,0.0480092703725467,-1.45996259368217,-0.66300894120944,-0.722204300846748,-0.624883090612745,-0.652519496519355,-0.773563712336717,1.01036297108185,-1.10166337943897,-0.0912477665152752,0.102349052298016,-0.103685071795837,-0.0635906461913878,-1.38862836742787,-1.09235613056672,0.0381863997137484,0.36912488268381,1.17600273455411,-2.01076497153947,-1.05240491303574,-0.358519542525843,1.08027043530377,0.00619949169369431,-1.68661551172963,-1.19623071050313,0.97890199052883,-0.772199949954385,-0.0746309983621132,-1.17151269155941,-0.976528240206948,-0.774744120101803,-0.433829611382739,-0.953603680310305,0.339974364629812,0.505024622866614,-0.142848025241494,-0.228312882488611,-2.16087669379794,-1.73883704869888,-1.5416943739132,-1.08023633411443,-0.337412838985914,-0.947717616615505,-0.657672279029225,-0.98713721784888,0.430076772822194,-0.414156753053005,0.100666413851526,-2.07307886143567,-0.90669049093468,-0.464858685423669,1.15020878047599,0.961349467817139,-0.767433365470897,0.81262547572268,0.842328944169959,0.237626716968595,1.88224612678893,0.28070451675915,0.644237922385043,1.00013508705712,-0.747371701882785,-1.8388519837092,-0.51411787798153,0.737106861612291,0.0772839693950349,0.684553818046453,-1.36922590077905,0.247916620939828,-0.774121980072685,0.980189081286761,-0.296779399476184,-0.162264629431078,-1.1172242626697,-0.441558653263252,1.00133162793089,0.127951171630443,-0.967177712616247,-0.281471186504045,-0.383476919213141
172,"Zuerich","lab",1,20,"female","Bachelor's degree",3,2,2,3,3,2,3,2,1,0,3,3,2.5,2.5,1.75,4,5,4,2,3,4,4,2,3,3,4,4,4,3,2,3,5,4,4,3,4,2,4,3,4,4,4,4,2,3,4,4,4,3,3,2,5,3,3,2,2,4,4,3,3,4,4,3,4,3,3.75,3.33333333333333,3.33333333333333,4.5,3.66666666666667,4,3.75,3,4,3.25,3,2.66666666666667,3,3,2.66666666666667,3.5,4.1,3.6,3,2.9,5,5,6,4,5,4,1,5,5,3.75,4,6,4,6,6,3,5,6,6,5,6,6,4,6,6,5.33333333333333,5.6,5,5.26666666666667,0.25828191772496,-0.518605300057409,-0.304058712359462,0.54360452449115,0.231334196183588,-1.16755932249702,0.255120278921303,-0.504243179689517,-0.756743211530565,-1.36165974954877,0.47228981430332,0.22068200235301,-0.00530756302690199,-0.35587016013426,-0.499907187632674,0.96577229344483,0.825110350930578,0.504251315123012,-0.588274989781376,-1.00727870503172,0.546583692340883,-0.304667161586281,-0.726151786817672,-0.0312852467945852,-1.13066754216661,0.329302007678913,-0.360621376553677,-0.0855402896774732,1.07819682175728,-1.98415968357025,0.161739978840289,0.775901312388939,0.1919903848747,0.952368235265172,-0.890838683579476,0.422480017951983,-1.4790199457749,1.01900058886596,0.241096625512004,0.519352252331732,0.213010297599965,-0.144337567297406,0.55553965287948,-0.936490235288351,-0.798322607924522,0.689731129772309,-0.0635906461913878,-0.207958837634126,-0.172477283773693,-1.3059748702102,-0.586257166615464,1.17600273455411,-0.284449678900705,-0.166169196795117,-1.36009794704248,-0.617297391602155,0.00619949169369431,0.374803447051028,-0.276856889330419,-1.5734943107019,0.926639939945262,-0.0746309983621132,-1.17151269155941,0.571840861382447,-0.774744120101803,0.851591459380933,0.175326237187096,-0.0670697726140443,0.505024622866614,-0.62633364913578,-0.228312882488611,-0.163427649110769,-0.0253134172822903,0.490801579710196,0.287544923469308,0.0203260746377058,-0.157204343988354,-1.48742368482954,-0.98713721784888,-1.92065341403204,0.441952508291462,-0.0747522875135097,0.0740696524682774,0.0883369535205258,-1.75473683957223,0.503446015735495,0.350528145305166,0.412202200667775,-0.524029512381915,0.237227335296845,-0.351419792700035,-1.39230397187517,0.28070451675915,0.249852272507591,-0.398266305769519,0.141394646302149,1.11001315645316,0.339511806214219,2.33872177079455,1.67751674745693,0.00769161593310614,1.06495347838371,1.99324963235621,1.86288708752975,0.980189081286761,2.15165064620234,1.3022776669725,0.455827499169239,2.12045199424221,1.00133162793089,1.73648018641316,2.25862783616797,1.57914585855556,2.05272939108211
173,"Zuerich","lab",1,24,"female","prefer not to answer",2,2,2,2,3,3,3,3,1,2,2,2,2,3,1.75,3,4,4,3,4,3,4,4,3,3,4,4,3,2,3,3,4,4,3,3,4,4,4,3,3,3,4,4,3,3,3,4,5,2,4,3,4,4,2,4,3,4,4,3,4,3,4,4,2,3,3,3.33333333333333,3.33333333333333,4,4,4,4.25,4,3.66666666666667,2.5,2.66666666666667,2.66666666666667,3.5,3.33333333333333,3.33333333333333,3.2,4,4,2.6,3.4,4,4,4,4,5,4,3,4,4,4,4,4,4,4,4,3,4,4,3,4,3,4,3,4,4,4,3.6,3.6,3.73333333333333,-0.751887360488216,-0.518605300057409,-0.304058712359462,-0.413139438613273,0.231334196183588,-0.0803083131876254,0.255120278921303,0.481832371703316,-0.756743211530565,0.32010948498164,-0.411997497583747,-0.682574565417449,-0.628061624850051,0.283243596841553,-0.499907187632674,0.144632565684975,-0.169543222793955,0.504251315123012,0.319939029530222,0.100727870503172,-0.320071531550967,-0.304667161586281,0.861459573181214,-0.0312852467945852,-1.13066754216661,0.329302007678913,-0.360621376553677,-1.34013120494708,0.0121145710309808,-0.974876145106769,0.161739978840289,-0.476930164495953,0.1919903848747,0.122582050083636,-0.890838683579476,0.422480017951983,0.153002063356025,1.01900058886596,0.241096625512004,-0.652519496519355,-0.773563712336717,-0.144337567297406,0.55553965287948,-0.0912477665152752,-0.798322607924522,-0.103685071795837,-0.0635906461913878,0.972710692159621,-1.09235613056672,0.0381863997137484,0.36912488268381,-0.323826839949683,0.578707967418675,-1.05240491303574,0.643058861990797,0.231486521850808,0.00619949169369431,0.374803447051028,-0.276856889330419,-0.297296160086534,0.0772199949954384,-0.0746309983621132,0.0705730537083977,-0.976528240206948,-0.774744120101803,0.0803388169227295,0.175326237187096,-0.0670697726140443,-0.257931030562777,-0.142848025241494,-0.228312882488611,0.6355519687641,1.00280076156766,-0.0173224086956545,-0.533123831080933,-0.337412838985914,-0.157204343988354,-0.657672279029225,-0.454204241341509,-0.980361339290343,0.0750485391438333,-0.250170988878544,0.687540656440833,-0.409176768707077,-0.833395300894687,-0.143316749004995,-0.260293177206806,-0.767433365470897,-0.524029512381915,0.237227335296845,-0.351419792700035,-0.300787272320472,-0.307438280260022,-0.538919027247315,-0.223466131666189,0.141394646302149,-0.364419413628018,0.339511806214219,0.737106861612291,0.0772839693950349,0.00769161593310614,0.253560351996121,0.247916620939828,-0.774121980072685,0.0526983377035892,-0.296779399476184,-0.162264629431078,-0.330698381750232,0.412444895905236,-0.419913263325856,0.127951171630443,-0.222761047512197,-0.0488940558715946,-0.022557465836067
174,"Zuerich","lab",1,21,"female","other",4,2,3,3,2,4,3,2,4,3,3,4,3,2.75,3.5,3,3,3,1,3,5,4,2,3,4,4,5,4,2,5,3,5,2,2,3,5,2,2,2,4,5,5,2,2,5,3,4,4,2,4,4,4,2,3,1,2,5,5,2,5,3,4,4,4,5,3,4.66666666666667,3.66666666666667,4,3.33333333333333,5,3.25,2,3.66666666666667,2.25,2.66666666666667,2,3.75,3,5,3.7,4.1,3,2.3,3.9,6,5,7,6,7,6,2,6,6,5.25,2,3,3,2,4,3,3,3,3,2,3,3,4,3,1,2.16666666666667,3.4,3,2.8,1.26845119593814,-0.518605300057409,0.634789241592561,0.54360452449115,-0.786536267024197,1.00694269612177,0.255120278921303,-0.504243179689517,1.72499850081812,1.16099410224684,0.47228981430332,1.12393857012347,0.617446498796247,-0.0363132816463534,1.49325027244323,0.144632565684975,-1.16419679651849,-0.492919824895528,-1.49648900909297,-1.00727870503172,1.41323891623273,-0.304667161586281,-0.726151786817672,-0.0312852467945852,0.0753778361444409,0.329302007678913,0.715130526386106,-0.0855402896774732,0.0121145710309808,1.04369093182019,0.161739978840289,0.775901312388939,-1.68524893390014,-0.7072041350979,-0.890838683579476,1.36370132376906,-1.4790199457749,-0.722204300846748,-0.624883090612745,0.519352252331732,1.19958430753665,1.01036297108185,-1.10166337943897,-0.936490235288351,1.00302071252055,-0.103685071795837,-0.0635906461913878,-0.207958837634126,-1.09235613056672,0.0381863997137484,1.32450693198308,-0.323826839949683,-1.14760732522009,-0.166169196795117,-2.36167635155912,-0.617297391602155,1.09731002978386,1.40551292644135,-1.19623071050313,0.97890199052883,0.0772199949954384,-0.0746309983621132,0.0705730537083977,0.571840861382447,1.2757064834759,0.0803388169227295,1.68056612718363,0.339974364629812,-0.257931030562777,-1.10981927303007,1.27855214193623,-0.962407266985639,-1.05342759613224,-0.0173224086956545,-0.80668008259768,-0.337412838985914,-0.947717616615505,-0.242796576129069,-0.98713721784888,1.37036884756389,0.686555154389881,-0.0747522875135097,-0.846136853490556,-0.782312060377779,0.0879462377828566,1.15020878047599,0.350528145305166,1.00201998373711,0.81262547572268,1.44743055304307,0.826673226637226,-0.846545622097823,0.868847313778322,1.0386235722625,0.650534738850462,-1.63613805006772,-1.10163569866861,-0.51411787798153,-0.864508047569971,0.0772839693950349,0.00769161593310614,-0.557832774391467,-0.624749884768366,-0.774121980072685,-1.80228314946276,-0.296779399476184,-0.894535777632864,0.455827499169239,-0.441558653263252,-2.55178060021097,-2.08377622369579,-0.470899935880214,-0.746625447768946,-1.28577555265583
175,"Zuerich","lab",1,26,"female","prefer not to answer",3,1,1,3,3,4,3,3,3,2,4,3,2,3.25,3,3,5,3,4,4,2,4,1,4,3,3,4,5,2,4,2,5,2,3,4,2,4,2,4,5,4,5,2,3,5,2,4,2,4,4,2,5,5,4,4,1,4,2,4,4,2,4,5,4,4,2.25,2,2.66666666666667,4.5,4.33333333333333,4.33333333333333,3,2.66666666666667,3,3.75,4,3,4,4,4.33333333333333,2.3,4.4,2.9,3.6,4.1,5,6,7,6,3,6,1,4,6,3.5,4,2,3,4,5,1,3,4,5,3,5,6,3,4,6,4.33333333333333,3.8,3.8,3.86666666666667,0.25828191772496,-1.52162214412449,-1.24290666631148,0.54360452449115,0.231334196183588,1.00694269612177,0.255120278921303,0.481832371703316,0.897751263368559,0.32010948498164,1.35657712619039,0.22068200235301,-0.628061624850051,0.602800475329459,0.923776712421544,0.144632565684975,0.825110350930578,-0.492919824895528,1.22815304884182,0.100727870503172,-1.18672675544282,-0.304667161586281,-1.51995746681711,0.886415325846579,-1.13066754216661,-0.620815260378279,-0.360621376553677,1.16905062559213,0.0121145710309808,0.0344073933567096,-0.75652570747877,0.775901312388939,-1.68524893390014,0.122582050083636,0.0480092703725467,-1.45996259368217,0.153002063356025,-0.722204300846748,1.10707634163675,1.69122400118282,0.213010297599965,1.01036297108185,-1.10166337943897,-0.0912477665152752,1.00302071252055,-0.897101273363984,-0.0635906461913878,-2.56929789722162,0.747401563019337,0.0381863997137484,-0.586257166615464,1.17600273455411,1.44186561373806,0.720066519445508,0.643058861990797,-1.46608130505512,0.00619949169369431,-1.68661551172963,0.642516931842293,-0.297296160086534,-0.772199949954385,-0.0746309983621132,1.3126587989762,0.571840861382447,0.250481181687049,-0.690913825535474,-1.32991365280944,-0.881158047101758,0.505024622866614,0.340637598652792,0.273975458986334,-1.36189707592307,-0.368018143565608,-1.03357038550735,0.834657426502802,1.09354281550856,0.238052292325221,0.172079126771087,0.611661711673233,0.430076772822194,-1.02566336829905,0.451503816581596,-0.999504604483695,0.83460753686193,0.456482853253873,0.503446015735495,0.961349467817139,1.00201998373711,0.81262547572268,-0.972975882449382,0.826673226637226,-1.39230397187517,-0.307438280260022,1.0386235722625,-0.57306647987285,0.141394646302149,-1.8388519837092,-0.51411787798153,0.737106861612291,0.877400358425984,-1.34603278829359,-0.557832774391467,0.247916620939828,0.983884064995606,-0.874792405879583,1.33550729764283,1.3022776669725,-0.330698381750232,0.412444895905236,1.00133162793089,0.530083425326121,0.0253778408558194,0.183683074760855,0.15790226085247
176,"Zuerich","lab",1,25,"female","other",4,3,2,2,3,3,2,1,1,1,3,1,2.75,2.25,1.5,2,3,3,2,2,2,3,1,2,4,2,4,4,1,4,1,4,1,2,4,1,3,2,1,3,4,4,1,2,4,1,3,3,2,3,2,4,1,1,2,2,3,2,2,5,2,2,5,2,4,1.5,1.66666666666667,2.66666666666667,3,3.33333333333333,3.66666666666667,3,1.33333333333333,2.33333333333333,2,1.33333333333333,1.66666666666667,3.25,3,4.33333333333333,1.9,3.3,2.3,1.7,3.5,6,5,7,6,6,2,4,6,6,4.5,3,2,2,2,4,2,4,4,5,5,3,3,2,4,6,3.83333333333333,3,3.2,3.4,1.26845119593814,0.484411544009668,-0.304058712359462,-0.413139438613273,0.231334196183588,-0.0803083131876254,-0.789092955733334,-1.49031873108235,-0.756743211530565,-0.520775132283564,0.47228981430332,-1.58583113318791,0.306069467884672,-0.675427038622166,-0.784643967643518,-0.676507162074881,-1.16419679651849,-0.492919824895528,-0.588274989781376,-2.11528528056662,-1.18672675544282,-1.4455484475264,-1.51995746681711,-0.948985819435749,0.0753778361444409,-1.57093252843547,-0.360621376553677,-0.0855402896774732,-1.05396767969532,0.0344073933567096,-1.67479139379783,-0.476930164495953,-2.62386859328756,-0.7072041350979,0.0480092703725467,-2.40118389949925,-0.66300894120944,-0.722204300846748,-1.49086280673749,-0.652519496519355,0.213010297599965,-0.144337567297406,-1.93026489559819,-0.936490235288351,0.102349052298016,-1.69051747493213,-0.996253456998407,-1.38862836742787,-1.09235613056672,-1.3059748702102,-0.586257166615464,-0.323826839949683,-2.01076497153947,-1.93864062927637,-1.36009794704248,-0.617297391602155,-1.08491104639647,-1.68661551172963,-1.19623071050313,0.97890199052883,-0.772199949954385,-2.7016421407085,1.3126587989762,-0.976528240206948,0.250481181687049,-1.46216646799368,-1.70622362530857,-0.881158047101758,-1.78384233742156,-1.10981927303007,-0.730601223963557,-1.36189707592307,-1.73883704869888,-2.04981836231905,-1.08023633411443,-1.76836849348039,-1.34297425292908,-1.07254798192938,-0.98713721784888,0.430076772822194,-1.51486866049589,-1.47810189843379,-1.91971111044253,-1.52858264371918,-0.649126993159178,1.15020878047599,0.350528145305166,1.00201998373711,0.81262547572268,0.842328944169959,-1.5295128120373,0.244971077456879,0.868847313778322,1.0386235722625,0.126134216540471,-0.747371701882785,-1.8388519837092,-1.36774756217728,-0.864508047569971,0.0772839693950349,-0.669170586180241,0.253560351996121,0.247916620939828,0.983884064995606,0.980189081286761,-0.296779399476184,-0.894535777632864,-1.1172242626697,0.412444895905236,1.00133162793089,-0.073114955217396,-0.967177712616247,-0.514048317136495,-0.47370678255741
