"subject","location","type","id","BMW3_UN_01","BMW3_UN_02","BMW3_UN_03","BMW3_UN_04","BMW3_ME_01","BMW3_ME_02","BMW3_ME_03","BMW3_ME_04","BMW3_IN_01","BMW3_IN_02","BMW3_IN_03","BMW3_IN_04","BMW3_UN","BMW3_ME","BMW3_IN","SspanPartialScoreBlock1","SspanPartialScoreBlock2","OspanPartialScoreBlock1","OspanPartialScoreBlock2","BMW3_UN_01_z","BMW3_UN_02_z","BMW3_UN_03_z","BMW3_UN_04_z","BMW3_ME_01_z","BMW3_ME_02_z","BMW3_ME_03_z","BMW3_ME_04_z","BMW3_IN_01_z","BMW3_IN_02_z","BMW3_IN_03_z","BMW3_IN_04_z","BMW3_UN_z","BMW3_ME_z","BMW3_IN_z","SspanPartialScoreBlock1_z","SspanPartialScoreBlock2_z","OspanPartialScoreBlock1_z","OspanPartialScoreBlock2_z"
1,"Heidelberg","lab",3,4,3,3,0,2,0,0,2,3,0,1,1,2.5,1,1.25,12,9,25,22,1.39141776538362,0.532835446324354,0.83622944348692,-2.27901965704394,-0.687714615118515,-2.79982577766932,-2.5797669685999,-0.613644603886595,0.730095103318932,-1.45070933325784,-1.36213147522224,-1.36620937747701,0.158361105790731,-2.10747296160108,-1.14559807611527,0.693404032995179,-0.393071207728664,1.21531584192494,0.414546205106663
2,"Heidelberg","lab",3,3,2,1,2,2,1,2,2,2,2,2,1,2,1.75,1.75,13,13,21,25,0.369536425494838,-0.342306407941706,-1.03664807043833,-0.351985875268877,-0.687714615118515,-1.84421773516506,-0.666998573276857,-0.613644603886595,-0.0581749086309905,0.0300523590693715,-0.525084695663904,-1.36620937747701,-0.477429407828351,-1.2009250685949,-0.614902215214009,1.07623685830737,0.985446126418341,0.277892341903569,1.16907994533678
3,"Heidelberg","lab",3,3,2,2,0,1,1,0,1,2,1,0,0,1.75,0.75,0.75,9,12,19,25,0.369536425494838,-0.342306407941706,-0.100209313475705,-2.27901965704394,-1.65336570681342,-1.84421773516506,-2.5797669685999,-1.58049162512652,-0.0581749086309905,-0.710328487094234,-2.19917825478059,-2.19080345608785,-0.795324664637892,-2.40965559260315,-1.67629393701653,-0.455094442941404,0.64081679288159,-0.190819408107118,1.16907994533678
4,"Heidelberg","lab",3,3,3,2,2,3,1,3,2,3,3,1,0,2.5,2.25,1.75,NA,NA,23,24,0.369536425494838,0.532835446324354,-0.100209313475705,-0.351985875268877,0.277936476576395,-1.84421773516506,0.289385624384667,-0.613644603886595,0.730095103318932,0.770433205232978,-1.36213147522224,-2.19080345608785,0.158361105790731,-0.596559806590783,-0.614902215214009,NA,NA,0.746604091914257,0.917568698593405
5,"Heidelberg","lab",3,3,3,4,1,2,0,1,3,3,1,1,1,2.75,1.5,1.5,10,14,23,25,0.369536425494838,0.532835446324354,1.77266820044955,-1.31550276615641,-0.687714615118515,-2.79982577766932,-1.62338277093838,0.35320241735333,0.730095103318932,-0.710328487094234,-1.36213147522224,-1.36620937747701,0.476256362600271,-1.50310769959696,-0.88025014566464,-0.0722616176292096,1.33007545995509,0.746604091914257,1.16907994533678
6,"Heidelberg","lab",3,4,2,1,1,1,0,0,2,3,1,3,1,2,0.75,2,12,9,25,23,1.39141776538362,-0.342306407941706,-1.03664807043833,-1.31550276615641,-1.65336570681342,-2.79982577766932,-2.5797669685999,-0.613644603886595,0.730095103318932,-0.710328487094234,0.311962083894437,-1.36620937747701,-0.477429407828351,-2.40965559260315,-0.349554284763378,0.693404032995179,-0.393071207728664,1.21531584192494,0.666057451850034
7,"Heidelberg","lab",3,3,1,1,3,1,3,3,1,0,3,3,2,2,2,2,10,10,18,22,0.369536425494838,-1.21744826220777,-1.03664807043833,0.611531015618656,-1.65336570681342,0.0669983498434718,0.289385624384667,-1.58049162512652,-1.63471493253084,0.770433205232978,0.311962083894437,-0.541615298866163,-0.477429407828351,-0.898742437592843,-0.349554284763378,-0.0722616176292096,-0.0484418741919128,-0.425175283112462,0.414546205106663
8,"Heidelberg","lab",3,2,1,2,1,0,3,0,1,3,0,3,2,1.5,1,2,8,14,25,20,-0.652344914393948,-1.21744826220777,-0.100209313475705,-1.31550276615641,-2.61901679850833,0.0669983498434718,-2.5797669685999,-1.58049162512652,0.730095103318932,-1.45070933325784,0.311962083894437,-0.541615298866163,-1.11321992144743,-2.10747296160108,-0.349554284763378,-0.837927268253599,1.33007545995509,1.21531584192494,-0.0884762883800787
9,"Heidelberg","lab",3,3,2,3,1,1,0,1,1,2,1,2,2,2.25,0.75,1.75,11,9,24,25,0.369536425494838,-0.342306407941706,0.83622944348692,-1.31550276615641,-1.65336570681342,-2.79982577766932,-1.62338277093838,-1.58049162512652,-0.0581749086309905,-0.710328487094234,-0.525084695663904,-0.541615298866163,-0.15953415101881,-2.40965559260315,-0.614902215214009,0.310571207682985,-0.393071207728664,0.9809599669196,1.16907994533678
10,"Heidelberg","lab",3,2,3,3,2,3,3,3,2,4,3,4,4,2.5,2.75,3.75,10,12,18,19,-0.652344914393948,0.532835446324354,0.83622944348692,-0.351985875268877,0.277936476576395,0.0669983498434718,0.289385624384667,-0.613644603886595,1.51836511526885,0.770433205232978,1.14900886345278,1.10757285835552,0.158361105790731,0.00780545541333758,1.50788122839104,-0.0722616176292096,0.64081679288159,-0.425175283112462,-0.33998753512345
11,"Heidelberg","lab",3,2,3,1,1,4,4,4,4,0,0,0,4,1.75,4,1,12,9,17,19,-0.652344914393948,0.532835446324354,-1.03664807043833,-1.31550276615641,1.2435875682713,1.02260639234774,1.24576982204619,1.32004943859326,-1.63471493253084,-1.45070933325784,-2.19917825478059,1.10757285835552,-0.795324664637892,1.51871861042364,-1.4109460065659,0.693404032995179,-0.393071207728664,-0.659531158117806,-0.33998753512345
12,"Heidelberg","lab",3,2,3,2,3,3,3,3,2,2,1,3,2,2.5,2.75,2,NA,NA,19,15,-0.652344914393948,0.532835446324354,-0.100209313475705,0.611531015618656,0.277936476576395,0.0669983498434718,0.289385624384667,-0.613644603886595,-0.0581749086309905,-0.710328487094234,0.311962083894437,-0.541615298866163,0.158361105790731,0.00780545541333758,-0.349554284763378,NA,NA,-0.190819408107118,-1.34603252209693
13,"Heidelberg","lab",3,2,2,1,2,3,3,3,2,0,0,2,2,1.75,2.75,1,6,6,NA,NA,-0.652344914393948,-0.342306407941706,-1.03664807043833,-0.351985875268877,0.277936476576395,0.0669983498434718,0.289385624384667,-0.613644603886595,-1.63471493253084,-1.45070933325784,-0.525084695663904,-0.541615298866163,-0.795324664637892,0.00780545541333758,-1.4109460065659,-1.60359291887799,-1.42695920833892,NA,NA
14,"Heidelberg","lab",3,3,3,4,4,2,1,1,0,0,3,2,2,3.5,1,1.75,8,10,9,25,0.369536425494838,0.532835446324354,1.77266820044955,1.57504790650619,-0.687714615118515,-1.84421773516506,-1.62338277093838,-2.54733864636645,-1.63471493253084,0.770433205232978,-0.525084695663904,-0.541615298866163,1.42994213302889,-2.10747296160108,-0.614902215214009,-0.837927268253599,-0.0484418741919128,-2.53437815816056,1.16907994533678
15,"Heidelberg","lab",3,3,3,3,2,3,3,3,3,3,1,3,3,2.75,3,2.5,9,9,NA,NA,0.369536425494838,0.532835446324354,0.83622944348692,-0.351985875268877,0.277936476576395,0.0669983498434718,0.289385624384667,0.35320241735333,0.730095103318932,-0.710328487094234,0.311962083894437,0.28297877974468,0.476256362600271,0.309988086415398,0.181141576137885,-0.455094442941404,-0.393071207728664,NA,NA
16,"Heidelberg","lab",3,3,3,3,3,2,1,2,2,3,4,4,4,3,1.75,3.75,13,9,17,19,0.369536425494838,0.532835446324354,0.83622944348692,0.611531015618656,-0.687714615118515,-1.84421773516506,-0.666998573276857,-0.613644603886595,0.730095103318932,1.51081405139658,1.14900886345278,1.10757285835552,0.794151619409812,-1.2009250685949,1.50788122839104,1.07623685830737,-0.393071207728664,-0.659531158117806,-0.33998753512345
17,"Heidelberg","lab",3,4,2,3,4,3,3,3,2,2,3,3,4,3.25,2.75,3,8,5,21,23,1.39141776538362,-0.342306407941706,0.83622944348692,1.57504790650619,0.277936476576395,0.0669983498434718,0.289385624384667,-0.613644603886595,-0.0581749086309905,0.770433205232978,0.311962083894437,1.10757285835552,1.11204687621935,0.00780545541333758,0.711837437039147,-0.837927268253599,-1.77158854187567,0.277892341903569,0.666057451850034
18,"Heidelberg","lab",3,4,3,3,3,2,3,1,3,1,2,4,4,3.25,2.25,2.75,13,6,24,22,1.39141776538362,0.532835446324354,0.83622944348692,0.611531015618656,-0.687714615118515,0.0669983498434718,-1.62338277093838,0.35320241735333,-0.846444920580913,0.0300523590693715,1.14900886345278,1.10757285835552,1.11204687621935,-0.596559806590783,0.446489506588516,1.07623685830737,-1.42695920833892,0.9809599669196,0.414546205106663
19,"Heidelberg","lab",3,3,3,1,2,4,3,4,3,1,2,2,3,2.25,3.5,2,5,2,22,20,0.369536425494838,0.532835446324354,-1.03664807043833,-0.351985875268877,1.2435875682713,0.0669983498434718,1.24576982204619,0.35320241735333,-0.846444920580913,0.0300523590693715,-0.525084695663904,0.28297877974468,-0.15953415101881,0.914353348419519,-0.349554284763378,-1.98642574419018,-2.80547654248592,0.512248216908913,-0.0884762883800787
20,"Heidelberg","lab",3,2,1,1,1,2,2,3,2,1,0,3,3,1.25,2.25,1.75,8,8,23,25,-0.652344914393948,-1.21744826220777,-1.03664807043833,-1.31550276615641,-0.687714615118515,-0.888609692660794,0.289385624384667,-0.613644603886595,-0.846444920580913,-1.45070933325784,0.311962083894437,0.28297877974468,-1.43111517825697,-0.596559806590783,-0.614902215214009,-0.837927268253599,-0.737700541265416,0.746604091914257,1.16907994533678
21,"Heidelberg","lab",3,3,0,3,3,3,4,3,3,1,1,4,4,2.25,3.25,2.5,14,13,23,25,0.369536425494838,-2.09259011647383,0.83622944348692,0.611531015618656,0.277936476576395,1.02260639234774,0.289385624384667,0.35320241735333,-0.846444920580913,-0.710328487094234,1.14900886345278,1.10757285835552,-0.15953415101881,0.612170717417458,0.181141576137885,1.45906968361957,0.985446126418341,0.746604091914257,1.16907994533678
22,"Heidelberg","lab",3,4,3,3,4,3,4,3,2,3,2,3,3,3.5,3,2.75,10,4,23,24,1.39141776538362,0.532835446324354,0.83622944348692,1.57504790650619,0.277936476576395,1.02260639234774,0.289385624384667,-0.613644603886595,0.730095103318932,0.0300523590693715,0.311962083894437,0.28297877974468,1.42994213302889,0.309988086415398,0.446489506588516,-0.0722616176292096,-2.11621787541242,0.746604091914257,0.917568698593405
23,"Heidelberg","lab",3,3,3,3,3,4,3,4,4,2,3,3,4,3,3.75,3,13,14,24,24,0.369536425494838,0.532835446324354,0.83622944348692,0.611531015618656,1.2435875682713,0.0669983498434718,1.24576982204619,1.32004943859326,-0.0581749086309905,0.770433205232978,0.311962083894437,1.10757285835552,0.794151619409812,1.21653597942158,0.711837437039147,1.07623685830737,1.33007545995509,0.9809599669196,0.917568698593405
24,"Heidelberg","lab",3,3,3,3,3,3,3,3,1,3,1,4,3,3,2.5,2.75,9,11,20,21,0.369536425494838,0.532835446324354,0.83622944348692,0.611531015618656,0.277936476576395,0.0669983498434718,0.289385624384667,-1.58049162512652,0.730095103318932,-0.710328487094234,1.14900886345278,0.28297877974468,0.794151619409812,-0.294377175588723,0.446489506588516,-0.455094442941404,0.296187459344839,0.0435364668982256,0.163034958363292
25,"Heidelberg","lab",3,3,3,1,1,3,4,3,3,0,1,2,1,2,3.25,1,10,9,22,21,0.369536425494838,0.532835446324354,-1.03664807043833,-1.31550276615641,0.277936476576395,1.02260639234774,0.289385624384667,0.35320241735333,-1.63471493253084,-0.710328487094234,-0.525084695663904,-1.36620937747701,-0.477429407828351,0.612170717417458,-1.4109460065659,-0.0722616176292096,-0.393071207728664,0.512248216908913,0.163034958363292
26,"Heidelberg","lab",3,2,3,3,2,3,2,3,2,2,3,3,3,2.5,2.5,2.75,NA,NA,NA,NA,-0.652344914393948,0.532835446324354,0.83622944348692,-0.351985875268877,0.277936476576395,-0.888609692660794,0.289385624384667,-0.613644603886595,-0.0581749086309905,0.770433205232978,0.311962083894437,0.28297877974468,0.158361105790731,-0.294377175588723,0.446489506588516,NA,NA,NA,NA
27,"Heidelberg","lab",3,3,3,1,2,3,2,2,1,2,3,3,3,2.25,2,2.75,10,13,24,22,0.369536425494838,0.532835446324354,-1.03664807043833,-0.351985875268877,0.277936476576395,-0.888609692660794,-0.666998573276857,-1.58049162512652,-0.0581749086309905,0.770433205232978,0.311962083894437,0.28297877974468,-0.15953415101881,-0.898742437592843,0.446489506588516,-0.0722616176292096,0.985446126418341,0.9809599669196,0.414546205106663
28,"Heidelberg","lab",3,3,3,2,3,3,3,3,3,3,3,4,2,2.75,3,3,13,9,25,25,0.369536425494838,0.532835446324354,-0.100209313475705,0.611531015618656,0.277936476576395,0.0669983498434718,0.289385624384667,0.35320241735333,0.730095103318932,0.770433205232978,1.14900886345278,-0.541615298866163,0.476256362600271,0.309988086415398,0.711837437039147,1.07623685830737,-0.393071207728664,1.21531584192494,1.16907994533678
29,"Heidelberg","lab",3,4,1,2,3,2,2,2,2,1,1,2,3,2.5,2,1.75,11,7,25,23,1.39141776538362,-1.21744826220777,-0.100209313475705,0.611531015618656,-0.687714615118515,-0.888609692660794,-0.666998573276857,-0.613644603886595,-0.846444920580913,-0.710328487094234,-0.525084695663904,0.28297877974468,0.158361105790731,-0.898742437592843,-0.614902215214009,0.310571207682985,-1.08232987480217,1.21531584192494,0.666057451850034
30,"Heidelberg","lab",3,3,3,1,3,3,3,3,3,2,2,3,1,2.5,3,2,6,10,NA,NA,0.369536425494838,0.532835446324354,-1.03664807043833,0.611531015618656,0.277936476576395,0.0669983498434718,0.289385624384667,0.35320241735333,-0.0581749086309905,0.0300523590693715,0.311962083894437,-1.36620937747701,0.158361105790731,0.309988086415398,-0.349554284763378,-1.60359291887799,-0.0484418741919128,NA,NA
31,"Heidelberg","lab",3,3,3,3,3,1,1,1,1,2,2,2,3,3,1,2.25,11,8,24,20,0.369536425494838,0.532835446324354,0.83622944348692,0.611531015618656,-1.65336570681342,-1.84421773516506,-1.62338277093838,-1.58049162512652,-0.0581749086309905,0.0300523590693715,-0.525084695663904,0.28297877974468,0.794151619409812,-2.10747296160108,-0.0842063543127464,0.310571207682985,-0.737700541265416,0.9809599669196,-0.0884762883800787
32,"Heidelberg","lab",3,2,3,3,3,2,3,3,3,2,1,2,3,2.75,2.75,2,NA,NA,NA,NA,-0.652344914393948,0.532835446324354,0.83622944348692,0.611531015618656,-0.687714615118515,0.0669983498434718,0.289385624384667,0.35320241735333,-0.0581749086309905,-0.710328487094234,-0.525084695663904,0.28297877974468,0.476256362600271,0.00780545541333758,-0.349554284763378,NA,NA,NA,NA
33,"Heidelberg","lab",3,2,2,2,4,2,4,4,3,0,0,0,0,2.5,3.25,0,9,12,17,25,-0.652344914393948,-0.342306407941706,-0.100209313475705,1.57504790650619,-0.687714615118515,1.02260639234774,1.24576982204619,0.35320241735333,-1.63471493253084,-1.45070933325784,-2.19917825478059,-2.19080345608785,0.158361105790731,0.612170717417458,-2.47233772836843,-0.455094442941404,0.64081679288159,-0.659531158117806,1.16907994533678
34,"Heidelberg","lab",3,3,4,2,1,1,3,1,1,1,0,4,4,2.5,1.5,2.25,9,11,NA,NA,0.369536425494838,1.40797730059041,-0.100209313475705,-1.31550276615641,-1.65336570681342,0.0669983498434718,-1.62338277093838,-1.58049162512652,-0.846444920580913,-1.45070933325784,1.14900886345278,1.10757285835552,0.158361105790731,-1.50310769959696,-0.0842063543127464,-0.455094442941404,0.296187459344839,NA,NA
35,"Heidelberg","lab",3,3,3,1,3,4,4,4,4,1,0,1,3,2.5,4,1.25,NA,NA,21,17,0.369536425494838,0.532835446324354,-1.03664807043833,0.611531015618656,1.2435875682713,1.02260639234774,1.24576982204619,1.32004943859326,-0.846444920580913,-1.45070933325784,-1.36213147522224,0.28297877974468,0.158361105790731,1.51871861042364,-1.14559807611527,NA,NA,0.277892341903569,-0.843010028610192
36,"Heidelberg","lab",3,4,4,3,4,1,2,2,2,4,4,4,0,3.75,1.75,3,10,9,20,19,1.39141776538362,1.40797730059041,0.83622944348692,1.57504790650619,-1.65336570681342,-0.888609692660794,-0.666998573276857,-0.613644603886595,1.51836511526885,1.51081405139658,1.14900886345278,-2.19080345608785,1.74783738983843,-1.2009250685949,0.711837437039147,-0.0722616176292096,-0.393071207728664,0.0435364668982256,-0.33998753512345
37,"Heidelberg","lab",3,2,3,2,3,3,3,3,4,4,3,4,3,2.5,3.25,3.5,9,12,25,19,-0.652344914393948,0.532835446324354,-0.100209313475705,0.611531015618656,0.277936476576395,0.0669983498434718,0.289385624384667,1.32004943859326,1.51836511526885,0.770433205232978,1.14900886345278,0.28297877974468,0.158361105790731,0.612170717417458,1.24253329794041,-0.455094442941404,0.64081679288159,1.21531584192494,-0.33998753512345
38,"Heidelberg","lab",3,3,3,3,2,2,2,2,2,3,3,3,2,2.75,2,2.75,5,10,25,25,0.369536425494838,0.532835446324354,0.83622944348692,-0.351985875268877,-0.687714615118515,-0.888609692660794,-0.666998573276857,-0.613644603886595,0.730095103318932,0.770433205232978,0.311962083894437,-0.541615298866163,0.476256362600271,-0.898742437592843,0.446489506588516,-1.98642574419018,-0.0484418741919128,1.21531584192494,1.16907994533678
39,"Heidelberg","lab",3,3,3,3,3,3,2,3,2,0,0,2,1,3,2.5,0.75,3,7,24,22,0.369536425494838,0.532835446324354,0.83622944348692,0.611531015618656,0.277936476576395,-0.888609692660794,0.289385624384667,-0.613644603886595,-1.63471493253084,-1.45070933325784,-0.525084695663904,-1.36620937747701,0.794151619409812,-0.294377175588723,-1.67629393701653,-2.75209139481457,-1.08232987480217,0.9809599669196,0.414546205106663
40,"Heidelberg","lab",3,4,3,3,3,3,3,1,2,3,3,3,1,3.25,2.25,2.5,4,2,22,19,1.39141776538362,0.532835446324354,0.83622944348692,0.611531015618656,0.277936476576395,0.0669983498434718,-1.62338277093838,-0.613644603886595,0.730095103318932,0.770433205232978,0.311962083894437,-1.36620937747701,1.11204687621935,-0.596559806590783,0.181141576137885,-2.36925856950238,-2.80547654248592,0.512248216908913,-0.33998753512345
41,"Heidelberg","lab",3,3,4,2,3,4,4,4,4,4,4,4,4,3,4,4,9,13,25,17,0.369536425494838,1.40797730059041,-0.100209313475705,0.611531015618656,1.2435875682713,1.02260639234774,1.24576982204619,1.32004943859326,1.51836511526885,1.51081405139658,1.14900886345278,1.10757285835552,0.794151619409812,1.51871861042364,1.77322915884167,-0.455094442941404,0.985446126418341,1.21531584192494,-0.843010028610192
42,"Heidelberg","lab",4,4,4,3,2,4,4,0,4,3,4,0,3,3.25,3,2.5,12,11,18,20,1.39141776538362,1.40797730059041,0.83622944348692,-0.351985875268877,1.2435875682713,1.02260639234774,-2.5797669685999,1.32004943859326,0.730095103318932,1.51081405139658,-2.19917825478059,0.28297877974468,1.11204687621935,0.309988086415398,0.181141576137885,0.693404032995179,0.296187459344839,-0.425175283112462,-0.0884762883800787
43,"Heidelberg","lab",4,3,3,1,1,4,4,3,3,0,3,3,3,2,3.5,2.25,10,10,13,10,0.369536425494838,0.532835446324354,-1.03664807043833,-1.31550276615641,1.2435875682713,1.02260639234774,0.289385624384667,0.35320241735333,-1.63471493253084,0.770433205232978,0.311962083894437,0.28297877974468,-0.477429407828351,0.914353348419519,-0.0842063543127464,-0.0722616176292096,-0.0484418741919128,-1.59695465813918,-2.60358875581379
44,"Heidelberg","lab",4,4,2,3,4,1,3,1,1,1,1,3,1,3.25,1.5,1.5,12,12,21,25,1.39141776538362,-0.342306407941706,0.83622944348692,1.57504790650619,-1.65336570681342,0.0669983498434718,-1.62338277093838,-1.58049162512652,-0.846444920580913,-0.710328487094234,0.311962083894437,-1.36620937747701,1.11204687621935,-1.50310769959696,-0.88025014566464,0.693404032995179,0.64081679288159,0.277892341903569,1.16907994533678
45,"Heidelberg","lab",4,1,2,1,1,3,3,3,2,0,1,2,1,1.25,2.75,1,9,11,13,11,-1.67422625428273,-0.342306407941706,-1.03664807043833,-1.31550276615641,0.277936476576395,0.0669983498434718,0.289385624384667,-0.613644603886595,-1.63471493253084,-0.710328487094234,-0.525084695663904,-1.36620937747701,-1.43111517825697,0.00780545541333758,-1.4109460065659,-0.455094442941404,0.296187459344839,-1.59695465813918,-2.35207750907042
46,"Heidelberg","lab",4,1,0,1,1,3,4,3,3,1,2,2,3,0.75,3.25,2,14,13,21,21,-1.67422625428273,-2.09259011647383,-1.03664807043833,-1.31550276615641,0.277936476576395,1.02260639234774,0.289385624384667,0.35320241735333,-0.846444920580913,0.0300523590693715,-0.525084695663904,0.28297877974468,-2.06690569187606,0.612170717417458,-0.349554284763378,1.45906968361957,0.985446126418341,0.277892341903569,0.163034958363292
47,"Heidelberg","lab",4,4,4,4,2,4,1,1,4,0,0,2,0,3.5,2.5,0.5,13,12,23,20,1.39141776538362,1.40797730059041,1.77266820044955,-0.351985875268877,1.2435875682713,-1.84421773516506,-1.62338277093838,1.32004943859326,-1.63471493253084,-1.45070933325784,-0.525084695663904,-2.19080345608785,1.42994213302889,-0.294377175588723,-1.94164186746717,1.07623685830737,0.64081679288159,0.746604091914257,-0.0884762883800787
48,"Heidelberg","lab",4,3,1,1,3,3,3,3,3,2,3,3,3,2,3,2.75,7,6,13,14,0.369536425494838,-1.21744826220777,-1.03664807043833,0.611531015618656,0.277936476576395,0.0669983498434718,0.289385624384667,0.35320241735333,-0.0581749086309905,0.770433205232978,0.311962083894437,0.28297877974468,-0.477429407828351,0.309988086415398,0.446489506588516,-1.22076009356579,-1.42695920833892,-1.59695465813918,-1.5975437688403
49,"Heidelberg","lab",4,3,2,3,4,3,4,3,2,2,1,3,3,3,3,2.25,10,8,25,23,0.369536425494838,-0.342306407941706,0.83622944348692,1.57504790650619,0.277936476576395,1.02260639234774,0.289385624384667,-0.613644603886595,-0.0581749086309905,-0.710328487094234,0.311962083894437,0.28297877974468,0.794151619409812,0.309988086415398,-0.0842063543127464,-0.0722616176292096,-0.737700541265416,1.21531584192494,0.666057451850034
50,"Heidelberg","lab",4,3,2,1,1,3,3,3,3,2,3,3,4,1.75,3,3,8,8,21,23,0.369536425494838,-0.342306407941706,-1.03664807043833,-1.31550276615641,0.277936476576395,0.0669983498434718,0.289385624384667,0.35320241735333,-0.0581749086309905,0.770433205232978,0.311962083894437,1.10757285835552,-0.795324664637892,0.309988086415398,0.711837437039147,-0.837927268253599,-0.737700541265416,0.277892341903569,0.666057451850034
51,"Heidelberg","lab",4,3,3,1,2,2,3,2,1,4,3,4,4,2.25,2,3.75,8,7,18,23,0.369536425494838,0.532835446324354,-1.03664807043833,-0.351985875268877,-0.687714615118515,0.0669983498434718,-0.666998573276857,-1.58049162512652,1.51836511526885,0.770433205232978,1.14900886345278,1.10757285835552,-0.15953415101881,-0.898742437592843,1.50788122839104,-0.837927268253599,-1.08232987480217,-0.425175283112462,0.666057451850034
52,"Heidelberg","lab",4,1,1,0,1,3,4,4,4,2,2,3,0,0.75,3.75,1.75,11,14,19,22,-1.67422625428273,-1.21744826220777,-1.97308682740096,-1.31550276615641,0.277936476576395,1.02260639234774,1.24576982204619,1.32004943859326,-0.0581749086309905,0.0300523590693715,0.311962083894437,-2.19080345608785,-2.06690569187606,1.21653597942158,-0.614902215214009,0.310571207682985,1.33007545995509,-0.190819408107118,0.414546205106663
53,"Heidelberg","lab",4,3,3,2,2,3,3,3,3,1,2,2,3,2.5,3,2,10,10,24,23,0.369536425494838,0.532835446324354,-0.100209313475705,-0.351985875268877,0.277936476576395,0.0669983498434718,0.289385624384667,0.35320241735333,-0.846444920580913,0.0300523590693715,-0.525084695663904,0.28297877974468,0.158361105790731,0.309988086415398,-0.349554284763378,-0.0722616176292096,-0.0484418741919128,0.9809599669196,0.666057451850034
54,"Heidelberg","lab",4,3,3,4,3,2,3,3,3,3,3,3,3,3.25,2.75,3,NA,NA,19,18,0.369536425494838,0.532835446324354,1.77266820044955,0.611531015618656,-0.687714615118515,0.0669983498434718,0.289385624384667,0.35320241735333,0.730095103318932,0.770433205232978,0.311962083894437,0.28297877974468,1.11204687621935,0.00780545541333758,0.711837437039147,NA,NA,-0.190819408107118,-0.591498781866821
55,"Heidelberg","lab",4,4,4,4,3,2,3,2,3,3,3,3,3,3.75,2.5,3,8,9,19,25,1.39141776538362,1.40797730059041,1.77266820044955,0.611531015618656,-0.687714615118515,0.0669983498434718,-0.666998573276857,0.35320241735333,0.730095103318932,0.770433205232978,0.311962083894437,0.28297877974468,1.74783738983843,-0.294377175588723,0.711837437039147,-0.837927268253599,-0.393071207728664,-0.190819408107118,1.16907994533678
56,"Heidelberg","lab",4,2,1,3,1,4,3,4,4,2,2,4,4,1.75,3.75,3,9,9,24,21,-0.652344914393948,-1.21744826220777,0.83622944348692,-1.31550276615641,1.2435875682713,0.0669983498434718,1.24576982204619,1.32004943859326,-0.0581749086309905,0.0300523590693715,1.14900886345278,1.10757285835552,-0.795324664637892,1.21653597942158,0.711837437039147,-0.455094442941404,-0.393071207728664,0.9809599669196,0.163034958363292
57,"Heidelberg","lab",4,4,3,3,3,3,4,4,3,3,3,3,1,3.25,3.5,2.5,14,13,17,19,1.39141776538362,0.532835446324354,0.83622944348692,0.611531015618656,0.277936476576395,1.02260639234774,1.24576982204619,0.35320241735333,0.730095103318932,0.770433205232978,0.311962083894437,-1.36620937747701,1.11204687621935,0.914353348419519,0.181141576137885,1.45906968361957,0.985446126418341,-0.659531158117806,-0.33998753512345
58,"Heidelberg","lab",4,3,1,2,4,3,3,3,2,4,4,4,4,2.5,2.75,4,10,12,14,14,0.369536425494838,-1.21744826220777,-0.100209313475705,1.57504790650619,0.277936476576395,0.0669983498434718,0.289385624384667,-0.613644603886595,1.51836511526885,1.51081405139658,1.14900886345278,1.10757285835552,0.158361105790731,0.00780545541333758,1.77322915884167,-0.0722616176292096,0.64081679288159,-1.36259878313384,-1.5975437688403
59,"Heidelberg","lab",4,3,3,2,2,3,3,3,3,3,3,4,3,2.5,3,3.25,10,13,23,22,0.369536425494838,0.532835446324354,-0.100209313475705,-0.351985875268877,0.277936476576395,0.0669983498434718,0.289385624384667,0.35320241735333,0.730095103318932,0.770433205232978,1.14900886345278,0.28297877974468,0.158361105790731,0.309988086415398,0.977185367489779,-0.0722616176292096,0.985446126418341,0.746604091914257,0.414546205106663
60,"Heidelberg","lab",4,3,3,4,4,3,3,3,3,2,1,2,0,3.5,3,1.25,10,14,25,25,0.369536425494838,0.532835446324354,1.77266820044955,1.57504790650619,0.277936476576395,0.0669983498434718,0.289385624384667,0.35320241735333,-0.0581749086309905,-0.710328487094234,-0.525084695663904,-2.19080345608785,1.42994213302889,0.309988086415398,-1.14559807611527,-0.0722616176292096,1.33007545995509,1.21531584192494,1.16907994533678
61,"Heidelberg","lab",4,2,3,1,3,3,4,2,0,0,0,1,0,2.25,2.25,0.25,12,8,22,21,-0.652344914393948,0.532835446324354,-1.03664807043833,0.611531015618656,0.277936476576395,1.02260639234774,-0.666998573276857,-2.54733864636645,-1.63471493253084,-1.45070933325784,-1.36213147522224,-2.19080345608785,-0.15953415101881,-0.596559806590783,-2.2069897979178,0.693404032995179,-0.737700541265416,0.512248216908913,0.163034958363292
62,"Heidelberg","lab",4,1,1,1,1,3,4,4,3,2,0,3,3,1,3.5,2,9,4,22,18,-1.67422625428273,-1.21744826220777,-1.03664807043833,-1.31550276615641,0.277936476576395,1.02260639234774,1.24576982204619,0.35320241735333,-0.0581749086309905,-1.45070933325784,0.311962083894437,0.28297877974468,-1.74901043506651,0.914353348419519,-0.349554284763378,-0.455094442941404,-2.11621787541242,0.512248216908913,-0.591498781866821
63,"Heidelberg","lab",4,1,1,2,3,4,4,4,4,0,0,0,4,1.75,4,1,11,12,25,25,-1.67422625428273,-1.21744826220777,-0.100209313475705,0.611531015618656,1.2435875682713,1.02260639234774,1.24576982204619,1.32004943859326,-1.63471493253084,-1.45070933325784,-2.19917825478059,1.10757285835552,-0.795324664637892,1.51871861042364,-1.4109460065659,0.310571207682985,0.64081679288159,1.21531584192494,1.16907994533678
64,"Heidelberg","lab",4,1,3,1,1,4,3,4,4,1,0,3,3,1.5,3.75,1.75,8,7,15,16,-1.67422625428273,0.532835446324354,-1.03664807043833,-1.31550276615641,1.2435875682713,0.0669983498434718,1.24576982204619,1.32004943859326,-0.846444920580913,-1.45070933325784,0.311962083894437,0.28297877974468,-1.11321992144743,1.21653597942158,-0.614902215214009,-0.837927268253599,-1.08232987480217,-1.12824290812849,-1.09452127535356
65,"Heidelberg","lab",4,1,1,2,1,3,1,2,2,0,1,0,3,1.25,2,1,12,14,25,25,-1.67422625428273,-1.21744826220777,-0.100209313475705,-1.31550276615641,0.277936476576395,-1.84421773516506,-0.666998573276857,-0.613644603886595,-1.63471493253084,-0.710328487094234,-2.19917825478059,0.28297877974468,-1.43111517825697,-0.898742437592843,-1.4109460065659,0.693404032995179,1.33007545995509,1.21531584192494,1.16907994533678
66,"Heidelberg","lab",4,4,4,4,4,0,1,1,3,4,4,4,1,4,1.25,3.25,12,14,24,18,1.39141776538362,1.40797730059041,1.77266820044955,1.57504790650619,-2.61901679850833,-1.84421773516506,-1.62338277093838,0.35320241735333,1.51836511526885,1.51081405139658,1.14900886345278,-1.36620937747701,2.06573264664798,-1.80529033059902,0.977185367489779,0.693404032995179,1.33007545995509,0.9809599669196,-0.591498781866821
67,"Heidelberg","lab",4,2,1,1,3,4,4,3,3,1,1,2,4,1.75,3.5,2,10,9,18,19,-0.652344914393948,-1.21744826220777,-1.03664807043833,0.611531015618656,1.2435875682713,1.02260639234774,0.289385624384667,0.35320241735333,-0.846444920580913,-0.710328487094234,-0.525084695663904,1.10757285835552,-0.795324664637892,0.914353348419519,-0.349554284763378,-0.0722616176292096,-0.393071207728664,-0.425175283112462,-0.33998753512345
68,"Heidelberg","lab",4,1,3,1,1,3,3,2,3,1,2,1,3,1.5,2.75,1.75,11,10,19,22,-1.67422625428273,0.532835446324354,-1.03664807043833,-1.31550276615641,0.277936476576395,0.0669983498434718,-0.666998573276857,0.35320241735333,-0.846444920580913,0.0300523590693715,-1.36213147522224,0.28297877974468,-1.11321992144743,0.00780545541333758,-0.614902215214009,0.310571207682985,-0.0484418741919128,-0.190819408107118,0.414546205106663
69,"Heidelberg","lab",4,3,3,2,2,4,4,3,3,4,4,4,4,2.5,3.5,4,11,9,12,14,0.369536425494838,0.532835446324354,-0.100209313475705,-0.351985875268877,1.2435875682713,1.02260639234774,0.289385624384667,0.35320241735333,1.51836511526885,1.51081405139658,1.14900886345278,1.10757285835552,0.158361105790731,0.914353348419519,1.77322915884167,0.310571207682985,-0.393071207728664,-1.83131053314452,-1.5975437688403
70,"Heidelberg","lab",4,3,3,2,3,3,4,3,2,3,2,3,2,2.75,3,2.5,10,14,24,21,0.369536425494838,0.532835446324354,-0.100209313475705,0.611531015618656,0.277936476576395,1.02260639234774,0.289385624384667,-0.613644603886595,0.730095103318932,0.0300523590693715,0.311962083894437,-0.541615298866163,0.476256362600271,0.309988086415398,0.181141576137885,-0.0722616176292096,1.33007545995509,0.9809599669196,0.163034958363292
71,"Heidelberg","lab",4,3,3,3,3,3,3,3,3,3,3,3,3,3,3,3,8,9,12,20,0.369536425494838,0.532835446324354,0.83622944348692,0.611531015618656,0.277936476576395,0.0669983498434718,0.289385624384667,0.35320241735333,0.730095103318932,0.770433205232978,0.311962083894437,0.28297877974468,0.794151619409812,0.309988086415398,0.711837437039147,-0.837927268253599,-0.393071207728664,-1.83131053314452,-0.0884762883800787
72,"Heidelberg","lab",4,3,2,3,3,3,1,3,3,3,4,3,1,2.75,2.5,2.75,NA,NA,20,19,0.369536425494838,-0.342306407941706,0.83622944348692,0.611531015618656,0.277936476576395,-1.84421773516506,0.289385624384667,0.35320241735333,0.730095103318932,1.51081405139658,0.311962083894437,-1.36620937747701,0.476256362600271,-0.294377175588723,0.446489506588516,NA,NA,0.0435364668982256,-0.33998753512345
73,"Heidelberg","lab",4,1,1,1,1,4,3,3,3,3,3,3,1,1,3.25,2.5,12,10,23,25,-1.67422625428273,-1.21744826220777,-1.03664807043833,-1.31550276615641,1.2435875682713,0.0669983498434718,0.289385624384667,0.35320241735333,0.730095103318932,0.770433205232978,0.311962083894437,-1.36620937747701,-1.74901043506651,0.612170717417458,0.181141576137885,0.693404032995179,-0.0484418741919128,0.746604091914257,1.16907994533678
74,"Heidelberg","lab",4,3,3,3,4,2,3,2,1,3,3,3,3,3.25,2,3,10,10,16,16,0.369536425494838,0.532835446324354,0.83622944348692,1.57504790650619,-0.687714615118515,0.0669983498434718,-0.666998573276857,-1.58049162512652,0.730095103318932,0.770433205232978,0.311962083894437,0.28297877974468,1.11204687621935,-0.898742437592843,0.711837437039147,-0.0722616176292096,-0.0484418741919128,-0.893887033123149,-1.09452127535356
75,"Heidelberg","lab",4,3,3,1,2,3,1,2,2,3,4,3,3,2.25,2,3.25,4,8,9,12,0.369536425494838,0.532835446324354,-1.03664807043833,-0.351985875268877,0.277936476576395,-1.84421773516506,-0.666998573276857,-0.613644603886595,0.730095103318932,1.51081405139658,0.311962083894437,0.28297877974468,-0.15953415101881,-0.898742437592843,0.977185367489779,-2.36925856950238,-0.737700541265416,-2.53437815816056,-2.10056626232705
76,"Heidelberg","lab",4,3,3,3,3,1,2,1,3,3,1,2,4,3,1.75,2.5,9,12,16,15,0.369536425494838,0.532835446324354,0.83622944348692,0.611531015618656,-1.65336570681342,-0.888609692660794,-1.62338277093838,0.35320241735333,0.730095103318932,-0.710328487094234,-0.525084695663904,1.10757285835552,0.794151619409812,-1.2009250685949,0.181141576137885,-0.455094442941404,0.64081679288159,-0.893887033123149,-1.34603252209693
77,"Heidelberg","lab",4,2,1,1,1,4,0,4,3,2,1,3,3,1.25,2.75,2.25,9,9,17,21,-0.652344914393948,-1.21744826220777,-1.03664807043833,-1.31550276615641,1.2435875682713,-2.79982577766932,1.24576982204619,0.35320241735333,-0.0581749086309905,-0.710328487094234,0.311962083894437,0.28297877974468,-1.43111517825697,0.00780545541333758,-0.0842063543127464,-0.455094442941404,-0.393071207728664,-0.659531158117806,0.163034958363292
78,"Heidelberg","lab",4,2,3,3,3,2,4,3,3,4,4,4,3,2.75,3,3.75,14,12,NA,NA,-0.652344914393948,0.532835446324354,0.83622944348692,0.611531015618656,-0.687714615118515,1.02260639234774,0.289385624384667,0.35320241735333,1.51836511526885,1.51081405139658,1.14900886345278,0.28297877974468,0.476256362600271,0.309988086415398,1.50788122839104,1.45906968361957,0.64081679288159,NA,NA
79,"Heidelberg","lab",4,3,3,3,3,2,3,2,2,2,3,3,4,3,2.25,3,5,7,19,19,0.369536425494838,0.532835446324354,0.83622944348692,0.611531015618656,-0.687714615118515,0.0669983498434718,-0.666998573276857,-0.613644603886595,-0.0581749086309905,0.770433205232978,0.311962083894437,1.10757285835552,0.794151619409812,-0.596559806590783,0.711837437039147,-1.98642574419018,-1.08232987480217,-0.190819408107118,-0.33998753512345
80,"Heidelberg","lab",4,1,1,1,2,3,3,3,3,3,3,4,4,1.25,3,3.5,12,12,22,25,-1.67422625428273,-1.21744826220777,-1.03664807043833,-0.351985875268877,0.277936476576395,0.0669983498434718,0.289385624384667,0.35320241735333,0.730095103318932,0.770433205232978,1.14900886345278,1.10757285835552,-1.43111517825697,0.309988086415398,1.24253329794041,0.693404032995179,0.64081679288159,0.512248216908913,1.16907994533678
81,"Heidelberg","lab",4,3,0,1,1,3,3,3,3,3,0,1,3,1.25,3,1.75,13,13,21,21,0.369536425494838,-2.09259011647383,-1.03664807043833,-1.31550276615641,0.277936476576395,0.0669983498434718,0.289385624384667,0.35320241735333,0.730095103318932,-1.45070933325784,-1.36213147522224,0.28297877974468,-1.43111517825697,0.309988086415398,-0.614902215214009,1.07623685830737,0.985446126418341,0.277892341903569,0.163034958363292
82,"Heidelberg","lab",4,1,1,1,3,4,3,4,3,1,1,3,3,1.5,3.5,2,4,8,NA,NA,-1.67422625428273,-1.21744826220777,-1.03664807043833,0.611531015618656,1.2435875682713,0.0669983498434718,1.24576982204619,0.35320241735333,-0.846444920580913,-0.710328487094234,0.311962083894437,0.28297877974468,-1.11321992144743,0.914353348419519,-0.349554284763378,-2.36925856950238,-0.737700541265416,NA,NA
83,"Heidelberg","lab",4,1,4,3,3,2,3,1,1,1,1,3,4,2.75,1.75,2.25,9,9,11,14,-1.67422625428273,1.40797730059041,0.83622944348692,0.611531015618656,-0.687714615118515,0.0669983498434718,-1.62338277093838,-1.58049162512652,-0.846444920580913,-0.710328487094234,0.311962083894437,1.10757285835552,0.476256362600271,-1.2009250685949,-0.0842063543127464,-0.455094442941404,-0.393071207728664,-2.06566640814987,-1.5975437688403
84,"Heidelberg","lab",4,2,3,1,1,3,3,3,3,1,0,2,4,1.75,3,1.75,9,9,25,23,-0.652344914393948,0.532835446324354,-1.03664807043833,-1.31550276615641,0.277936476576395,0.0669983498434718,0.289385624384667,0.35320241735333,-0.846444920580913,-1.45070933325784,-0.525084695663904,1.10757285835552,-0.795324664637892,0.309988086415398,-0.614902215214009,-0.455094442941404,-0.393071207728664,1.21531584192494,0.666057451850034
85,"Heidelberg","lab",4,3,0,1,3,4,4,4,4,1,0,3,0,1.75,4,1,13,10,NA,NA,0.369536425494838,-2.09259011647383,-1.03664807043833,0.611531015618656,1.2435875682713,1.02260639234774,1.24576982204619,1.32004943859326,-0.846444920580913,-1.45070933325784,0.311962083894437,-2.19080345608785,-0.795324664637892,1.51871861042364,-1.4109460065659,1.07623685830737,-0.0484418741919128,NA,NA
86,"Heidelberg","lab",4,3,4,2,3,1,1,1,1,1,2,3,3,3,1,2.25,12,12,22,25,0.369536425494838,1.40797730059041,-0.100209313475705,0.611531015618656,-1.65336570681342,-1.84421773516506,-1.62338277093838,-1.58049162512652,-0.846444920580913,0.0300523590693715,0.311962083894437,0.28297877974468,0.794151619409812,-2.10747296160108,-0.0842063543127464,0.693404032995179,0.64081679288159,0.512248216908913,1.16907994533678
87,"Heidelberg","lab",4,3,1,3,3,3,4,4,4,4,4,4,4,2.5,3.75,4,11,10,NA,NA,0.369536425494838,-1.21744826220777,0.83622944348692,0.611531015618656,0.277936476576395,1.02260639234774,1.24576982204619,1.32004943859326,1.51836511526885,1.51081405139658,1.14900886345278,1.10757285835552,0.158361105790731,1.21653597942158,1.77322915884167,0.310571207682985,-0.0484418741919128,NA,NA
88,"Heidelberg","lab",4,1,4,3,2,3,3,2,1,2,1,2,4,2.5,2.25,2.25,10,9,20,23,-1.67422625428273,1.40797730059041,0.83622944348692,-0.351985875268877,0.277936476576395,0.0669983498434718,-0.666998573276857,-1.58049162512652,-0.0581749086309905,-0.710328487094234,-0.525084695663904,1.10757285835552,0.158361105790731,-0.596559806590783,-0.0842063543127464,-0.0722616176292096,-0.393071207728664,0.0435364668982256,0.666057451850034
89,"Heidelberg","lab",4,3,3,3,3,3,3,3,3,4,4,4,4,3,3,4,NA,NA,17,24,0.369536425494838,0.532835446324354,0.83622944348692,0.611531015618656,0.277936476576395,0.0669983498434718,0.289385624384667,0.35320241735333,1.51836511526885,1.51081405139658,1.14900886345278,1.10757285835552,0.794151619409812,0.309988086415398,1.77322915884167,NA,NA,-0.659531158117806,0.917568698593405
90,"Heidelberg","lab",4,4,3,2,1,2,1,1,1,4,3,3,4,2.5,1.25,3.5,11,9,22,18,1.39141776538362,0.532835446324354,-0.100209313475705,-1.31550276615641,-0.687714615118515,-1.84421773516506,-1.62338277093838,-1.58049162512652,1.51836511526885,0.770433205232978,0.311962083894437,1.10757285835552,0.158361105790731,-1.80529033059902,1.24253329794041,0.310571207682985,-0.393071207728664,0.512248216908913,-0.591498781866821
91,"Heidelberg","lab",4,3,3,3,3,2,3,2,2,2,2,2,1,3,2.25,1.75,5,6,19,20,0.369536425494838,0.532835446324354,0.83622944348692,0.611531015618656,-0.687714615118515,0.0669983498434718,-0.666998573276857,-0.613644603886595,-0.0581749086309905,0.0300523590693715,-0.525084695663904,-1.36620937747701,0.794151619409812,-0.596559806590783,-0.614902215214009,-1.98642574419018,-1.42695920833892,-0.190819408107118,-0.0884762883800787
92,"Heidelberg","lab",4,3,0,1,1,3,3,3,3,2,1,3,1,1.25,3,1.75,11,11,17,25,0.369536425494838,-2.09259011647383,-1.03664807043833,-1.31550276615641,0.277936476576395,0.0669983498434718,0.289385624384667,0.35320241735333,-0.0581749086309905,-0.710328487094234,0.311962083894437,-1.36620937747701,-1.43111517825697,0.309988086415398,-0.614902215214009,0.310571207682985,0.296187459344839,-0.659531158117806,1.16907994533678
93,"Heidelberg","lab",4,1,3,1,1,4,4,3,3,1,0,1,0,1.5,3.5,0.5,9,11,22,21,-1.67422625428273,0.532835446324354,-1.03664807043833,-1.31550276615641,1.2435875682713,1.02260639234774,0.289385624384667,0.35320241735333,-0.846444920580913,-1.45070933325784,-1.36213147522224,-2.19080345608785,-1.11321992144743,0.914353348419519,-1.94164186746717,-0.455094442941404,0.296187459344839,0.512248216908913,0.163034958363292
94,"Heidelberg","lab",4,1,3,1,3,0,3,1,1,2,2,2,3,2,1.25,2.25,10,10,20,24,-1.67422625428273,0.532835446324354,-1.03664807043833,0.611531015618656,-2.61901679850833,0.0669983498434718,-1.62338277093838,-1.58049162512652,-0.0581749086309905,0.0300523590693715,-0.525084695663904,0.28297877974468,-0.477429407828351,-1.80529033059902,-0.0842063543127464,-0.0722616176292096,-0.0484418741919128,0.0435364668982256,0.917568698593405
95,"Heidelberg","lab",4,1,2,1,4,4,4,3,4,3,3,3,4,2,3.75,3.25,8,7,17,24,-1.67422625428273,-0.342306407941706,-1.03664807043833,1.57504790650619,1.2435875682713,1.02260639234774,0.289385624384667,1.32004943859326,0.730095103318932,0.770433205232978,0.311962083894437,1.10757285835552,-0.477429407828351,1.21653597942158,0.977185367489779,-0.837927268253599,-1.08232987480217,-0.659531158117806,0.917568698593405
96,"Heidelberg","lab",4,1,1,1,1,4,4,3,3,2,3,3,4,1,3.5,3,7,14,23,24,-1.67422625428273,-1.21744826220777,-1.03664807043833,-1.31550276615641,1.2435875682713,1.02260639234774,0.289385624384667,0.35320241735333,-0.0581749086309905,0.770433205232978,0.311962083894437,1.10757285835552,-1.74901043506651,0.914353348419519,0.711837437039147,-1.22076009356579,1.33007545995509,0.746604091914257,0.917568698593405
97,"Heidelberg","lab",4,1,1,1,2,4,3,3,3,1,1,2,1,1.25,3.25,1.25,10,14,24,25,-1.67422625428273,-1.21744826220777,-1.03664807043833,-0.351985875268877,1.2435875682713,0.0669983498434718,0.289385624384667,0.35320241735333,-0.846444920580913,-0.710328487094234,-0.525084695663904,-1.36620937747701,-1.43111517825697,0.612170717417458,-1.14559807611527,-0.0722616176292096,1.33007545995509,0.9809599669196,1.16907994533678
98,"Heidelberg","lab",4,4,3,3,3,3,4,3,3,3,2,3,3,3.25,3.25,2.75,14,14,24,19,1.39141776538362,0.532835446324354,0.83622944348692,0.611531015618656,0.277936476576395,1.02260639234774,0.289385624384667,0.35320241735333,0.730095103318932,0.0300523590693715,0.311962083894437,0.28297877974468,1.11204687621935,0.612170717417458,0.446489506588516,1.45906968361957,1.33007545995509,0.9809599669196,-0.33998753512345
99,"Heidelberg","lab",4,3,1,1,3,4,4,3,3,3,1,3,3,2,3.5,2.5,9,8,15,16,0.369536425494838,-1.21744826220777,-1.03664807043833,0.611531015618656,1.2435875682713,1.02260639234774,0.289385624384667,0.35320241735333,0.730095103318932,-0.710328487094234,0.311962083894437,0.28297877974468,-0.477429407828351,0.914353348419519,0.181141576137885,-0.455094442941404,-0.737700541265416,-1.12824290812849,-1.09452127535356
100,"Heidelberg","lab",4,3,2,3,3,2,2,2,3,1,1,3,1,2.75,2.25,1.5,11,13,25,25,0.369536425494838,-0.342306407941706,0.83622944348692,0.611531015618656,-0.687714615118515,-0.888609692660794,-0.666998573276857,0.35320241735333,-0.846444920580913,-0.710328487094234,0.311962083894437,-1.36620937747701,0.476256362600271,-0.596559806590783,-0.88025014566464,0.310571207682985,0.985446126418341,1.21531584192494,1.16907994533678
101,"Heidelberg","lab",4,3,3,4,3,3,3,3,3,1,1,2,1,3.25,3,1.25,12,11,19,19,0.369536425494838,0.532835446324354,1.77266820044955,0.611531015618656,0.277936476576395,0.0669983498434718,0.289385624384667,0.35320241735333,-0.846444920580913,-0.710328487094234,-0.525084695663904,-1.36620937747701,1.11204687621935,0.309988086415398,-1.14559807611527,0.693404032995179,0.296187459344839,-0.190819408107118,-0.33998753512345
102,"Heidelberg","lab",4,2,1,1,1,4,3,3,3,3,3,2,4,1.25,3.25,3,8,13,25,23,-0.652344914393948,-1.21744826220777,-1.03664807043833,-1.31550276615641,1.2435875682713,0.0669983498434718,0.289385624384667,0.35320241735333,0.730095103318932,0.770433205232978,-0.525084695663904,1.10757285835552,-1.43111517825697,0.612170717417458,0.711837437039147,-0.837927268253599,0.985446126418341,1.21531584192494,0.666057451850034
103,"Heidelberg","lab",4,1,1,1,4,4,0,4,3,3,3,4,4,1.75,2.75,3.5,8,9,19,20,-1.67422625428273,-1.21744826220777,-1.03664807043833,1.57504790650619,1.2435875682713,-2.79982577766932,1.24576982204619,0.35320241735333,0.730095103318932,0.770433205232978,1.14900886345278,1.10757285835552,-0.795324664637892,0.00780545541333758,1.24253329794041,-0.837927268253599,-0.393071207728664,-0.190819408107118,-0.0884762883800787
104,"Heidelberg","lab",4,2,3,1,1,2,2,1,4,2,1,1,4,1.75,2.25,2,5,8,23,21,-0.652344914393948,0.532835446324354,-1.03664807043833,-1.31550276615641,-0.687714615118515,-0.888609692660794,-1.62338277093838,1.32004943859326,-0.0581749086309905,-0.710328487094234,-1.36213147522224,1.10757285835552,-0.795324664637892,-0.596559806590783,-0.349554284763378,-1.98642574419018,-0.737700541265416,0.746604091914257,0.163034958363292
105,"Heidelberg","lab",4,3,1,1,1,2,3,3,3,1,1,1,2,1.5,2.75,1.25,7,4,7,11,0.369536425494838,-1.21744826220777,-1.03664807043833,-1.31550276615641,-0.687714615118515,0.0669983498434718,0.289385624384667,0.35320241735333,-0.846444920580913,-0.710328487094234,-1.36213147522224,-0.541615298866163,-1.11321992144743,0.00780545541333758,-1.14559807611527,-1.22076009356579,-2.11621787541242,-3.00308990817124,-2.35207750907042
106,"Heidelberg","lab",4,3,1,1,3,3,4,3,3,4,3,3,4,2,3.25,3.5,10,9,24,19,0.369536425494838,-1.21744826220777,-1.03664807043833,0.611531015618656,0.277936476576395,1.02260639234774,0.289385624384667,0.35320241735333,1.51836511526885,0.770433205232978,0.311962083894437,1.10757285835552,-0.477429407828351,0.612170717417458,1.24253329794041,-0.0722616176292096,-0.393071207728664,0.9809599669196,-0.33998753512345
107,"Heidelberg","lab",4,4,3,2,1,3,3,3,3,2,2,2,1,2.5,3,1.75,12,14,25,21,1.39141776538362,0.532835446324354,-0.100209313475705,-1.31550276615641,0.277936476576395,0.0669983498434718,0.289385624384667,0.35320241735333,-0.0581749086309905,0.0300523590693715,-0.525084695663904,-1.36620937747701,0.158361105790731,0.309988086415398,-0.614902215214009,0.693404032995179,1.33007545995509,1.21531584192494,0.163034958363292
108,"Heidelberg","lab",4,3,4,3,3,2,3,3,3,2,3,3,4,3.25,2.75,3,6,6,NA,NA,0.369536425494838,1.40797730059041,0.83622944348692,0.611531015618656,-0.687714615118515,0.0669983498434718,0.289385624384667,0.35320241735333,-0.0581749086309905,0.770433205232978,0.311962083894437,1.10757285835552,1.11204687621935,0.00780545541333758,0.711837437039147,-1.60359291887799,-1.42695920833892,NA,NA
109,"Heidelberg","lab",4,4,3,2,3,3,3,3,2,2,0,0,0,3,2.75,0.5,10,13,20,17,1.39141776538362,0.532835446324354,-0.100209313475705,0.611531015618656,0.277936476576395,0.0669983498434718,0.289385624384667,-0.613644603886595,-0.0581749086309905,-1.45070933325784,-2.19917825478059,-2.19080345608785,0.794151619409812,0.00780545541333758,-1.94164186746717,-0.0722616176292096,0.985446126418341,0.0435364668982256,-0.843010028610192
110,"Heidelberg","lab",4,2,1,1,2,2,4,2,3,0,0,3,3,1.5,2.75,1.5,11,14,13,15,-0.652344914393948,-1.21744826220777,-1.03664807043833,-0.351985875268877,-0.687714615118515,1.02260639234774,-0.666998573276857,0.35320241735333,-1.63471493253084,-1.45070933325784,0.311962083894437,0.28297877974468,-1.11321992144743,0.00780545541333758,-0.88025014566464,0.310571207682985,1.33007545995509,-1.59695465813918,-1.34603252209693
111,"Heidelberg","lab",4,3,3,3,3,3,3,3,2,3,3,4,2,3,2.75,3,9,6,13,18,0.369536425494838,0.532835446324354,0.83622944348692,0.611531015618656,0.277936476576395,0.0669983498434718,0.289385624384667,-0.613644603886595,0.730095103318932,0.770433205232978,1.14900886345278,-0.541615298866163,0.794151619409812,0.00780545541333758,0.711837437039147,-0.455094442941404,-1.42695920833892,-1.59695465813918,-0.591498781866821
112,"Heidelberg","lab",4,1,1,1,2,2,3,3,2,1,1,1,0,1.25,2.5,0.75,6,11,14,17,-1.67422625428273,-1.21744826220777,-1.03664807043833,-0.351985875268877,-0.687714615118515,0.0669983498434718,0.289385624384667,-0.613644603886595,-0.846444920580913,-0.710328487094234,-1.36213147522224,-2.19080345608785,-1.43111517825697,-0.294377175588723,-1.67629393701653,-1.60359291887799,0.296187459344839,-1.36259878313384,-0.843010028610192
113,"Heidelberg","lab",4,3,1,2,3,3,3,3,3,4,3,3,1,2.25,3,2.75,5,10,21,21,0.369536425494838,-1.21744826220777,-0.100209313475705,0.611531015618656,0.277936476576395,0.0669983498434718,0.289385624384667,0.35320241735333,1.51836511526885,0.770433205232978,0.311962083894437,-1.36620937747701,-0.15953415101881,0.309988086415398,0.446489506588516,-1.98642574419018,-0.0484418741919128,0.277892341903569,0.163034958363292
114,"Heidelberg","lab",4,3,3,3,3,3,4,3,3,3,1,1,3,3,3.25,2,7,7,21,11,0.369536425494838,0.532835446324354,0.83622944348692,0.611531015618656,0.277936476576395,1.02260639234774,0.289385624384667,0.35320241735333,0.730095103318932,-0.710328487094234,-1.36213147522224,0.28297877974468,0.794151619409812,0.612170717417458,-0.349554284763378,-1.22076009356579,-1.08232987480217,0.277892341903569,-2.35207750907042
115,"Heidelberg","lab",4,4,4,2,2,3,3,3,3,4,3,4,4,3,3,3.75,8,9,20,25,1.39141776538362,1.40797730059041,-0.100209313475705,-0.351985875268877,0.277936476576395,0.0669983498434718,0.289385624384667,0.35320241735333,1.51836511526885,0.770433205232978,1.14900886345278,1.10757285835552,0.794151619409812,0.309988086415398,1.50788122839104,-0.837927268253599,-0.393071207728664,0.0435364668982256,1.16907994533678
116,"Heidelberg","lab",4,3,1,1,1,3,4,3,3,4,4,4,3,1.5,3.25,3.75,13,13,21,25,0.369536425494838,-1.21744826220777,-1.03664807043833,-1.31550276615641,0.277936476576395,1.02260639234774,0.289385624384667,0.35320241735333,1.51836511526885,1.51081405139658,1.14900886345278,0.28297877974468,-1.11321992144743,0.612170717417458,1.50788122839104,1.07623685830737,0.985446126418341,0.277892341903569,1.16907994533678
117,"Heidelberg","lab",4,3,4,1,1,3,4,4,4,3,3,3,2,2.25,3.75,2.75,NA,NA,17,21,0.369536425494838,1.40797730059041,-1.03664807043833,-1.31550276615641,0.277936476576395,1.02260639234774,1.24576982204619,1.32004943859326,0.730095103318932,0.770433205232978,0.311962083894437,-0.541615298866163,-0.15953415101881,1.21653597942158,0.446489506588516,NA,NA,-0.659531158117806,0.163034958363292
118,"Heidelberg","lab",4,1,2,2,3,4,4,4,4,4,4,4,4,2,4,4,10,9,25,23,-1.67422625428273,-0.342306407941706,-0.100209313475705,0.611531015618656,1.2435875682713,1.02260639234774,1.24576982204619,1.32004943859326,1.51836511526885,1.51081405139658,1.14900886345278,1.10757285835552,-0.477429407828351,1.51871861042364,1.77322915884167,-0.0722616176292096,-0.393071207728664,1.21531584192494,0.666057451850034
119,"Heidelberg","lab",4,4,3,4,4,1,3,3,3,4,4,4,4,3.75,2.5,4,NA,NA,17,15,1.39141776538362,0.532835446324354,1.77266820044955,1.57504790650619,-1.65336570681342,0.0669983498434718,0.289385624384667,0.35320241735333,1.51836511526885,1.51081405139658,1.14900886345278,1.10757285835552,1.74783738983843,-0.294377175588723,1.77322915884167,NA,NA,-0.659531158117806,-1.34603252209693
120,"Heidelberg","lab",4,3,3,2,1,4,1,3,3,1,1,3,4,2.25,2.75,2.25,10,14,25,20,0.369536425494838,0.532835446324354,-0.100209313475705,-1.31550276615641,1.2435875682713,-1.84421773516506,0.289385624384667,0.35320241735333,-0.846444920580913,-0.710328487094234,0.311962083894437,1.10757285835552,-0.15953415101881,0.00780545541333758,-0.0842063543127464,-0.0722616176292096,1.33007545995509,1.21531584192494,-0.0884762883800787
121,"Heidelberg","lab",4,3,3,1,1,2,3,3,3,2,0,3,3,2,2.75,2,13,12,21,23,0.369536425494838,0.532835446324354,-1.03664807043833,-1.31550276615641,-0.687714615118515,0.0669983498434718,0.289385624384667,0.35320241735333,-0.0581749086309905,-1.45070933325784,0.311962083894437,0.28297877974468,-0.477429407828351,0.00780545541333758,-0.349554284763378,1.07623685830737,0.64081679288159,0.277892341903569,0.666057451850034
122,"Heidelberg","lab",4,3,3,3,3,3,3,4,3,1,1,1,1,3,3.25,1,13,12,21,19,0.369536425494838,0.532835446324354,0.83622944348692,0.611531015618656,0.277936476576395,0.0669983498434718,1.24576982204619,0.35320241735333,-0.846444920580913,-0.710328487094234,-1.36213147522224,-1.36620937747701,0.794151619409812,0.612170717417458,-1.4109460065659,1.07623685830737,0.64081679288159,0.277892341903569,-0.33998753512345
123,"Heidelberg","lab",4,3,0,1,3,3,4,4,3,3,0,4,3,1.75,3.5,2.5,13,13,20,22,0.369536425494838,-2.09259011647383,-1.03664807043833,0.611531015618656,0.277936476576395,1.02260639234774,1.24576982204619,0.35320241735333,0.730095103318932,-1.45070933325784,1.14900886345278,0.28297877974468,-0.795324664637892,0.914353348419519,0.181141576137885,1.07623685830737,0.985446126418341,0.0435364668982256,0.414546205106663
124,"Heidelberg","lab",4,3,3,1,3,3,2,2,3,1,1,2,3,2.5,2.5,1.75,7,3,NA,NA,0.369536425494838,0.532835446324354,-1.03664807043833,0.611531015618656,0.277936476576395,-0.888609692660794,-0.666998573276857,0.35320241735333,-0.846444920580913,-0.710328487094234,-0.525084695663904,0.28297877974468,0.158361105790731,-0.294377175588723,-0.614902215214009,-1.22076009356579,-2.46084720894917,NA,NA
125,"Heidelberg","lab",4,4,2,3,4,1,3,1,0,3,4,4,4,3.25,1.25,3.75,13,14,21,17,1.39141776538362,-0.342306407941706,0.83622944348692,1.57504790650619,-1.65336570681342,0.0669983498434718,-1.62338277093838,-2.54733864636645,0.730095103318932,1.51081405139658,1.14900886345278,1.10757285835552,1.11204687621935,-1.80529033059902,1.50788122839104,1.07623685830737,1.33007545995509,0.277892341903569,-0.843010028610192
126,"Heidelberg","lab",4,3,2,1,2,3,4,4,3,1,0,3,1,2,3.5,1.25,14,10,19,19,0.369536425494838,-0.342306407941706,-1.03664807043833,-0.351985875268877,0.277936476576395,1.02260639234774,1.24576982204619,0.35320241735333,-0.846444920580913,-1.45070933325784,0.311962083894437,-1.36620937747701,-0.477429407828351,0.914353348419519,-1.14559807611527,1.45906968361957,-0.0484418741919128,-0.190819408107118,-0.33998753512345
127,"Heidelberg","lab",4,4,4,4,4,3,3,3,3,2,1,3,2,4,3,2,10,13,19,19,1.39141776538362,1.40797730059041,1.77266820044955,1.57504790650619,0.277936476576395,0.0669983498434718,0.289385624384667,0.35320241735333,-0.0581749086309905,-0.710328487094234,0.311962083894437,-0.541615298866163,2.06573264664798,0.309988086415398,-0.349554284763378,-0.0722616176292096,0.985446126418341,-0.190819408107118,-0.33998753512345
128,"Heidelberg","lab",4,1,3,1,2,3,4,3,3,1,0,1,3,1.75,3.25,1.25,7,6,13,17,-1.67422625428273,0.532835446324354,-1.03664807043833,-0.351985875268877,0.277936476576395,1.02260639234774,0.289385624384667,0.35320241735333,-0.846444920580913,-1.45070933325784,-1.36213147522224,0.28297877974468,-0.795324664637892,0.612170717417458,-1.14559807611527,-1.22076009356579,-1.42695920833892,-1.59695465813918,-0.843010028610192
129,"Heidelberg","lab",4,1,3,1,2,4,4,3,3,1,3,3,2,1.75,3.5,2.25,11,14,23,25,-1.67422625428273,0.532835446324354,-1.03664807043833,-0.351985875268877,1.2435875682713,1.02260639234774,0.289385624384667,0.35320241735333,-0.846444920580913,0.770433205232978,0.311962083894437,-0.541615298866163,-0.795324664637892,0.914353348419519,-0.0842063543127464,0.310571207682985,1.33007545995509,0.746604091914257,1.16907994533678
130,"Heidelberg","lab",4,3,3,1,3,4,3,3,4,4,4,3,3,2.5,3.5,3.5,9,12,16,22,0.369536425494838,0.532835446324354,-1.03664807043833,0.611531015618656,1.2435875682713,0.0669983498434718,0.289385624384667,1.32004943859326,1.51836511526885,1.51081405139658,0.311962083894437,0.28297877974468,0.158361105790731,0.914353348419519,1.24253329794041,-0.455094442941404,0.64081679288159,-0.893887033123149,0.414546205106663
131,"Heidelberg","lab",4,3,3,1,1,4,4,4,4,1,1,1,4,2,4,1.75,NA,NA,23,25,0.369536425494838,0.532835446324354,-1.03664807043833,-1.31550276615641,1.2435875682713,1.02260639234774,1.24576982204619,1.32004943859326,-0.846444920580913,-0.710328487094234,-1.36213147522224,1.10757285835552,-0.477429407828351,1.51871861042364,-0.614902215214009,NA,NA,0.746604091914257,1.16907994533678
132,"Heidelberg","lab",4,1,1,3,3,2,4,3,3,2,1,3,3,2,3,2.25,12,14,21,14,-1.67422625428273,-1.21744826220777,0.83622944348692,0.611531015618656,-0.687714615118515,1.02260639234774,0.289385624384667,0.35320241735333,-0.0581749086309905,-0.710328487094234,0.311962083894437,0.28297877974468,-0.477429407828351,0.309988086415398,-0.0842063543127464,0.693404032995179,1.33007545995509,0.277892341903569,-1.5975437688403
133,"Heidelberg","lab",4,1,1,0,0,3,4,4,4,1,0,0,3,0.5,3.75,1,12,8,16,20,-1.67422625428273,-1.21744826220777,-1.97308682740096,-2.27901965704394,0.277936476576395,1.02260639234774,1.24576982204619,1.32004943859326,-0.846444920580913,-1.45070933325784,-2.19917825478059,0.28297877974468,-2.3848009486856,1.21653597942158,-1.4109460065659,0.693404032995179,-0.737700541265416,-0.893887033123149,-0.0884762883800787
134,"Heidelberg","lab",4,3,2,1,1,1,3,3,2,1,1,3,2,1.75,2.25,1.75,11,11,19,21,0.369536425494838,-0.342306407941706,-1.03664807043833,-1.31550276615641,-1.65336570681342,0.0669983498434718,0.289385624384667,-0.613644603886595,-0.846444920580913,-0.710328487094234,0.311962083894437,-0.541615298866163,-0.795324664637892,-0.596559806590783,-0.614902215214009,0.310571207682985,0.296187459344839,-0.190819408107118,0.163034958363292
135,"Heidelberg","lab",4,3,4,3,3,1,3,3,3,2,2,2,3,3.25,2.5,2.25,10,9,22,16,0.369536425494838,1.40797730059041,0.83622944348692,0.611531015618656,-1.65336570681342,0.0669983498434718,0.289385624384667,0.35320241735333,-0.0581749086309905,0.0300523590693715,-0.525084695663904,0.28297877974468,1.11204687621935,-0.294377175588723,-0.0842063543127464,-0.0722616176292096,-0.393071207728664,0.512248216908913,-1.09452127535356
136,"Heidelberg","lab",4,3,1,3,1,4,3,3,3,2,3,3,1,2,3.25,2.25,3,11,NA,NA,0.369536425494838,-1.21744826220777,0.83622944348692,-1.31550276615641,1.2435875682713,0.0669983498434718,0.289385624384667,0.35320241735333,-0.0581749086309905,0.770433205232978,0.311962083894437,-1.36620937747701,-0.477429407828351,0.612170717417458,-0.0842063543127464,-2.75209139481457,0.296187459344839,NA,NA
137,"Heidelberg","lab",4,3,4,2,3,4,3,4,4,4,3,3,3,3,3.75,3.25,6,5,23,19,0.369536425494838,1.40797730059041,-0.100209313475705,0.611531015618656,1.2435875682713,0.0669983498434718,1.24576982204619,1.32004943859326,1.51836511526885,0.770433205232978,0.311962083894437,0.28297877974468,0.794151619409812,1.21653597942158,0.977185367489779,-1.60359291887799,-1.77158854187567,0.746604091914257,-0.33998753512345
138,"Heidelberg","lab",4,3,3,2,3,3,4,3,3,4,4,4,3,2.75,3.25,3.75,9,11,25,24,0.369536425494838,0.532835446324354,-0.100209313475705,0.611531015618656,0.277936476576395,1.02260639234774,0.289385624384667,0.35320241735333,1.51836511526885,1.51081405139658,1.14900886345278,0.28297877974468,0.476256362600271,0.612170717417458,1.50788122839104,-0.455094442941404,0.296187459344839,1.21531584192494,0.917568698593405
139,"Heidelberg","lab",4,4,2,2,3,1,1,1,1,1,1,3,3,2.75,1,2,11,7,15,22,1.39141776538362,-0.342306407941706,-0.100209313475705,0.611531015618656,-1.65336570681342,-1.84421773516506,-1.62338277093838,-1.58049162512652,-0.846444920580913,-0.710328487094234,0.311962083894437,0.28297877974468,0.476256362600271,-2.10747296160108,-0.349554284763378,0.310571207682985,-1.08232987480217,-1.12824290812849,0.414546205106663
140,"Heidelberg","lab",4,4,2,1,1,0,0,0,0,3,3,4,2,2,0,3,9,9,14,21,1.39141776538362,-0.342306407941706,-1.03664807043833,-1.31550276615641,-2.61901679850833,-2.79982577766932,-2.5797669685999,-2.54733864636645,0.730095103318932,0.770433205232978,1.14900886345278,-0.541615298866163,-0.477429407828351,-3.31620348560933,0.711837437039147,-0.455094442941404,-0.393071207728664,-1.36259878313384,0.163034958363292
141,"Heidelberg","lab",4,4,4,4,4,0,1,1,1,4,4,4,3,4,0.75,3.75,9,3,NA,NA,1.39141776538362,1.40797730059041,1.77266820044955,1.57504790650619,-2.61901679850833,-1.84421773516506,-1.62338277093838,-1.58049162512652,1.51836511526885,1.51081405139658,1.14900886345278,0.28297877974468,2.06573264664798,-2.40965559260315,1.50788122839104,-0.455094442941404,-2.46084720894917,NA,NA
142,"Heidelberg","lab",4,3,3,3,3,3,3,3,2,0,1,1,0,3,2.75,0.5,NA,NA,25,25,0.369536425494838,0.532835446324354,0.83622944348692,0.611531015618656,0.277936476576395,0.0669983498434718,0.289385624384667,-0.613644603886595,-1.63471493253084,-0.710328487094234,-1.36213147522224,-2.19080345608785,0.794151619409812,0.00780545541333758,-1.94164186746717,NA,NA,1.21531584192494,1.16907994533678
143,"Heidelberg","lab",4,2,4,1,2,3,1,3,4,4,3,4,4,2.25,2.75,3.75,13,9,23,22,-0.652344914393948,1.40797730059041,-1.03664807043833,-0.351985875268877,0.277936476576395,-1.84421773516506,0.289385624384667,1.32004943859326,1.51836511526885,0.770433205232978,1.14900886345278,1.10757285835552,-0.15953415101881,0.00780545541333758,1.50788122839104,1.07623685830737,-0.393071207728664,0.746604091914257,0.414546205106663
144,"Heidelberg","lab",4,4,4,4,4,1,4,0,1,0,0,3,3,4,1.5,1.5,13,5,NA,NA,1.39141776538362,1.40797730059041,1.77266820044955,1.57504790650619,-1.65336570681342,1.02260639234774,-2.5797669685999,-1.58049162512652,-1.63471493253084,-1.45070933325784,0.311962083894437,0.28297877974468,2.06573264664798,-1.50310769959696,-0.88025014566464,1.07623685830737,-1.77158854187567,NA,NA
145,"Heidelberg","lab",4,3,3,3,3,3,1,3,3,0,0,1,4,3,2.5,1.25,11,9,24,20,0.369536425494838,0.532835446324354,0.83622944348692,0.611531015618656,0.277936476576395,-1.84421773516506,0.289385624384667,0.35320241735333,-1.63471493253084,-1.45070933325784,-1.36213147522224,1.10757285835552,0.794151619409812,-0.294377175588723,-1.14559807611527,0.310571207682985,-0.393071207728664,0.9809599669196,-0.0884762883800787
146,"Heidelberg","lab",4,3,3,3,2,3,3,3,3,2,2,3,3,2.75,3,2.5,10,14,18,19,0.369536425494838,0.532835446324354,0.83622944348692,-0.351985875268877,0.277936476576395,0.0669983498434718,0.289385624384667,0.35320241735333,-0.0581749086309905,0.0300523590693715,0.311962083894437,0.28297877974468,0.476256362600271,0.309988086415398,0.181141576137885,-0.0722616176292096,1.33007545995509,-0.425175283112462,-0.33998753512345
147,"Heidelberg","lab",4,3,3,3,3,3,3,3,3,3,1,3,3,3,3,2.5,11,7,13,11,0.369536425494838,0.532835446324354,0.83622944348692,0.611531015618656,0.277936476576395,0.0669983498434718,0.289385624384667,0.35320241735333,0.730095103318932,-0.710328487094234,0.311962083894437,0.28297877974468,0.794151619409812,0.309988086415398,0.181141576137885,0.310571207682985,-1.08232987480217,-1.59695465813918,-2.35207750907042
148,"Heidelberg","lab",4,1,1,3,3,4,4,4,3,0,0,3,4,2,3.75,1.75,14,12,14,20,-1.67422625428273,-1.21744826220777,0.83622944348692,0.611531015618656,1.2435875682713,1.02260639234774,1.24576982204619,0.35320241735333,-1.63471493253084,-1.45070933325784,0.311962083894437,1.10757285835552,-0.477429407828351,1.21653597942158,-0.614902215214009,1.45906968361957,0.64081679288159,-1.36259878313384,-0.0884762883800787
149,"Heidelberg","lab",4,3,1,1,1,4,3,4,2,2,3,4,3,1.5,3.25,3,13,12,12,14,0.369536425494838,-1.21744826220777,-1.03664807043833,-1.31550276615641,1.2435875682713,0.0669983498434718,1.24576982204619,-0.613644603886595,-0.0581749086309905,0.770433205232978,1.14900886345278,0.28297877974468,-1.11321992144743,0.612170717417458,0.711837437039147,1.07623685830737,0.64081679288159,-1.83131053314452,-1.5975437688403
150,"Heidelberg","lab",4,2,1,1,1,4,3,1,3,0,0,0,0,1.25,2.75,0,12,9,12,19,-0.652344914393948,-1.21744826220777,-1.03664807043833,-1.31550276615641,1.2435875682713,0.0669983498434718,-1.62338277093838,0.35320241735333,-1.63471493253084,-1.45070933325784,-2.19917825478059,-2.19080345608785,-1.43111517825697,0.00780545541333758,-2.47233772836843,0.693404032995179,-0.393071207728664,-1.83131053314452,-0.33998753512345
151,"Heidelberg","lab",4,4,3,2,3,2,3,3,1,4,1,4,2,3,2.25,2.75,10,13,15,9,1.39141776538362,0.532835446324354,-0.100209313475705,0.611531015618656,-0.687714615118515,0.0669983498434718,0.289385624384667,-1.58049162512652,1.51836511526885,-0.710328487094234,1.14900886345278,-0.541615298866163,0.794151619409812,-0.596559806590783,0.446489506588516,-0.0722616176292096,0.985446126418341,-1.12824290812849,-2.85510000255716
152,"Heidelberg","lab",4,3,3,2,1,4,4,3,4,1,3,4,3,2.25,3.75,2.75,10,12,19,23,0.369536425494838,0.532835446324354,-0.100209313475705,-1.31550276615641,1.2435875682713,1.02260639234774,0.289385624384667,1.32004943859326,-0.846444920580913,0.770433205232978,1.14900886345278,0.28297877974468,-0.15953415101881,1.21653597942158,0.446489506588516,-0.0722616176292096,0.64081679288159,-0.190819408107118,0.666057451850034
153,"Heidelberg","lab",4,4,1,1,3,1,1,1,1,3,3,3,3,2.25,1,3,12,12,19,25,1.39141776538362,-1.21744826220777,-1.03664807043833,0.611531015618656,-1.65336570681342,-1.84421773516506,-1.62338277093838,-1.58049162512652,0.730095103318932,0.770433205232978,0.311962083894437,0.28297877974468,-0.15953415101881,-2.10747296160108,0.711837437039147,0.693404032995179,0.64081679288159,-0.190819408107118,1.16907994533678
154,"Heidelberg","lab",4,3,3,1,2,3,3,2,2,1,3,3,3,2.25,2.5,2.5,8,8,19,20,0.369536425494838,0.532835446324354,-1.03664807043833,-0.351985875268877,0.277936476576395,0.0669983498434718,-0.666998573276857,-0.613644603886595,-0.846444920580913,0.770433205232978,0.311962083894437,0.28297877974468,-0.15953415101881,-0.294377175588723,0.181141576137885,-0.837927268253599,-0.737700541265416,-0.190819408107118,-0.0884762883800787
155,"Heidelberg","lab",4,3,4,3,4,1,3,1,1,1,0,0,3,3.5,1.5,1,11,10,24,25,0.369536425494838,1.40797730059041,0.83622944348692,1.57504790650619,-1.65336570681342,0.0669983498434718,-1.62338277093838,-1.58049162512652,-0.846444920580913,-1.45070933325784,-2.19917825478059,0.28297877974468,1.42994213302889,-1.50310769959696,-1.4109460065659,0.310571207682985,-0.0484418741919128,0.9809599669196,1.16907994533678
156,"Heidelberg","lab",4,1,1,1,0,4,3,4,4,4,4,4,4,0.75,3.75,4,11,12,20,23,-1.67422625428273,-1.21744826220777,-1.03664807043833,-2.27901965704394,1.2435875682713,0.0669983498434718,1.24576982204619,1.32004943859326,1.51836511526885,1.51081405139658,1.14900886345278,1.10757285835552,-2.06690569187606,1.21653597942158,1.77322915884167,0.310571207682985,0.64081679288159,0.0435364668982256,0.666057451850034
157,"Heidelberg","lab",4,3,2,3,3,2,3,3,3,3,3,4,4,2.75,2.75,3.5,4,12,22,25,0.369536425494838,-0.342306407941706,0.83622944348692,0.611531015618656,-0.687714615118515,0.0669983498434718,0.289385624384667,0.35320241735333,0.730095103318932,0.770433205232978,1.14900886345278,1.10757285835552,0.476256362600271,0.00780545541333758,1.24253329794041,-2.36925856950238,0.64081679288159,0.512248216908913,1.16907994533678
158,"Heidelberg","lab",4,3,4,1,3,4,3,4,4,4,1,4,3,2.75,3.75,3,9,5,15,15,0.369536425494838,1.40797730059041,-1.03664807043833,0.611531015618656,1.2435875682713,0.0669983498434718,1.24576982204619,1.32004943859326,1.51836511526885,-0.710328487094234,1.14900886345278,0.28297877974468,0.476256362600271,1.21653597942158,0.711837437039147,-0.455094442941404,-1.77158854187567,-1.12824290812849,-1.34603252209693
159,"Heidelberg","lab",4,1,3,3,3,3,3,3,2,1,3,3,3,2.5,2.75,2.5,NA,NA,22,24,-1.67422625428273,0.532835446324354,0.83622944348692,0.611531015618656,0.277936476576395,0.0669983498434718,0.289385624384667,-0.613644603886595,-0.846444920580913,0.770433205232978,0.311962083894437,0.28297877974468,0.158361105790731,0.00780545541333758,0.181141576137885,NA,NA,0.512248216908913,0.917568698593405
160,"Heidelberg","lab",4,3,1,2,3,1,2,1,1,2,3,4,2,2.25,1.25,2.75,13,12,21,18,0.369536425494838,-1.21744826220777,-0.100209313475705,0.611531015618656,-1.65336570681342,-0.888609692660794,-1.62338277093838,-1.58049162512652,-0.0581749086309905,0.770433205232978,1.14900886345278,-0.541615298866163,-0.15953415101881,-1.80529033059902,0.446489506588516,1.07623685830737,0.64081679288159,0.277892341903569,-0.591498781866821
161,"Heidelberg","lab",4,3,1,2,3,3,3,3,2,2,3,4,4,2.25,2.75,3.25,11,7,15,18,0.369536425494838,-1.21744826220777,-0.100209313475705,0.611531015618656,0.277936476576395,0.0669983498434718,0.289385624384667,-0.613644603886595,-0.0581749086309905,0.770433205232978,1.14900886345278,1.10757285835552,-0.15953415101881,0.00780545541333758,0.977185367489779,0.310571207682985,-1.08232987480217,-1.12824290812849,-0.591498781866821
162,"Heidelberg","lab",4,1,3,1,1,3,3,3,3,0,3,3,3,1.5,3,2.25,14,10,24,21,-1.67422625428273,0.532835446324354,-1.03664807043833,-1.31550276615641,0.277936476576395,0.0669983498434718,0.289385624384667,0.35320241735333,-1.63471493253084,0.770433205232978,0.311962083894437,0.28297877974468,-1.11321992144743,0.309988086415398,-0.0842063543127464,1.45906968361957,-0.0484418741919128,0.9809599669196,0.163034958363292
163,"Heidelberg","lab",4,3,3,1,3,4,4,4,4,3,4,3,3,2.5,4,3.25,11,13,12,19,0.369536425494838,0.532835446324354,-1.03664807043833,0.611531015618656,1.2435875682713,1.02260639234774,1.24576982204619,1.32004943859326,0.730095103318932,1.51081405139658,0.311962083894437,0.28297877974468,0.158361105790731,1.51871861042364,0.977185367489779,0.310571207682985,0.985446126418341,-1.83131053314452,-0.33998753512345
164,"Heidelberg","lab",4,3,0,3,3,1,0,3,1,4,4,4,4,2.25,1.25,4,11,13,NA,NA,0.369536425494838,-2.09259011647383,0.83622944348692,0.611531015618656,-1.65336570681342,-2.79982577766932,0.289385624384667,-1.58049162512652,1.51836511526885,1.51081405139658,1.14900886345278,1.10757285835552,-0.15953415101881,-1.80529033059902,1.77322915884167,0.310571207682985,0.985446126418341,NA,NA
165,"Heidelberg","lab",4,4,3,3,3,2,1,3,3,3,2,2,3,3.25,2.25,2.5,9,6,25,23,1.39141776538362,0.532835446324354,0.83622944348692,0.611531015618656,-0.687714615118515,-1.84421773516506,0.289385624384667,0.35320241735333,0.730095103318932,0.0300523590693715,-0.525084695663904,0.28297877974468,1.11204687621935,-0.596559806590783,0.181141576137885,-0.455094442941404,-1.42695920833892,1.21531584192494,0.666057451850034
166,"Heidelberg","lab",4,0,0,1,0,3,3,3,3,2,1,1,3,0.25,3,1.75,10,14,20,17,-2.69610759417152,-2.09259011647383,-1.03664807043833,-2.27901965704394,0.277936476576395,0.0669983498434718,0.289385624384667,0.35320241735333,-0.0581749086309905,-0.710328487094234,-1.36213147522224,0.28297877974468,-2.70269620549514,0.309988086415398,-0.614902215214009,-0.0722616176292096,1.33007545995509,0.0435364668982256,-0.843010028610192
167,"Heidelberg","lab",4,1,2,3,2,1,3,1,1,2,3,3,2,2,1.5,2.5,10,13,15,15,-1.67422625428273,-0.342306407941706,0.83622944348692,-0.351985875268877,-1.65336570681342,0.0669983498434718,-1.62338277093838,-1.58049162512652,-0.0581749086309905,0.770433205232978,0.311962083894437,-0.541615298866163,-0.477429407828351,-1.50310769959696,0.181141576137885,-0.0722616176292096,0.985446126418341,-1.12824290812849,-1.34603252209693
168,"Heidelberg","lab",4,3,3,3,1,4,4,4,4,1,3,4,3,2.5,4,2.75,8,7,25,25,0.369536425494838,0.532835446324354,0.83622944348692,-1.31550276615641,1.2435875682713,1.02260639234774,1.24576982204619,1.32004943859326,-0.846444920580913,0.770433205232978,1.14900886345278,0.28297877974468,0.158361105790731,1.51871861042364,0.446489506588516,-0.837927268253599,-1.08232987480217,1.21531584192494,1.16907994533678
169,"Heidelberg","lab",4,1,3,2,1,4,4,4,4,2,1,3,3,1.75,4,2.25,9,10,22,21,-1.67422625428273,0.532835446324354,-0.100209313475705,-1.31550276615641,1.2435875682713,1.02260639234774,1.24576982204619,1.32004943859326,-0.0581749086309905,-0.710328487094234,0.311962083894437,0.28297877974468,-0.795324664637892,1.51871861042364,-0.0842063543127464,-0.455094442941404,-0.0484418741919128,0.512248216908913,0.163034958363292
170,"Heidelberg","lab",4,4,4,3,4,4,4,4,4,1,0,4,4,3.75,4,2.25,10,11,12,18,1.39141776538362,1.40797730059041,0.83622944348692,1.57504790650619,1.2435875682713,1.02260639234774,1.24576982204619,1.32004943859326,-0.846444920580913,-1.45070933325784,1.14900886345278,1.10757285835552,1.74783738983843,1.51871861042364,-0.0842063543127464,-0.0722616176292096,0.296187459344839,-1.83131053314452,-0.591498781866821
171,"Heidelberg","lab",4,1,1,0,1,4,4,4,3,1,0,0,0,0.75,3.75,0.25,12,10,19,22,-1.67422625428273,-1.21744826220777,-1.97308682740096,-1.31550276615641,1.2435875682713,1.02260639234774,1.24576982204619,0.35320241735333,-0.846444920580913,-1.45070933325784,-2.19917825478059,-2.19080345608785,-2.06690569187606,1.21653597942158,-2.2069897979178,0.693404032995179,-0.0484418741919128,-0.190819408107118,0.414546205106663
172,"Heidelberg","lab",4,2,3,1,1,1,2,3,0,3,3,3,3,1.75,1.5,3,10,11,21,19,-0.652344914393948,0.532835446324354,-1.03664807043833,-1.31550276615641,-1.65336570681342,-0.888609692660794,0.289385624384667,-2.54733864636645,0.730095103318932,0.770433205232978,0.311962083894437,0.28297877974468,-0.795324664637892,-1.50310769959696,0.711837437039147,-0.0722616176292096,0.296187459344839,0.277892341903569,-0.33998753512345
173,"Heidelberg","lab",4,3,3,2,2,3,0,2,2,3,2,3,3,2.5,1.75,2.75,7,11,18,16,0.369536425494838,0.532835446324354,-0.100209313475705,-0.351985875268877,0.277936476576395,-2.79982577766932,-0.666998573276857,-0.613644603886595,0.730095103318932,0.0300523590693715,0.311962083894437,0.28297877974468,0.158361105790731,-1.2009250685949,0.446489506588516,-1.22076009356579,0.296187459344839,-0.425175283112462,-1.09452127535356
174,"Heidelberg","lab",4,0,1,0,2,4,4,4,3,4,4,4,4,0.75,3.75,4,13,12,19,22,-2.69610759417152,-1.21744826220777,-1.97308682740096,-0.351985875268877,1.2435875682713,1.02260639234774,1.24576982204619,0.35320241735333,1.51836511526885,1.51081405139658,1.14900886345278,1.10757285835552,-2.06690569187606,1.21653597942158,1.77322915884167,1.07623685830737,0.64081679288159,-0.190819408107118,0.414546205106663
175,"Heidelberg","lab",4,1,1,2,3,3,3,3,1,2,0,2,1,1.75,2.5,1.25,5,6,12,18,-1.67422625428273,-1.21744826220777,-0.100209313475705,0.611531015618656,0.277936476576395,0.0669983498434718,0.289385624384667,-1.58049162512652,-0.0581749086309905,-1.45070933325784,-0.525084695663904,-1.36620937747701,-0.795324664637892,-0.294377175588723,-1.14559807611527,-1.98642574419018,-1.42695920833892,-1.83131053314452,-0.591498781866821
176,"Heidelberg","lab",4,3,3,4,4,1,3,3,3,4,4,4,4,3.5,2.5,4,11,4,19,20,0.369536425494838,0.532835446324354,1.77266820044955,1.57504790650619,-1.65336570681342,0.0669983498434718,0.289385624384667,0.35320241735333,1.51836511526885,1.51081405139658,1.14900886345278,1.10757285835552,1.42994213302889,-0.294377175588723,1.77322915884167,0.310571207682985,-2.11621787541242,-0.190819408107118,-0.0884762883800787
177,"Heidelberg","lab",4,3,2,4,3,4,4,2,3,1,0,3,3,3,3.25,1.75,NA,NA,NA,NA,0.369536425494838,-0.342306407941706,1.77266820044955,0.611531015618656,1.2435875682713,1.02260639234774,-0.666998573276857,0.35320241735333,-0.846444920580913,-1.45070933325784,0.311962083894437,0.28297877974468,0.794151619409812,0.612170717417458,-0.614902215214009,NA,NA,NA,NA
178,"Heidelberg","lab",4,3,1,2,1,4,4,4,4,3,3,3,4,1.75,4,3.25,14,13,25,23,0.369536425494838,-1.21744826220777,-0.100209313475705,-1.31550276615641,1.2435875682713,1.02260639234774,1.24576982204619,1.32004943859326,0.730095103318932,0.770433205232978,0.311962083894437,1.10757285835552,-0.795324664637892,1.51871861042364,0.977185367489779,1.45906968361957,0.985446126418341,1.21531584192494,0.666057451850034
179,"Heidelberg","lab",4,4,2,3,3,2,1,2,1,1,4,3,3,3,1.5,2.75,10,12,24,24,1.39141776538362,-0.342306407941706,0.83622944348692,0.611531015618656,-0.687714615118515,-1.84421773516506,-0.666998573276857,-1.58049162512652,-0.846444920580913,1.51081405139658,0.311962083894437,0.28297877974468,0.794151619409812,-1.50310769959696,0.446489506588516,-0.0722616176292096,0.64081679288159,0.9809599669196,0.917568698593405
180,"Heidelberg","lab",4,3,1,1,1,3,3,2,1,2,0,2,1,1.5,2.25,1.25,14,14,25,25,0.369536425494838,-1.21744826220777,-1.03664807043833,-1.31550276615641,0.277936476576395,0.0669983498434718,-0.666998573276857,-1.58049162512652,-0.0581749086309905,-1.45070933325784,-0.525084695663904,-1.36620937747701,-1.11321992144743,-0.596559806590783,-1.14559807611527,1.45906968361957,1.33007545995509,1.21531584192494,1.16907994533678
181,"Heidelberg","lab",4,3,1,1,2,3,3,3,4,2,4,4,4,1.75,3.25,3.5,13,7,16,15,0.369536425494838,-1.21744826220777,-1.03664807043833,-0.351985875268877,0.277936476576395,0.0669983498434718,0.289385624384667,1.32004943859326,-0.0581749086309905,1.51081405139658,1.14900886345278,1.10757285835552,-0.795324664637892,0.612170717417458,1.24253329794041,1.07623685830737,-1.08232987480217,-0.893887033123149,-1.34603252209693
182,"Heidelberg","lab",4,1,1,3,1,2,3,3,3,3,4,4,3,1.5,2.75,3.5,9,12,14,20,-1.67422625428273,-1.21744826220777,0.83622944348692,-1.31550276615641,-0.687714615118515,0.0669983498434718,0.289385624384667,0.35320241735333,0.730095103318932,1.51081405139658,1.14900886345278,0.28297877974468,-1.11321992144743,0.00780545541333758,1.24253329794041,-0.455094442941404,0.64081679288159,-1.36259878313384,-0.0884762883800787
183,"Heidelberg","lab",4,3,2,1,3,4,3,3,3,2,3,4,4,2.25,3.25,3.25,9,10,12,14,0.369536425494838,-0.342306407941706,-1.03664807043833,0.611531015618656,1.2435875682713,0.0669983498434718,0.289385624384667,0.35320241735333,-0.0581749086309905,0.770433205232978,1.14900886345278,1.10757285835552,-0.15953415101881,0.612170717417458,0.977185367489779,-0.455094442941404,-0.0484418741919128,-1.83131053314452,-1.5975437688403
184,"Heidelberg","lab",4,3,3,4,3,3,4,3,3,2,2,3,1,3.25,3.25,2,6,12,22,22,0.369536425494838,0.532835446324354,1.77266820044955,0.611531015618656,0.277936476576395,1.02260639234774,0.289385624384667,0.35320241735333,-0.0581749086309905,0.0300523590693715,0.311962083894437,-1.36620937747701,1.11204687621935,0.612170717417458,-0.349554284763378,-1.60359291887799,0.64081679288159,0.512248216908913,0.414546205106663
185,"Heidelberg","lab",4,4,4,3,3,3,3,3,3,3,3,4,2,3.5,3,3,11,10,19,24,1.39141776538362,1.40797730059041,0.83622944348692,0.611531015618656,0.277936476576395,0.0669983498434718,0.289385624384667,0.35320241735333,0.730095103318932,0.770433205232978,1.14900886345278,-0.541615298866163,1.42994213302889,0.309988086415398,0.711837437039147,0.310571207682985,-0.0484418741919128,-0.190819408107118,0.917568698593405
186,"Heidelberg","lab",4,3,3,1,1,2,4,3,4,1,2,1,3,2,3.25,1.75,9,12,21,14,0.369536425494838,0.532835446324354,-1.03664807043833,-1.31550276615641,-0.687714615118515,1.02260639234774,0.289385624384667,1.32004943859326,-0.846444920580913,0.0300523590693715,-1.36213147522224,0.28297877974468,-0.477429407828351,0.612170717417458,-0.614902215214009,-0.455094442941404,0.64081679288159,0.277892341903569,-1.5975437688403
187,"Heidelberg","lab",4,3,3,2,1,3,3,3,3,2,2,3,3,2.25,3,2.5,14,14,22,23,0.369536425494838,0.532835446324354,-0.100209313475705,-1.31550276615641,0.277936476576395,0.0669983498434718,0.289385624384667,0.35320241735333,-0.0581749086309905,0.0300523590693715,0.311962083894437,0.28297877974468,-0.15953415101881,0.309988086415398,0.181141576137885,1.45906968361957,1.33007545995509,0.512248216908913,0.666057451850034
188,"Heidelberg","lab",4,1,1,1,1,4,4,4,3,0,0,2,2,1,3.75,1,6,6,10,17,-1.67422625428273,-1.21744826220777,-1.03664807043833,-1.31550276615641,1.2435875682713,1.02260639234774,1.24576982204619,0.35320241735333,-1.63471493253084,-1.45070933325784,-0.525084695663904,-0.541615298866163,-1.74901043506651,1.21653597942158,-1.4109460065659,-1.60359291887799,-1.42695920833892,-2.30002228315521,-0.843010028610192
189,"Heidelberg","lab",4,3,3,3,3,3,3,3,3,4,4,4,0,3,3,3,14,14,22,21,0.369536425494838,0.532835446324354,0.83622944348692,0.611531015618656,0.277936476576395,0.0669983498434718,0.289385624384667,0.35320241735333,1.51836511526885,1.51081405139658,1.14900886345278,-2.19080345608785,0.794151619409812,0.309988086415398,0.711837437039147,1.45906968361957,1.33007545995509,0.512248216908913,0.163034958363292
190,"Heidelberg","lab",4,4,1,3,3,2,3,2,2,1,1,2,2,2.75,2.25,1.5,11,11,18,22,1.39141776538362,-1.21744826220777,0.83622944348692,0.611531015618656,-0.687714615118515,0.0669983498434718,-0.666998573276857,-0.613644603886595,-0.846444920580913,-0.710328487094234,-0.525084695663904,-0.541615298866163,0.476256362600271,-0.596559806590783,-0.88025014566464,0.310571207682985,0.296187459344839,-0.425175283112462,0.414546205106663
191,"Heidelberg","lab",4,3,4,3,3,3,4,3,3,4,4,4,3,3.25,3.25,3.75,12,12,15,20,0.369536425494838,1.40797730059041,0.83622944348692,0.611531015618656,0.277936476576395,1.02260639234774,0.289385624384667,0.35320241735333,1.51836511526885,1.51081405139658,1.14900886345278,0.28297877974468,1.11204687621935,0.612170717417458,1.50788122839104,0.693404032995179,0.64081679288159,-1.12824290812849,-0.0884762883800787
192,"Heidelberg","lab",4,3,3,1,3,3,3,2,1,3,3,3,3,2.5,2.25,3,9,11,22,15,0.369536425494838,0.532835446324354,-1.03664807043833,0.611531015618656,0.277936476576395,0.0669983498434718,-0.666998573276857,-1.58049162512652,0.730095103318932,0.770433205232978,0.311962083894437,0.28297877974468,0.158361105790731,-0.596559806590783,0.711837437039147,-0.455094442941404,0.296187459344839,0.512248216908913,-1.34603252209693
193,"Heidelberg","lab",4,3,3,1,2,3,3,3,3,3,3,3,2,2.25,3,2.75,12,13,22,25,0.369536425494838,0.532835446324354,-1.03664807043833,-0.351985875268877,0.277936476576395,0.0669983498434718,0.289385624384667,0.35320241735333,0.730095103318932,0.770433205232978,0.311962083894437,-0.541615298866163,-0.15953415101881,0.309988086415398,0.446489506588516,0.693404032995179,0.985446126418341,0.512248216908913,1.16907994533678
194,"Heidelberg","lab",4,4,4,3,3,3,4,3,3,4,3,4,3,3.5,3.25,3.5,11,12,16,21,1.39141776538362,1.40797730059041,0.83622944348692,0.611531015618656,0.277936476576395,1.02260639234774,0.289385624384667,0.35320241735333,1.51836511526885,0.770433205232978,1.14900886345278,0.28297877974468,1.42994213302889,0.612170717417458,1.24253329794041,0.310571207682985,0.64081679288159,-0.893887033123149,0.163034958363292
195,"Heidelberg","lab",4,3,2,1,2,1,4,1,1,2,3,3,3,2,1.75,2.75,4,0,9,4,0.369536425494838,-0.342306407941706,-1.03664807043833,-0.351985875268877,-1.65336570681342,1.02260639234774,-1.62338277093838,-1.58049162512652,-0.0581749086309905,0.770433205232978,0.311962083894437,0.28297877974468,-0.477429407828351,-1.2009250685949,0.446489506588516,-2.36925856950238,-3.49473520955943,-2.53437815816056,-4.11265623627401
196,"Heidelberg","lab",4,3,4,4,4,4,4,4,4,3,2,4,1,3.75,4,2.5,7,11,22,20,0.369536425494838,1.40797730059041,1.77266820044955,1.57504790650619,1.2435875682713,1.02260639234774,1.24576982204619,1.32004943859326,0.730095103318932,0.0300523590693715,1.14900886345278,-1.36620937747701,1.74783738983843,1.51871861042364,0.181141576137885,-1.22076009356579,0.296187459344839,0.512248216908913,-0.0884762883800787
197,"Heidelberg","lab",4,4,3,2,3,3,3,3,3,4,2,3,1,3,3,2.5,10,6,22,23,1.39141776538362,0.532835446324354,-0.100209313475705,0.611531015618656,0.277936476576395,0.0669983498434718,0.289385624384667,0.35320241735333,1.51836511526885,0.0300523590693715,0.311962083894437,-1.36620937747701,0.794151619409812,0.309988086415398,0.181141576137885,-0.0722616176292096,-1.42695920833892,0.512248216908913,0.666057451850034
198,"Heidelberg","lab",4,3,4,3,3,3,3,2,1,4,4,4,2,3.25,2.25,3.5,NA,NA,18,21,0.369536425494838,1.40797730059041,0.83622944348692,0.611531015618656,0.277936476576395,0.0669983498434718,-0.666998573276857,-1.58049162512652,1.51836511526885,1.51081405139658,1.14900886345278,-0.541615298866163,1.11204687621935,-0.596559806590783,1.24253329794041,NA,NA,-0.425175283112462,0.163034958363292
199,"Heidelberg","lab",4,3,4,3,3,3,4,3,3,0,0,1,4,3.25,3.25,1.25,6,11,20,19,0.369536425494838,1.40797730059041,0.83622944348692,0.611531015618656,0.277936476576395,1.02260639234774,0.289385624384667,0.35320241735333,-1.63471493253084,-1.45070933325784,-1.36213147522224,1.10757285835552,1.11204687621935,0.612170717417458,-1.14559807611527,-1.60359291887799,0.296187459344839,0.0435364668982256,-0.33998753512345
200,"Heidelberg","lab",4,3,3,3,3,3,3,1,1,3,3,3,2,3,2,2.75,14,14,25,23,0.369536425494838,0.532835446324354,0.83622944348692,0.611531015618656,0.277936476576395,0.0669983498434718,-1.62338277093838,-1.58049162512652,0.730095103318932,0.770433205232978,0.311962083894437,-0.541615298866163,0.794151619409812,-0.898742437592843,0.446489506588516,1.45906968361957,1.33007545995509,1.21531584192494,0.666057451850034
201,"Heidelberg","lab",4,3,3,4,4,2,3,3,1,2,0,0,1,3.5,2.25,0.75,12,11,17,18,0.369536425494838,0.532835446324354,1.77266820044955,1.57504790650619,-0.687714615118515,0.0669983498434718,0.289385624384667,-1.58049162512652,-0.0581749086309905,-1.45070933325784,-2.19917825478059,-1.36620937747701,1.42994213302889,-0.596559806590783,-1.67629393701653,0.693404032995179,0.296187459344839,-0.659531158117806,-0.591498781866821
202,"Heidelberg","lab",4,2,1,3,2,0,3,1,1,2,3,2,0,2,1.25,1.75,14,14,25,22,-0.652344914393948,-1.21744826220777,0.83622944348692,-0.351985875268877,-2.61901679850833,0.0669983498434718,-1.62338277093838,-1.58049162512652,-0.0581749086309905,0.770433205232978,-0.525084695663904,-2.19080345608785,-0.477429407828351,-1.80529033059902,-0.614902215214009,1.45906968361957,1.33007545995509,1.21531584192494,0.414546205106663
203,"Heidelberg","lab",4,3,4,1,1,3,3,3,4,2,2,2,4,2.25,3.25,2.5,8,7,6,12,0.369536425494838,1.40797730059041,-1.03664807043833,-1.31550276615641,0.277936476576395,0.0669983498434718,0.289385624384667,1.32004943859326,-0.0581749086309905,0.0300523590693715,-0.525084695663904,1.10757285835552,-0.15953415101881,0.612170717417458,0.181141576137885,-0.837927268253599,-1.08232987480217,-3.23744578317659,-2.10056626232705
204,"Heidelberg","lab",4,3,3,3,3,3,3,3,3,2,3,3,3,3,3,2.75,13,12,20,20,0.369536425494838,0.532835446324354,0.83622944348692,0.611531015618656,0.277936476576395,0.0669983498434718,0.289385624384667,0.35320241735333,-0.0581749086309905,0.770433205232978,0.311962083894437,0.28297877974468,0.794151619409812,0.309988086415398,0.446489506588516,1.07623685830737,0.64081679288159,0.0435364668982256,-0.0884762883800787
205,"Heidelberg","lab",4,1,3,2,3,0,3,1,1,4,3,4,3,2.25,1.25,3.5,8,8,25,25,-1.67422625428273,0.532835446324354,-0.100209313475705,0.611531015618656,-2.61901679850833,0.0669983498434718,-1.62338277093838,-1.58049162512652,1.51836511526885,0.770433205232978,1.14900886345278,0.28297877974468,-0.15953415101881,-1.80529033059902,1.24253329794041,-0.837927268253599,-0.737700541265416,1.21531584192494,1.16907994533678
206,"Heidelberg","lab",4,1,1,2,3,1,3,1,2,0,1,1,3,1.75,1.75,1.25,14,12,16,19,-1.67422625428273,-1.21744826220777,-0.100209313475705,0.611531015618656,-1.65336570681342,0.0669983498434718,-1.62338277093838,-0.613644603886595,-1.63471493253084,-0.710328487094234,-1.36213147522224,0.28297877974468,-0.795324664637892,-1.2009250685949,-1.14559807611527,1.45906968361957,0.64081679288159,-0.893887033123149,-0.33998753512345
207,"Heidelberg","lab",4,3,2,4,4,4,4,4,4,1,0,1,3,3.25,4,1.25,12,7,18,19,0.369536425494838,-0.342306407941706,1.77266820044955,1.57504790650619,1.2435875682713,1.02260639234774,1.24576982204619,1.32004943859326,-0.846444920580913,-1.45070933325784,-1.36213147522224,0.28297877974468,1.11204687621935,1.51871861042364,-1.14559807611527,0.693404032995179,-1.08232987480217,-0.425175283112462,-0.33998753512345
208,"Heidelberg","lab",4,3,3,3,3,3,4,3,3,0,0,0,3,3,3.25,0.75,11,11,13,14,0.369536425494838,0.532835446324354,0.83622944348692,0.611531015618656,0.277936476576395,1.02260639234774,0.289385624384667,0.35320241735333,-1.63471493253084,-1.45070933325784,-2.19917825478059,0.28297877974468,0.794151619409812,0.612170717417458,-1.67629393701653,0.310571207682985,0.296187459344839,-1.59695465813918,-1.5975437688403
209,"Heidelberg","lab",4,3,4,3,3,3,3,3,3,1,3,3,1,3.25,3,2,12,12,25,25,0.369536425494838,1.40797730059041,0.83622944348692,0.611531015618656,0.277936476576395,0.0669983498434718,0.289385624384667,0.35320241735333,-0.846444920580913,0.770433205232978,0.311962083894437,-1.36620937747701,1.11204687621935,0.309988086415398,-0.349554284763378,0.693404032995179,0.64081679288159,1.21531584192494,1.16907994533678
210,"Heidelberg","lab",4,3,1,3,3,2,3,1,1,1,0,1,2,2.5,1.75,1,14,10,18,21,0.369536425494838,-1.21744826220777,0.83622944348692,0.611531015618656,-0.687714615118515,0.0669983498434718,-1.62338277093838,-1.58049162512652,-0.846444920580913,-1.45070933325784,-1.36213147522224,-0.541615298866163,0.158361105790731,-1.2009250685949,-1.4109460065659,1.45906968361957,-0.0484418741919128,-0.425175283112462,0.163034958363292
211,"Heidelberg","lab",4,3,1,3,3,1,3,3,1,3,1,3,4,2.5,2,2.75,1,6,16,24,0.369536425494838,-1.21744826220777,0.83622944348692,0.611531015618656,-1.65336570681342,0.0669983498434718,0.289385624384667,-1.58049162512652,0.730095103318932,-0.710328487094234,0.311962083894437,1.10757285835552,0.158361105790731,-0.898742437592843,0.446489506588516,-3.51775704543896,-1.42695920833892,-0.893887033123149,0.917568698593405
212,"Heidelberg","lab",4,3,3,3,3,2,3,3,3,4,4,4,2,3,2.75,3.5,6,11,NA,NA,0.369536425494838,0.532835446324354,0.83622944348692,0.611531015618656,-0.687714615118515,0.0669983498434718,0.289385624384667,0.35320241735333,1.51836511526885,1.51081405139658,1.14900886345278,-0.541615298866163,0.794151619409812,0.00780545541333758,1.24253329794041,-1.60359291887799,0.296187459344839,NA,NA
213,"Heidelberg","lab",4,3,3,3,3,3,3,3,3,1,1,1,3,3,3,1.5,7,8,10,15,0.369536425494838,0.532835446324354,0.83622944348692,0.611531015618656,0.277936476576395,0.0669983498434718,0.289385624384667,0.35320241735333,-0.846444920580913,-0.710328487094234,-1.36213147522224,0.28297877974468,0.794151619409812,0.309988086415398,-0.88025014566464,-1.22076009356579,-0.737700541265416,-2.30002228315521,-1.34603252209693
214,"Heidelberg","lab",4,3,3,3,3,3,4,2,3,0,1,0,4,3,3,1.25,14,14,20,22,0.369536425494838,0.532835446324354,0.83622944348692,0.611531015618656,0.277936476576395,1.02260639234774,-0.666998573276857,0.35320241735333,-1.63471493253084,-0.710328487094234,-2.19917825478059,1.10757285835552,0.794151619409812,0.309988086415398,-1.14559807611527,1.45906968361957,1.33007545995509,0.0435364668982256,0.414546205106663
215,"Heidelberg","lab",4,1,3,1,2,4,3,3,4,1,1,2,3,1.75,3.5,1.75,5,8,24,23,-1.67422625428273,0.532835446324354,-1.03664807043833,-0.351985875268877,1.2435875682713,0.0669983498434718,0.289385624384667,1.32004943859326,-0.846444920580913,-0.710328487094234,-0.525084695663904,0.28297877974468,-0.795324664637892,0.914353348419519,-0.614902215214009,-1.98642574419018,-0.737700541265416,0.9809599669196,0.666057451850034
216,"Heidelberg","lab",4,1,3,1,0,4,3,3,4,0,0,3,3,1.25,3.5,1.5,10,10,25,23,-1.67422625428273,0.532835446324354,-1.03664807043833,-2.27901965704394,1.2435875682713,0.0669983498434718,0.289385624384667,1.32004943859326,-1.63471493253084,-1.45070933325784,0.311962083894437,0.28297877974468,-1.43111517825697,0.914353348419519,-0.88025014566464,-0.0722616176292096,-0.0484418741919128,1.21531584192494,0.666057451850034
217,"Heidelberg","lab",4,2,3,3,3,1,3,3,3,1,3,1,3,2.75,2.5,2,NA,NA,19,16,-0.652344914393948,0.532835446324354,0.83622944348692,0.611531015618656,-1.65336570681342,0.0669983498434718,0.289385624384667,0.35320241735333,-0.846444920580913,0.770433205232978,-1.36213147522224,0.28297877974468,0.476256362600271,-0.294377175588723,-0.349554284763378,NA,NA,-0.190819408107118,-1.09452127535356
218,"Heidelberg","lab",4,3,3,1,3,3,4,4,4,0,0,1,0,2.5,3.75,0.25,13,11,20,13,0.369536425494838,0.532835446324354,-1.03664807043833,0.611531015618656,0.277936476576395,1.02260639234774,1.24576982204619,1.32004943859326,-1.63471493253084,-1.45070933325784,-1.36213147522224,-2.19080345608785,0.158361105790731,1.21653597942158,-2.2069897979178,1.07623685830737,0.296187459344839,0.0435364668982256,-1.84905501558368
219,"Heidelberg","lab",4,3,3,1,3,2,3,4,3,2,1,3,3,2.5,3,2.25,13,12,8,20,0.369536425494838,0.532835446324354,-1.03664807043833,0.611531015618656,-0.687714615118515,0.0669983498434718,1.24576982204619,0.35320241735333,-0.0581749086309905,-0.710328487094234,0.311962083894437,0.28297877974468,0.158361105790731,0.309988086415398,-0.0842063543127464,1.07623685830737,0.64081679288159,-2.7687340331659,-0.0884762883800787
220,"Heidelberg","lab",4,1,0,2,1,4,4,4,4,3,1,2,1,1,4,1.75,14,11,24,25,-1.67422625428273,-2.09259011647383,-0.100209313475705,-1.31550276615641,1.2435875682713,1.02260639234774,1.24576982204619,1.32004943859326,0.730095103318932,-0.710328487094234,-0.525084695663904,-1.36620937747701,-1.74901043506651,1.51871861042364,-0.614902215214009,1.45906968361957,0.296187459344839,0.9809599669196,1.16907994533678
221,"Heidelberg","lab",4,3,3,3,3,3,3,3,3,2,1,1,1,3,3,1.25,11,9,20,15,0.369536425494838,0.532835446324354,0.83622944348692,0.611531015618656,0.277936476576395,0.0669983498434718,0.289385624384667,0.35320241735333,-0.0581749086309905,-0.710328487094234,-1.36213147522224,-1.36620937747701,0.794151619409812,0.309988086415398,-1.14559807611527,0.310571207682985,-0.393071207728664,0.0435364668982256,-1.34603252209693
222,"Heidelberg","lab",4,4,2,3,3,1,2,1,1,2,2,2,2,3,1.25,2,9,14,23,18,1.39141776538362,-0.342306407941706,0.83622944348692,0.611531015618656,-1.65336570681342,-0.888609692660794,-1.62338277093838,-1.58049162512652,-0.0581749086309905,0.0300523590693715,-0.525084695663904,-0.541615298866163,0.794151619409812,-1.80529033059902,-0.349554284763378,-0.455094442941404,1.33007545995509,0.746604091914257,-0.591498781866821
223,"Heidelberg","lab",4,2,0,3,1,3,3,1,2,3,2,3,4,1.5,2.25,3,6,6,12,24,-0.652344914393948,-2.09259011647383,0.83622944348692,-1.31550276615641,0.277936476576395,0.0669983498434718,-1.62338277093838,-0.613644603886595,0.730095103318932,0.0300523590693715,0.311962083894437,1.10757285835552,-1.11321992144743,-0.596559806590783,0.711837437039147,-1.60359291887799,-1.42695920833892,-1.83131053314452,0.917568698593405
224,"Heidelberg","lab",4,3,3,1,2,3,4,3,3,1,2,1,4,2.25,3.25,2,12,10,25,25,0.369536425494838,0.532835446324354,-1.03664807043833,-0.351985875268877,0.277936476576395,1.02260639234774,0.289385624384667,0.35320241735333,-0.846444920580913,0.0300523590693715,-1.36213147522224,1.10757285835552,-0.15953415101881,0.612170717417458,-0.349554284763378,0.693404032995179,-0.0484418741919128,1.21531584192494,1.16907994533678
225,"Heidelberg","lab",4,1,0,0,1,4,4,4,4,0,0,1,4,0.5,4,1.25,9,14,25,25,-1.67422625428273,-2.09259011647383,-1.97308682740096,-1.31550276615641,1.2435875682713,1.02260639234774,1.24576982204619,1.32004943859326,-1.63471493253084,-1.45070933325784,-1.36213147522224,1.10757285835552,-2.3848009486856,1.51871861042364,-1.14559807611527,-0.455094442941404,1.33007545995509,1.21531584192494,1.16907994533678
226,"Heidelberg","lab",4,3,1,3,3,4,4,4,4,3,3,3,4,2.5,4,3.25,11,14,23,21,0.369536425494838,-1.21744826220777,0.83622944348692,0.611531015618656,1.2435875682713,1.02260639234774,1.24576982204619,1.32004943859326,0.730095103318932,0.770433205232978,0.311962083894437,1.10757285835552,0.158361105790731,1.51871861042364,0.977185367489779,0.310571207682985,1.33007545995509,0.746604091914257,0.163034958363292
227,"Heidelberg","lab",4,3,3,1,2,3,3,3,3,2,0,3,4,2.25,3,2.25,10,10,24,22,0.369536425494838,0.532835446324354,-1.03664807043833,-0.351985875268877,0.277936476576395,0.0669983498434718,0.289385624384667,0.35320241735333,-0.0581749086309905,-1.45070933325784,0.311962083894437,1.10757285835552,-0.15953415101881,0.309988086415398,-0.0842063543127464,-0.0722616176292096,-0.0484418741919128,0.9809599669196,0.414546205106663
228,"Heidelberg","lab",4,3,3,3,3,3,3,3,3,2,2,3,3,3,3,2.5,10,12,25,23,0.369536425494838,0.532835446324354,0.83622944348692,0.611531015618656,0.277936476576395,0.0669983498434718,0.289385624384667,0.35320241735333,-0.0581749086309905,0.0300523590693715,0.311962083894437,0.28297877974468,0.794151619409812,0.309988086415398,0.181141576137885,-0.0722616176292096,0.64081679288159,1.21531584192494,0.666057451850034
229,"Heidelberg","lab",4,3,3,1,3,3,3,3,3,3,4,4,3,2.5,3,3.5,12,11,22,22,0.369536425494838,0.532835446324354,-1.03664807043833,0.611531015618656,0.277936476576395,0.0669983498434718,0.289385624384667,0.35320241735333,0.730095103318932,1.51081405139658,1.14900886345278,0.28297877974468,0.158361105790731,0.309988086415398,1.24253329794041,0.693404032995179,0.296187459344839,0.512248216908913,0.414546205106663
230,"Heidelberg","lab",4,2,3,3,3,3,4,3,4,4,3,4,3,2.75,3.5,3.5,8,8,21,24,-0.652344914393948,0.532835446324354,0.83622944348692,0.611531015618656,0.277936476576395,1.02260639234774,0.289385624384667,1.32004943859326,1.51836511526885,0.770433205232978,1.14900886345278,0.28297877974468,0.476256362600271,0.914353348419519,1.24253329794041,-0.837927268253599,-0.737700541265416,0.277892341903569,0.917568698593405
231,"Heidelberg","lab",4,3,3,3,3,3,3,3,3,3,3,3,3,3,3,3,10,6,17,10,0.369536425494838,0.532835446324354,0.83622944348692,0.611531015618656,0.277936476576395,0.0669983498434718,0.289385624384667,0.35320241735333,0.730095103318932,0.770433205232978,0.311962083894437,0.28297877974468,0.794151619409812,0.309988086415398,0.711837437039147,-0.0722616176292096,-1.42695920833892,-0.659531158117806,-2.60358875581379
232,"Heidelberg","lab",4,3,1,3,4,3,3,3,4,4,4,3,4,2.75,3.25,3.75,14,14,25,22,0.369536425494838,-1.21744826220777,0.83622944348692,1.57504790650619,0.277936476576395,0.0669983498434718,0.289385624384667,1.32004943859326,1.51836511526885,1.51081405139658,0.311962083894437,1.10757285835552,0.476256362600271,0.612170717417458,1.50788122839104,1.45906968361957,1.33007545995509,1.21531584192494,0.414546205106663
233,"Heidelberg","lab",4,3,3,3,3,3,3,3,4,1,3,3,3,3,3.25,2.5,9,11,21,21,0.369536425494838,0.532835446324354,0.83622944348692,0.611531015618656,0.277936476576395,0.0669983498434718,0.289385624384667,1.32004943859326,-0.846444920580913,0.770433205232978,0.311962083894437,0.28297877974468,0.794151619409812,0.612170717417458,0.181141576137885,-0.455094442941404,0.296187459344839,0.277892341903569,0.163034958363292
234,"Heidelberg","lab",4,3,1,1,3,3,4,3,3,2,2,3,4,2,3.25,2.75,13,12,24,16,0.369536425494838,-1.21744826220777,-1.03664807043833,0.611531015618656,0.277936476576395,1.02260639234774,0.289385624384667,0.35320241735333,-0.0581749086309905,0.0300523590693715,0.311962083894437,1.10757285835552,-0.477429407828351,0.612170717417458,0.446489506588516,1.07623685830737,0.64081679288159,0.9809599669196,-1.09452127535356
235,"Heidelberg","lab",4,1,1,0,1,4,4,4,3,0,0,1,2,0.75,3.75,0.75,11,11,22,18,-1.67422625428273,-1.21744826220777,-1.97308682740096,-1.31550276615641,1.2435875682713,1.02260639234774,1.24576982204619,0.35320241735333,-1.63471493253084,-1.45070933325784,-1.36213147522224,-0.541615298866163,-2.06690569187606,1.21653597942158,-1.67629393701653,0.310571207682985,0.296187459344839,0.512248216908913,-0.591498781866821
236,"Heidelberg","lab",4,3,4,1,3,3,4,1,4,2,3,3,4,2.75,3,3,13,14,20,18,0.369536425494838,1.40797730059041,-1.03664807043833,0.611531015618656,0.277936476576395,1.02260639234774,-1.62338277093838,1.32004943859326,-0.0581749086309905,0.770433205232978,0.311962083894437,1.10757285835552,0.476256362600271,0.309988086415398,0.711837437039147,1.07623685830737,1.33007545995509,0.0435364668982256,-0.591498781866821
237,"Heidelberg","lab",4,2,3,1,3,3,3,3,3,3,2,1,3,2.25,3,2.25,9,3,9,15,-0.652344914393948,0.532835446324354,-1.03664807043833,0.611531015618656,0.277936476576395,0.0669983498434718,0.289385624384667,0.35320241735333,0.730095103318932,0.0300523590693715,-1.36213147522224,0.28297877974468,-0.15953415101881,0.309988086415398,-0.0842063543127464,-0.455094442941404,-2.46084720894917,-2.53437815816056,-1.34603252209693
238,"Heidelberg","lab",4,3,3,3,3,3,4,3,3,3,3,4,1,3,3.25,2.75,10,9,22,23,0.369536425494838,0.532835446324354,0.83622944348692,0.611531015618656,0.277936476576395,1.02260639234774,0.289385624384667,0.35320241735333,0.730095103318932,0.770433205232978,1.14900886345278,-1.36620937747701,0.794151619409812,0.612170717417458,0.446489506588516,-0.0722616176292096,-0.393071207728664,0.512248216908913,0.666057451850034
239,"Heidelberg","lab",4,1,1,2,2,1,3,0,2,2,3,4,3,1.5,1.5,3,NA,NA,21,24,-1.67422625428273,-1.21744826220777,-0.100209313475705,-0.351985875268877,-1.65336570681342,0.0669983498434718,-2.5797669685999,-0.613644603886595,-0.0581749086309905,0.770433205232978,1.14900886345278,0.28297877974468,-1.11321992144743,-1.50310769959696,0.711837437039147,NA,NA,0.277892341903569,0.917568698593405
240,"Heidelberg","lab",4,0,1,1,1,4,3,3,1,1,1,0,4,0.75,2.75,1.5,14,13,23,18,-2.69610759417152,-1.21744826220777,-1.03664807043833,-1.31550276615641,1.2435875682713,0.0669983498434718,0.289385624384667,-1.58049162512652,-0.846444920580913,-0.710328487094234,-2.19917825478059,1.10757285835552,-2.06690569187606,0.00780545541333758,-0.88025014566464,1.45906968361957,0.985446126418341,0.746604091914257,-0.591498781866821
241,"Heidelberg","lab",4,4,2,3,3,1,0,1,1,3,4,3,1,3,0.75,2.75,14,5,18,22,1.39141776538362,-0.342306407941706,0.83622944348692,0.611531015618656,-1.65336570681342,-2.79982577766932,-1.62338277093838,-1.58049162512652,0.730095103318932,1.51081405139658,0.311962083894437,-1.36620937747701,0.794151619409812,-2.40965559260315,0.446489506588516,1.45906968361957,-1.77158854187567,-0.425175283112462,0.414546205106663
242,"Heidelberg","lab",4,1,2,1,2,2,0,4,3,2,2,2,2,1.5,2.25,2,11,8,22,23,-1.67422625428273,-0.342306407941706,-1.03664807043833,-0.351985875268877,-0.687714615118515,-2.79982577766932,1.24576982204619,0.35320241735333,-0.0581749086309905,0.0300523590693715,-0.525084695663904,-0.541615298866163,-1.11321992144743,-0.596559806590783,-0.349554284763378,0.310571207682985,-0.737700541265416,0.512248216908913,0.666057451850034
243,"Heidelberg","lab",4,3,3,3,2,3,4,4,3,3,3,3,1,2.75,3.5,2.5,10,6,24,20,0.369536425494838,0.532835446324354,0.83622944348692,-0.351985875268877,0.277936476576395,1.02260639234774,1.24576982204619,0.35320241735333,0.730095103318932,0.770433205232978,0.311962083894437,-1.36620937747701,0.476256362600271,0.914353348419519,0.181141576137885,-0.0722616176292096,-1.42695920833892,0.9809599669196,-0.0884762883800787
244,"Heidelberg","lab",4,1,2,2,2,3,3,3,3,1,0,1,2,1.75,3,1,12,12,21,25,-1.67422625428273,-0.342306407941706,-0.100209313475705,-0.351985875268877,0.277936476576395,0.0669983498434718,0.289385624384667,0.35320241735333,-0.846444920580913,-1.45070933325784,-1.36213147522224,-0.541615298866163,-0.795324664637892,0.309988086415398,-1.4109460065659,0.693404032995179,0.64081679288159,0.277892341903569,1.16907994533678
245,"Heidelberg","lab",4,3,2,3,3,2,3,3,3,3,3,3,3,2.75,2.75,3,12,11,19,11,0.369536425494838,-0.342306407941706,0.83622944348692,0.611531015618656,-0.687714615118515,0.0669983498434718,0.289385624384667,0.35320241735333,0.730095103318932,0.770433205232978,0.311962083894437,0.28297877974468,0.476256362600271,0.00780545541333758,0.711837437039147,0.693404032995179,0.296187459344839,-0.190819408107118,-2.35207750907042
246,"Heidelberg","lab",4,3,1,2,3,2,4,3,1,2,1,1,4,2.25,2.5,2,NA,NA,18,23,0.369536425494838,-1.21744826220777,-0.100209313475705,0.611531015618656,-0.687714615118515,1.02260639234774,0.289385624384667,-1.58049162512652,-0.0581749086309905,-0.710328487094234,-1.36213147522224,1.10757285835552,-0.15953415101881,-0.294377175588723,-0.349554284763378,NA,NA,-0.425175283112462,0.666057451850034
247,"Heidelberg","lab",4,3,3,2,2,3,3,2,1,1,1,3,2,2.5,2.25,1.75,12,10,25,22,0.369536425494838,0.532835446324354,-0.100209313475705,-0.351985875268877,0.277936476576395,0.0669983498434718,-0.666998573276857,-1.58049162512652,-0.846444920580913,-0.710328487094234,0.311962083894437,-0.541615298866163,0.158361105790731,-0.596559806590783,-0.614902215214009,0.693404032995179,-0.0484418741919128,1.21531584192494,0.414546205106663
248,"Heidelberg","lab",4,3,4,3,3,3,3,1,3,0,1,0,3,3.25,2.5,1,12,10,23,23,0.369536425494838,1.40797730059041,0.83622944348692,0.611531015618656,0.277936476576395,0.0669983498434718,-1.62338277093838,0.35320241735333,-1.63471493253084,-0.710328487094234,-2.19917825478059,0.28297877974468,1.11204687621935,-0.294377175588723,-1.4109460065659,0.693404032995179,-0.0484418741919128,0.746604091914257,0.666057451850034
249,"Heidelberg","lab",4,4,4,4,3,2,1,1,1,4,4,4,3,3.75,1.25,3.75,13,14,20,23,1.39141776538362,1.40797730059041,1.77266820044955,0.611531015618656,-0.687714615118515,-1.84421773516506,-1.62338277093838,-1.58049162512652,1.51836511526885,1.51081405139658,1.14900886345278,0.28297877974468,1.74783738983843,-1.80529033059902,1.50788122839104,1.07623685830737,1.33007545995509,0.0435364668982256,0.666057451850034
250,"Heidelberg","lab",4,3,3,3,1,0,4,0,4,1,3,3,4,2.5,2,2.75,11,9,16,8,0.369536425494838,0.532835446324354,0.83622944348692,-1.31550276615641,-2.61901679850833,1.02260639234774,-2.5797669685999,1.32004943859326,-0.846444920580913,0.770433205232978,0.311962083894437,1.10757285835552,0.158361105790731,-0.898742437592843,0.446489506588516,0.310571207682985,-0.393071207728664,-0.893887033123149,-3.10661124930053
251,"Heidelberg","lab",4,2,3,1,1,3,1,3,3,2,2,4,3,1.75,2.5,2.75,9,11,18,20,-0.652344914393948,0.532835446324354,-1.03664807043833,-1.31550276615641,0.277936476576395,-1.84421773516506,0.289385624384667,0.35320241735333,-0.0581749086309905,0.0300523590693715,1.14900886345278,0.28297877974468,-0.795324664637892,-0.294377175588723,0.446489506588516,-0.455094442941404,0.296187459344839,-0.425175283112462,-0.0884762883800787
252,"Heidelberg","lab",4,3,3,3,3,1,1,1,1,3,3,3,4,3,1,3.25,13,11,18,19,0.369536425494838,0.532835446324354,0.83622944348692,0.611531015618656,-1.65336570681342,-1.84421773516506,-1.62338277093838,-1.58049162512652,0.730095103318932,0.770433205232978,0.311962083894437,1.10757285835552,0.794151619409812,-2.10747296160108,0.977185367489779,1.07623685830737,0.296187459344839,-0.425175283112462,-0.33998753512345
253,"Heidelberg","lab",4,3,0,3,3,2,3,3,3,1,3,3,1,2.25,2.75,2,9,7,24,19,0.369536425494838,-2.09259011647383,0.83622944348692,0.611531015618656,-0.687714615118515,0.0669983498434718,0.289385624384667,0.35320241735333,-0.846444920580913,0.770433205232978,0.311962083894437,-1.36620937747701,-0.15953415101881,0.00780545541333758,-0.349554284763378,-0.455094442941404,-1.08232987480217,0.9809599669196,-0.33998753512345
254,"Heidelberg","lab",4,1,2,2,2,3,3,4,3,2,2,2,2,1.75,3.25,2,NA,NA,23,24,-1.67422625428273,-0.342306407941706,-0.100209313475705,-0.351985875268877,0.277936476576395,0.0669983498434718,1.24576982204619,0.35320241735333,-0.0581749086309905,0.0300523590693715,-0.525084695663904,-0.541615298866163,-0.795324664637892,0.612170717417458,-0.349554284763378,NA,NA,0.746604091914257,0.917568698593405
255,"Heidelberg","lab",4,3,4,3,1,1,4,1,1,1,3,4,4,2.75,1.75,3,12,13,22,24,0.369536425494838,1.40797730059041,0.83622944348692,-1.31550276615641,-1.65336570681342,1.02260639234774,-1.62338277093838,-1.58049162512652,-0.846444920580913,0.770433205232978,1.14900886345278,1.10757285835552,0.476256362600271,-1.2009250685949,0.711837437039147,0.693404032995179,0.985446126418341,0.512248216908913,0.917568698593405
256,"Heidelberg","lab",4,2,0,1,1,4,4,4,4,0,0,0,3,1,4,0.75,11,13,17,22,-0.652344914393948,-2.09259011647383,-1.03664807043833,-1.31550276615641,1.2435875682713,1.02260639234774,1.24576982204619,1.32004943859326,-1.63471493253084,-1.45070933325784,-2.19917825478059,0.28297877974468,-1.74901043506651,1.51871861042364,-1.67629393701653,0.310571207682985,0.985446126418341,-0.659531158117806,0.414546205106663
257,"Heidelberg","lab",4,3,4,4,4,2,3,1,1,1,1,1,4,3.75,1.75,1.75,11,7,19,25,0.369536425494838,1.40797730059041,1.77266820044955,1.57504790650619,-0.687714615118515,0.0669983498434718,-1.62338277093838,-1.58049162512652,-0.846444920580913,-0.710328487094234,-1.36213147522224,1.10757285835552,1.74783738983843,-1.2009250685949,-0.614902215214009,0.310571207682985,-1.08232987480217,-0.190819408107118,1.16907994533678
258,"Heidelberg","lab",4,2,1,1,2,3,3,3,3,2,2,3,3,1.5,3,2.5,13,12,24,20,-0.652344914393948,-1.21744826220777,-1.03664807043833,-0.351985875268877,0.277936476576395,0.0669983498434718,0.289385624384667,0.35320241735333,-0.0581749086309905,0.0300523590693715,0.311962083894437,0.28297877974468,-1.11321992144743,0.309988086415398,0.181141576137885,1.07623685830737,0.64081679288159,0.9809599669196,-0.0884762883800787
259,"Heidelberg","lab",4,3,1,0,1,3,4,3,3,3,1,4,4,1.25,3.25,3,13,9,18,13,0.369536425494838,-1.21744826220777,-1.97308682740096,-1.31550276615641,0.277936476576395,1.02260639234774,0.289385624384667,0.35320241735333,0.730095103318932,-0.710328487094234,1.14900886345278,1.10757285835552,-1.43111517825697,0.612170717417458,0.711837437039147,1.07623685830737,-0.393071207728664,-0.425175283112462,-1.84905501558368
260,"Heidelberg","lab",4,1,3,1,1,3,3,3,1,0,2,3,3,1.5,2.5,2,9,12,18,25,-1.67422625428273,0.532835446324354,-1.03664807043833,-1.31550276615641,0.277936476576395,0.0669983498434718,0.289385624384667,-1.58049162512652,-1.63471493253084,0.0300523590693715,0.311962083894437,0.28297877974468,-1.11321992144743,-0.294377175588723,-0.349554284763378,-0.455094442941404,0.64081679288159,-0.425175283112462,1.16907994533678
261,"Heidelberg","lab",4,1,3,1,1,3,3,4,4,1,2,3,3,1.5,3.5,2.25,12,10,25,24,-1.67422625428273,0.532835446324354,-1.03664807043833,-1.31550276615641,0.277936476576395,0.0669983498434718,1.24576982204619,1.32004943859326,-0.846444920580913,0.0300523590693715,0.311962083894437,0.28297877974468,-1.11321992144743,0.914353348419519,-0.0842063543127464,0.693404032995179,-0.0484418741919128,1.21531584192494,0.917568698593405
262,"Heidelberg","lab",4,4,4,4,4,3,2,3,3,4,3,4,4,4,2.75,3.75,NA,NA,21,25,1.39141776538362,1.40797730059041,1.77266820044955,1.57504790650619,0.277936476576395,-0.888609692660794,0.289385624384667,0.35320241735333,1.51836511526885,0.770433205232978,1.14900886345278,1.10757285835552,2.06573264664798,0.00780545541333758,1.50788122839104,NA,NA,0.277892341903569,1.16907994533678
263,"Heidelberg","lab",4,4,3,4,4,2,3,3,2,4,3,4,4,3.75,2.5,3.75,NA,NA,19,22,1.39141776538362,0.532835446324354,1.77266820044955,1.57504790650619,-0.687714615118515,0.0669983498434718,0.289385624384667,-0.613644603886595,1.51836511526885,0.770433205232978,1.14900886345278,1.10757285835552,1.74783738983843,-0.294377175588723,1.50788122839104,NA,NA,-0.190819408107118,0.414546205106663
264,"Heidelberg","lab",4,3,4,3,3,3,2,3,3,4,4,4,4,3.25,2.75,4,9,6,18,21,0.369536425494838,1.40797730059041,0.83622944348692,0.611531015618656,0.277936476576395,-0.888609692660794,0.289385624384667,0.35320241735333,1.51836511526885,1.51081405139658,1.14900886345278,1.10757285835552,1.11204687621935,0.00780545541333758,1.77322915884167,-0.455094442941404,-1.42695920833892,-0.425175283112462,0.163034958363292
265,"Heidelberg","lab",4,3,0,1,1,1,4,3,3,4,0,2,3,1.25,2.75,2.25,13,12,22,19,0.369536425494838,-2.09259011647383,-1.03664807043833,-1.31550276615641,-1.65336570681342,1.02260639234774,0.289385624384667,0.35320241735333,1.51836511526885,-1.45070933325784,-0.525084695663904,0.28297877974468,-1.43111517825697,0.00780545541333758,-0.0842063543127464,1.07623685830737,0.64081679288159,0.512248216908913,-0.33998753512345
266,"Heidelberg","lab",4,3,3,1,2,4,4,4,4,0,0,0,0,2.25,4,0,12,14,18,22,0.369536425494838,0.532835446324354,-1.03664807043833,-0.351985875268877,1.2435875682713,1.02260639234774,1.24576982204619,1.32004943859326,-1.63471493253084,-1.45070933325784,-2.19917825478059,-2.19080345608785,-0.15953415101881,1.51871861042364,-2.47233772836843,0.693404032995179,1.33007545995509,-0.425175283112462,0.414546205106663
267,"Heidelberg","lab",4,3,3,3,3,2,1,3,3,0,0,0,3,3,2.25,0.75,11,12,25,25,0.369536425494838,0.532835446324354,0.83622944348692,0.611531015618656,-0.687714615118515,-1.84421773516506,0.289385624384667,0.35320241735333,-1.63471493253084,-1.45070933325784,-2.19917825478059,0.28297877974468,0.794151619409812,-0.596559806590783,-1.67629393701653,0.310571207682985,0.64081679288159,1.21531584192494,1.16907994533678
268,"Heidelberg","lab",4,3,3,1,3,3,3,3,4,2,1,0,3,2.5,3.25,1.5,14,12,16,22,0.369536425494838,0.532835446324354,-1.03664807043833,0.611531015618656,0.277936476576395,0.0669983498434718,0.289385624384667,1.32004943859326,-0.0581749086309905,-0.710328487094234,-2.19917825478059,0.28297877974468,0.158361105790731,0.612170717417458,-0.88025014566464,1.45906968361957,0.64081679288159,-0.893887033123149,0.414546205106663
269,"Heidelberg","lab",4,3,1,2,3,2,2,2,2,3,3,3,3,2.25,2,3,NA,NA,21,22,0.369536425494838,-1.21744826220777,-0.100209313475705,0.611531015618656,-0.687714615118515,-0.888609692660794,-0.666998573276857,-0.613644603886595,0.730095103318932,0.770433205232978,0.311962083894437,0.28297877974468,-0.15953415101881,-0.898742437592843,0.711837437039147,NA,NA,0.277892341903569,0.414546205106663
270,"Heidelberg","lab",4,1,0,1,1,4,3,4,4,1,1,3,3,0.75,3.75,2,14,14,20,24,-1.67422625428273,-2.09259011647383,-1.03664807043833,-1.31550276615641,1.2435875682713,0.0669983498434718,1.24576982204619,1.32004943859326,-0.846444920580913,-0.710328487094234,0.311962083894437,0.28297877974468,-2.06690569187606,1.21653597942158,-0.349554284763378,1.45906968361957,1.33007545995509,0.0435364668982256,0.917568698593405
271,"Heidelberg","lab",4,2,1,1,1,4,3,4,3,1,1,3,1,1.25,3.5,1.5,11,5,16,12,-0.652344914393948,-1.21744826220777,-1.03664807043833,-1.31550276615641,1.2435875682713,0.0669983498434718,1.24576982204619,0.35320241735333,-0.846444920580913,-0.710328487094234,0.311962083894437,-1.36620937747701,-1.43111517825697,0.914353348419519,-0.88025014566464,0.310571207682985,-1.77158854187567,-0.893887033123149,-2.10056626232705
